Written 1659 entities to ui/TitleGroup.ui
[ERROR  ] L013 /ui/TitleGroup/ShopPanel/ScrollArea/List/ProductCard_3/BonusBadge
        Entity is fully off-canvas: right by 165px (bbox=(978,241)-(1125,296), canvas=1920x1080)
        hint: Edge formula: anchoredPosition = sign * (margin + RectSize/2) for center-pivot. For stretch axes, use OffsetMin/OffsetMax (anchoredPosition is ignored). Verify Pivot - non-center pivots shift the bbox.
[ERROR  ] L013 /ui/TitleGroup/ShopPanel/ScrollArea/List/ProductCard_3/BonusBadge/BadgeText
        Entity is fully off-canvas: right by 163px (bbox=(980,243)-(1123,294), canvas=1920x1080)
        hint: Edge formula: anchoredPosition = sign * (margin + RectSize/2) for center-pivot. For stretch axes, use OffsetMin/OffsetMax (anchoredPosition is ignored). Verify Pivot - non-center pivots shift the bbox.
[ERROR  ] L013 /ui/TitleGroup/ShopPanel/ScrollArea/List/ProductCard_4
        Entity is fully off-canvas: right by 600px (bbox=(1169,-320)-(1560,370), canvas=1920x1080)
        hint: Edge formula: anchoredPosition = sign * (margin + RectSize/2) for center-pivot. For stretch axes, use OffsetMin/OffsetMax (anchoredPosition is ignored). Verify Pivot - non-center pivots shift the bbox.
[ERROR  ] L013 /ui/TitleGroup/ShopPanel/ScrollArea/List/ProductCard_4/NameText
        Entity is fully off-canvas: right by 577px (bbox=(1192,171)-(1537,240), canvas=1920x1080)
        hint: Edge formula: anchoredPosition = sign * (margin + RectSize/2) for center-pivot. For stretch axes, use OffsetMin/OffsetMax (anchoredPosition is ignored). Verify Pivot - non-center pivots shift the bbox.
[ERROR  ] L013 /ui/TitleGroup/ShopPanel/ScrollArea/List/ProductCard_4/Icon
        Entity is fully off-canvas: right by 560px (bbox=(1209,-89)-(1520,219), canvas=1920x1080)
        hint: Edge formula: anchoredPosition = sign * (margin + RectSize/2) for center-pivot. For stretch axes, use OffsetMin/OffsetMax (anchoredPosition is ignored). Verify Pivot - non-center pivots shift the bbox.
[ERROR  ] L013 /ui/TitleGroup/ShopPanel/ScrollArea/List/ProductCard_4/IconSub
        Entity is fully off-canvas: right by 499px (bbox=(1376,-4)-(1459,79), canvas=1920x1080)
        hint: Edge formula: anchoredPosition = sign * (margin + RectSize/2) for center-pivot. For stretch axes, use OffsetMin/OffsetMax (anchoredPosition is ignored). Verify Pivot - non-center pivots shift the bbox.
[ERROR  ] L013 /ui/TitleGroup/ShopPanel/ScrollArea/List/ProductCard_4/DescText
        Entity is fully off-canvas: right by 577px (bbox=(1192,-125)-(1537,-22), canvas=1920x1080)
        hint: Edge formula: anchoredPosition = sign * (margin + RectSize/2) for center-pivot. For stretch axes, use OffsetMin/OffsetMax (anchoredPosition is ignored). Verify Pivot - non-center pivots shift the bbox.
[ERROR  ] L013 /ui/TitleGroup/ShopPanel/ScrollArea/List/ProductCard_4/PriceBox
        Entity is fully off-canvas: right by 554px (bbox=(1214,-231)-(1514,-139), canvas=1920x1080)
        hint: Edge formula: anchoredPosition = sign * (margin + RectSize/2) for center-pivot. For stretch axes, use OffsetMin/OffsetMax (anchoredPosition is ignored). Verify Pivot - non-center pivots shift the bbox.
[ERROR  ] L013 /ui/TitleGroup/ShopPanel/ScrollArea/List/ProductCard_4/PriceBox/PriceText
        Entity is fully off-canvas: right by 538px (bbox=(1230,-208)-(1498,-150), canvas=1920x1080)
        hint: Edge formula: anchoredPosition = sign * (margin + RectSize/2) for center-pivot. For stretch axes, use OffsetMin/OffsetMax (anchoredPosition is ignored). Verify Pivot - non-center pivots shift the bbox.
[ERROR  ] L013 /ui/TitleGroup/ShopPanel/ScrollArea/List/ProductCard_4/BonusBadge
        Entity is fully off-canvas: right by 584px (bbox=(1397,241)-(1544,296), canvas=1920x1080)
        hint: Edge formula: anchoredPosition = sign * (margin + RectSize/2) for center-pivot. For stretch axes, use OffsetMin/OffsetMax (anchoredPosition is ignored). Verify Pivot - non-center pivots shift the bbox.
[ERROR  ] L013 /ui/TitleGroup/ShopPanel/ScrollArea/List/ProductCard_4/BonusBadge/BadgeText
        Entity is fully off-canvas: right by 582px (bbox=(1399,243)-(1542,294), canvas=1920x1080)
        hint: Edge formula: anchoredPosition = sign * (margin + RectSize/2) for center-pivot. For stretch axes, use OffsetMin/OffsetMax (anchoredPosition is ignored). Verify Pivot - non-center pivots shift the bbox.
[ERROR  ] L013 /ui/TitleGroup/ShopPanel/ScrollArea/List/ProductCard_4/SoldOutCover
        Entity is fully off-canvas: right by 454px (bbox=(1314,-25)-(1414,75), canvas=1920x1080)
        hint: Edge formula: anchoredPosition = sign * (margin + RectSize/2) for center-pivot. For stretch axes, use OffsetMin/OffsetMax (anchoredPosition is ignored). Verify Pivot - non-center pivots shift the bbox.
[ERROR  ] L013 /ui/TitleGroup/ShopPanel/ScrollArea/List/ProductCard_4/SoldOutCover/SoldOutText
        Entity is fully off-canvas: right by 577px (bbox=(1192,-15)-(1537,66), canvas=1920x1080)
        hint: Edge formula: anchoredPosition = sign * (margin + RectSize/2) for center-pivot. For stretch axes, use OffsetMin/OffsetMax (anchoredPosition is ignored). Verify Pivot - non-center pivots shift the bbox.
[ERROR  ] L013 /ui/TitleGroup/ShopPanel/ScrollArea/List/ProductCard_5
        Entity is fully off-canvas: right by 1019px (bbox=(1588,-320)-(1979,370), canvas=1920x1080)
        hint: Edge formula: anchoredPosition = sign * (margin + RectSize/2) for center-pivot. For stretch axes, use OffsetMin/OffsetMax (anchoredPosition is ignored). Verify Pivot - non-center pivots shift the bbox.
[ERROR  ] L013 /ui/TitleGroup/ShopPanel/ScrollArea/List/ProductCard_5/NameText
        Entity is fully off-canvas: right by 996px (bbox=(1611,171)-(1956,240), canvas=1920x1080)
        hint: Edge formula: anchoredPosition = sign * (margin + RectSize/2) for center-pivot. For stretch axes, use OffsetMin/OffsetMax (anchoredPosition is ignored). Verify Pivot - non-center pivots shift the bbox.
[ERROR  ] L013 /ui/TitleGroup/ShopPanel/ScrollArea/List/ProductCard_5/Icon
        Entity is fully off-canvas: right by 979px (bbox=(1628,-89)-(1939,219), canvas=1920x1080)
        hint: Edge formula: anchoredPosition = sign * (margin + RectSize/2) for center-pivot. For stretch axes, use OffsetMin/OffsetMax (anchoredPosition is ignored). Verify Pivot - non-center pivots shift the bbox.
[ERROR  ] L013 /ui/TitleGroup/ShopPanel/ScrollArea/List/ProductCard_5/IconSub
        Entity is fully off-canvas: right by 918px (bbox=(1795,-4)-(1878,79), canvas=1920x1080)
        hint: Edge formula: anchoredPosition = sign * (margin + RectSize/2) for center-pivot. For stretch axes, use OffsetMin/OffsetMax (anchoredPosition is ignored). Verify Pivot - non-center pivots shift the bbox.
[ERROR  ] L013 /ui/TitleGroup/ShopPanel/ScrollArea/List/ProductCard_5/DescText
        Entity is fully off-canvas: right by 996px (bbox=(1611,-125)-(1956,-22), canvas=1920x1080)
        hint: Edge formula: anchoredPosition = sign * (margin + RectSize/2) for center-pivot. For stretch axes, use OffsetMin/OffsetMax (anchoredPosition is ignored). Verify Pivot - non-center pivots shift the bbox.
[ERROR  ] L013 /ui/TitleGroup/ShopPanel/ScrollArea/List/ProductCard_5/PriceBox
        Entity is fully off-canvas: right by 973px (bbox=(1633,-231)-(1933,-139), canvas=1920x1080)
        hint: Edge formula: anchoredPosition = sign * (margin + RectSize/2) for center-pivot. For stretch axes, use OffsetMin/OffsetMax (anchoredPosition is ignored). Verify Pivot - non-center pivots shift the bbox.
[ERROR  ] L013 /ui/TitleGroup/ShopPanel/ScrollArea/List/ProductCard_5/PriceBox/PriceText
        Entity is fully off-canvas: right by 957px (bbox=(1649,-208)-(1917,-150), canvas=1920x1080)
        hint: Edge formula: anchoredPosition = sign * (margin + RectSize/2) for center-pivot. For stretch axes, use OffsetMin/OffsetMax (anchoredPosition is ignored). Verify Pivot - non-center pivots shift the bbox.
[ERROR  ] L013 /ui/TitleGroup/ShopPanel/ScrollArea/List/ProductCard_5/BonusBadge
        Entity is fully off-canvas: right by 1003px (bbox=(1816,241)-(1963,296), canvas=1920x1080)
        hint: Edge formula: anchoredPosition = sign * (margin + RectSize/2) for center-pivot. For stretch axes, use OffsetMin/OffsetMax (anchoredPosition is ignored). Verify Pivot - non-center pivots shift the bbox.
[ERROR  ] L013 /ui/TitleGroup/ShopPanel/ScrollArea/List/ProductCard_5/BonusBadge/BadgeText
        Entity is fully off-canvas: right by 1001px (bbox=(1818,243)-(1961,294), canvas=1920x1080)
        hint: Edge formula: anchoredPosition = sign * (margin + RectSize/2) for center-pivot. For stretch axes, use OffsetMin/OffsetMax (anchoredPosition is ignored). Verify Pivot - non-center pivots shift the bbox.
[ERROR  ] L013 /ui/TitleGroup/ShopPanel/ScrollArea/List/ProductCard_5/SoldOutCover
        Entity is fully off-canvas: right by 873px (bbox=(1733,-25)-(1833,75), canvas=1920x1080)
        hint: Edge formula: anchoredPosition = sign * (margin + RectSize/2) for center-pivot. For stretch axes, use OffsetMin/OffsetMax (anchoredPosition is ignored). Verify Pivot - non-center pivots shift the bbox.
[ERROR  ] L013 /ui/TitleGroup/ShopPanel/ScrollArea/List/ProductCard_5/SoldOutCover/SoldOutText
        Entity is fully off-canvas: right by 996px (bbox=(1611,-15)-(1956,66), canvas=1920x1080)
        hint: Edge formula: anchoredPosition = sign * (margin + RectSize/2) for center-pivot. For stretch axes, use OffsetMin/OffsetMax (anchoredPosition is ignored). Verify Pivot - non-center pivots shift the bbox.
[ERROR  ] L013 /ui/TitleGroup/ShopPanel/ScrollArea/List/ProductCard_6
        Entity is fully off-canvas: right by 1438px (bbox=(2007,-320)-(2398,370), canvas=1920x1080)
        hint: Edge formula: anchoredPosition = sign * (margin + RectSize/2) for center-pivot. For stretch axes, use OffsetMin/OffsetMax (anchoredPosition is ignored). Verify Pivot - non-center pivots shift the bbox.
[ERROR  ] L013 /ui/TitleGroup/ShopPanel/ScrollArea/List/ProductCard_6/NameText
        Entity is fully off-canvas: right by 1415px (bbox=(2030,171)-(2375,240), canvas=1920x1080)
        hint: Edge formula: anchoredPosition = sign * (margin + RectSize/2) for center-pivot. For stretch axes, use OffsetMin/OffsetMax (anchoredPosition is ignored). Verify Pivot - non-center pivots shift the bbox.
[ERROR  ] L013 /ui/TitleGroup/ShopPanel/ScrollArea/List/ProductCard_6/Icon
        Entity is fully off-canvas: right by 1398px (bbox=(2047,-89)-(2358,219), canvas=1920x1080)
        hint: Edge formula: anchoredPosition = sign * (margin + RectSize/2) for center-pivot. For stretch axes, use OffsetMin/OffsetMax (anchoredPosition is ignored). Verify Pivot - non-center pivots shift the bbox.
[ERROR  ] L013 /ui/TitleGroup/ShopPanel/ScrollArea/List/ProductCard_6/IconSub
        Entity is fully off-canvas: right by 1337px (bbox=(2214,-4)-(2297,79), canvas=1920x1080)
        hint: Edge formula: anchoredPosition = sign * (margin + RectSize/2) for center-pivot. For stretch axes, use OffsetMin/OffsetMax (anchoredPosition is ignored). Verify Pivot - non-center pivots shift the bbox.
[ERROR  ] L013 /ui/TitleGroup/ShopPanel/ScrollArea/List/ProductCard_6/DescText
        Entity is fully off-canvas: right by 1415px (bbox=(2030,-125)-(2375,-22), canvas=1920x1080)
        hint: Edge formula: anchoredPosition = sign * (margin + RectSize/2) for center-pivot. For stretch axes, use OffsetMin/OffsetMax (anchoredPosition is ignored). Verify Pivot - non-center pivots shift the bbox.
[ERROR  ] L013 /ui/TitleGroup/ShopPanel/ScrollArea/List/ProductCard_6/PriceBox
        Entity is fully off-canvas: right by 1392px (bbox=(2052,-231)-(2352,-139), canvas=1920x1080)
        hint: Edge formula: anchoredPosition = sign * (margin + RectSize/2) for center-pivot. For stretch axes, use OffsetMin/OffsetMax (anchoredPosition is ignored). Verify Pivot - non-center pivots shift the bbox.
[ERROR  ] L013 /ui/TitleGroup/ShopPanel/ScrollArea/List/ProductCard_6/PriceBox/PriceText
        Entity is fully off-canvas: right by 1376px (bbox=(2068,-208)-(2336,-150), canvas=1920x1080)
        hint: Edge formula: anchoredPosition = sign * (margin + RectSize/2) for center-pivot. For stretch axes, use OffsetMin/OffsetMax (anchoredPosition is ignored). Verify Pivot - non-center pivots shift the bbox.
[ERROR  ] L013 /ui/TitleGroup/ShopPanel/ScrollArea/List/ProductCard_6/BonusBadge
        Entity is fully off-canvas: right by 1422px (bbox=(2235,241)-(2382,296), canvas=1920x1080)
        hint: Edge formula: anchoredPosition = sign * (margin + RectSize/2) for center-pivot. For stretch axes, use OffsetMin/OffsetMax (anchoredPosition is ignored). Verify Pivot - non-center pivots shift the bbox.
[ERROR  ] L013 /ui/TitleGroup/ShopPanel/ScrollArea/List/ProductCard_6/BonusBadge/BadgeText
        Entity is fully off-canvas: right by 1420px (bbox=(2237,243)-(2380,294), canvas=1920x1080)
        hint: Edge formula: anchoredPosition = sign * (margin + RectSize/2) for center-pivot. For stretch axes, use OffsetMin/OffsetMax (anchoredPosition is ignored). Verify Pivot - non-center pivots shift the bbox.
[ERROR  ] L013 /ui/TitleGroup/ShopPanel/ScrollArea/List/ProductCard_6/SoldOutCover
        Entity is fully off-canvas: right by 1292px (bbox=(2152,-25)-(2252,75), canvas=1920x1080)
        hint: Edge formula: anchoredPosition = sign * (margin + RectSize/2) for center-pivot. For stretch axes, use OffsetMin/OffsetMax (anchoredPosition is ignored). Verify Pivot - non-center pivots shift the bbox.
[ERROR  ] L013 /ui/TitleGroup/ShopPanel/ScrollArea/List/ProductCard_6/SoldOutCover/SoldOutText
        Entity is fully off-canvas: right by 1415px (bbox=(2030,-15)-(2375,66), canvas=1920x1080)
        hint: Edge formula: anchoredPosition = sign * (margin + RectSize/2) for center-pivot. For stretch axes, use OffsetMin/OffsetMax (anchoredPosition is ignored). Verify Pivot - non-center pivots shift the bbox.
[ERROR  ] L013 /ui/TitleGroup/SkillPanel/ScrollArea/List/SkillSlot_12
        Entity is fully off-canvas: right by 304px (bbox=(1034,132)-(1264,412), canvas=1920x1080)
        hint: Edge formula: anchoredPosition = sign * (margin + RectSize/2) for center-pivot. For stretch axes, use OffsetMin/OffsetMax (anchoredPosition is ignored). Verify Pivot - non-center pivots shift the bbox.
[ERROR  ] L013 /ui/TitleGroup/SkillPanel/ScrollArea/List/SkillSlot_12/Bg
        Entity is fully off-canvas: right by 313px (bbox=(1023,55)-(1273,445), canvas=1920x1080)
        hint: Edge formula: anchoredPosition = sign * (margin + RectSize/2) for center-pivot. For stretch axes, use OffsetMin/OffsetMax (anchoredPosition is ignored). Verify Pivot - non-center pivots shift the bbox.
[ERROR  ] L013 /ui/TitleGroup/SkillPanel/ScrollArea/List/SkillSlot_12/Bg_1
        Entity is fully off-canvas: right by 268px (bbox=(1072,225)-(1228,375), canvas=1920x1080)
        hint: Edge formula: anchoredPosition = sign * (margin + RectSize/2) for center-pivot. For stretch axes, use OffsetMin/OffsetMax (anchoredPosition is ignored). Verify Pivot - non-center pivots shift the bbox.
[ERROR  ] L013 /ui/TitleGroup/SkillPanel/ScrollArea/List/SkillSlot_12/Icon
        Entity is fully off-canvas: right by 265px (bbox=(1074,224)-(1225,375), canvas=1920x1080)
        hint: Edge formula: anchoredPosition = sign * (margin + RectSize/2) for center-pivot. For stretch axes, use OffsetMin/OffsetMax (anchoredPosition is ignored). Verify Pivot - non-center pivots shift the bbox.
[ERROR  ] L013 /ui/TitleGroup/SkillPanel/ScrollArea/List/SkillSlot_12/Level
        Entity is fully off-canvas: right by 297px (bbox=(1045,190)-(1257,216), canvas=1920x1080)
        hint: Edge formula: anchoredPosition = sign * (margin + RectSize/2) for center-pivot. For stretch axes, use OffsetMin/OffsetMax (anchoredPosition is ignored). Verify Pivot - non-center pivots shift the bbox.
[ERROR  ] L013 /ui/TitleGroup/SkillPanel/ScrollArea/List/SkillSlot_12/Name
        Entity is fully off-canvas: right by 296px (bbox=(1044,155)-(1256,181), canvas=1920x1080)
        hint: Edge formula: anchoredPosition = sign * (margin + RectSize/2) for center-pivot. For stretch axes, use OffsetMin/OffsetMax (anchoredPosition is ignored). Verify Pivot - non-center pivots shift the bbox.
[ERROR  ] L013 /ui/TitleGroup/SkillPanel/ScrollArea/List/SkillSlot_12/ProgressBg
        Entity is fully off-canvas: right by 257px (bbox=(1087,122)-(1217,150), canvas=1920x1080)
        hint: Edge formula: anchoredPosition = sign * (margin + RectSize/2) for center-pivot. For stretch axes, use OffsetMin/OffsetMax (anchoredPosition is ignored). Verify Pivot - non-center pivots shift the bbox.
[ERROR  ] L013 /ui/TitleGroup/SkillPanel/ScrollArea/List/SkillSlot_12/ProgressFill
        Entity is fully off-canvas: right by 257px (bbox=(1087,122)-(1217,150), canvas=1920x1080)
        hint: Edge formula: anchoredPosition = sign * (margin + RectSize/2) for center-pivot. For stretch axes, use OffsetMin/OffsetMax (anchoredPosition is ignored). Verify Pivot - non-center pivots shift the bbox.
[ERROR  ] L013 /ui/TitleGroup/SkillPanel/ScrollArea/List/SkillSlot_12/ProgressText
        Entity is fully off-canvas: right by 292px (bbox=(1052,122)-(1252,150), canvas=1920x1080)
        hint: Edge formula: anchoredPosition = sign * (margin + RectSize/2) for center-pivot. For stretch axes, use OffsetMin/OffsetMax (anchoredPosition is ignored). Verify Pivot - non-center pivots shift the bbox.
[ERROR  ] L013 /ui/TitleGroup/SkillPanel/ScrollArea/List/SkillSlot_12/RedDot
        Entity is fully off-canvas: right by 298px (bbox=(1196,341)-(1258,403), canvas=1920x1080)
        hint: Edge formula: anchoredPosition = sign * (margin + RectSize/2) for center-pivot. For stretch axes, use OffsetMin/OffsetMax (anchoredPosition is ignored). Verify Pivot - non-center pivots shift the bbox.
[ERROR  ] L013 /ui/TitleGroup/SkillPanel/ScrollArea/List/SkillSlot_12/RedDot/Mark
        Entity is fully off-canvas: right by 298px (bbox=(1196,341)-(1258,403), canvas=1920x1080)
        hint: Edge formula: anchoredPosition = sign * (margin + RectSize/2) for center-pivot. For stretch axes, use OffsetMin/OffsetMax (anchoredPosition is ignored). Verify Pivot - non-center pivots shift the bbox.
[ERROR  ] L013 /ui/TitleGroup/SkillPanel/ScrollArea/List/SkillSlot_13
        Entity is fully off-canvas: right by 304px (bbox=(1034,-203)-(1264,77), canvas=1920x1080)
        hint: Edge formula: anchoredPosition = sign * (margin + RectSize/2) for center-pivot. For stretch axes, use OffsetMin/OffsetMax (anchoredPosition is ignored). Verify Pivot - non-center pivots shift the bbox.
[ERROR  ] L013 /ui/TitleGroup/SkillPanel/ScrollArea/List/SkillSlot_13/Bg
        Entity is fully off-canvas: right by 313px (bbox=(1023,-280)-(1273,110), canvas=1920x1080)
        hint: Edge formula: anchoredPosition = sign * (margin + RectSize/2) for center-pivot. For stretch axes, use OffsetMin/OffsetMax (anchoredPosition is ignored). Verify Pivot - non-center pivots shift the bbox.
[ERROR  ] L013 /ui/TitleGroup/SkillPanel/ScrollArea/List/SkillSlot_13/Bg_1
        Entity is fully off-canvas: right by 268px (bbox=(1072,-110)-(1228,40), canvas=1920x1080)
        hint: Edge formula: anchoredPosition = sign * (margin + RectSize/2) for center-pivot. For stretch axes, use OffsetMin/OffsetMax (anchoredPosition is ignored). Verify Pivot - non-center pivots shift the bbox.
[ERROR  ] L013 /ui/TitleGroup/SkillPanel/ScrollArea/List/SkillSlot_13/Icon
        Entity is fully off-canvas: right by 265px (bbox=(1074,-111)-(1225,40), canvas=1920x1080)
        hint: Edge formula: anchoredPosition = sign * (margin + RectSize/2) for center-pivot. For stretch axes, use OffsetMin/OffsetMax (anchoredPosition is ignored). Verify Pivot - non-center pivots shift the bbox.
[ERROR  ] L013 /ui/TitleGroup/SkillPanel/ScrollArea/List/SkillSlot_13/Level
        Entity is fully off-canvas: right by 297px (bbox=(1045,-145)-(1257,-119), canvas=1920x1080)
        hint: Edge formula: anchoredPosition = sign * (margin + RectSize/2) for center-pivot. For stretch axes, use OffsetMin/OffsetMax (anchoredPosition is ignored). Verify Pivot - non-center pivots shift the bbox.
[ERROR  ] L013 /ui/TitleGroup/SkillPanel/ScrollArea/List/SkillSlot_13/Name
        Entity is fully off-canvas: right by 296px (bbox=(1044,-180)-(1256,-154), canvas=1920x1080)
        hint: Edge formula: anchoredPosition = sign * (margin + RectSize/2) for center-pivot. For stretch axes, use OffsetMin/OffsetMax (anchoredPosition is ignored). Verify Pivot - non-center pivots shift the bbox.
[ERROR  ] L013 /ui/TitleGroup/SkillPanel/ScrollArea/List/SkillSlot_13/ProgressBg
        Entity is fully off-canvas: right by 257px (bbox=(1087,-213)-(1217,-185), canvas=1920x1080)
        hint: Edge formula: anchoredPosition = sign * (margin + RectSize/2) for center-pivot. For stretch axes, use OffsetMin/OffsetMax (anchoredPosition is ignored). Verify Pivot - non-center pivots shift the bbox.
[ERROR  ] L013 /ui/TitleGroup/SkillPanel/ScrollArea/List/SkillSlot_13/ProgressFill
        Entity is fully off-canvas: right by 257px (bbox=(1087,-213)-(1217,-185), canvas=1920x1080)
        hint: Edge formula: anchoredPosition = sign * (margin + RectSize/2) for center-pivot. For stretch axes, use OffsetMin/OffsetMax (anchoredPosition is ignored). Verify Pivot - non-center pivots shift the bbox.
[ERROR  ] L013 /ui/TitleGroup/SkillPanel/ScrollArea/List/SkillSlot_13/ProgressText
        Entity is fully off-canvas: right by 292px (bbox=(1052,-213)-(1252,-185), canvas=1920x1080)
        hint: Edge formula: anchoredPosition = sign * (margin + RectSize/2) for center-pivot. For stretch axes, use OffsetMin/OffsetMax (anchoredPosition is ignored). Verify Pivot - non-center pivots shift the bbox.
[ERROR  ] L013 /ui/TitleGroup/SkillPanel/ScrollArea/List/SkillSlot_13/RedDot
        Entity is fully off-canvas: right by 298px (bbox=(1196,6)-(1258,68), canvas=1920x1080)
        hint: Edge formula: anchoredPosition = sign * (margin + RectSize/2) for center-pivot. For stretch axes, use OffsetMin/OffsetMax (anchoredPosition is ignored). Verify Pivot - non-center pivots shift the bbox.
[ERROR  ] L013 /ui/TitleGroup/SkillPanel/ScrollArea/List/SkillSlot_13/RedDot/Mark
        Entity is fully off-canvas: right by 298px (bbox=(1196,6)-(1258,68), canvas=1920x1080)
        hint: Edge formula: anchoredPosition = sign * (margin + RectSize/2) for center-pivot. For stretch axes, use OffsetMin/OffsetMax (anchoredPosition is ignored). Verify Pivot - non-center pivots shift the bbox.
[ERROR  ] L013 /ui/TitleGroup/SkillPanel/ScrollArea/List/SkillSlot_14
        Entity is fully off-canvas: right by 558px (bbox=(1288,132)-(1518,412), canvas=1920x1080)
        hint: Edge formula: anchoredPosition = sign * (margin + RectSize/2) for center-pivot. For stretch axes, use OffsetMin/OffsetMax (anchoredPosition is ignored). Verify Pivot - non-center pivots shift the bbox.
[ERROR  ] L013 /ui/TitleGroup/SkillPanel/ScrollArea/List/SkillSlot_14/Bg
        Entity is fully off-canvas: right by 567px (bbox=(1277,55)-(1527,445), canvas=1920x1080)
        hint: Edge formula: anchoredPosition = sign * (margin + RectSize/2) for center-pivot. For stretch axes, use OffsetMin/OffsetMax (anchoredPosition is ignored). Verify Pivot - non-center pivots shift the bbox.
[ERROR  ] L013 /ui/TitleGroup/SkillPanel/ScrollArea/List/SkillSlot_14/Bg_1
        Entity is fully off-canvas: right by 522px (bbox=(1326,225)-(1482,375), canvas=1920x1080)
        hint: Edge formula: anchoredPosition = sign * (margin + RectSize/2) for center-pivot. For stretch axes, use OffsetMin/OffsetMax (anchoredPosition is ignored). Verify Pivot - non-center pivots shift the bbox.
[ERROR  ] L013 /ui/TitleGroup/SkillPanel/ScrollArea/List/SkillSlot_14/Icon
        Entity is fully off-canvas: right by 519px (bbox=(1328,224)-(1479,375), canvas=1920x1080)
        hint: Edge formula: anchoredPosition = sign * (margin + RectSize/2) for center-pivot. For stretch axes, use OffsetMin/OffsetMax (anchoredPosition is ignored). Verify Pivot - non-center pivots shift the bbox.
[ERROR  ] L013 /ui/TitleGroup/SkillPanel/ScrollArea/List/SkillSlot_14/Level
        Entity is fully off-canvas: right by 551px (bbox=(1299,190)-(1511,216), canvas=1920x1080)
        hint: Edge formula: anchoredPosition = sign * (margin + RectSize/2) for center-pivot. For stretch axes, use OffsetMin/OffsetMax (anchoredPosition is ignored). Verify Pivot - non-center pivots shift the bbox.
[ERROR  ] L013 /ui/TitleGroup/SkillPanel/ScrollArea/List/SkillSlot_14/Name
        Entity is fully off-canvas: right by 550px (bbox=(1298,155)-(1510,181), canvas=1920x1080)
        hint: Edge formula: anchoredPosition = sign * (margin + RectSize/2) for center-pivot. For stretch axes, use OffsetMin/OffsetMax (anchoredPosition is ignored). Verify Pivot - non-center pivots shift the bbox.
[ERROR  ] L013 /ui/TitleGroup/SkillPanel/ScrollArea/List/SkillSlot_14/ProgressBg
        Entity is fully off-canvas: right by 511px (bbox=(1341,122)-(1471,150), canvas=1920x1080)
        hint: Edge formula: anchoredPosition = sign * (margin + RectSize/2) for center-pivot. For stretch axes, use OffsetMin/OffsetMax (anchoredPosition is ignored). Verify Pivot - non-center pivots shift the bbox.
[ERROR  ] L013 /ui/TitleGroup/SkillPanel/ScrollArea/List/SkillSlot_14/ProgressFill
        Entity is fully off-canvas: right by 511px (bbox=(1341,122)-(1471,150), canvas=1920x1080)
        hint: Edge formula: anchoredPosition = sign * (margin + RectSize/2) for center-pivot. For stretch axes, use OffsetMin/OffsetMax (anchoredPosition is ignored). Verify Pivot - non-center pivots shift the bbox.
[ERROR  ] L013 /ui/TitleGroup/SkillPanel/ScrollArea/List/SkillSlot_14/ProgressText
        Entity is fully off-canvas: right by 546px (bbox=(1306,122)-(1506,150), canvas=1920x1080)
        hint: Edge formula: anchoredPosition = sign * (margin + RectSize/2) for center-pivot. For stretch axes, use OffsetMin/OffsetMax (anchoredPosition is ignored). Verify Pivot - non-center pivots shift the bbox.
[ERROR  ] L013 /ui/TitleGroup/SkillPanel/ScrollArea/List/SkillSlot_14/RedDot
        Entity is fully off-canvas: right by 552px (bbox=(1450,341)-(1512,403), canvas=1920x1080)
        hint: Edge formula: anchoredPosition = sign * (margin + RectSize/2) for center-pivot. For stretch axes, use OffsetMin/OffsetMax (anchoredPosition is ignored). Verify Pivot - non-center pivots shift the bbox.
[ERROR  ] L013 /ui/TitleGroup/SkillPanel/ScrollArea/List/SkillSlot_14/RedDot/Mark
        Entity is fully off-canvas: right by 552px (bbox=(1450,341)-(1512,403), canvas=1920x1080)
        hint: Edge formula: anchoredPosition = sign * (margin + RectSize/2) for center-pivot. For stretch axes, use OffsetMin/OffsetMax (anchoredPosition is ignored). Verify Pivot - non-center pivots shift the bbox.
[ERROR  ] L013 /ui/TitleGroup/SkillPanel/ScrollArea/List/SkillSlot_15
        Entity is fully off-canvas: right by 558px (bbox=(1288,-203)-(1518,77), canvas=1920x1080)
        hint: Edge formula: anchoredPosition = sign * (margin + RectSize/2) for center-pivot. For stretch axes, use OffsetMin/OffsetMax (anchoredPosition is ignored). Verify Pivot - non-center pivots shift the bbox.
[ERROR  ] L013 /ui/TitleGroup/SkillPanel/ScrollArea/List/SkillSlot_15/Bg
        Entity is fully off-canvas: right by 567px (bbox=(1277,-280)-(1527,110), canvas=1920x1080)
        hint: Edge formula: anchoredPosition = sign * (margin + RectSize/2) for center-pivot. For stretch axes, use OffsetMin/OffsetMax (anchoredPosition is ignored). Verify Pivot - non-center pivots shift the bbox.
[ERROR  ] L013 /ui/TitleGroup/SkillPanel/ScrollArea/List/SkillSlot_15/Bg_1
        Entity is fully off-canvas: right by 522px (bbox=(1326,-110)-(1482,40), canvas=1920x1080)
        hint: Edge formula: anchoredPosition = sign * (margin + RectSize/2) for center-pivot. For stretch axes, use OffsetMin/OffsetMax (anchoredPosition is ignored). Verify Pivot - non-center pivots shift the bbox.
[ERROR  ] L013 /ui/TitleGroup/SkillPanel/ScrollArea/List/SkillSlot_15/Icon
        Entity is fully off-canvas: right by 519px (bbox=(1328,-111)-(1479,40), canvas=1920x1080)
        hint: Edge formula: anchoredPosition = sign * (margin + RectSize/2) for center-pivot. For stretch axes, use OffsetMin/OffsetMax (anchoredPosition is ignored). Verify Pivot - non-center pivots shift the bbox.
[ERROR  ] L013 /ui/TitleGroup/SkillPanel/ScrollArea/List/SkillSlot_15/Level
        Entity is fully off-canvas: right by 551px (bbox=(1299,-145)-(1511,-119), canvas=1920x1080)
        hint: Edge formula: anchoredPosition = sign * (margin + RectSize/2) for center-pivot. For stretch axes, use OffsetMin/OffsetMax (anchoredPosition is ignored). Verify Pivot - non-center pivots shift the bbox.
[ERROR  ] L013 /ui/TitleGroup/SkillPanel/ScrollArea/List/SkillSlot_15/Name
        Entity is fully off-canvas: right by 550px (bbox=(1298,-180)-(1510,-154), canvas=1920x1080)
        hint: Edge formula: anchoredPosition = sign * (margin + RectSize/2) for center-pivot. For stretch axes, use OffsetMin/OffsetMax (anchoredPosition is ignored). Verify Pivot - non-center pivots shift the bbox.
[ERROR  ] L013 /ui/TitleGroup/SkillPanel/ScrollArea/List/SkillSlot_15/ProgressBg
        Entity is fully off-canvas: right by 511px (bbox=(1341,-213)-(1471,-185), canvas=1920x1080)
        hint: Edge formula: anchoredPosition = sign * (margin + RectSize/2) for center-pivot. For stretch axes, use OffsetMin/OffsetMax (anchoredPosition is ignored). Verify Pivot - non-center pivots shift the bbox.
[ERROR  ] L013 /ui/TitleGroup/SkillPanel/ScrollArea/List/SkillSlot_15/ProgressFill
        Entity is fully off-canvas: right by 511px (bbox=(1341,-213)-(1471,-185), canvas=1920x1080)
        hint: Edge formula: anchoredPosition = sign * (margin + RectSize/2) for center-pivot. For stretch axes, use OffsetMin/OffsetMax (anchoredPosition is ignored). Verify Pivot - non-center pivots shift the bbox.
[ERROR  ] L013 /ui/TitleGroup/SkillPanel/ScrollArea/List/SkillSlot_15/ProgressText
        Entity is fully off-canvas: right by 546px (bbox=(1306,-213)-(1506,-185), canvas=1920x1080)
        hint: Edge formula: anchoredPosition = sign * (margin + RectSize/2) for center-pivot. For stretch axes, use OffsetMin/OffsetMax (anchoredPosition is ignored). Verify Pivot - non-center pivots shift the bbox.
[ERROR  ] L013 /ui/TitleGroup/SkillPanel/ScrollArea/List/SkillSlot_15/RedDot
        Entity is fully off-canvas: right by 552px (bbox=(1450,6)-(1512,68), canvas=1920x1080)
        hint: Edge formula: anchoredPosition = sign * (margin + RectSize/2) for center-pivot. For stretch axes, use OffsetMin/OffsetMax (anchoredPosition is ignored). Verify Pivot - non-center pivots shift the bbox.
[ERROR  ] L013 /ui/TitleGroup/SkillPanel/ScrollArea/List/SkillSlot_15/RedDot/Mark
        Entity is fully off-canvas: right by 552px (bbox=(1450,6)-(1512,68), canvas=1920x1080)
        hint: Edge formula: anchoredPosition = sign * (margin + RectSize/2) for center-pivot. For stretch axes, use OffsetMin/OffsetMax (anchoredPosition is ignored). Verify Pivot - non-center pivots shift the bbox.
[ERROR  ] L013 /ui/TitleGroup/SkillPanel/ScrollArea/List/SkillSlot_16
        Entity is fully off-canvas: right by 812px (bbox=(1542,132)-(1772,412), canvas=1920x1080)
        hint: Edge formula: anchoredPosition = sign * (margin + RectSize/2) for center-pivot. For stretch axes, use OffsetMin/OffsetMax (anchoredPosition is ignored). Verify Pivot - non-center pivots shift the bbox.
[ERROR  ] L013 /ui/TitleGroup/SkillPanel/ScrollArea/List/SkillSlot_16/Bg
        Entity is fully off-canvas: right by 821px (bbox=(1531,55)-(1781,445), canvas=1920x1080)
        hint: Edge formula: anchoredPosition = sign * (margin + RectSize/2) for center-pivot. For stretch axes, use OffsetMin/OffsetMax (anchoredPosition is ignored). Verify Pivot - non-center pivots shift the bbox.
[ERROR  ] L013 /ui/TitleGroup/SkillPanel/ScrollArea/List/SkillSlot_16/Bg_1
        Entity is fully off-canvas: right by 776px (bbox=(1580,225)-(1736,375), canvas=1920x1080)
        hint: Edge formula: anchoredPosition = sign * (margin + RectSize/2) for center-pivot. For stretch axes, use OffsetMin/OffsetMax (anchoredPosition is ignored). Verify Pivot - non-center pivots shift the bbox.
[ERROR  ] L013 /ui/TitleGroup/SkillPanel/ScrollArea/List/SkillSlot_16/Icon
        Entity is fully off-canvas: right by 773px (bbox=(1582,224)-(1733,375), canvas=1920x1080)
        hint: Edge formula: anchoredPosition = sign * (margin + RectSize/2) for center-pivot. For stretch axes, use OffsetMin/OffsetMax (anchoredPosition is ignored). Verify Pivot - non-center pivots shift the bbox.
[ERROR  ] L013 /ui/TitleGroup/SkillPanel/ScrollArea/List/SkillSlot_16/Level
        Entity is fully off-canvas: right by 805px (bbox=(1553,190)-(1765,216), canvas=1920x1080)
        hint: Edge formula: anchoredPosition = sign * (margin + RectSize/2) for center-pivot. For stretch axes, use OffsetMin/OffsetMax (anchoredPosition is ignored). Verify Pivot - non-center pivots shift the bbox.
[ERROR  ] L013 /ui/TitleGroup/SkillPanel/ScrollArea/List/SkillSlot_16/Name
        Entity is fully off-canvas: right by 804px (bbox=(1552,155)-(1764,181), canvas=1920x1080)
        hint: Edge formula: anchoredPosition = sign * (margin + RectSize/2) for center-pivot. For stretch axes, use OffsetMin/OffsetMax (anchoredPosition is ignored). Verify Pivot - non-center pivots shift the bbox.
[ERROR  ] L013 /ui/TitleGroup/SkillPanel/ScrollArea/List/SkillSlot_16/ProgressBg
        Entity is fully off-canvas: right by 765px (bbox=(1595,122)-(1725,150), canvas=1920x1080)
        hint: Edge formula: anchoredPosition = sign * (margin + RectSize/2) for center-pivot. For stretch axes, use OffsetMin/OffsetMax (anchoredPosition is ignored). Verify Pivot - non-center pivots shift the bbox.
[ERROR  ] L013 /ui/TitleGroup/SkillPanel/ScrollArea/List/SkillSlot_16/ProgressFill
        Entity is fully off-canvas: right by 765px (bbox=(1595,122)-(1725,150), canvas=1920x1080)
        hint: Edge formula: anchoredPosition = sign * (margin + RectSize/2) for center-pivot. For stretch axes, use OffsetMin/OffsetMax (anchoredPosition is ignored). Verify Pivot - non-center pivots shift the bbox.
[ERROR  ] L013 /ui/TitleGroup/SkillPanel/ScrollArea/List/SkillSlot_16/ProgressText
        Entity is fully off-canvas: right by 800px (bbox=(1560,122)-(1760,150), canvas=1920x1080)
        hint: Edge formula: anchoredPosition = sign * (margin + RectSize/2) for center-pivot. For stretch axes, use OffsetMin/OffsetMax (anchoredPosition is ignored). Verify Pivot - non-center pivots shift the bbox.
[ERROR  ] L013 /ui/TitleGroup/SkillPanel/ScrollArea/List/SkillSlot_16/RedDot
        Entity is fully off-canvas: right by 806px (bbox=(1704,341)-(1766,403), canvas=1920x1080)
        hint: Edge formula: anchoredPosition = sign * (margin + RectSize/2) for center-pivot. For stretch axes, use OffsetMin/OffsetMax (anchoredPosition is ignored). Verify Pivot - non-center pivots shift the bbox.
[ERROR  ] L013 /ui/TitleGroup/SkillPanel/ScrollArea/List/SkillSlot_16/RedDot/Mark
        Entity is fully off-canvas: right by 806px (bbox=(1704,341)-(1766,403), canvas=1920x1080)
        hint: Edge formula: anchoredPosition = sign * (margin + RectSize/2) for center-pivot. For stretch axes, use OffsetMin/OffsetMax (anchoredPosition is ignored). Verify Pivot - non-center pivots shift the bbox.
[ERROR  ] L013 /ui/TitleGroup/SkillPanel/ScrollArea/List/SkillSlot_17
        Entity is fully off-canvas: right by 812px (bbox=(1542,-203)-(1772,77), canvas=1920x1080)
        hint: Edge formula: anchoredPosition = sign * (margin + RectSize/2) for center-pivot. For stretch axes, use OffsetMin/OffsetMax (anchoredPosition is ignored). Verify Pivot - non-center pivots shift the bbox.
[ERROR  ] L013 /ui/TitleGroup/SkillPanel/ScrollArea/List/SkillSlot_17/Bg
        Entity is fully off-canvas: right by 821px (bbox=(1531,-280)-(1781,110), canvas=1920x1080)
        hint: Edge formula: anchoredPosition = sign * (margin + RectSize/2) for center-pivot. For stretch axes, use OffsetMin/OffsetMax (anchoredPosition is ignored). Verify Pivot - non-center pivots shift the bbox.
[ERROR  ] L013 /ui/TitleGroup/SkillPanel/ScrollArea/List/SkillSlot_17/Bg_1
        Entity is fully off-canvas: right by 776px (bbox=(1580,-110)-(1736,40), canvas=1920x1080)
        hint: Edge formula: anchoredPosition = sign * (margin + RectSize/2) for center-pivot. For stretch axes, use OffsetMin/OffsetMax (anchoredPosition is ignored). Verify Pivot - non-center pivots shift the bbox.
[ERROR  ] L013 /ui/TitleGroup/SkillPanel/ScrollArea/List/SkillSlot_17/Icon
        Entity is fully off-canvas: right by 773px (bbox=(1582,-111)-(1733,40), canvas=1920x1080)
        hint: Edge formula: anchoredPosition = sign * (margin + RectSize/2) for center-pivot. For stretch axes, use OffsetMin/OffsetMax (anchoredPosition is ignored). Verify Pivot - non-center pivots shift the bbox.
[ERROR  ] L013 /ui/TitleGroup/SkillPanel/ScrollArea/List/SkillSlot_17/Level
        Entity is fully off-canvas: right by 805px (bbox=(1553,-145)-(1765,-119), canvas=1920x1080)
        hint: Edge formula: anchoredPosition = sign * (margin + RectSize/2) for center-pivot. For stretch axes, use OffsetMin/OffsetMax (anchoredPosition is ignored). Verify Pivot - non-center pivots shift the bbox.
[ERROR  ] L013 /ui/TitleGroup/SkillPanel/ScrollArea/List/SkillSlot_17/Name
        Entity is fully off-canvas: right by 804px (bbox=(1552,-180)-(1764,-154), canvas=1920x1080)
        hint: Edge formula: anchoredPosition = sign * (margin + RectSize/2) for center-pivot. For stretch axes, use OffsetMin/OffsetMax (anchoredPosition is ignored). Verify Pivot - non-center pivots shift the bbox.
[ERROR  ] L013 /ui/TitleGroup/SkillPanel/ScrollArea/List/SkillSlot_17/ProgressBg
        Entity is fully off-canvas: right by 765px (bbox=(1595,-213)-(1725,-185), canvas=1920x1080)
        hint: Edge formula: anchoredPosition = sign * (margin + RectSize/2) for center-pivot. For stretch axes, use OffsetMin/OffsetMax (anchoredPosition is ignored). Verify Pivot - non-center pivots shift the bbox.
[ERROR  ] L013 /ui/TitleGroup/SkillPanel/ScrollArea/List/SkillSlot_17/ProgressFill
        Entity is fully off-canvas: right by 765px (bbox=(1595,-213)-(1725,-185), canvas=1920x1080)
        hint: Edge formula: anchoredPosition = sign * (margin + RectSize/2) for center-pivot. For stretch axes, use OffsetMin/OffsetMax (anchoredPosition is ignored). Verify Pivot - non-center pivots shift the bbox.
[ERROR  ] L013 /ui/TitleGroup/SkillPanel/ScrollArea/List/SkillSlot_17/ProgressText
        Entity is fully off-canvas: right by 800px (bbox=(1560,-213)-(1760,-185), canvas=1920x1080)
        hint: Edge formula: anchoredPosition = sign * (margin + RectSize/2) for center-pivot. For stretch axes, use OffsetMin/OffsetMax (anchoredPosition is ignored). Verify Pivot - non-center pivots shift the bbox.
[ERROR  ] L013 /ui/TitleGroup/SkillPanel/ScrollArea/List/SkillSlot_17/RedDot
        Entity is fully off-canvas: right by 806px (bbox=(1704,6)-(1766,68), canvas=1920x1080)
        hint: Edge formula: anchoredPosition = sign * (margin + RectSize/2) for center-pivot. For stretch axes, use OffsetMin/OffsetMax (anchoredPosition is ignored). Verify Pivot - non-center pivots shift the bbox.
[ERROR  ] L013 /ui/TitleGroup/SkillPanel/ScrollArea/List/SkillSlot_17/RedDot/Mark
        Entity is fully off-canvas: right by 806px (bbox=(1704,6)-(1766,68), canvas=1920x1080)
        hint: Edge formula: anchoredPosition = sign * (margin + RectSize/2) for center-pivot. For stretch axes, use OffsetMin/OffsetMax (anchoredPosition is ignored). Verify Pivot - non-center pivots shift the bbox.
[ERROR  ] L013 /ui/TitleGroup/SkillPanel/ScrollArea/List/SkillSlot_18
        Entity is fully off-canvas: right by 1066px (bbox=(1796,132)-(2026,412), canvas=1920x1080)
        hint: Edge formula: anchoredPosition = sign * (margin + RectSize/2) for center-pivot. For stretch axes, use OffsetMin/OffsetMax (anchoredPosition is ignored). Verify Pivot - non-center pivots shift the bbox.
[ERROR  ] L013 /ui/TitleGroup/SkillPanel/ScrollArea/List/SkillSlot_18/Bg
        Entity is fully off-canvas: right by 1075px (bbox=(1785,55)-(2035,445), canvas=1920x1080)
        hint: Edge formula: anchoredPosition = sign * (margin + RectSize/2) for center-pivot. For stretch axes, use OffsetMin/OffsetMax (anchoredPosition is ignored). Verify Pivot - non-center pivots shift the bbox.
[ERROR  ] L013 /ui/TitleGroup/SkillPanel/ScrollArea/List/SkillSlot_18/Bg_1
        Entity is fully off-canvas: right by 1030px (bbox=(1834,225)-(1990,375), canvas=1920x1080)
        hint: Edge formula: anchoredPosition = sign * (margin + RectSize/2) for center-pivot. For stretch axes, use OffsetMin/OffsetMax (anchoredPosition is ignored). Verify Pivot - non-center pivots shift the bbox.
[ERROR  ] L013 /ui/TitleGroup/SkillPanel/ScrollArea/List/SkillSlot_18/Icon
        Entity is fully off-canvas: right by 1027px (bbox=(1836,224)-(1987,375), canvas=1920x1080)
        hint: Edge formula: anchoredPosition = sign * (margin + RectSize/2) for center-pivot. For stretch axes, use OffsetMin/OffsetMax (anchoredPosition is ignored). Verify Pivot - non-center pivots shift the bbox.
[ERROR  ] L013 /ui/TitleGroup/SkillPanel/ScrollArea/List/SkillSlot_18/ProgressBg
        Entity is fully off-canvas: right by 1019px (bbox=(1849,122)-(1979,150), canvas=1920x1080)
        hint: Edge formula: anchoredPosition = sign * (margin + RectSize/2) for center-pivot. For stretch axes, use OffsetMin/OffsetMax (anchoredPosition is ignored). Verify Pivot - non-center pivots shift the bbox.
[ERROR  ] L013 /ui/TitleGroup/SkillPanel/ScrollArea/List/SkillSlot_18/ProgressFill
        Entity is fully off-canvas: right by 1019px (bbox=(1849,122)-(1979,150), canvas=1920x1080)
        hint: Edge formula: anchoredPosition = sign * (margin + RectSize/2) for center-pivot. For stretch axes, use OffsetMin/OffsetMax (anchoredPosition is ignored). Verify Pivot - non-center pivots shift the bbox.
[ERROR  ] L013 /ui/TitleGroup/SkillPanel/ScrollArea/List/SkillSlot_18/Level
        Entity is fully off-canvas: right by 1059px (bbox=(1807,190)-(2019,216), canvas=1920x1080)
        hint: Edge formula: anchoredPosition = sign * (margin + RectSize/2) for center-pivot. For stretch axes, use OffsetMin/OffsetMax (anchoredPosition is ignored). Verify Pivot - non-center pivots shift the bbox.
[ERROR  ] L013 /ui/TitleGroup/SkillPanel/ScrollArea/List/SkillSlot_18/Name
        Entity is fully off-canvas: right by 1058px (bbox=(1806,155)-(2018,181), canvas=1920x1080)
        hint: Edge formula: anchoredPosition = sign * (margin + RectSize/2) for center-pivot. For stretch axes, use OffsetMin/OffsetMax (anchoredPosition is ignored). Verify Pivot - non-center pivots shift the bbox.
[ERROR  ] L013 /ui/TitleGroup/SkillPanel/ScrollArea/List/SkillSlot_18/ProgressText
        Entity is fully off-canvas: right by 1054px (bbox=(1814,122)-(2014,150), canvas=1920x1080)
        hint: Edge formula: anchoredPosition = sign * (margin + RectSize/2) for center-pivot. For stretch axes, use OffsetMin/OffsetMax (anchoredPosition is ignored). Verify Pivot - non-center pivots shift the bbox.
[ERROR  ] L013 /ui/TitleGroup/SkillPanel/ScrollArea/List/SkillSlot_18/RedDot
        Entity is fully off-canvas: right by 1060px (bbox=(1958,341)-(2020,403), canvas=1920x1080)
        hint: Edge formula: anchoredPosition = sign * (margin + RectSize/2) for center-pivot. For stretch axes, use OffsetMin/OffsetMax (anchoredPosition is ignored). Verify Pivot - non-center pivots shift the bbox.
[ERROR  ] L013 /ui/TitleGroup/SkillPanel/ScrollArea/List/SkillSlot_18/RedDot/Mark
        Entity is fully off-canvas: right by 1060px (bbox=(1958,341)-(2020,403), canvas=1920x1080)
        hint: Edge formula: anchoredPosition = sign * (margin + RectSize/2) for center-pivot. For stretch axes, use OffsetMin/OffsetMax (anchoredPosition is ignored). Verify Pivot - non-center pivots shift the bbox.
[ERROR  ] L013 /ui/TitleGroup/SkillPanel/ScrollArea/List/SkillSlot_19
        Entity is fully off-canvas: right by 1066px (bbox=(1796,-203)-(2026,77), canvas=1920x1080)
        hint: Edge formula: anchoredPosition = sign * (margin + RectSize/2) for center-pivot. For stretch axes, use OffsetMin/OffsetMax (anchoredPosition is ignored). Verify Pivot - non-center pivots shift the bbox.
[ERROR  ] L013 /ui/TitleGroup/SkillPanel/ScrollArea/List/SkillSlot_19/Bg
        Entity is fully off-canvas: right by 1075px (bbox=(1785,-280)-(2035,110), canvas=1920x1080)
        hint: Edge formula: anchoredPosition = sign * (margin + RectSize/2) for center-pivot. For stretch axes, use OffsetMin/OffsetMax (anchoredPosition is ignored). Verify Pivot - non-center pivots shift the bbox.
[ERROR  ] L013 /ui/TitleGroup/SkillPanel/ScrollArea/List/SkillSlot_19/Bg_1
        Entity is fully off-canvas: right by 1030px (bbox=(1834,-110)-(1990,40), canvas=1920x1080)
        hint: Edge formula: anchoredPosition = sign * (margin + RectSize/2) for center-pivot. For stretch axes, use OffsetMin/OffsetMax (anchoredPosition is ignored). Verify Pivot - non-center pivots shift the bbox.
[ERROR  ] L013 /ui/TitleGroup/SkillPanel/ScrollArea/List/SkillSlot_19/Icon
        Entity is fully off-canvas: right by 1027px (bbox=(1836,-111)-(1987,40), canvas=1920x1080)
        hint: Edge formula: anchoredPosition = sign * (margin + RectSize/2) for center-pivot. For stretch axes, use OffsetMin/OffsetMax (anchoredPosition is ignored). Verify Pivot - non-center pivots shift the bbox.
[ERROR  ] L013 /ui/TitleGroup/SkillPanel/ScrollArea/List/SkillSlot_19/ProgressBg
        Entity is fully off-canvas: right by 1019px (bbox=(1849,-213)-(1979,-185), canvas=1920x1080)
        hint: Edge formula: anchoredPosition = sign * (margin + RectSize/2) for center-pivot. For stretch axes, use OffsetMin/OffsetMax (anchoredPosition is ignored). Verify Pivot - non-center pivots shift the bbox.
[ERROR  ] L013 /ui/TitleGroup/SkillPanel/ScrollArea/List/SkillSlot_19/ProgressFill
        Entity is fully off-canvas: right by 1019px (bbox=(1849,-213)-(1979,-185), canvas=1920x1080)
        hint: Edge formula: anchoredPosition = sign * (margin + RectSize/2) for center-pivot. For stretch axes, use OffsetMin/OffsetMax (anchoredPosition is ignored). Verify Pivot - non-center pivots shift the bbox.
[ERROR  ] L013 /ui/TitleGroup/SkillPanel/ScrollArea/List/SkillSlot_19/Level
        Entity is fully off-canvas: right by 1059px (bbox=(1807,-145)-(2019,-119), canvas=1920x1080)
        hint: Edge formula: anchoredPosition = sign * (margin + RectSize/2) for center-pivot. For stretch axes, use OffsetMin/OffsetMax (anchoredPosition is ignored). Verify Pivot - non-center pivots shift the bbox.
[ERROR  ] L013 /ui/TitleGroup/SkillPanel/ScrollArea/List/SkillSlot_19/Name
        Entity is fully off-canvas: right by 1058px (bbox=(1806,-180)-(2018,-154), canvas=1920x1080)
        hint: Edge formula: anchoredPosition = sign * (margin + RectSize/2) for center-pivot. For stretch axes, use OffsetMin/OffsetMax (anchoredPosition is ignored). Verify Pivot - non-center pivots shift the bbox.
[ERROR  ] L013 /ui/TitleGroup/SkillPanel/ScrollArea/List/SkillSlot_19/ProgressText
        Entity is fully off-canvas: right by 1054px (bbox=(1814,-213)-(2014,-185), canvas=1920x1080)
        hint: Edge formula: anchoredPosition = sign * (margin + RectSize/2) for center-pivot. For stretch axes, use OffsetMin/OffsetMax (anchoredPosition is ignored). Verify Pivot - non-center pivots shift the bbox.
[ERROR  ] L013 /ui/TitleGroup/SkillPanel/ScrollArea/List/SkillSlot_19/RedDot
        Entity is fully off-canvas: right by 1060px (bbox=(1958,6)-(2020,68), canvas=1920x1080)
        hint: Edge formula: anchoredPosition = sign * (margin + RectSize/2) for center-pivot. For stretch axes, use OffsetMin/OffsetMax (anchoredPosition is ignored). Verify Pivot - non-center pivots shift the bbox.
[ERROR  ] L013 /ui/TitleGroup/SkillPanel/ScrollArea/List/SkillSlot_19/RedDot/Mark
        Entity is fully off-canvas: right by 1060px (bbox=(1958,6)-(2020,68), canvas=1920x1080)
        hint: Edge formula: anchoredPosition = sign * (margin + RectSize/2) for center-pivot. For stretch axes, use OffsetMin/OffsetMax (anchoredPosition is ignored). Verify Pivot - non-center pivots shift the bbox.
[ERROR  ] L013 /ui/TitleGroup/SkillPanel/ScrollArea/List/SkillSlot_20
        Entity is fully off-canvas: right by 1320px (bbox=(2050,132)-(2280,412), canvas=1920x1080)
        hint: Edge formula: anchoredPosition = sign * (margin + RectSize/2) for center-pivot. For stretch axes, use OffsetMin/OffsetMax (anchoredPosition is ignored). Verify Pivot - non-center pivots shift the bbox.
[ERROR  ] L013 /ui/TitleGroup/SkillPanel/ScrollArea/List/SkillSlot_20/Bg
        Entity is fully off-canvas: right by 1329px (bbox=(2039,55)-(2289,445), canvas=1920x1080)
        hint: Edge formula: anchoredPosition = sign * (margin + RectSize/2) for center-pivot. For stretch axes, use OffsetMin/OffsetMax (anchoredPosition is ignored). Verify Pivot - non-center pivots shift the bbox.
[ERROR  ] L013 /ui/TitleGroup/SkillPanel/ScrollArea/List/SkillSlot_20/Bg_1
        Entity is fully off-canvas: right by 1284px (bbox=(2088,225)-(2244,375), canvas=1920x1080)
        hint: Edge formula: anchoredPosition = sign * (margin + RectSize/2) for center-pivot. For stretch axes, use OffsetMin/OffsetMax (anchoredPosition is ignored). Verify Pivot - non-center pivots shift the bbox.
[ERROR  ] L013 /ui/TitleGroup/SkillPanel/ScrollArea/List/SkillSlot_20/Icon
        Entity is fully off-canvas: right by 1281px (bbox=(2090,224)-(2241,375), canvas=1920x1080)
        hint: Edge formula: anchoredPosition = sign * (margin + RectSize/2) for center-pivot. For stretch axes, use OffsetMin/OffsetMax (anchoredPosition is ignored). Verify Pivot - non-center pivots shift the bbox.
[ERROR  ] L013 /ui/TitleGroup/SkillPanel/ScrollArea/List/SkillSlot_20/Level
        Entity is fully off-canvas: right by 1313px (bbox=(2061,190)-(2273,216), canvas=1920x1080)
        hint: Edge formula: anchoredPosition = sign * (margin + RectSize/2) for center-pivot. For stretch axes, use OffsetMin/OffsetMax (anchoredPosition is ignored). Verify Pivot - non-center pivots shift the bbox.
[ERROR  ] L013 /ui/TitleGroup/SkillPanel/ScrollArea/List/SkillSlot_20/Name
        Entity is fully off-canvas: right by 1312px (bbox=(2060,155)-(2272,181), canvas=1920x1080)
        hint: Edge formula: anchoredPosition = sign * (margin + RectSize/2) for center-pivot. For stretch axes, use OffsetMin/OffsetMax (anchoredPosition is ignored). Verify Pivot - non-center pivots shift the bbox.
[ERROR  ] L013 /ui/TitleGroup/SkillPanel/ScrollArea/List/SkillSlot_20/ProgressBg
        Entity is fully off-canvas: right by 1273px (bbox=(2103,122)-(2233,150), canvas=1920x1080)
        hint: Edge formula: anchoredPosition = sign * (margin + RectSize/2) for center-pivot. For stretch axes, use OffsetMin/OffsetMax (anchoredPosition is ignored). Verify Pivot - non-center pivots shift the bbox.
[ERROR  ] L013 /ui/TitleGroup/SkillPanel/ScrollArea/List/SkillSlot_20/ProgressFill
        Entity is fully off-canvas: right by 1273px (bbox=(2103,122)-(2233,150), canvas=1920x1080)
        hint: Edge formula: anchoredPosition = sign * (margin + RectSize/2) for center-pivot. For stretch axes, use OffsetMin/OffsetMax (anchoredPosition is ignored). Verify Pivot - non-center pivots shift the bbox.
[ERROR  ] L013 /ui/TitleGroup/SkillPanel/ScrollArea/List/SkillSlot_20/ProgressText
        Entity is fully off-canvas: right by 1308px (bbox=(2068,122)-(2268,150), canvas=1920x1080)
        hint: Edge formula: anchoredPosition = sign * (margin + RectSize/2) for center-pivot. For stretch axes, use OffsetMin/OffsetMax (anchoredPosition is ignored). Verify Pivot - non-center pivots shift the bbox.
[ERROR  ] L013 /ui/TitleGroup/SkillPanel/ScrollArea/List/SkillSlot_20/RedDot
        Entity is fully off-canvas: right by 1314px (bbox=(2212,341)-(2274,403), canvas=1920x1080)
        hint: Edge formula: anchoredPosition = sign * (margin + RectSize/2) for center-pivot. For stretch axes, use OffsetMin/OffsetMax (anchoredPosition is ignored). Verify Pivot - non-center pivots shift the bbox.
[ERROR  ] L013 /ui/TitleGroup/SkillPanel/ScrollArea/List/SkillSlot_20/RedDot/Mark
        Entity is fully off-canvas: right by 1314px (bbox=(2212,341)-(2274,403), canvas=1920x1080)
        hint: Edge formula: anchoredPosition = sign * (margin + RectSize/2) for center-pivot. For stretch axes, use OffsetMin/OffsetMax (anchoredPosition is ignored). Verify Pivot - non-center pivots shift the bbox.
[ERROR  ] L013 /ui/TitleGroup/SkillPanel/ScrollArea/List/SkillSlot_21
        Entity is fully off-canvas: right by 1320px (bbox=(2050,-203)-(2280,77), canvas=1920x1080)
        hint: Edge formula: anchoredPosition = sign * (margin + RectSize/2) for center-pivot. For stretch axes, use OffsetMin/OffsetMax (anchoredPosition is ignored). Verify Pivot - non-center pivots shift the bbox.
[ERROR  ] L013 /ui/TitleGroup/SkillPanel/ScrollArea/List/SkillSlot_21/Bg
        Entity is fully off-canvas: right by 1329px (bbox=(2039,-280)-(2289,110), canvas=1920x1080)
        hint: Edge formula: anchoredPosition = sign * (margin + RectSize/2) for center-pivot. For stretch axes, use OffsetMin/OffsetMax (anchoredPosition is ignored). Verify Pivot - non-center pivots shift the bbox.
[ERROR  ] L013 /ui/TitleGroup/SkillPanel/ScrollArea/List/SkillSlot_21/Bg_1
        Entity is fully off-canvas: right by 1284px (bbox=(2088,-110)-(2244,40), canvas=1920x1080)
        hint: Edge formula: anchoredPosition = sign * (margin + RectSize/2) for center-pivot. For stretch axes, use OffsetMin/OffsetMax (anchoredPosition is ignored). Verify Pivot - non-center pivots shift the bbox.
[ERROR  ] L013 /ui/TitleGroup/SkillPanel/ScrollArea/List/SkillSlot_21/Icon
        Entity is fully off-canvas: right by 1281px (bbox=(2090,-111)-(2241,40), canvas=1920x1080)
        hint: Edge formula: anchoredPosition = sign * (margin + RectSize/2) for center-pivot. For stretch axes, use OffsetMin/OffsetMax (anchoredPosition is ignored). Verify Pivot - non-center pivots shift the bbox.
[ERROR  ] L013 /ui/TitleGroup/SkillPanel/ScrollArea/List/SkillSlot_21/Level
        Entity is fully off-canvas: right by 1313px (bbox=(2061,-145)-(2273,-119), canvas=1920x1080)
        hint: Edge formula: anchoredPosition = sign * (margin + RectSize/2) for center-pivot. For stretch axes, use OffsetMin/OffsetMax (anchoredPosition is ignored). Verify Pivot - non-center pivots shift the bbox.
[ERROR  ] L013 /ui/TitleGroup/SkillPanel/ScrollArea/List/SkillSlot_21/Name
        Entity is fully off-canvas: right by 1312px (bbox=(2060,-180)-(2272,-154), canvas=1920x1080)
        hint: Edge formula: anchoredPosition = sign * (margin + RectSize/2) for center-pivot. For stretch axes, use OffsetMin/OffsetMax (anchoredPosition is ignored). Verify Pivot - non-center pivots shift the bbox.
[ERROR  ] L013 /ui/TitleGroup/SkillPanel/ScrollArea/List/SkillSlot_21/ProgressBg
        Entity is fully off-canvas: right by 1273px (bbox=(2103,-213)-(2233,-185), canvas=1920x1080)
        hint: Edge formula: anchoredPosition = sign * (margin + RectSize/2) for center-pivot. For stretch axes, use OffsetMin/OffsetMax (anchoredPosition is ignored). Verify Pivot - non-center pivots shift the bbox.
[ERROR  ] L013 /ui/TitleGroup/SkillPanel/ScrollArea/List/SkillSlot_21/ProgressFill
        Entity is fully off-canvas: right by 1273px (bbox=(2103,-213)-(2233,-185), canvas=1920x1080)
        hint: Edge formula: anchoredPosition = sign * (margin + RectSize/2) for center-pivot. For stretch axes, use OffsetMin/OffsetMax (anchoredPosition is ignored). Verify Pivot - non-center pivots shift the bbox.
[ERROR  ] L013 /ui/TitleGroup/SkillPanel/ScrollArea/List/SkillSlot_21/ProgressText
        Entity is fully off-canvas: right by 1308px (bbox=(2068,-213)-(2268,-185), canvas=1920x1080)
        hint: Edge formula: anchoredPosition = sign * (margin + RectSize/2) for center-pivot. For stretch axes, use OffsetMin/OffsetMax (anchoredPosition is ignored). Verify Pivot - non-center pivots shift the bbox.
[ERROR  ] L013 /ui/TitleGroup/SkillPanel/ScrollArea/List/SkillSlot_21/RedDot
        Entity is fully off-canvas: right by 1314px (bbox=(2212,6)-(2274,68), canvas=1920x1080)
        hint: Edge formula: anchoredPosition = sign * (margin + RectSize/2) for center-pivot. For stretch axes, use OffsetMin/OffsetMax (anchoredPosition is ignored). Verify Pivot - non-center pivots shift the bbox.
[ERROR  ] L013 /ui/TitleGroup/SkillPanel/ScrollArea/List/SkillSlot_21/RedDot/Mark
        Entity is fully off-canvas: right by 1314px (bbox=(2212,6)-(2274,68), canvas=1920x1080)
        hint: Edge formula: anchoredPosition = sign * (margin + RectSize/2) for center-pivot. For stretch axes, use OffsetMin/OffsetMax (anchoredPosition is ignored). Verify Pivot - non-center pivots shift the bbox.
[ERROR  ] L013 /ui/TitleGroup/SkillPanel/ScrollArea/List/SkillSlot_22
        Entity is fully off-canvas: right by 1574px (bbox=(2304,132)-(2534,412), canvas=1920x1080)
        hint: Edge formula: anchoredPosition = sign * (margin + RectSize/2) for center-pivot. For stretch axes, use OffsetMin/OffsetMax (anchoredPosition is ignored). Verify Pivot - non-center pivots shift the bbox.
[ERROR  ] L013 /ui/TitleGroup/SkillPanel/ScrollArea/List/SkillSlot_22/Bg
        Entity is fully off-canvas: right by 1583px (bbox=(2293,55)-(2543,445), canvas=1920x1080)
        hint: Edge formula: anchoredPosition = sign * (margin + RectSize/2) for center-pivot. For stretch axes, use OffsetMin/OffsetMax (anchoredPosition is ignored). Verify Pivot - non-center pivots shift the bbox.
[ERROR  ] L013 /ui/TitleGroup/SkillPanel/ScrollArea/List/SkillSlot_22/Bg_1
        Entity is fully off-canvas: right by 1538px (bbox=(2342,225)-(2498,375), canvas=1920x1080)
        hint: Edge formula: anchoredPosition = sign * (margin + RectSize/2) for center-pivot. For stretch axes, use OffsetMin/OffsetMax (anchoredPosition is ignored). Verify Pivot - non-center pivots shift the bbox.
[ERROR  ] L013 /ui/TitleGroup/SkillPanel/ScrollArea/List/SkillSlot_22/Icon
        Entity is fully off-canvas: right by 1535px (bbox=(2344,224)-(2495,375), canvas=1920x1080)
        hint: Edge formula: anchoredPosition = sign * (margin + RectSize/2) for center-pivot. For stretch axes, use OffsetMin/OffsetMax (anchoredPosition is ignored). Verify Pivot - non-center pivots shift the bbox.
[ERROR  ] L013 /ui/TitleGroup/SkillPanel/ScrollArea/List/SkillSlot_22/Level
        Entity is fully off-canvas: right by 1567px (bbox=(2315,190)-(2527,216), canvas=1920x1080)
        hint: Edge formula: anchoredPosition = sign * (margin + RectSize/2) for center-pivot. For stretch axes, use OffsetMin/OffsetMax (anchoredPosition is ignored). Verify Pivot - non-center pivots shift the bbox.
[ERROR  ] L013 /ui/TitleGroup/SkillPanel/ScrollArea/List/SkillSlot_22/Name
        Entity is fully off-canvas: right by 1566px (bbox=(2314,155)-(2526,181), canvas=1920x1080)
        hint: Edge formula: anchoredPosition = sign * (margin + RectSize/2) for center-pivot. For stretch axes, use OffsetMin/OffsetMax (anchoredPosition is ignored). Verify Pivot - non-center pivots shift the bbox.
[ERROR  ] L013 /ui/TitleGroup/SkillPanel/ScrollArea/List/SkillSlot_22/ProgressBg
        Entity is fully off-canvas: right by 1527px (bbox=(2357,122)-(2487,150), canvas=1920x1080)
        hint: Edge formula: anchoredPosition = sign * (margin + RectSize/2) for center-pivot. For stretch axes, use OffsetMin/OffsetMax (anchoredPosition is ignored). Verify Pivot - non-center pivots shift the bbox.
[ERROR  ] L013 /ui/TitleGroup/SkillPanel/ScrollArea/List/SkillSlot_22/ProgressFill
        Entity is fully off-canvas: right by 1527px (bbox=(2357,122)-(2487,150), canvas=1920x1080)
        hint: Edge formula: anchoredPosition = sign * (margin + RectSize/2) for center-pivot. For stretch axes, use OffsetMin/OffsetMax (anchoredPosition is ignored). Verify Pivot - non-center pivots shift the bbox.
[ERROR  ] L013 /ui/TitleGroup/SkillPanel/ScrollArea/List/SkillSlot_22/ProgressText
        Entity is fully off-canvas: right by 1562px (bbox=(2322,122)-(2522,150), canvas=1920x1080)
        hint: Edge formula: anchoredPosition = sign * (margin + RectSize/2) for center-pivot. For stretch axes, use OffsetMin/OffsetMax (anchoredPosition is ignored). Verify Pivot - non-center pivots shift the bbox.
[ERROR  ] L013 /ui/TitleGroup/SkillPanel/ScrollArea/List/SkillSlot_22/RedDot
        Entity is fully off-canvas: right by 1568px (bbox=(2466,341)-(2528,403), canvas=1920x1080)
        hint: Edge formula: anchoredPosition = sign * (margin + RectSize/2) for center-pivot. For stretch axes, use OffsetMin/OffsetMax (anchoredPosition is ignored). Verify Pivot - non-center pivots shift the bbox.
[ERROR  ] L013 /ui/TitleGroup/SkillPanel/ScrollArea/List/SkillSlot_22/RedDot/Mark
        Entity is fully off-canvas: right by 1568px (bbox=(2466,341)-(2528,403), canvas=1920x1080)
        hint: Edge formula: anchoredPosition = sign * (margin + RectSize/2) for center-pivot. For stretch axes, use OffsetMin/OffsetMax (anchoredPosition is ignored). Verify Pivot - non-center pivots shift the bbox.
[ERROR  ] L013 /ui/TitleGroup/SkillPanel/ScrollArea/List/SkillSlot_23
        Entity is fully off-canvas: right by 1574px (bbox=(2304,-203)-(2534,77), canvas=1920x1080)
        hint: Edge formula: anchoredPosition = sign * (margin + RectSize/2) for center-pivot. For stretch axes, use OffsetMin/OffsetMax (anchoredPosition is ignored). Verify Pivot - non-center pivots shift the bbox.
[ERROR  ] L013 /ui/TitleGroup/SkillPanel/ScrollArea/List/SkillSlot_23/Bg
        Entity is fully off-canvas: right by 1583px (bbox=(2293,-280)-(2543,110), canvas=1920x1080)
        hint: Edge formula: anchoredPosition = sign * (margin + RectSize/2) for center-pivot. For stretch axes, use OffsetMin/OffsetMax (anchoredPosition is ignored). Verify Pivot - non-center pivots shift the bbox.
[ERROR  ] L013 /ui/TitleGroup/SkillPanel/ScrollArea/List/SkillSlot_23/Bg_1
        Entity is fully off-canvas: right by 1538px (bbox=(2342,-110)-(2498,40), canvas=1920x1080)
        hint: Edge formula: anchoredPosition = sign * (margin + RectSize/2) for center-pivot. For stretch axes, use OffsetMin/OffsetMax (anchoredPosition is ignored). Verify Pivot - non-center pivots shift the bbox.
[ERROR  ] L013 /ui/TitleGroup/SkillPanel/ScrollArea/List/SkillSlot_23/Icon
        Entity is fully off-canvas: right by 1535px (bbox=(2344,-111)-(2495,40), canvas=1920x1080)
        hint: Edge formula: anchoredPosition = sign * (margin + RectSize/2) for center-pivot. For stretch axes, use OffsetMin/OffsetMax (anchoredPosition is ignored). Verify Pivot - non-center pivots shift the bbox.
[ERROR  ] L013 /ui/TitleGroup/SkillPanel/ScrollArea/List/SkillSlot_23/Level
        Entity is fully off-canvas: right by 1567px (bbox=(2315,-145)-(2527,-119), canvas=1920x1080)
        hint: Edge formula: anchoredPosition = sign * (margin + RectSize/2) for center-pivot. For stretch axes, use OffsetMin/OffsetMax (anchoredPosition is ignored). Verify Pivot - non-center pivots shift the bbox.
[ERROR  ] L013 /ui/TitleGroup/SkillPanel/ScrollArea/List/SkillSlot_23/Name
        Entity is fully off-canvas: right by 1566px (bbox=(2314,-180)-(2526,-154), canvas=1920x1080)
        hint: Edge formula: anchoredPosition = sign * (margin + RectSize/2) for center-pivot. For stretch axes, use OffsetMin/OffsetMax (anchoredPosition is ignored). Verify Pivot - non-center pivots shift the bbox.
[ERROR  ] L013 /ui/TitleGroup/SkillPanel/ScrollArea/List/SkillSlot_23/ProgressBg
        Entity is fully off-canvas: right by 1527px (bbox=(2357,-213)-(2487,-185), canvas=1920x1080)
        hint: Edge formula: anchoredPosition = sign * (margin + RectSize/2) for center-pivot. For stretch axes, use OffsetMin/OffsetMax (anchoredPosition is ignored). Verify Pivot - non-center pivots shift the bbox.
[ERROR  ] L013 /ui/TitleGroup/SkillPanel/ScrollArea/List/SkillSlot_23/ProgressFill
        Entity is fully off-canvas: right by 1527px (bbox=(2357,-213)-(2487,-185), canvas=1920x1080)
        hint: Edge formula: anchoredPosition = sign * (margin + RectSize/2) for center-pivot. For stretch axes, use OffsetMin/OffsetMax (anchoredPosition is ignored). Verify Pivot - non-center pivots shift the bbox.
[ERROR  ] L013 /ui/TitleGroup/SkillPanel/ScrollArea/List/SkillSlot_23/ProgressText
        Entity is fully off-canvas: right by 1562px (bbox=(2322,-213)-(2522,-185), canvas=1920x1080)
        hint: Edge formula: anchoredPosition = sign * (margin + RectSize/2) for center-pivot. For stretch axes, use OffsetMin/OffsetMax (anchoredPosition is ignored). Verify Pivot - non-center pivots shift the bbox.
[ERROR  ] L013 /ui/TitleGroup/SkillPanel/ScrollArea/List/SkillSlot_23/RedDot
        Entity is fully off-canvas: right by 1568px (bbox=(2466,6)-(2528,68), canvas=1920x1080)
        hint: Edge formula: anchoredPosition = sign * (margin + RectSize/2) for center-pivot. For stretch axes, use OffsetMin/OffsetMax (anchoredPosition is ignored). Verify Pivot - non-center pivots shift the bbox.
[ERROR  ] L013 /ui/TitleGroup/SkillPanel/ScrollArea/List/SkillSlot_23/RedDot/Mark
        Entity is fully off-canvas: right by 1568px (bbox=(2466,6)-(2528,68), canvas=1920x1080)
        hint: Edge formula: anchoredPosition = sign * (margin + RectSize/2) for center-pivot. For stretch axes, use OffsetMin/OffsetMax (anchoredPosition is ignored). Verify Pivot - non-center pivots shift the bbox.
[ERROR  ] L013 /ui/TitleGroup/SkillPanel/ScrollArea/List/SkillSlot_24
        Entity is fully off-canvas: right by 1828px (bbox=(2558,132)-(2788,412), canvas=1920x1080)
        hint: Edge formula: anchoredPosition = sign * (margin + RectSize/2) for center-pivot. For stretch axes, use OffsetMin/OffsetMax (anchoredPosition is ignored). Verify Pivot - non-center pivots shift the bbox.
[ERROR  ] L013 /ui/TitleGroup/SkillPanel/ScrollArea/List/SkillSlot_24/Bg
        Entity is fully off-canvas: right by 1837px (bbox=(2547,55)-(2797,445), canvas=1920x1080)
        hint: Edge formula: anchoredPosition = sign * (margin + RectSize/2) for center-pivot. For stretch axes, use OffsetMin/OffsetMax (anchoredPosition is ignored). Verify Pivot - non-center pivots shift the bbox.
[ERROR  ] L013 /ui/TitleGroup/SkillPanel/ScrollArea/List/SkillSlot_24/Bg_1
        Entity is fully off-canvas: right by 1792px (bbox=(2596,225)-(2752,375), canvas=1920x1080)
        hint: Edge formula: anchoredPosition = sign * (margin + RectSize/2) for center-pivot. For stretch axes, use OffsetMin/OffsetMax (anchoredPosition is ignored). Verify Pivot - non-center pivots shift the bbox.
[ERROR  ] L013 /ui/TitleGroup/SkillPanel/ScrollArea/List/SkillSlot_24/Icon
        Entity is fully off-canvas: right by 1789px (bbox=(2598,224)-(2749,375), canvas=1920x1080)
        hint: Edge formula: anchoredPosition = sign * (margin + RectSize/2) for center-pivot. For stretch axes, use OffsetMin/OffsetMax (anchoredPosition is ignored). Verify Pivot - non-center pivots shift the bbox.
[ERROR  ] L013 /ui/TitleGroup/SkillPanel/ScrollArea/List/SkillSlot_24/Level
        Entity is fully off-canvas: right by 1821px (bbox=(2569,190)-(2781,216), canvas=1920x1080)
        hint: Edge formula: anchoredPosition = sign * (margin + RectSize/2) for center-pivot. For stretch axes, use OffsetMin/OffsetMax (anchoredPosition is ignored). Verify Pivot - non-center pivots shift the bbox.
[ERROR  ] L013 /ui/TitleGroup/SkillPanel/ScrollArea/List/SkillSlot_24/Name
        Entity is fully off-canvas: right by 1820px (bbox=(2568,155)-(2780,181), canvas=1920x1080)
        hint: Edge formula: anchoredPosition = sign * (margin + RectSize/2) for center-pivot. For stretch axes, use OffsetMin/OffsetMax (anchoredPosition is ignored). Verify Pivot - non-center pivots shift the bbox.
[ERROR  ] L013 /ui/TitleGroup/SkillPanel/ScrollArea/List/SkillSlot_24/ProgressBg
        Entity is fully off-canvas: right by 1781px (bbox=(2611,122)-(2741,150), canvas=1920x1080)
        hint: Edge formula: anchoredPosition = sign * (margin + RectSize/2) for center-pivot. For stretch axes, use OffsetMin/OffsetMax (anchoredPosition is ignored). Verify Pivot - non-center pivots shift the bbox.
[ERROR  ] L013 /ui/TitleGroup/SkillPanel/ScrollArea/List/SkillSlot_24/ProgressFill
        Entity is fully off-canvas: right by 1781px (bbox=(2611,122)-(2741,150), canvas=1920x1080)
        hint: Edge formula: anchoredPosition = sign * (margin + RectSize/2) for center-pivot. For stretch axes, use OffsetMin/OffsetMax (anchoredPosition is ignored). Verify Pivot - non-center pivots shift the bbox.
[ERROR  ] L013 /ui/TitleGroup/SkillPanel/ScrollArea/List/SkillSlot_24/ProgressText
        Entity is fully off-canvas: right by 1816px (bbox=(2576,122)-(2776,150), canvas=1920x1080)
        hint: Edge formula: anchoredPosition = sign * (margin + RectSize/2) for center-pivot. For stretch axes, use OffsetMin/OffsetMax (anchoredPosition is ignored). Verify Pivot - non-center pivots shift the bbox.
[ERROR  ] L013 /ui/TitleGroup/SkillPanel/ScrollArea/List/SkillSlot_24/RedDot
        Entity is fully off-canvas: right by 1822px (bbox=(2720,341)-(2782,403), canvas=1920x1080)
        hint: Edge formula: anchoredPosition = sign * (margin + RectSize/2) for center-pivot. For stretch axes, use OffsetMin/OffsetMax (anchoredPosition is ignored). Verify Pivot - non-center pivots shift the bbox.
[ERROR  ] L013 /ui/TitleGroup/SkillPanel/ScrollArea/List/SkillSlot_24/RedDot/Mark
        Entity is fully off-canvas: right by 1822px (bbox=(2720,341)-(2782,403), canvas=1920x1080)
        hint: Edge formula: anchoredPosition = sign * (margin + RectSize/2) for center-pivot. For stretch axes, use OffsetMin/OffsetMax (anchoredPosition is ignored). Verify Pivot - non-center pivots shift the bbox.
[ERROR  ] L013 /ui/TitleGroup/SkillPanel/ScrollArea/List/SkillSlot_25
        Entity is fully off-canvas: right by 1828px (bbox=(2558,-203)-(2788,77), canvas=1920x1080)
        hint: Edge formula: anchoredPosition = sign * (margin + RectSize/2) for center-pivot. For stretch axes, use OffsetMin/OffsetMax (anchoredPosition is ignored). Verify Pivot - non-center pivots shift the bbox.
[ERROR  ] L013 /ui/TitleGroup/SkillPanel/ScrollArea/List/SkillSlot_25/Bg
        Entity is fully off-canvas: right by 1837px (bbox=(2547,-280)-(2797,110), canvas=1920x1080)
        hint: Edge formula: anchoredPosition = sign * (margin + RectSize/2) for center-pivot. For stretch axes, use OffsetMin/OffsetMax (anchoredPosition is ignored). Verify Pivot - non-center pivots shift the bbox.
[ERROR  ] L013 /ui/TitleGroup/SkillPanel/ScrollArea/List/SkillSlot_25/Bg_1
        Entity is fully off-canvas: right by 1792px (bbox=(2596,-110)-(2752,40), canvas=1920x1080)
        hint: Edge formula: anchoredPosition = sign * (margin + RectSize/2) for center-pivot. For stretch axes, use OffsetMin/OffsetMax (anchoredPosition is ignored). Verify Pivot - non-center pivots shift the bbox.
[ERROR  ] L013 /ui/TitleGroup/SkillPanel/ScrollArea/List/SkillSlot_25/Icon
        Entity is fully off-canvas: right by 1789px (bbox=(2598,-111)-(2749,40), canvas=1920x1080)
        hint: Edge formula: anchoredPosition = sign * (margin + RectSize/2) for center-pivot. For stretch axes, use OffsetMin/OffsetMax (anchoredPosition is ignored). Verify Pivot - non-center pivots shift the bbox.
[ERROR  ] L013 /ui/TitleGroup/SkillPanel/ScrollArea/List/SkillSlot_25/Level
        Entity is fully off-canvas: right by 1821px (bbox=(2569,-145)-(2781,-119), canvas=1920x1080)
        hint: Edge formula: anchoredPosition = sign * (margin + RectSize/2) for center-pivot. For stretch axes, use OffsetMin/OffsetMax (anchoredPosition is ignored). Verify Pivot - non-center pivots shift the bbox.
[ERROR  ] L013 /ui/TitleGroup/SkillPanel/ScrollArea/List/SkillSlot_25/Name
        Entity is fully off-canvas: right by 1820px (bbox=(2568,-180)-(2780,-154), canvas=1920x1080)
        hint: Edge formula: anchoredPosition = sign * (margin + RectSize/2) for center-pivot. For stretch axes, use OffsetMin/OffsetMax (anchoredPosition is ignored). Verify Pivot - non-center pivots shift the bbox.
[ERROR  ] L013 /ui/TitleGroup/SkillPanel/ScrollArea/List/SkillSlot_25/ProgressBg
        Entity is fully off-canvas: right by 1781px (bbox=(2611,-213)-(2741,-185), canvas=1920x1080)
        hint: Edge formula: anchoredPosition = sign * (margin + RectSize/2) for center-pivot. For stretch axes, use OffsetMin/OffsetMax (anchoredPosition is ignored). Verify Pivot - non-center pivots shift the bbox.
[ERROR  ] L013 /ui/TitleGroup/SkillPanel/ScrollArea/List/SkillSlot_25/ProgressFill
        Entity is fully off-canvas: right by 1781px (bbox=(2611,-213)-(2741,-185), canvas=1920x1080)
        hint: Edge formula: anchoredPosition = sign * (margin + RectSize/2) for center-pivot. For stretch axes, use OffsetMin/OffsetMax (anchoredPosition is ignored). Verify Pivot - non-center pivots shift the bbox.
[ERROR  ] L013 /ui/TitleGroup/SkillPanel/ScrollArea/List/SkillSlot_25/ProgressText
        Entity is fully off-canvas: right by 1816px (bbox=(2576,-213)-(2776,-185), canvas=1920x1080)
        hint: Edge formula: anchoredPosition = sign * (margin + RectSize/2) for center-pivot. For stretch axes, use OffsetMin/OffsetMax (anchoredPosition is ignored). Verify Pivot - non-center pivots shift the bbox.
[ERROR  ] L013 /ui/TitleGroup/SkillPanel/ScrollArea/List/SkillSlot_25/RedDot
        Entity is fully off-canvas: right by 1822px (bbox=(2720,6)-(2782,68), canvas=1920x1080)
        hint: Edge formula: anchoredPosition = sign * (margin + RectSize/2) for center-pivot. For stretch axes, use OffsetMin/OffsetMax (anchoredPosition is ignored). Verify Pivot - non-center pivots shift the bbox.
[ERROR  ] L013 /ui/TitleGroup/SkillPanel/ScrollArea/List/SkillSlot_25/RedDot/Mark
        Entity is fully off-canvas: right by 1822px (bbox=(2720,6)-(2782,68), canvas=1920x1080)
        hint: Edge formula: anchoredPosition = sign * (margin + RectSize/2) for center-pivot. For stretch axes, use OffsetMin/OffsetMax (anchoredPosition is ignored). Verify Pivot - non-center pivots shift the bbox.
[ERROR  ] L013 /ui/TitleGroup/SkillPanel/ScrollArea/List/SkillSlot_26
        Entity is fully off-canvas: right by 2082px (bbox=(2812,132)-(3042,412), canvas=1920x1080)
        hint: Edge formula: anchoredPosition = sign * (margin + RectSize/2) for center-pivot. For stretch axes, use OffsetMin/OffsetMax (anchoredPosition is ignored). Verify Pivot - non-center pivots shift the bbox.
[ERROR  ] L013 /ui/TitleGroup/SkillPanel/ScrollArea/List/SkillSlot_26/Bg
        Entity is fully off-canvas: right by 2091px (bbox=(2801,55)-(3051,445), canvas=1920x1080)
        hint: Edge formula: anchoredPosition = sign * (margin + RectSize/2) for center-pivot. For stretch axes, use OffsetMin/OffsetMax (anchoredPosition is ignored). Verify Pivot - non-center pivots shift the bbox.
[ERROR  ] L013 /ui/TitleGroup/SkillPanel/ScrollArea/List/SkillSlot_26/Bg_1
        Entity is fully off-canvas: right by 2046px (bbox=(2850,225)-(3006,375), canvas=1920x1080)
        hint: Edge formula: anchoredPosition = sign * (margin + RectSize/2) for center-pivot. For stretch axes, use OffsetMin/OffsetMax (anchoredPosition is ignored). Verify Pivot - non-center pivots shift the bbox.
[ERROR  ] L013 /ui/TitleGroup/SkillPanel/ScrollArea/List/SkillSlot_26/Icon
        Entity is fully off-canvas: right by 2043px (bbox=(2852,224)-(3003,375), canvas=1920x1080)
        hint: Edge formula: anchoredPosition = sign * (margin + RectSize/2) for center-pivot. For stretch axes, use OffsetMin/OffsetMax (anchoredPosition is ignored). Verify Pivot - non-center pivots shift the bbox.
[ERROR  ] L013 /ui/TitleGroup/SkillPanel/ScrollArea/List/SkillSlot_26/Level
        Entity is fully off-canvas: right by 2075px (bbox=(2823,190)-(3035,216), canvas=1920x1080)
        hint: Edge formula: anchoredPosition = sign * (margin + RectSize/2) for center-pivot. For stretch axes, use OffsetMin/OffsetMax (anchoredPosition is ignored). Verify Pivot - non-center pivots shift the bbox.
[ERROR  ] L013 /ui/TitleGroup/SkillPanel/ScrollArea/List/SkillSlot_26/Name
        Entity is fully off-canvas: right by 2074px (bbox=(2822,155)-(3034,181), canvas=1920x1080)
        hint: Edge formula: anchoredPosition = sign * (margin + RectSize/2) for center-pivot. For stretch axes, use OffsetMin/OffsetMax (anchoredPosition is ignored). Verify Pivot - non-center pivots shift the bbox.
[ERROR  ] L013 /ui/TitleGroup/SkillPanel/ScrollArea/List/SkillSlot_26/ProgressBg
        Entity is fully off-canvas: right by 2035px (bbox=(2865,122)-(2995,150), canvas=1920x1080)
        hint: Edge formula: anchoredPosition = sign * (margin + RectSize/2) for center-pivot. For stretch axes, use OffsetMin/OffsetMax (anchoredPosition is ignored). Verify Pivot - non-center pivots shift the bbox.
[ERROR  ] L013 /ui/TitleGroup/SkillPanel/ScrollArea/List/SkillSlot_26/ProgressFill
        Entity is fully off-canvas: right by 2035px (bbox=(2865,122)-(2995,150), canvas=1920x1080)
        hint: Edge formula: anchoredPosition = sign * (margin + RectSize/2) for center-pivot. For stretch axes, use OffsetMin/OffsetMax (anchoredPosition is ignored). Verify Pivot - non-center pivots shift the bbox.
[ERROR  ] L013 /ui/TitleGroup/SkillPanel/ScrollArea/List/SkillSlot_26/ProgressText
        Entity is fully off-canvas: right by 2070px (bbox=(2830,122)-(3030,150), canvas=1920x1080)
        hint: Edge formula: anchoredPosition = sign * (margin + RectSize/2) for center-pivot. For stretch axes, use OffsetMin/OffsetMax (anchoredPosition is ignored). Verify Pivot - non-center pivots shift the bbox.
[ERROR  ] L013 /ui/TitleGroup/SkillPanel/ScrollArea/List/SkillSlot_26/RedDot
        Entity is fully off-canvas: right by 2076px (bbox=(2974,341)-(3036,403), canvas=1920x1080)
        hint: Edge formula: anchoredPosition = sign * (margin + RectSize/2) for center-pivot. For stretch axes, use OffsetMin/OffsetMax (anchoredPosition is ignored). Verify Pivot - non-center pivots shift the bbox.
[ERROR  ] L013 /ui/TitleGroup/SkillPanel/ScrollArea/List/SkillSlot_26/RedDot/Mark
        Entity is fully off-canvas: right by 2076px (bbox=(2974,341)-(3036,403), canvas=1920x1080)
        hint: Edge formula: anchoredPosition = sign * (margin + RectSize/2) for center-pivot. For stretch axes, use OffsetMin/OffsetMax (anchoredPosition is ignored). Verify Pivot - non-center pivots shift the bbox.
[ERROR  ] L013 /ui/TitleGroup/SkillPanel/ScrollArea/List/SkillSlot_27
        Entity is fully off-canvas: right by 2082px (bbox=(2812,-203)-(3042,77), canvas=1920x1080)
        hint: Edge formula: anchoredPosition = sign * (margin + RectSize/2) for center-pivot. For stretch axes, use OffsetMin/OffsetMax (anchoredPosition is ignored). Verify Pivot - non-center pivots shift the bbox.
[ERROR  ] L013 /ui/TitleGroup/SkillPanel/ScrollArea/List/SkillSlot_27/Bg
        Entity is fully off-canvas: right by 2091px (bbox=(2801,-280)-(3051,110), canvas=1920x1080)
        hint: Edge formula: anchoredPosition = sign * (margin + RectSize/2) for center-pivot. For stretch axes, use OffsetMin/OffsetMax (anchoredPosition is ignored). Verify Pivot - non-center pivots shift the bbox.
[ERROR  ] L013 /ui/TitleGroup/SkillPanel/ScrollArea/List/SkillSlot_27/Bg_1
        Entity is fully off-canvas: right by 2046px (bbox=(2850,-110)-(3006,40), canvas=1920x1080)
        hint: Edge formula: anchoredPosition = sign * (margin + RectSize/2) for center-pivot. For stretch axes, use OffsetMin/OffsetMax (anchoredPosition is ignored). Verify Pivot - non-center pivots shift the bbox.
[ERROR  ] L013 /ui/TitleGroup/SkillPanel/ScrollArea/List/SkillSlot_27/Icon
        Entity is fully off-canvas: right by 2043px (bbox=(2852,-111)-(3003,40), canvas=1920x1080)
        hint: Edge formula: anchoredPosition = sign * (margin + RectSize/2) for center-pivot. For stretch axes, use OffsetMin/OffsetMax (anchoredPosition is ignored). Verify Pivot - non-center pivots shift the bbox.
[ERROR  ] L013 /ui/TitleGroup/SkillPanel/ScrollArea/List/SkillSlot_27/Level
        Entity is fully off-canvas: right by 2075px (bbox=(2823,-145)-(3035,-119), canvas=1920x1080)
        hint: Edge formula: anchoredPosition = sign * (margin + RectSize/2) for center-pivot. For stretch axes, use OffsetMin/OffsetMax (anchoredPosition is ignored). Verify Pivot - non-center pivots shift the bbox.
[ERROR  ] L013 /ui/TitleGroup/SkillPanel/ScrollArea/List/SkillSlot_27/Name
        Entity is fully off-canvas: right by 2074px (bbox=(2822,-180)-(3034,-154), canvas=1920x1080)
        hint: Edge formula: anchoredPosition = sign * (margin + RectSize/2) for center-pivot. For stretch axes, use OffsetMin/OffsetMax (anchoredPosition is ignored). Verify Pivot - non-center pivots shift the bbox.
[ERROR  ] L013 /ui/TitleGroup/SkillPanel/ScrollArea/List/SkillSlot_27/ProgressBg
        Entity is fully off-canvas: right by 2035px (bbox=(2865,-213)-(2995,-185), canvas=1920x1080)
        hint: Edge formula: anchoredPosition = sign * (margin + RectSize/2) for center-pivot. For stretch axes, use OffsetMin/OffsetMax (anchoredPosition is ignored). Verify Pivot - non-center pivots shift the bbox.
[ERROR  ] L013 /ui/TitleGroup/SkillPanel/ScrollArea/List/SkillSlot_27/ProgressFill
        Entity is fully off-canvas: right by 2035px (bbox=(2865,-213)-(2995,-185), canvas=1920x1080)
        hint: Edge formula: anchoredPosition = sign * (margin + RectSize/2) for center-pivot. For stretch axes, use OffsetMin/OffsetMax (anchoredPosition is ignored). Verify Pivot - non-center pivots shift the bbox.
[ERROR  ] L013 /ui/TitleGroup/SkillPanel/ScrollArea/List/SkillSlot_27/ProgressText
        Entity is fully off-canvas: right by 2070px (bbox=(2830,-213)-(3030,-185), canvas=1920x1080)
        hint: Edge formula: anchoredPosition = sign * (margin + RectSize/2) for center-pivot. For stretch axes, use OffsetMin/OffsetMax (anchoredPosition is ignored). Verify Pivot - non-center pivots shift the bbox.
[ERROR  ] L013 /ui/TitleGroup/SkillPanel/ScrollArea/List/SkillSlot_27/RedDot
        Entity is fully off-canvas: right by 2076px (bbox=(2974,6)-(3036,68), canvas=1920x1080)
        hint: Edge formula: anchoredPosition = sign * (margin + RectSize/2) for center-pivot. For stretch axes, use OffsetMin/OffsetMax (anchoredPosition is ignored). Verify Pivot - non-center pivots shift the bbox.
[ERROR  ] L013 /ui/TitleGroup/SkillPanel/ScrollArea/List/SkillSlot_27/RedDot/Mark
        Entity is fully off-canvas: right by 2076px (bbox=(2974,6)-(3036,68), canvas=1920x1080)
        hint: Edge formula: anchoredPosition = sign * (margin + RectSize/2) for center-pivot. For stretch axes, use OffsetMin/OffsetMax (anchoredPosition is ignored). Verify Pivot - non-center pivots shift the bbox.
[ERROR  ] L013 /ui/TitleGroup/SkillPanel/ScrollArea/List/SkillSlot_28
        Entity is fully off-canvas: right by 2336px (bbox=(3066,132)-(3296,412), canvas=1920x1080)
        hint: Edge formula: anchoredPosition = sign * (margin + RectSize/2) for center-pivot. For stretch axes, use OffsetMin/OffsetMax (anchoredPosition is ignored). Verify Pivot - non-center pivots shift the bbox.
[ERROR  ] L013 /ui/TitleGroup/SkillPanel/ScrollArea/List/SkillSlot_28/Bg
        Entity is fully off-canvas: right by 2345px (bbox=(3055,55)-(3305,445), canvas=1920x1080)
        hint: Edge formula: anchoredPosition = sign * (margin + RectSize/2) for center-pivot. For stretch axes, use OffsetMin/OffsetMax (anchoredPosition is ignored). Verify Pivot - non-center pivots shift the bbox.
[ERROR  ] L013 /ui/TitleGroup/SkillPanel/ScrollArea/List/SkillSlot_28/Bg_1
        Entity is fully off-canvas: right by 2300px (bbox=(3104,225)-(3260,375), canvas=1920x1080)
        hint: Edge formula: anchoredPosition = sign * (margin + RectSize/2) for center-pivot. For stretch axes, use OffsetMin/OffsetMax (anchoredPosition is ignored). Verify Pivot - non-center pivots shift the bbox.
[ERROR  ] L013 /ui/TitleGroup/SkillPanel/ScrollArea/List/SkillSlot_28/Icon
        Entity is fully off-canvas: right by 2297px (bbox=(3106,224)-(3257,375), canvas=1920x1080)
        hint: Edge formula: anchoredPosition = sign * (margin + RectSize/2) for center-pivot. For stretch axes, use OffsetMin/OffsetMax (anchoredPosition is ignored). Verify Pivot - non-center pivots shift the bbox.
[ERROR  ] L013 /ui/TitleGroup/SkillPanel/ScrollArea/List/SkillSlot_28/Level
        Entity is fully off-canvas: right by 2329px (bbox=(3077,190)-(3289,216), canvas=1920x1080)
        hint: Edge formula: anchoredPosition = sign * (margin + RectSize/2) for center-pivot. For stretch axes, use OffsetMin/OffsetMax (anchoredPosition is ignored). Verify Pivot - non-center pivots shift the bbox.
[ERROR  ] L013 /ui/TitleGroup/SkillPanel/ScrollArea/List/SkillSlot_28/Name
        Entity is fully off-canvas: right by 2328px (bbox=(3076,155)-(3288,181), canvas=1920x1080)
        hint: Edge formula: anchoredPosition = sign * (margin + RectSize/2) for center-pivot. For stretch axes, use OffsetMin/OffsetMax (anchoredPosition is ignored). Verify Pivot - non-center pivots shift the bbox.
[ERROR  ] L013 /ui/TitleGroup/SkillPanel/ScrollArea/List/SkillSlot_28/ProgressBg
        Entity is fully off-canvas: right by 2289px (bbox=(3119,122)-(3249,150), canvas=1920x1080)
        hint: Edge formula: anchoredPosition = sign * (margin + RectSize/2) for center-pivot. For stretch axes, use OffsetMin/OffsetMax (anchoredPosition is ignored). Verify Pivot - non-center pivots shift the bbox.
[ERROR  ] L013 /ui/TitleGroup/SkillPanel/ScrollArea/List/SkillSlot_28/ProgressFill
        Entity is fully off-canvas: right by 2289px (bbox=(3119,122)-(3249,150), canvas=1920x1080)
        hint: Edge formula: anchoredPosition = sign * (margin + RectSize/2) for center-pivot. For stretch axes, use OffsetMin/OffsetMax (anchoredPosition is ignored). Verify Pivot - non-center pivots shift the bbox.
[ERROR  ] L013 /ui/TitleGroup/SkillPanel/ScrollArea/List/SkillSlot_28/ProgressText
        Entity is fully off-canvas: right by 2324px (bbox=(3084,122)-(3284,150), canvas=1920x1080)
        hint: Edge formula: anchoredPosition = sign * (margin + RectSize/2) for center-pivot. For stretch axes, use OffsetMin/OffsetMax (anchoredPosition is ignored). Verify Pivot - non-center pivots shift the bbox.
[ERROR  ] L013 /ui/TitleGroup/SkillPanel/ScrollArea/List/SkillSlot_28/RedDot
        Entity is fully off-canvas: right by 2330px (bbox=(3228,341)-(3290,403), canvas=1920x1080)
        hint: Edge formula: anchoredPosition = sign * (margin + RectSize/2) for center-pivot. For stretch axes, use OffsetMin/OffsetMax (anchoredPosition is ignored). Verify Pivot - non-center pivots shift the bbox.
[ERROR  ] L013 /ui/TitleGroup/SkillPanel/ScrollArea/List/SkillSlot_28/RedDot/Mark
        Entity is fully off-canvas: right by 2330px (bbox=(3228,341)-(3290,403), canvas=1920x1080)
        hint: Edge formula: anchoredPosition = sign * (margin + RectSize/2) for center-pivot. For stretch axes, use OffsetMin/OffsetMax (anchoredPosition is ignored). Verify Pivot - non-center pivots shift the bbox.
[ERROR  ] L013 /ui/TitleGroup/SkillPanel/ScrollArea/List/SkillSlot_29
        Entity is fully off-canvas: right by 2336px (bbox=(3066,-203)-(3296,77), canvas=1920x1080)
        hint: Edge formula: anchoredPosition = sign * (margin + RectSize/2) for center-pivot. For stretch axes, use OffsetMin/OffsetMax (anchoredPosition is ignored). Verify Pivot - non-center pivots shift the bbox.
[ERROR  ] L013 /ui/TitleGroup/SkillPanel/ScrollArea/List/SkillSlot_29/Bg
        Entity is fully off-canvas: right by 2345px (bbox=(3055,-280)-(3305,110), canvas=1920x1080)
        hint: Edge formula: anchoredPosition = sign * (margin + RectSize/2) for center-pivot. For stretch axes, use OffsetMin/OffsetMax (anchoredPosition is ignored). Verify Pivot - non-center pivots shift the bbox.
[ERROR  ] L013 /ui/TitleGroup/SkillPanel/ScrollArea/List/SkillSlot_29/Bg_1
        Entity is fully off-canvas: right by 2300px (bbox=(3104,-110)-(3260,40), canvas=1920x1080)
        hint: Edge formula: anchoredPosition = sign * (margin + RectSize/2) for center-pivot. For stretch axes, use OffsetMin/OffsetMax (anchoredPosition is ignored). Verify Pivot - non-center pivots shift the bbox.
[ERROR  ] L013 /ui/TitleGroup/SkillPanel/ScrollArea/List/SkillSlot_29/Icon
        Entity is fully off-canvas: right by 2297px (bbox=(3106,-111)-(3257,40), canvas=1920x1080)
        hint: Edge formula: anchoredPosition = sign * (margin + RectSize/2) for center-pivot. For stretch axes, use OffsetMin/OffsetMax (anchoredPosition is ignored). Verify Pivot - non-center pivots shift the bbox.
[ERROR  ] L013 /ui/TitleGroup/SkillPanel/ScrollArea/List/SkillSlot_29/Level
        Entity is fully off-canvas: right by 2329px (bbox=(3077,-145)-(3289,-119), canvas=1920x1080)
        hint: Edge formula: anchoredPosition = sign * (margin + RectSize/2) for center-pivot. For stretch axes, use OffsetMin/OffsetMax (anchoredPosition is ignored). Verify Pivot - non-center pivots shift the bbox.
[ERROR  ] L013 /ui/TitleGroup/SkillPanel/ScrollArea/List/SkillSlot_29/Name
        Entity is fully off-canvas: right by 2328px (bbox=(3076,-180)-(3288,-154), canvas=1920x1080)
        hint: Edge formula: anchoredPosition = sign * (margin + RectSize/2) for center-pivot. For stretch axes, use OffsetMin/OffsetMax (anchoredPosition is ignored). Verify Pivot - non-center pivots shift the bbox.
[ERROR  ] L013 /ui/TitleGroup/SkillPanel/ScrollArea/List/SkillSlot_29/ProgressBg
        Entity is fully off-canvas: right by 2289px (bbox=(3119,-213)-(3249,-185), canvas=1920x1080)
        hint: Edge formula: anchoredPosition = sign * (margin + RectSize/2) for center-pivot. For stretch axes, use OffsetMin/OffsetMax (anchoredPosition is ignored). Verify Pivot - non-center pivots shift the bbox.
[ERROR  ] L013 /ui/TitleGroup/SkillPanel/ScrollArea/List/SkillSlot_29/ProgressFill
        Entity is fully off-canvas: right by 2289px (bbox=(3119,-213)-(3249,-185), canvas=1920x1080)
        hint: Edge formula: anchoredPosition = sign * (margin + RectSize/2) for center-pivot. For stretch axes, use OffsetMin/OffsetMax (anchoredPosition is ignored). Verify Pivot - non-center pivots shift the bbox.
[ERROR  ] L013 /ui/TitleGroup/SkillPanel/ScrollArea/List/SkillSlot_29/ProgressText
        Entity is fully off-canvas: right by 2324px (bbox=(3084,-213)-(3284,-185), canvas=1920x1080)
        hint: Edge formula: anchoredPosition = sign * (margin + RectSize/2) for center-pivot. For stretch axes, use OffsetMin/OffsetMax (anchoredPosition is ignored). Verify Pivot - non-center pivots shift the bbox.
[ERROR  ] L013 /ui/TitleGroup/SkillPanel/ScrollArea/List/SkillSlot_29/RedDot
        Entity is fully off-canvas: right by 2330px (bbox=(3228,6)-(3290,68), canvas=1920x1080)
        hint: Edge formula: anchoredPosition = sign * (margin + RectSize/2) for center-pivot. For stretch axes, use OffsetMin/OffsetMax (anchoredPosition is ignored). Verify Pivot - non-center pivots shift the bbox.
[ERROR  ] L013 /ui/TitleGroup/SkillPanel/ScrollArea/List/SkillSlot_29/RedDot/Mark
        Entity is fully off-canvas: right by 2330px (bbox=(3228,6)-(3290,68), canvas=1920x1080)
        hint: Edge formula: anchoredPosition = sign * (margin + RectSize/2) for center-pivot. For stretch axes, use OffsetMin/OffsetMax (anchoredPosition is ignored). Verify Pivot - non-center pivots shift the bbox.
[ERROR  ] L013 /ui/TitleGroup/SkillPanel/ScrollArea/List/SkillSlot_30
        Entity is fully off-canvas: right by 2590px (bbox=(3320,132)-(3550,412), canvas=1920x1080)
        hint: Edge formula: anchoredPosition = sign * (margin + RectSize/2) for center-pivot. For stretch axes, use OffsetMin/OffsetMax (anchoredPosition is ignored). Verify Pivot - non-center pivots shift the bbox.
[ERROR  ] L013 /ui/TitleGroup/SkillPanel/ScrollArea/List/SkillSlot_30/Bg
        Entity is fully off-canvas: right by 2599px (bbox=(3309,55)-(3559,445), canvas=1920x1080)
        hint: Edge formula: anchoredPosition = sign * (margin + RectSize/2) for center-pivot. For stretch axes, use OffsetMin/OffsetMax (anchoredPosition is ignored). Verify Pivot - non-center pivots shift the bbox.
[ERROR  ] L013 /ui/TitleGroup/SkillPanel/ScrollArea/List/SkillSlot_30/Bg_1
        Entity is fully off-canvas: right by 2554px (bbox=(3358,225)-(3514,375), canvas=1920x1080)
        hint: Edge formula: anchoredPosition = sign * (margin + RectSize/2) for center-pivot. For stretch axes, use OffsetMin/OffsetMax (anchoredPosition is ignored). Verify Pivot - non-center pivots shift the bbox.
[ERROR  ] L013 /ui/TitleGroup/SkillPanel/ScrollArea/List/SkillSlot_30/Icon
        Entity is fully off-canvas: right by 2551px (bbox=(3360,224)-(3511,375), canvas=1920x1080)
        hint: Edge formula: anchoredPosition = sign * (margin + RectSize/2) for center-pivot. For stretch axes, use OffsetMin/OffsetMax (anchoredPosition is ignored). Verify Pivot - non-center pivots shift the bbox.
[ERROR  ] L013 /ui/TitleGroup/SkillPanel/ScrollArea/List/SkillSlot_30/Level
        Entity is fully off-canvas: right by 2583px (bbox=(3331,190)-(3543,216), canvas=1920x1080)
        hint: Edge formula: anchoredPosition = sign * (margin + RectSize/2) for center-pivot. For stretch axes, use OffsetMin/OffsetMax (anchoredPosition is ignored). Verify Pivot - non-center pivots shift the bbox.
[ERROR  ] L013 /ui/TitleGroup/SkillPanel/ScrollArea/List/SkillSlot_30/Name
        Entity is fully off-canvas: right by 2582px (bbox=(3330,155)-(3542,181), canvas=1920x1080)
        hint: Edge formula: anchoredPosition = sign * (margin + RectSize/2) for center-pivot. For stretch axes, use OffsetMin/OffsetMax (anchoredPosition is ignored). Verify Pivot - non-center pivots shift the bbox.
[ERROR  ] L013 /ui/TitleGroup/SkillPanel/ScrollArea/List/SkillSlot_30/ProgressBg
        Entity is fully off-canvas: right by 2543px (bbox=(3373,122)-(3503,150), canvas=1920x1080)
        hint: Edge formula: anchoredPosition = sign * (margin + RectSize/2) for center-pivot. For stretch axes, use OffsetMin/OffsetMax (anchoredPosition is ignored). Verify Pivot - non-center pivots shift the bbox.
[ERROR  ] L013 /ui/TitleGroup/SkillPanel/ScrollArea/List/SkillSlot_30/ProgressFill
        Entity is fully off-canvas: right by 2543px (bbox=(3373,122)-(3503,150), canvas=1920x1080)
        hint: Edge formula: anchoredPosition = sign * (margin + RectSize/2) for center-pivot. For stretch axes, use OffsetMin/OffsetMax (anchoredPosition is ignored). Verify Pivot - non-center pivots shift the bbox.
[ERROR  ] L013 /ui/TitleGroup/SkillPanel/ScrollArea/List/SkillSlot_30/ProgressText
        Entity is fully off-canvas: right by 2578px (bbox=(3338,122)-(3538,150), canvas=1920x1080)
        hint: Edge formula: anchoredPosition = sign * (margin + RectSize/2) for center-pivot. For stretch axes, use OffsetMin/OffsetMax (anchoredPosition is ignored). Verify Pivot - non-center pivots shift the bbox.
[ERROR  ] L013 /ui/TitleGroup/SkillPanel/ScrollArea/List/SkillSlot_30/RedDot
        Entity is fully off-canvas: right by 2584px (bbox=(3482,341)-(3544,403), canvas=1920x1080)
        hint: Edge formula: anchoredPosition = sign * (margin + RectSize/2) for center-pivot. For stretch axes, use OffsetMin/OffsetMax (anchoredPosition is ignored). Verify Pivot - non-center pivots shift the bbox.
[ERROR  ] L013 /ui/TitleGroup/SkillPanel/ScrollArea/List/SkillSlot_30/RedDot/Mark
        Entity is fully off-canvas: right by 2584px (bbox=(3482,341)-(3544,403), canvas=1920x1080)
        hint: Edge formula: anchoredPosition = sign * (margin + RectSize/2) for center-pivot. For stretch axes, use OffsetMin/OffsetMax (anchoredPosition is ignored). Verify Pivot - non-center pivots shift the bbox.
[ERROR  ] L013 /ui/TitleGroup/SkillPanel/ScrollArea/List/SkillSlot_31
        Entity is fully off-canvas: right by 2590px (bbox=(3320,-203)-(3550,77), canvas=1920x1080)
        hint: Edge formula: anchoredPosition = sign * (margin + RectSize/2) for center-pivot. For stretch axes, use OffsetMin/OffsetMax (anchoredPosition is ignored). Verify Pivot - non-center pivots shift the bbox.
[ERROR  ] L013 /ui/TitleGroup/SkillPanel/ScrollArea/List/SkillSlot_31/Bg
        Entity is fully off-canvas: right by 2599px (bbox=(3309,-280)-(3559,110), canvas=1920x1080)
        hint: Edge formula: anchoredPosition = sign * (margin + RectSize/2) for center-pivot. For stretch axes, use OffsetMin/OffsetMax (anchoredPosition is ignored). Verify Pivot - non-center pivots shift the bbox.
[ERROR  ] L013 /ui/TitleGroup/SkillPanel/ScrollArea/List/SkillSlot_31/Bg_1
        Entity is fully off-canvas: right by 2554px (bbox=(3358,-110)-(3514,40), canvas=1920x1080)
        hint: Edge formula: anchoredPosition = sign * (margin + RectSize/2) for center-pivot. For stretch axes, use OffsetMin/OffsetMax (anchoredPosition is ignored). Verify Pivot - non-center pivots shift the bbox.
[ERROR  ] L013 /ui/TitleGroup/SkillPanel/ScrollArea/List/SkillSlot_31/Icon
        Entity is fully off-canvas: right by 2551px (bbox=(3360,-111)-(3511,40), canvas=1920x1080)
        hint: Edge formula: anchoredPosition = sign * (margin + RectSize/2) for center-pivot. For stretch axes, use OffsetMin/OffsetMax (anchoredPosition is ignored). Verify Pivot - non-center pivots shift the bbox.
[ERROR  ] L013 /ui/TitleGroup/SkillPanel/ScrollArea/List/SkillSlot_31/Level
        Entity is fully off-canvas: right by 2583px (bbox=(3331,-145)-(3543,-119), canvas=1920x1080)
        hint: Edge formula: anchoredPosition = sign * (margin + RectSize/2) for center-pivot. For stretch axes, use OffsetMin/OffsetMax (anchoredPosition is ignored). Verify Pivot - non-center pivots shift the bbox.
[ERROR  ] L013 /ui/TitleGroup/SkillPanel/ScrollArea/List/SkillSlot_31/Name
        Entity is fully off-canvas: right by 2582px (bbox=(3330,-180)-(3542,-154), canvas=1920x1080)
        hint: Edge formula: anchoredPosition = sign * (margin + RectSize/2) for center-pivot. For stretch axes, use OffsetMin/OffsetMax (anchoredPosition is ignored). Verify Pivot - non-center pivots shift the bbox.
[ERROR  ] L013 /ui/TitleGroup/SkillPanel/ScrollArea/List/SkillSlot_31/ProgressBg
        Entity is fully off-canvas: right by 2543px (bbox=(3373,-213)-(3503,-185), canvas=1920x1080)
        hint: Edge formula: anchoredPosition = sign * (margin + RectSize/2) for center-pivot. For stretch axes, use OffsetMin/OffsetMax (anchoredPosition is ignored). Verify Pivot - non-center pivots shift the bbox.
[ERROR  ] L013 /ui/TitleGroup/SkillPanel/ScrollArea/List/SkillSlot_31/ProgressFill
        Entity is fully off-canvas: right by 2543px (bbox=(3373,-213)-(3503,-185), canvas=1920x1080)
        hint: Edge formula: anchoredPosition = sign * (margin + RectSize/2) for center-pivot. For stretch axes, use OffsetMin/OffsetMax (anchoredPosition is ignored). Verify Pivot - non-center pivots shift the bbox.
[ERROR  ] L013 /ui/TitleGroup/SkillPanel/ScrollArea/List/SkillSlot_31/ProgressText
        Entity is fully off-canvas: right by 2578px (bbox=(3338,-213)-(3538,-185), canvas=1920x1080)
        hint: Edge formula: anchoredPosition = sign * (margin + RectSize/2) for center-pivot. For stretch axes, use OffsetMin/OffsetMax (anchoredPosition is ignored). Verify Pivot - non-center pivots shift the bbox.
[ERROR  ] L013 /ui/TitleGroup/SkillPanel/ScrollArea/List/SkillSlot_31/RedDot
        Entity is fully off-canvas: right by 2584px (bbox=(3482,6)-(3544,68), canvas=1920x1080)
        hint: Edge formula: anchoredPosition = sign * (margin + RectSize/2) for center-pivot. For stretch axes, use OffsetMin/OffsetMax (anchoredPosition is ignored). Verify Pivot - non-center pivots shift the bbox.
[ERROR  ] L013 /ui/TitleGroup/SkillPanel/ScrollArea/List/SkillSlot_31/RedDot/Mark
        Entity is fully off-canvas: right by 2584px (bbox=(3482,6)-(3544,68), canvas=1920x1080)
        hint: Edge formula: anchoredPosition = sign * (margin + RectSize/2) for center-pivot. For stretch axes, use OffsetMin/OffsetMax (anchoredPosition is ignored). Verify Pivot - non-center pivots shift the bbox.
[ERROR  ] L013 /ui/TitleGroup/SkillPanel/ScrollArea/List/SkillSlot_32
        Entity is fully off-canvas: right by 2844px (bbox=(3574,132)-(3804,412), canvas=1920x1080)
        hint: Edge formula: anchoredPosition = sign * (margin + RectSize/2) for center-pivot. For stretch axes, use OffsetMin/OffsetMax (anchoredPosition is ignored). Verify Pivot - non-center pivots shift the bbox.
[ERROR  ] L013 /ui/TitleGroup/SkillPanel/ScrollArea/List/SkillSlot_32/Bg
        Entity is fully off-canvas: right by 2853px (bbox=(3563,55)-(3813,445), canvas=1920x1080)
        hint: Edge formula: anchoredPosition = sign * (margin + RectSize/2) for center-pivot. For stretch axes, use OffsetMin/OffsetMax (anchoredPosition is ignored). Verify Pivot - non-center pivots shift the bbox.
[ERROR  ] L013 /ui/TitleGroup/SkillPanel/ScrollArea/List/SkillSlot_32/Bg_1
        Entity is fully off-canvas: right by 2808px (bbox=(3612,225)-(3768,375), canvas=1920x1080)
        hint: Edge formula: anchoredPosition = sign * (margin + RectSize/2) for center-pivot. For stretch axes, use OffsetMin/OffsetMax (anchoredPosition is ignored). Verify Pivot - non-center pivots shift the bbox.
[ERROR  ] L013 /ui/TitleGroup/SkillPanel/ScrollArea/List/SkillSlot_32/Icon
        Entity is fully off-canvas: right by 2805px (bbox=(3614,224)-(3765,375), canvas=1920x1080)
        hint: Edge formula: anchoredPosition = sign * (margin + RectSize/2) for center-pivot. For stretch axes, use OffsetMin/OffsetMax (anchoredPosition is ignored). Verify Pivot - non-center pivots shift the bbox.
[ERROR  ] L013 /ui/TitleGroup/SkillPanel/ScrollArea/List/SkillSlot_32/Level
        Entity is fully off-canvas: right by 2837px (bbox=(3585,190)-(3797,216), canvas=1920x1080)
        hint: Edge formula: anchoredPosition = sign * (margin + RectSize/2) for center-pivot. For stretch axes, use OffsetMin/OffsetMax (anchoredPosition is ignored). Verify Pivot - non-center pivots shift the bbox.
[ERROR  ] L013 /ui/TitleGroup/SkillPanel/ScrollArea/List/SkillSlot_32/Name
        Entity is fully off-canvas: right by 2836px (bbox=(3584,155)-(3796,181), canvas=1920x1080)
        hint: Edge formula: anchoredPosition = sign * (margin + RectSize/2) for center-pivot. For stretch axes, use OffsetMin/OffsetMax (anchoredPosition is ignored). Verify Pivot - non-center pivots shift the bbox.
[ERROR  ] L013 /ui/TitleGroup/SkillPanel/ScrollArea/List/SkillSlot_32/ProgressBg
        Entity is fully off-canvas: right by 2797px (bbox=(3627,122)-(3757,150), canvas=1920x1080)
        hint: Edge formula: anchoredPosition = sign * (margin + RectSize/2) for center-pivot. For stretch axes, use OffsetMin/OffsetMax (anchoredPosition is ignored). Verify Pivot - non-center pivots shift the bbox.
[ERROR  ] L013 /ui/TitleGroup/SkillPanel/ScrollArea/List/SkillSlot_32/ProgressFill
        Entity is fully off-canvas: right by 2797px (bbox=(3627,122)-(3757,150), canvas=1920x1080)
        hint: Edge formula: anchoredPosition = sign * (margin + RectSize/2) for center-pivot. For stretch axes, use OffsetMin/OffsetMax (anchoredPosition is ignored). Verify Pivot - non-center pivots shift the bbox.
[ERROR  ] L013 /ui/TitleGroup/SkillPanel/ScrollArea/List/SkillSlot_32/ProgressText
        Entity is fully off-canvas: right by 2832px (bbox=(3592,122)-(3792,150), canvas=1920x1080)
        hint: Edge formula: anchoredPosition = sign * (margin + RectSize/2) for center-pivot. For stretch axes, use OffsetMin/OffsetMax (anchoredPosition is ignored). Verify Pivot - non-center pivots shift the bbox.
[ERROR  ] L013 /ui/TitleGroup/SkillPanel/ScrollArea/List/SkillSlot_32/RedDot
        Entity is fully off-canvas: right by 2838px (bbox=(3736,341)-(3798,403), canvas=1920x1080)
        hint: Edge formula: anchoredPosition = sign * (margin + RectSize/2) for center-pivot. For stretch axes, use OffsetMin/OffsetMax (anchoredPosition is ignored). Verify Pivot - non-center pivots shift the bbox.
[ERROR  ] L013 /ui/TitleGroup/SkillPanel/ScrollArea/List/SkillSlot_32/RedDot/Mark
        Entity is fully off-canvas: right by 2838px (bbox=(3736,341)-(3798,403), canvas=1920x1080)
        hint: Edge formula: anchoredPosition = sign * (margin + RectSize/2) for center-pivot. For stretch axes, use OffsetMin/OffsetMax (anchoredPosition is ignored). Verify Pivot - non-center pivots shift the bbox.
[ERROR  ] L013 /ui/TitleGroup/SkillPanel/ScrollArea/List/SkillSlot_33
        Entity is fully off-canvas: right by 2844px (bbox=(3574,-203)-(3804,77), canvas=1920x1080)
        hint: Edge formula: anchoredPosition = sign * (margin + RectSize/2) for center-pivot. For stretch axes, use OffsetMin/OffsetMax (anchoredPosition is ignored). Verify Pivot - non-center pivots shift the bbox.
[ERROR  ] L013 /ui/TitleGroup/SkillPanel/ScrollArea/List/SkillSlot_33/Bg
        Entity is fully off-canvas: right by 2853px (bbox=(3563,-280)-(3813,110), canvas=1920x1080)
        hint: Edge formula: anchoredPosition = sign * (margin + RectSize/2) for center-pivot. For stretch axes, use OffsetMin/OffsetMax (anchoredPosition is ignored). Verify Pivot - non-center pivots shift the bbox.
[ERROR  ] L013 /ui/TitleGroup/SkillPanel/ScrollArea/List/SkillSlot_33/Bg_1
        Entity is fully off-canvas: right by 2808px (bbox=(3612,-110)-(3768,40), canvas=1920x1080)
        hint: Edge formula: anchoredPosition = sign * (margin + RectSize/2) for center-pivot. For stretch axes, use OffsetMin/OffsetMax (anchoredPosition is ignored). Verify Pivot - non-center pivots shift the bbox.
[ERROR  ] L013 /ui/TitleGroup/SkillPanel/ScrollArea/List/SkillSlot_33/Icon
        Entity is fully off-canvas: right by 2805px (bbox=(3614,-111)-(3765,40), canvas=1920x1080)
        hint: Edge formula: anchoredPosition = sign * (margin + RectSize/2) for center-pivot. For stretch axes, use OffsetMin/OffsetMax (anchoredPosition is ignored). Verify Pivot - non-center pivots shift the bbox.
[ERROR  ] L013 /ui/TitleGroup/SkillPanel/ScrollArea/List/SkillSlot_33/Level
        Entity is fully off-canvas: right by 2837px (bbox=(3585,-145)-(3797,-119), canvas=1920x1080)
        hint: Edge formula: anchoredPosition = sign * (margin + RectSize/2) for center-pivot. For stretch axes, use OffsetMin/OffsetMax (anchoredPosition is ignored). Verify Pivot - non-center pivots shift the bbox.
[ERROR  ] L013 /ui/TitleGroup/SkillPanel/ScrollArea/List/SkillSlot_33/Name
        Entity is fully off-canvas: right by 2836px (bbox=(3584,-180)-(3796,-154), canvas=1920x1080)
        hint: Edge formula: anchoredPosition = sign * (margin + RectSize/2) for center-pivot. For stretch axes, use OffsetMin/OffsetMax (anchoredPosition is ignored). Verify Pivot - non-center pivots shift the bbox.
[ERROR  ] L013 /ui/TitleGroup/SkillPanel/ScrollArea/List/SkillSlot_33/ProgressBg
        Entity is fully off-canvas: right by 2797px (bbox=(3627,-213)-(3757,-185), canvas=1920x1080)
        hint: Edge formula: anchoredPosition = sign * (margin + RectSize/2) for center-pivot. For stretch axes, use OffsetMin/OffsetMax (anchoredPosition is ignored). Verify Pivot - non-center pivots shift the bbox.
[ERROR  ] L013 /ui/TitleGroup/SkillPanel/ScrollArea/List/SkillSlot_33/ProgressFill
        Entity is fully off-canvas: right by 2797px (bbox=(3627,-213)-(3757,-185), canvas=1920x1080)
        hint: Edge formula: anchoredPosition = sign * (margin + RectSize/2) for center-pivot. For stretch axes, use OffsetMin/OffsetMax (anchoredPosition is ignored). Verify Pivot - non-center pivots shift the bbox.
[ERROR  ] L013 /ui/TitleGroup/SkillPanel/ScrollArea/List/SkillSlot_33/ProgressText
        Entity is fully off-canvas: right by 2832px (bbox=(3592,-213)-(3792,-185), canvas=1920x1080)
        hint: Edge formula: anchoredPosition = sign * (margin + RectSize/2) for center-pivot. For stretch axes, use OffsetMin/OffsetMax (anchoredPosition is ignored). Verify Pivot - non-center pivots shift the bbox.
[ERROR  ] L013 /ui/TitleGroup/SkillPanel/ScrollArea/List/SkillSlot_33/RedDot
        Entity is fully off-canvas: right by 2838px (bbox=(3736,6)-(3798,68), canvas=1920x1080)
        hint: Edge formula: anchoredPosition = sign * (margin + RectSize/2) for center-pivot. For stretch axes, use OffsetMin/OffsetMax (anchoredPosition is ignored). Verify Pivot - non-center pivots shift the bbox.
[ERROR  ] L013 /ui/TitleGroup/SkillPanel/ScrollArea/List/SkillSlot_33/RedDot/Mark
        Entity is fully off-canvas: right by 2838px (bbox=(3736,6)-(3798,68), canvas=1920x1080)
        hint: Edge formula: anchoredPosition = sign * (margin + RectSize/2) for center-pivot. For stretch axes, use OffsetMin/OffsetMax (anchoredPosition is ignored). Verify Pivot - non-center pivots shift the bbox.
[ERROR  ] L013 /ui/TitleGroup/SkillPanel/ScrollArea/List/SkillSlot_34
        Entity is fully off-canvas: right by 3098px (bbox=(3828,132)-(4058,412), canvas=1920x1080)
        hint: Edge formula: anchoredPosition = sign * (margin + RectSize/2) for center-pivot. For stretch axes, use OffsetMin/OffsetMax (anchoredPosition is ignored). Verify Pivot - non-center pivots shift the bbox.
[ERROR  ] L013 /ui/TitleGroup/SkillPanel/ScrollArea/List/SkillSlot_34/Bg
        Entity is fully off-canvas: right by 3107px (bbox=(3817,55)-(4067,445), canvas=1920x1080)
        hint: Edge formula: anchoredPosition = sign * (margin + RectSize/2) for center-pivot. For stretch axes, use OffsetMin/OffsetMax (anchoredPosition is ignored). Verify Pivot - non-center pivots shift the bbox.
[ERROR  ] L013 /ui/TitleGroup/SkillPanel/ScrollArea/List/SkillSlot_34/Bg_1
        Entity is fully off-canvas: right by 3062px (bbox=(3866,225)-(4022,375), canvas=1920x1080)
        hint: Edge formula: anchoredPosition = sign * (margin + RectSize/2) for center-pivot. For stretch axes, use OffsetMin/OffsetMax (anchoredPosition is ignored). Verify Pivot - non-center pivots shift the bbox.
[ERROR  ] L013 /ui/TitleGroup/SkillPanel/ScrollArea/List/SkillSlot_34/Icon
        Entity is fully off-canvas: right by 3059px (bbox=(3868,224)-(4019,375), canvas=1920x1080)
        hint: Edge formula: anchoredPosition = sign * (margin + RectSize/2) for center-pivot. For stretch axes, use OffsetMin/OffsetMax (anchoredPosition is ignored). Verify Pivot - non-center pivots shift the bbox.
[ERROR  ] L013 /ui/TitleGroup/SkillPanel/ScrollArea/List/SkillSlot_34/Level
        Entity is fully off-canvas: right by 3091px (bbox=(3839,190)-(4051,216), canvas=1920x1080)
        hint: Edge formula: anchoredPosition = sign * (margin + RectSize/2) for center-pivot. For stretch axes, use OffsetMin/OffsetMax (anchoredPosition is ignored). Verify Pivot - non-center pivots shift the bbox.
[ERROR  ] L013 /ui/TitleGroup/SkillPanel/ScrollArea/List/SkillSlot_34/Name
        Entity is fully off-canvas: right by 3090px (bbox=(3838,155)-(4050,181), canvas=1920x1080)
        hint: Edge formula: anchoredPosition = sign * (margin + RectSize/2) for center-pivot. For stretch axes, use OffsetMin/OffsetMax (anchoredPosition is ignored). Verify Pivot - non-center pivots shift the bbox.
[ERROR  ] L013 /ui/TitleGroup/SkillPanel/ScrollArea/List/SkillSlot_34/ProgressBg
        Entity is fully off-canvas: right by 3051px (bbox=(3881,122)-(4011,150), canvas=1920x1080)
        hint: Edge formula: anchoredPosition = sign * (margin + RectSize/2) for center-pivot. For stretch axes, use OffsetMin/OffsetMax (anchoredPosition is ignored). Verify Pivot - non-center pivots shift the bbox.
[ERROR  ] L013 /ui/TitleGroup/SkillPanel/ScrollArea/List/SkillSlot_34/ProgressFill
        Entity is fully off-canvas: right by 3051px (bbox=(3881,122)-(4011,150), canvas=1920x1080)
        hint: Edge formula: anchoredPosition = sign * (margin + RectSize/2) for center-pivot. For stretch axes, use OffsetMin/OffsetMax (anchoredPosition is ignored). Verify Pivot - non-center pivots shift the bbox.
[ERROR  ] L013 /ui/TitleGroup/SkillPanel/ScrollArea/List/SkillSlot_34/ProgressText
        Entity is fully off-canvas: right by 3086px (bbox=(3846,122)-(4046,150), canvas=1920x1080)
        hint: Edge formula: anchoredPosition = sign * (margin + RectSize/2) for center-pivot. For stretch axes, use OffsetMin/OffsetMax (anchoredPosition is ignored). Verify Pivot - non-center pivots shift the bbox.
[ERROR  ] L013 /ui/TitleGroup/SkillPanel/ScrollArea/List/SkillSlot_34/RedDot
        Entity is fully off-canvas: right by 3092px (bbox=(3990,341)-(4052,403), canvas=1920x1080)
        hint: Edge formula: anchoredPosition = sign * (margin + RectSize/2) for center-pivot. For stretch axes, use OffsetMin/OffsetMax (anchoredPosition is ignored). Verify Pivot - non-center pivots shift the bbox.
[ERROR  ] L013 /ui/TitleGroup/SkillPanel/ScrollArea/List/SkillSlot_34/RedDot/Mark
        Entity is fully off-canvas: right by 3092px (bbox=(3990,341)-(4052,403), canvas=1920x1080)
        hint: Edge formula: anchoredPosition = sign * (margin + RectSize/2) for center-pivot. For stretch axes, use OffsetMin/OffsetMax (anchoredPosition is ignored). Verify Pivot - non-center pivots shift the bbox.
[ERROR  ] L013 /ui/TitleGroup/SkillPanel/ScrollArea/List/SkillSlot_35
        Entity is fully off-canvas: right by 3098px (bbox=(3828,-203)-(4058,77), canvas=1920x1080)
        hint: Edge formula: anchoredPosition = sign * (margin + RectSize/2) for center-pivot. For stretch axes, use OffsetMin/OffsetMax (anchoredPosition is ignored). Verify Pivot - non-center pivots shift the bbox.
[ERROR  ] L013 /ui/TitleGroup/SkillPanel/ScrollArea/List/SkillSlot_35/Bg
        Entity is fully off-canvas: right by 3107px (bbox=(3817,-280)-(4067,110), canvas=1920x1080)
        hint: Edge formula: anchoredPosition = sign * (margin + RectSize/2) for center-pivot. For stretch axes, use OffsetMin/OffsetMax (anchoredPosition is ignored). Verify Pivot - non-center pivots shift the bbox.
[ERROR  ] L013 /ui/TitleGroup/SkillPanel/ScrollArea/List/SkillSlot_35/Bg_1
        Entity is fully off-canvas: right by 3062px (bbox=(3866,-110)-(4022,40), canvas=1920x1080)
        hint: Edge formula: anchoredPosition = sign * (margin + RectSize/2) for center-pivot. For stretch axes, use OffsetMin/OffsetMax (anchoredPosition is ignored). Verify Pivot - non-center pivots shift the bbox.
[ERROR  ] L013 /ui/TitleGroup/SkillPanel/ScrollArea/List/SkillSlot_35/Icon
        Entity is fully off-canvas: right by 3059px (bbox=(3868,-111)-(4019,40), canvas=1920x1080)
        hint: Edge formula: anchoredPosition = sign * (margin + RectSize/2) for center-pivot. For stretch axes, use OffsetMin/OffsetMax (anchoredPosition is ignored). Verify Pivot - non-center pivots shift the bbox.
[ERROR  ] L013 /ui/TitleGroup/SkillPanel/ScrollArea/List/SkillSlot_35/Level
        Entity is fully off-canvas: right by 3091px (bbox=(3839,-145)-(4051,-119), canvas=1920x1080)
        hint: Edge formula: anchoredPosition = sign * (margin + RectSize/2) for center-pivot. For stretch axes, use OffsetMin/OffsetMax (anchoredPosition is ignored). Verify Pivot - non-center pivots shift the bbox.
[ERROR  ] L013 /ui/TitleGroup/SkillPanel/ScrollArea/List/SkillSlot_35/Name
        Entity is fully off-canvas: right by 3090px (bbox=(3838,-180)-(4050,-154), canvas=1920x1080)
        hint: Edge formula: anchoredPosition = sign * (margin + RectSize/2) for center-pivot. For stretch axes, use OffsetMin/OffsetMax (anchoredPosition is ignored). Verify Pivot - non-center pivots shift the bbox.
[ERROR  ] L013 /ui/TitleGroup/SkillPanel/ScrollArea/List/SkillSlot_35/ProgressBg
        Entity is fully off-canvas: right by 3051px (bbox=(3881,-213)-(4011,-185), canvas=1920x1080)
        hint: Edge formula: anchoredPosition = sign * (margin + RectSize/2) for center-pivot. For stretch axes, use OffsetMin/OffsetMax (anchoredPosition is ignored). Verify Pivot - non-center pivots shift the bbox.
[ERROR  ] L013 /ui/TitleGroup/SkillPanel/ScrollArea/List/SkillSlot_35/ProgressFill
        Entity is fully off-canvas: right by 3051px (bbox=(3881,-213)-(4011,-185), canvas=1920x1080)
        hint: Edge formula: anchoredPosition = sign * (margin + RectSize/2) for center-pivot. For stretch axes, use OffsetMin/OffsetMax (anchoredPosition is ignored). Verify Pivot - non-center pivots shift the bbox.
[ERROR  ] L013 /ui/TitleGroup/SkillPanel/ScrollArea/List/SkillSlot_35/ProgressText
        Entity is fully off-canvas: right by 3086px (bbox=(3846,-213)-(4046,-185), canvas=1920x1080)
        hint: Edge formula: anchoredPosition = sign * (margin + RectSize/2) for center-pivot. For stretch axes, use OffsetMin/OffsetMax (anchoredPosition is ignored). Verify Pivot - non-center pivots shift the bbox.
[ERROR  ] L013 /ui/TitleGroup/SkillPanel/ScrollArea/List/SkillSlot_35/RedDot
        Entity is fully off-canvas: right by 3092px (bbox=(3990,6)-(4052,68), canvas=1920x1080)
        hint: Edge formula: anchoredPosition = sign * (margin + RectSize/2) for center-pivot. For stretch axes, use OffsetMin/OffsetMax (anchoredPosition is ignored). Verify Pivot - non-center pivots shift the bbox.
[ERROR  ] L013 /ui/TitleGroup/SkillPanel/ScrollArea/List/SkillSlot_35/RedDot/Mark
        Entity is fully off-canvas: right by 3092px (bbox=(3990,6)-(4052,68), canvas=1920x1080)
        hint: Edge formula: anchoredPosition = sign * (margin + RectSize/2) for center-pivot. For stretch axes, use OffsetMin/OffsetMax (anchoredPosition is ignored). Verify Pivot - non-center pivots shift the bbox.
[ERROR  ] L013 /ui/TitleGroup/SkillPanel/ScrollArea/List/SkillSlot_36
        Entity is fully off-canvas: right by 3352px (bbox=(4082,132)-(4312,412), canvas=1920x1080)
        hint: Edge formula: anchoredPosition = sign * (margin + RectSize/2) for center-pivot. For stretch axes, use OffsetMin/OffsetMax (anchoredPosition is ignored). Verify Pivot - non-center pivots shift the bbox.
[ERROR  ] L013 /ui/TitleGroup/SkillPanel/ScrollArea/List/SkillSlot_36/Bg
        Entity is fully off-canvas: right by 3361px (bbox=(4071,55)-(4321,445), canvas=1920x1080)
        hint: Edge formula: anchoredPosition = sign * (margin + RectSize/2) for center-pivot. For stretch axes, use OffsetMin/OffsetMax (anchoredPosition is ignored). Verify Pivot - non-center pivots shift the bbox.
[ERROR  ] L013 /ui/TitleGroup/SkillPanel/ScrollArea/List/SkillSlot_36/Bg_1
        Entity is fully off-canvas: right by 3316px (bbox=(4120,225)-(4276,375), canvas=1920x1080)
        hint: Edge formula: anchoredPosition = sign * (margin + RectSize/2) for center-pivot. For stretch axes, use OffsetMin/OffsetMax (anchoredPosition is ignored). Verify Pivot - non-center pivots shift the bbox.
[ERROR  ] L013 /ui/TitleGroup/SkillPanel/ScrollArea/List/SkillSlot_36/Icon
        Entity is fully off-canvas: right by 3313px (bbox=(4122,224)-(4273,375), canvas=1920x1080)
        hint: Edge formula: anchoredPosition = sign * (margin + RectSize/2) for center-pivot. For stretch axes, use OffsetMin/OffsetMax (anchoredPosition is ignored). Verify Pivot - non-center pivots shift the bbox.
[ERROR  ] L013 /ui/TitleGroup/SkillPanel/ScrollArea/List/SkillSlot_36/Level
        Entity is fully off-canvas: right by 3345px (bbox=(4093,190)-(4305,216), canvas=1920x1080)
        hint: Edge formula: anchoredPosition = sign * (margin + RectSize/2) for center-pivot. For stretch axes, use OffsetMin/OffsetMax (anchoredPosition is ignored). Verify Pivot - non-center pivots shift the bbox.
[ERROR  ] L013 /ui/TitleGroup/SkillPanel/ScrollArea/List/SkillSlot_36/Name
        Entity is fully off-canvas: right by 3344px (bbox=(4092,155)-(4304,181), canvas=1920x1080)
        hint: Edge formula: anchoredPosition = sign * (margin + RectSize/2) for center-pivot. For stretch axes, use OffsetMin/OffsetMax (anchoredPosition is ignored). Verify Pivot - non-center pivots shift the bbox.
[ERROR  ] L013 /ui/TitleGroup/SkillPanel/ScrollArea/List/SkillSlot_36/ProgressBg
        Entity is fully off-canvas: right by 3305px (bbox=(4135,122)-(4265,150), canvas=1920x1080)
        hint: Edge formula: anchoredPosition = sign * (margin + RectSize/2) for center-pivot. For stretch axes, use OffsetMin/OffsetMax (anchoredPosition is ignored). Verify Pivot - non-center pivots shift the bbox.
[ERROR  ] L013 /ui/TitleGroup/SkillPanel/ScrollArea/List/SkillSlot_36/ProgressFill
        Entity is fully off-canvas: right by 3305px (bbox=(4135,122)-(4265,150), canvas=1920x1080)
        hint: Edge formula: anchoredPosition = sign * (margin + RectSize/2) for center-pivot. For stretch axes, use OffsetMin/OffsetMax (anchoredPosition is ignored). Verify Pivot - non-center pivots shift the bbox.
[ERROR  ] L013 /ui/TitleGroup/SkillPanel/ScrollArea/List/SkillSlot_36/ProgressText
        Entity is fully off-canvas: right by 3340px (bbox=(4100,122)-(4300,150), canvas=1920x1080)
        hint: Edge formula: anchoredPosition = sign * (margin + RectSize/2) for center-pivot. For stretch axes, use OffsetMin/OffsetMax (anchoredPosition is ignored). Verify Pivot - non-center pivots shift the bbox.
[ERROR  ] L013 /ui/TitleGroup/SkillPanel/ScrollArea/List/SkillSlot_36/RedDot
        Entity is fully off-canvas: right by 3346px (bbox=(4244,341)-(4306,403), canvas=1920x1080)
        hint: Edge formula: anchoredPosition = sign * (margin + RectSize/2) for center-pivot. For stretch axes, use OffsetMin/OffsetMax (anchoredPosition is ignored). Verify Pivot - non-center pivots shift the bbox.
[ERROR  ] L013 /ui/TitleGroup/SkillPanel/ScrollArea/List/SkillSlot_36/RedDot/Mark
        Entity is fully off-canvas: right by 3346px (bbox=(4244,341)-(4306,403), canvas=1920x1080)
        hint: Edge formula: anchoredPosition = sign * (margin + RectSize/2) for center-pivot. For stretch axes, use OffsetMin/OffsetMax (anchoredPosition is ignored). Verify Pivot - non-center pivots shift the bbox.
[ERROR  ] L013 /ui/TitleGroup/SkillPanel/ScrollArea/List/SkillSlot_37
        Entity is fully off-canvas: right by 3352px (bbox=(4082,-203)-(4312,77), canvas=1920x1080)
        hint: Edge formula: anchoredPosition = sign * (margin + RectSize/2) for center-pivot. For stretch axes, use OffsetMin/OffsetMax (anchoredPosition is ignored). Verify Pivot - non-center pivots shift the bbox.
[ERROR  ] L013 /ui/TitleGroup/SkillPanel/ScrollArea/List/SkillSlot_37/Bg
        Entity is fully off-canvas: right by 3361px (bbox=(4071,-280)-(4321,110), canvas=1920x1080)
        hint: Edge formula: anchoredPosition = sign * (margin + RectSize/2) for center-pivot. For stretch axes, use OffsetMin/OffsetMax (anchoredPosition is ignored). Verify Pivot - non-center pivots shift the bbox.
[ERROR  ] L013 /ui/TitleGroup/SkillPanel/ScrollArea/List/SkillSlot_37/Bg_1
        Entity is fully off-canvas: right by 3316px (bbox=(4120,-110)-(4276,40), canvas=1920x1080)
        hint: Edge formula: anchoredPosition = sign * (margin + RectSize/2) for center-pivot. For stretch axes, use OffsetMin/OffsetMax (anchoredPosition is ignored). Verify Pivot - non-center pivots shift the bbox.
[ERROR  ] L013 /ui/TitleGroup/SkillPanel/ScrollArea/List/SkillSlot_37/Icon
        Entity is fully off-canvas: right by 3313px (bbox=(4122,-111)-(4273,40), canvas=1920x1080)
        hint: Edge formula: anchoredPosition = sign * (margin + RectSize/2) for center-pivot. For stretch axes, use OffsetMin/OffsetMax (anchoredPosition is ignored). Verify Pivot - non-center pivots shift the bbox.
[ERROR  ] L013 /ui/TitleGroup/SkillPanel/ScrollArea/List/SkillSlot_37/Level
        Entity is fully off-canvas: right by 3345px (bbox=(4093,-145)-(4305,-119), canvas=1920x1080)
        hint: Edge formula: anchoredPosition = sign * (margin + RectSize/2) for center-pivot. For stretch axes, use OffsetMin/OffsetMax (anchoredPosition is ignored). Verify Pivot - non-center pivots shift the bbox.
[ERROR  ] L013 /ui/TitleGroup/SkillPanel/ScrollArea/List/SkillSlot_37/Name
        Entity is fully off-canvas: right by 3344px (bbox=(4092,-180)-(4304,-154), canvas=1920x1080)
        hint: Edge formula: anchoredPosition = sign * (margin + RectSize/2) for center-pivot. For stretch axes, use OffsetMin/OffsetMax (anchoredPosition is ignored). Verify Pivot - non-center pivots shift the bbox.
[ERROR  ] L013 /ui/TitleGroup/SkillPanel/ScrollArea/List/SkillSlot_37/ProgressBg
        Entity is fully off-canvas: right by 3305px (bbox=(4135,-213)-(4265,-185), canvas=1920x1080)
        hint: Edge formula: anchoredPosition = sign * (margin + RectSize/2) for center-pivot. For stretch axes, use OffsetMin/OffsetMax (anchoredPosition is ignored). Verify Pivot - non-center pivots shift the bbox.
[ERROR  ] L013 /ui/TitleGroup/SkillPanel/ScrollArea/List/SkillSlot_37/ProgressFill
        Entity is fully off-canvas: right by 3305px (bbox=(4135,-213)-(4265,-185), canvas=1920x1080)
        hint: Edge formula: anchoredPosition = sign * (margin + RectSize/2) for center-pivot. For stretch axes, use OffsetMin/OffsetMax (anchoredPosition is ignored). Verify Pivot - non-center pivots shift the bbox.
[ERROR  ] L013 /ui/TitleGroup/SkillPanel/ScrollArea/List/SkillSlot_37/ProgressText
        Entity is fully off-canvas: right by 3340px (bbox=(4100,-213)-(4300,-185), canvas=1920x1080)
        hint: Edge formula: anchoredPosition = sign * (margin + RectSize/2) for center-pivot. For stretch axes, use OffsetMin/OffsetMax (anchoredPosition is ignored). Verify Pivot - non-center pivots shift the bbox.
[ERROR  ] L013 /ui/TitleGroup/SkillPanel/ScrollArea/List/SkillSlot_37/RedDot
        Entity is fully off-canvas: right by 3346px (bbox=(4244,6)-(4306,68), canvas=1920x1080)
        hint: Edge formula: anchoredPosition = sign * (margin + RectSize/2) for center-pivot. For stretch axes, use OffsetMin/OffsetMax (anchoredPosition is ignored). Verify Pivot - non-center pivots shift the bbox.
[ERROR  ] L013 /ui/TitleGroup/SkillPanel/ScrollArea/List/SkillSlot_37/RedDot/Mark
        Entity is fully off-canvas: right by 3346px (bbox=(4244,6)-(4306,68), canvas=1920x1080)
        hint: Edge formula: anchoredPosition = sign * (margin + RectSize/2) for center-pivot. For stretch axes, use OffsetMin/OffsetMax (anchoredPosition is ignored). Verify Pivot - non-center pivots shift the bbox.
[ERROR  ] L013 /ui/TitleGroup/SkillPanel/ScrollArea/List/SkillSlot_38
        Entity is fully off-canvas: right by 3606px (bbox=(4336,132)-(4566,412), canvas=1920x1080)
        hint: Edge formula: anchoredPosition = sign * (margin + RectSize/2) for center-pivot. For stretch axes, use OffsetMin/OffsetMax (anchoredPosition is ignored). Verify Pivot - non-center pivots shift the bbox.
[ERROR  ] L013 /ui/TitleGroup/SkillPanel/ScrollArea/List/SkillSlot_38/Bg
        Entity is fully off-canvas: right by 3615px (bbox=(4325,55)-(4575,445), canvas=1920x1080)
        hint: Edge formula: anchoredPosition = sign * (margin + RectSize/2) for center-pivot. For stretch axes, use OffsetMin/OffsetMax (anchoredPosition is ignored). Verify Pivot - non-center pivots shift the bbox.
[ERROR  ] L013 /ui/TitleGroup/SkillPanel/ScrollArea/List/SkillSlot_38/Bg_1
        Entity is fully off-canvas: right by 3570px (bbox=(4374,225)-(4530,375), canvas=1920x1080)
        hint: Edge formula: anchoredPosition = sign * (margin + RectSize/2) for center-pivot. For stretch axes, use OffsetMin/OffsetMax (anchoredPosition is ignored). Verify Pivot - non-center pivots shift the bbox.
[ERROR  ] L013 /ui/TitleGroup/SkillPanel/ScrollArea/List/SkillSlot_38/Icon
        Entity is fully off-canvas: right by 3567px (bbox=(4376,224)-(4527,375), canvas=1920x1080)
        hint: Edge formula: anchoredPosition = sign * (margin + RectSize/2) for center-pivot. For stretch axes, use OffsetMin/OffsetMax (anchoredPosition is ignored). Verify Pivot - non-center pivots shift the bbox.
[ERROR  ] L013 /ui/TitleGroup/SkillPanel/ScrollArea/List/SkillSlot_38/Level
        Entity is fully off-canvas: right by 3599px (bbox=(4347,190)-(4559,216), canvas=1920x1080)
        hint: Edge formula: anchoredPosition = sign * (margin + RectSize/2) for center-pivot. For stretch axes, use OffsetMin/OffsetMax (anchoredPosition is ignored). Verify Pivot - non-center pivots shift the bbox.
[ERROR  ] L013 /ui/TitleGroup/SkillPanel/ScrollArea/List/SkillSlot_38/Name
        Entity is fully off-canvas: right by 3598px (bbox=(4346,155)-(4558,181), canvas=1920x1080)
        hint: Edge formula: anchoredPosition = sign * (margin + RectSize/2) for center-pivot. For stretch axes, use OffsetMin/OffsetMax (anchoredPosition is ignored). Verify Pivot - non-center pivots shift the bbox.
[ERROR  ] L013 /ui/TitleGroup/SkillPanel/ScrollArea/List/SkillSlot_38/ProgressBg
        Entity is fully off-canvas: right by 3559px (bbox=(4389,122)-(4519,150), canvas=1920x1080)
        hint: Edge formula: anchoredPosition = sign * (margin + RectSize/2) for center-pivot. For stretch axes, use OffsetMin/OffsetMax (anchoredPosition is ignored). Verify Pivot - non-center pivots shift the bbox.
[ERROR  ] L013 /ui/TitleGroup/SkillPanel/ScrollArea/List/SkillSlot_38/ProgressFill
        Entity is fully off-canvas: right by 3559px (bbox=(4389,122)-(4519,150), canvas=1920x1080)
        hint: Edge formula: anchoredPosition = sign * (margin + RectSize/2) for center-pivot. For stretch axes, use OffsetMin/OffsetMax (anchoredPosition is ignored). Verify Pivot - non-center pivots shift the bbox.
[ERROR  ] L013 /ui/TitleGroup/SkillPanel/ScrollArea/List/SkillSlot_38/ProgressText
        Entity is fully off-canvas: right by 3594px (bbox=(4354,122)-(4554,150), canvas=1920x1080)
        hint: Edge formula: anchoredPosition = sign * (margin + RectSize/2) for center-pivot. For stretch axes, use OffsetMin/OffsetMax (anchoredPosition is ignored). Verify Pivot - non-center pivots shift the bbox.
[ERROR  ] L013 /ui/TitleGroup/SkillPanel/ScrollArea/List/SkillSlot_38/RedDot
        Entity is fully off-canvas: right by 3600px (bbox=(4498,341)-(4560,403), canvas=1920x1080)
        hint: Edge formula: anchoredPosition = sign * (margin + RectSize/2) for center-pivot. For stretch axes, use OffsetMin/OffsetMax (anchoredPosition is ignored). Verify Pivot - non-center pivots shift the bbox.
[ERROR  ] L013 /ui/TitleGroup/SkillPanel/ScrollArea/List/SkillSlot_38/RedDot/Mark
        Entity is fully off-canvas: right by 3600px (bbox=(4498,341)-(4560,403), canvas=1920x1080)
        hint: Edge formula: anchoredPosition = sign * (margin + RectSize/2) for center-pivot. For stretch axes, use OffsetMin/OffsetMax (anchoredPosition is ignored). Verify Pivot - non-center pivots shift the bbox.
[ERROR  ] L013 /ui/TitleGroup/SkillPanel/ScrollArea/List/SkillSlot_39
        Entity is fully off-canvas: right by 3606px (bbox=(4336,-203)-(4566,77), canvas=1920x1080)
        hint: Edge formula: anchoredPosition = sign * (margin + RectSize/2) for center-pivot. For stretch axes, use OffsetMin/OffsetMax (anchoredPosition is ignored). Verify Pivot - non-center pivots shift the bbox.
[ERROR  ] L013 /ui/TitleGroup/SkillPanel/ScrollArea/List/SkillSlot_39/Bg
        Entity is fully off-canvas: right by 3615px (bbox=(4325,-280)-(4575,110), canvas=1920x1080)
        hint: Edge formula: anchoredPosition = sign * (margin + RectSize/2) for center-pivot. For stretch axes, use OffsetMin/OffsetMax (anchoredPosition is ignored). Verify Pivot - non-center pivots shift the bbox.
[ERROR  ] L013 /ui/TitleGroup/SkillPanel/ScrollArea/List/SkillSlot_39/Bg_1
        Entity is fully off-canvas: right by 3570px (bbox=(4374,-110)-(4530,40), canvas=1920x1080)
        hint: Edge formula: anchoredPosition = sign * (margin + RectSize/2) for center-pivot. For stretch axes, use OffsetMin/OffsetMax (anchoredPosition is ignored). Verify Pivot - non-center pivots shift the bbox.
[ERROR  ] L013 /ui/TitleGroup/SkillPanel/ScrollArea/List/SkillSlot_39/Icon
        Entity is fully off-canvas: right by 3567px (bbox=(4376,-111)-(4527,40), canvas=1920x1080)
        hint: Edge formula: anchoredPosition = sign * (margin + RectSize/2) for center-pivot. For stretch axes, use OffsetMin/OffsetMax (anchoredPosition is ignored). Verify Pivot - non-center pivots shift the bbox.
[ERROR  ] L013 /ui/TitleGroup/SkillPanel/ScrollArea/List/SkillSlot_39/Level
        Entity is fully off-canvas: right by 3599px (bbox=(4347,-145)-(4559,-119), canvas=1920x1080)
        hint: Edge formula: anchoredPosition = sign * (margin + RectSize/2) for center-pivot. For stretch axes, use OffsetMin/OffsetMax (anchoredPosition is ignored). Verify Pivot - non-center pivots shift the bbox.
[ERROR  ] L013 /ui/TitleGroup/SkillPanel/ScrollArea/List/SkillSlot_39/Name
        Entity is fully off-canvas: right by 3598px (bbox=(4346,-180)-(4558,-154), canvas=1920x1080)
        hint: Edge formula: anchoredPosition = sign * (margin + RectSize/2) for center-pivot. For stretch axes, use OffsetMin/OffsetMax (anchoredPosition is ignored). Verify Pivot - non-center pivots shift the bbox.
[ERROR  ] L013 /ui/TitleGroup/SkillPanel/ScrollArea/List/SkillSlot_39/ProgressBg
        Entity is fully off-canvas: right by 3559px (bbox=(4389,-213)-(4519,-185), canvas=1920x1080)
        hint: Edge formula: anchoredPosition = sign * (margin + RectSize/2) for center-pivot. For stretch axes, use OffsetMin/OffsetMax (anchoredPosition is ignored). Verify Pivot - non-center pivots shift the bbox.
[ERROR  ] L013 /ui/TitleGroup/SkillPanel/ScrollArea/List/SkillSlot_39/ProgressFill
        Entity is fully off-canvas: right by 3559px (bbox=(4389,-213)-(4519,-185), canvas=1920x1080)
        hint: Edge formula: anchoredPosition = sign * (margin + RectSize/2) for center-pivot. For stretch axes, use OffsetMin/OffsetMax (anchoredPosition is ignored). Verify Pivot - non-center pivots shift the bbox.
[ERROR  ] L013 /ui/TitleGroup/SkillPanel/ScrollArea/List/SkillSlot_39/ProgressText
        Entity is fully off-canvas: right by 3594px (bbox=(4354,-213)-(4554,-185), canvas=1920x1080)
        hint: Edge formula: anchoredPosition = sign * (margin + RectSize/2) for center-pivot. For stretch axes, use OffsetMin/OffsetMax (anchoredPosition is ignored). Verify Pivot - non-center pivots shift the bbox.
[ERROR  ] L013 /ui/TitleGroup/SkillPanel/ScrollArea/List/SkillSlot_39/RedDot
        Entity is fully off-canvas: right by 3600px (bbox=(4498,6)-(4560,68), canvas=1920x1080)
        hint: Edge formula: anchoredPosition = sign * (margin + RectSize/2) for center-pivot. For stretch axes, use OffsetMin/OffsetMax (anchoredPosition is ignored). Verify Pivot - non-center pivots shift the bbox.
[ERROR  ] L013 /ui/TitleGroup/SkillPanel/ScrollArea/List/SkillSlot_39/RedDot/Mark
        Entity is fully off-canvas: right by 3600px (bbox=(4498,6)-(4560,68), canvas=1920x1080)
        hint: Edge formula: anchoredPosition = sign * (margin + RectSize/2) for center-pivot. For stretch axes, use OffsetMin/OffsetMax (anchoredPosition is ignored). Verify Pivot - non-center pivots shift the bbox.
[ERROR  ] L013 /ui/TitleGroup/SkillPanel/ScrollArea/List/SkillSlot_40
        Entity is fully off-canvas: right by 3860px (bbox=(4590,132)-(4820,412), canvas=1920x1080)
        hint: Edge formula: anchoredPosition = sign * (margin + RectSize/2) for center-pivot. For stretch axes, use OffsetMin/OffsetMax (anchoredPosition is ignored). Verify Pivot - non-center pivots shift the bbox.
[ERROR  ] L013 /ui/TitleGroup/SkillPanel/ScrollArea/List/SkillSlot_40/Bg
        Entity is fully off-canvas: right by 3869px (bbox=(4579,55)-(4829,445), canvas=1920x1080)
        hint: Edge formula: anchoredPosition = sign * (margin + RectSize/2) for center-pivot. For stretch axes, use OffsetMin/OffsetMax (anchoredPosition is ignored). Verify Pivot - non-center pivots shift the bbox.
[ERROR  ] L013 /ui/TitleGroup/SkillPanel/ScrollArea/List/SkillSlot_40/Bg_1
        Entity is fully off-canvas: right by 3824px (bbox=(4628,225)-(4784,375), canvas=1920x1080)
        hint: Edge formula: anchoredPosition = sign * (margin + RectSize/2) for center-pivot. For stretch axes, use OffsetMin/OffsetMax (anchoredPosition is ignored). Verify Pivot - non-center pivots shift the bbox.
[ERROR  ] L013 /ui/TitleGroup/SkillPanel/ScrollArea/List/SkillSlot_40/Icon
        Entity is fully off-canvas: right by 3821px (bbox=(4630,224)-(4781,375), canvas=1920x1080)
        hint: Edge formula: anchoredPosition = sign * (margin + RectSize/2) for center-pivot. For stretch axes, use OffsetMin/OffsetMax (anchoredPosition is ignored). Verify Pivot - non-center pivots shift the bbox.
[ERROR  ] L013 /ui/TitleGroup/SkillPanel/ScrollArea/List/SkillSlot_40/Level
        Entity is fully off-canvas: right by 3853px (bbox=(4601,190)-(4813,216), canvas=1920x1080)
        hint: Edge formula: anchoredPosition = sign * (margin + RectSize/2) for center-pivot. For stretch axes, use OffsetMin/OffsetMax (anchoredPosition is ignored). Verify Pivot - non-center pivots shift the bbox.
[ERROR  ] L013 /ui/TitleGroup/SkillPanel/ScrollArea/List/SkillSlot_40/Name
        Entity is fully off-canvas: right by 3852px (bbox=(4600,155)-(4812,181), canvas=1920x1080)
        hint: Edge formula: anchoredPosition = sign * (margin + RectSize/2) for center-pivot. For stretch axes, use OffsetMin/OffsetMax (anchoredPosition is ignored). Verify Pivot - non-center pivots shift the bbox.
[ERROR  ] L013 /ui/TitleGroup/SkillPanel/ScrollArea/List/SkillSlot_40/ProgressBg
        Entity is fully off-canvas: right by 3813px (bbox=(4643,122)-(4773,150), canvas=1920x1080)
        hint: Edge formula: anchoredPosition = sign * (margin + RectSize/2) for center-pivot. For stretch axes, use OffsetMin/OffsetMax (anchoredPosition is ignored). Verify Pivot - non-center pivots shift the bbox.
[ERROR  ] L013 /ui/TitleGroup/SkillPanel/ScrollArea/List/SkillSlot_40/ProgressFill
        Entity is fully off-canvas: right by 3813px (bbox=(4643,122)-(4773,150), canvas=1920x1080)
        hint: Edge formula: anchoredPosition = sign * (margin + RectSize/2) for center-pivot. For stretch axes, use OffsetMin/OffsetMax (anchoredPosition is ignored). Verify Pivot - non-center pivots shift the bbox.
[ERROR  ] L013 /ui/TitleGroup/SkillPanel/ScrollArea/List/SkillSlot_40/ProgressText
        Entity is fully off-canvas: right by 3848px (bbox=(4608,122)-(4808,150), canvas=1920x1080)
        hint: Edge formula: anchoredPosition = sign * (margin + RectSize/2) for center-pivot. For stretch axes, use OffsetMin/OffsetMax (anchoredPosition is ignored). Verify Pivot - non-center pivots shift the bbox.
[ERROR  ] L013 /ui/TitleGroup/SkillPanel/ScrollArea/List/SkillSlot_40/RedDot
        Entity is fully off-canvas: right by 3854px (bbox=(4752,341)-(4814,403), canvas=1920x1080)
        hint: Edge formula: anchoredPosition = sign * (margin + RectSize/2) for center-pivot. For stretch axes, use OffsetMin/OffsetMax (anchoredPosition is ignored). Verify Pivot - non-center pivots shift the bbox.
[ERROR  ] L013 /ui/TitleGroup/SkillPanel/ScrollArea/List/SkillSlot_40/RedDot/Mark
        Entity is fully off-canvas: right by 3854px (bbox=(4752,341)-(4814,403), canvas=1920x1080)
        hint: Edge formula: anchoredPosition = sign * (margin + RectSize/2) for center-pivot. For stretch axes, use OffsetMin/OffsetMax (anchoredPosition is ignored). Verify Pivot - non-center pivots shift the bbox.
[ERROR  ] L013 /ui/TitleGroup/SkillPanel/ScrollArea/List/SkillSlot_41
        Entity is fully off-canvas: right by 3860px (bbox=(4590,-203)-(4820,77), canvas=1920x1080)
        hint: Edge formula: anchoredPosition = sign * (margin + RectSize/2) for center-pivot. For stretch axes, use OffsetMin/OffsetMax (anchoredPosition is ignored). Verify Pivot - non-center pivots shift the bbox.
[ERROR  ] L013 /ui/TitleGroup/SkillPanel/ScrollArea/List/SkillSlot_41/Bg
        Entity is fully off-canvas: right by 3869px (bbox=(4579,-280)-(4829,110), canvas=1920x1080)
        hint: Edge formula: anchoredPosition = sign * (margin + RectSize/2) for center-pivot. For stretch axes, use OffsetMin/OffsetMax (anchoredPosition is ignored). Verify Pivot - non-center pivots shift the bbox.
[ERROR  ] L013 /ui/TitleGroup/SkillPanel/ScrollArea/List/SkillSlot_41/Bg_1
        Entity is fully off-canvas: right by 3824px (bbox=(4628,-110)-(4784,40), canvas=1920x1080)
        hint: Edge formula: anchoredPosition = sign * (margin + RectSize/2) for center-pivot. For stretch axes, use OffsetMin/OffsetMax (anchoredPosition is ignored). Verify Pivot - non-center pivots shift the bbox.
[ERROR  ] L013 /ui/TitleGroup/SkillPanel/ScrollArea/List/SkillSlot_41/Icon
        Entity is fully off-canvas: right by 3821px (bbox=(4630,-111)-(4781,40), canvas=1920x1080)
        hint: Edge formula: anchoredPosition = sign * (margin + RectSize/2) for center-pivot. For stretch axes, use OffsetMin/OffsetMax (anchoredPosition is ignored). Verify Pivot - non-center pivots shift the bbox.
[ERROR  ] L013 /ui/TitleGroup/SkillPanel/ScrollArea/List/SkillSlot_41/Level
        Entity is fully off-canvas: right by 3853px (bbox=(4601,-145)-(4813,-119), canvas=1920x1080)
        hint: Edge formula: anchoredPosition = sign * (margin + RectSize/2) for center-pivot. For stretch axes, use OffsetMin/OffsetMax (anchoredPosition is ignored). Verify Pivot - non-center pivots shift the bbox.
[ERROR  ] L013 /ui/TitleGroup/SkillPanel/ScrollArea/List/SkillSlot_41/Name
        Entity is fully off-canvas: right by 3852px (bbox=(4600,-180)-(4812,-154), canvas=1920x1080)
        hint: Edge formula: anchoredPosition = sign * (margin + RectSize/2) for center-pivot. For stretch axes, use OffsetMin/OffsetMax (anchoredPosition is ignored). Verify Pivot - non-center pivots shift the bbox.
[ERROR  ] L013 /ui/TitleGroup/SkillPanel/ScrollArea/List/SkillSlot_41/ProgressBg
        Entity is fully off-canvas: right by 3813px (bbox=(4643,-213)-(4773,-185), canvas=1920x1080)
        hint: Edge formula: anchoredPosition = sign * (margin + RectSize/2) for center-pivot. For stretch axes, use OffsetMin/OffsetMax (anchoredPosition is ignored). Verify Pivot - non-center pivots shift the bbox.
[ERROR  ] L013 /ui/TitleGroup/SkillPanel/ScrollArea/List/SkillSlot_41/ProgressFill
        Entity is fully off-canvas: right by 3813px (bbox=(4643,-213)-(4773,-185), canvas=1920x1080)
        hint: Edge formula: anchoredPosition = sign * (margin + RectSize/2) for center-pivot. For stretch axes, use OffsetMin/OffsetMax (anchoredPosition is ignored). Verify Pivot - non-center pivots shift the bbox.
[ERROR  ] L013 /ui/TitleGroup/SkillPanel/ScrollArea/List/SkillSlot_41/ProgressText
        Entity is fully off-canvas: right by 3848px (bbox=(4608,-213)-(4808,-185), canvas=1920x1080)
        hint: Edge formula: anchoredPosition = sign * (margin + RectSize/2) for center-pivot. For stretch axes, use OffsetMin/OffsetMax (anchoredPosition is ignored). Verify Pivot - non-center pivots shift the bbox.
[ERROR  ] L013 /ui/TitleGroup/SkillPanel/ScrollArea/List/SkillSlot_41/RedDot
        Entity is fully off-canvas: right by 3854px (bbox=(4752,6)-(4814,68), canvas=1920x1080)
        hint: Edge formula: anchoredPosition = sign * (margin + RectSize/2) for center-pivot. For stretch axes, use OffsetMin/OffsetMax (anchoredPosition is ignored). Verify Pivot - non-center pivots shift the bbox.
[ERROR  ] L013 /ui/TitleGroup/SkillPanel/ScrollArea/List/SkillSlot_41/RedDot/Mark
        Entity is fully off-canvas: right by 3854px (bbox=(4752,6)-(4814,68), canvas=1920x1080)
        hint: Edge formula: anchoredPosition = sign * (margin + RectSize/2) for center-pivot. For stretch axes, use OffsetMin/OffsetMax (anchoredPosition is ignored). Verify Pivot - non-center pivots shift the bbox.
[ERROR  ] L013 /ui/TitleGroup/SkillPanel/ScrollArea/List/SkillSlot_42
        Entity is fully off-canvas: right by 4114px (bbox=(4844,132)-(5074,412), canvas=1920x1080)
        hint: Edge formula: anchoredPosition = sign * (margin + RectSize/2) for center-pivot. For stretch axes, use OffsetMin/OffsetMax (anchoredPosition is ignored). Verify Pivot - non-center pivots shift the bbox.
[ERROR  ] L013 /ui/TitleGroup/SkillPanel/ScrollArea/List/SkillSlot_42/Bg
        Entity is fully off-canvas: right by 4123px (bbox=(4833,55)-(5083,445), canvas=1920x1080)
        hint: Edge formula: anchoredPosition = sign * (margin + RectSize/2) for center-pivot. For stretch axes, use OffsetMin/OffsetMax (anchoredPosition is ignored). Verify Pivot - non-center pivots shift the bbox.
[ERROR  ] L013 /ui/TitleGroup/SkillPanel/ScrollArea/List/SkillSlot_42/Bg_1
        Entity is fully off-canvas: right by 4078px (bbox=(4882,225)-(5038,375), canvas=1920x1080)
        hint: Edge formula: anchoredPosition = sign * (margin + RectSize/2) for center-pivot. For stretch axes, use OffsetMin/OffsetMax (anchoredPosition is ignored). Verify Pivot - non-center pivots shift the bbox.
[ERROR  ] L013 /ui/TitleGroup/SkillPanel/ScrollArea/List/SkillSlot_42/Icon
        Entity is fully off-canvas: right by 4075px (bbox=(4884,224)-(5035,375), canvas=1920x1080)
        hint: Edge formula: anchoredPosition = sign * (margin + RectSize/2) for center-pivot. For stretch axes, use OffsetMin/OffsetMax (anchoredPosition is ignored). Verify Pivot - non-center pivots shift the bbox.
[ERROR  ] L013 /ui/TitleGroup/SkillPanel/ScrollArea/List/SkillSlot_42/Level
        Entity is fully off-canvas: right by 4107px (bbox=(4855,190)-(5067,216), canvas=1920x1080)
        hint: Edge formula: anchoredPosition = sign * (margin + RectSize/2) for center-pivot. For stretch axes, use OffsetMin/OffsetMax (anchoredPosition is ignored). Verify Pivot - non-center pivots shift the bbox.
[ERROR  ] L013 /ui/TitleGroup/SkillPanel/ScrollArea/List/SkillSlot_42/Name
        Entity is fully off-canvas: right by 4106px (bbox=(4854,155)-(5066,181), canvas=1920x1080)
        hint: Edge formula: anchoredPosition = sign * (margin + RectSize/2) for center-pivot. For stretch axes, use OffsetMin/OffsetMax (anchoredPosition is ignored). Verify Pivot - non-center pivots shift the bbox.
[ERROR  ] L013 /ui/TitleGroup/SkillPanel/ScrollArea/List/SkillSlot_42/ProgressBg
        Entity is fully off-canvas: right by 4067px (bbox=(4897,122)-(5027,150), canvas=1920x1080)
        hint: Edge formula: anchoredPosition = sign * (margin + RectSize/2) for center-pivot. For stretch axes, use OffsetMin/OffsetMax (anchoredPosition is ignored). Verify Pivot - non-center pivots shift the bbox.
[ERROR  ] L013 /ui/TitleGroup/SkillPanel/ScrollArea/List/SkillSlot_42/ProgressFill
        Entity is fully off-canvas: right by 4067px (bbox=(4897,122)-(5027,150), canvas=1920x1080)
        hint: Edge formula: anchoredPosition = sign * (margin + RectSize/2) for center-pivot. For stretch axes, use OffsetMin/OffsetMax (anchoredPosition is ignored). Verify Pivot - non-center pivots shift the bbox.
[ERROR  ] L013 /ui/TitleGroup/SkillPanel/ScrollArea/List/SkillSlot_42/ProgressText
        Entity is fully off-canvas: right by 4102px (bbox=(4862,122)-(5062,150), canvas=1920x1080)
        hint: Edge formula: anchoredPosition = sign * (margin + RectSize/2) for center-pivot. For stretch axes, use OffsetMin/OffsetMax (anchoredPosition is ignored). Verify Pivot - non-center pivots shift the bbox.
[ERROR  ] L013 /ui/TitleGroup/SkillPanel/ScrollArea/List/SkillSlot_42/RedDot
        Entity is fully off-canvas: right by 4108px (bbox=(5006,341)-(5068,403), canvas=1920x1080)
        hint: Edge formula: anchoredPosition = sign * (margin + RectSize/2) for center-pivot. For stretch axes, use OffsetMin/OffsetMax (anchoredPosition is ignored). Verify Pivot - non-center pivots shift the bbox.
[ERROR  ] L013 /ui/TitleGroup/SkillPanel/ScrollArea/List/SkillSlot_42/RedDot/Mark
        Entity is fully off-canvas: right by 4108px (bbox=(5006,341)-(5068,403), canvas=1920x1080)
        hint: Edge formula: anchoredPosition = sign * (margin + RectSize/2) for center-pivot. For stretch axes, use OffsetMin/OffsetMax (anchoredPosition is ignored). Verify Pivot - non-center pivots shift the bbox.
[ERROR  ] L013 /ui/TitleGroup/SkillPanel/ScrollArea/List/SkillSlot_43
        Entity is fully off-canvas: right by 4114px (bbox=(4844,-203)-(5074,77), canvas=1920x1080)
        hint: Edge formula: anchoredPosition = sign * (margin + RectSize/2) for center-pivot. For stretch axes, use OffsetMin/OffsetMax (anchoredPosition is ignored). Verify Pivot - non-center pivots shift the bbox.
[ERROR  ] L013 /ui/TitleGroup/SkillPanel/ScrollArea/List/SkillSlot_43/Bg
        Entity is fully off-canvas: right by 4123px (bbox=(4833,-280)-(5083,110), canvas=1920x1080)
        hint: Edge formula: anchoredPosition = sign * (margin + RectSize/2) for center-pivot. For stretch axes, use OffsetMin/OffsetMax (anchoredPosition is ignored). Verify Pivot - non-center pivots shift the bbox.
[ERROR  ] L013 /ui/TitleGroup/SkillPanel/ScrollArea/List/SkillSlot_43/Bg_1
        Entity is fully off-canvas: right by 4078px (bbox=(4882,-110)-(5038,40), canvas=1920x1080)
        hint: Edge formula: anchoredPosition = sign * (margin + RectSize/2) for center-pivot. For stretch axes, use OffsetMin/OffsetMax (anchoredPosition is ignored). Verify Pivot - non-center pivots shift the bbox.
[ERROR  ] L013 /ui/TitleGroup/SkillPanel/ScrollArea/List/SkillSlot_43/Icon
        Entity is fully off-canvas: right by 4075px (bbox=(4884,-111)-(5035,40), canvas=1920x1080)
        hint: Edge formula: anchoredPosition = sign * (margin + RectSize/2) for center-pivot. For stretch axes, use OffsetMin/OffsetMax (anchoredPosition is ignored). Verify Pivot - non-center pivots shift the bbox.
[ERROR  ] L013 /ui/TitleGroup/SkillPanel/ScrollArea/List/SkillSlot_43/Level
        Entity is fully off-canvas: right by 4107px (bbox=(4855,-145)-(5067,-119), canvas=1920x1080)
        hint: Edge formula: anchoredPosition = sign * (margin + RectSize/2) for center-pivot. For stretch axes, use OffsetMin/OffsetMax (anchoredPosition is ignored). Verify Pivot - non-center pivots shift the bbox.
[ERROR  ] L013 /ui/TitleGroup/SkillPanel/ScrollArea/List/SkillSlot_43/Name
        Entity is fully off-canvas: right by 4106px (bbox=(4854,-180)-(5066,-154), canvas=1920x1080)
        hint: Edge formula: anchoredPosition = sign * (margin + RectSize/2) for center-pivot. For stretch axes, use OffsetMin/OffsetMax (anchoredPosition is ignored). Verify Pivot - non-center pivots shift the bbox.
[ERROR  ] L013 /ui/TitleGroup/SkillPanel/ScrollArea/List/SkillSlot_43/ProgressBg
        Entity is fully off-canvas: right by 4067px (bbox=(4897,-213)-(5027,-185), canvas=1920x1080)
        hint: Edge formula: anchoredPosition = sign * (margin + RectSize/2) for center-pivot. For stretch axes, use OffsetMin/OffsetMax (anchoredPosition is ignored). Verify Pivot - non-center pivots shift the bbox.
[ERROR  ] L013 /ui/TitleGroup/SkillPanel/ScrollArea/List/SkillSlot_43/ProgressFill
        Entity is fully off-canvas: right by 4067px (bbox=(4897,-213)-(5027,-185), canvas=1920x1080)
        hint: Edge formula: anchoredPosition = sign * (margin + RectSize/2) for center-pivot. For stretch axes, use OffsetMin/OffsetMax (anchoredPosition is ignored). Verify Pivot - non-center pivots shift the bbox.
[ERROR  ] L013 /ui/TitleGroup/SkillPanel/ScrollArea/List/SkillSlot_43/ProgressText
        Entity is fully off-canvas: right by 4102px (bbox=(4862,-213)-(5062,-185), canvas=1920x1080)
        hint: Edge formula: anchoredPosition = sign * (margin + RectSize/2) for center-pivot. For stretch axes, use OffsetMin/OffsetMax (anchoredPosition is ignored). Verify Pivot - non-center pivots shift the bbox.
[ERROR  ] L013 /ui/TitleGroup/SkillPanel/ScrollArea/List/SkillSlot_43/RedDot
        Entity is fully off-canvas: right by 4108px (bbox=(5006,6)-(5068,68), canvas=1920x1080)
        hint: Edge formula: anchoredPosition = sign * (margin + RectSize/2) for center-pivot. For stretch axes, use OffsetMin/OffsetMax (anchoredPosition is ignored). Verify Pivot - non-center pivots shift the bbox.
[ERROR  ] L013 /ui/TitleGroup/SkillPanel/ScrollArea/List/SkillSlot_43/RedDot/Mark
        Entity is fully off-canvas: right by 4108px (bbox=(5006,6)-(5068,68), canvas=1920x1080)
        hint: Edge formula: anchoredPosition = sign * (margin + RectSize/2) for center-pivot. For stretch axes, use OffsetMin/OffsetMax (anchoredPosition is ignored). Verify Pivot - non-center pivots shift the bbox.
[ERROR  ] L013 /ui/TitleGroup/SkillPanel/ScrollArea/List/SkillSlot_44
        Entity is fully off-canvas: right by 4368px (bbox=(5098,132)-(5328,412), canvas=1920x1080)
        hint: Edge formula: anchoredPosition = sign * (margin + RectSize/2) for center-pivot. For stretch axes, use OffsetMin/OffsetMax (anchoredPosition is ignored). Verify Pivot - non-center pivots shift the bbox.
[ERROR  ] L013 /ui/TitleGroup/SkillPanel/ScrollArea/List/SkillSlot_44/Bg
        Entity is fully off-canvas: right by 4377px (bbox=(5087,55)-(5337,445), canvas=1920x1080)
        hint: Edge formula: anchoredPosition = sign * (margin + RectSize/2) for center-pivot. For stretch axes, use OffsetMin/OffsetMax (anchoredPosition is ignored). Verify Pivot - non-center pivots shift the bbox.
[ERROR  ] L013 /ui/TitleGroup/SkillPanel/ScrollArea/List/SkillSlot_44/Bg_1
        Entity is fully off-canvas: right by 4332px (bbox=(5136,225)-(5292,375), canvas=1920x1080)
        hint: Edge formula: anchoredPosition = sign * (margin + RectSize/2) for center-pivot. For stretch axes, use OffsetMin/OffsetMax (anchoredPosition is ignored). Verify Pivot - non-center pivots shift the bbox.
[ERROR  ] L013 /ui/TitleGroup/SkillPanel/ScrollArea/List/SkillSlot_44/Icon
        Entity is fully off-canvas: right by 4329px (bbox=(5138,224)-(5289,375), canvas=1920x1080)
        hint: Edge formula: anchoredPosition = sign * (margin + RectSize/2) for center-pivot. For stretch axes, use OffsetMin/OffsetMax (anchoredPosition is ignored). Verify Pivot - non-center pivots shift the bbox.
[ERROR  ] L013 /ui/TitleGroup/SkillPanel/ScrollArea/List/SkillSlot_44/Level
        Entity is fully off-canvas: right by 4361px (bbox=(5109,190)-(5321,216), canvas=1920x1080)
        hint: Edge formula: anchoredPosition = sign * (margin + RectSize/2) for center-pivot. For stretch axes, use OffsetMin/OffsetMax (anchoredPosition is ignored). Verify Pivot - non-center pivots shift the bbox.
[ERROR  ] L013 /ui/TitleGroup/SkillPanel/ScrollArea/List/SkillSlot_44/Name
        Entity is fully off-canvas: right by 4360px (bbox=(5108,155)-(5320,181), canvas=1920x1080)
        hint: Edge formula: anchoredPosition = sign * (margin + RectSize/2) for center-pivot. For stretch axes, use OffsetMin/OffsetMax (anchoredPosition is ignored). Verify Pivot - non-center pivots shift the bbox.
[ERROR  ] L013 /ui/TitleGroup/SkillPanel/ScrollArea/List/SkillSlot_44/ProgressBg
        Entity is fully off-canvas: right by 4321px (bbox=(5151,122)-(5281,150), canvas=1920x1080)
        hint: Edge formula: anchoredPosition = sign * (margin + RectSize/2) for center-pivot. For stretch axes, use OffsetMin/OffsetMax (anchoredPosition is ignored). Verify Pivot - non-center pivots shift the bbox.
[ERROR  ] L013 /ui/TitleGroup/SkillPanel/ScrollArea/List/SkillSlot_44/ProgressFill
        Entity is fully off-canvas: right by 4321px (bbox=(5151,122)-(5281,150), canvas=1920x1080)
        hint: Edge formula: anchoredPosition = sign * (margin + RectSize/2) for center-pivot. For stretch axes, use OffsetMin/OffsetMax (anchoredPosition is ignored). Verify Pivot - non-center pivots shift the bbox.
[ERROR  ] L013 /ui/TitleGroup/SkillPanel/ScrollArea/List/SkillSlot_44/ProgressText
        Entity is fully off-canvas: right by 4356px (bbox=(5116,122)-(5316,150), canvas=1920x1080)
        hint: Edge formula: anchoredPosition = sign * (margin + RectSize/2) for center-pivot. For stretch axes, use OffsetMin/OffsetMax (anchoredPosition is ignored). Verify Pivot - non-center pivots shift the bbox.
[ERROR  ] L013 /ui/TitleGroup/SkillPanel/ScrollArea/List/SkillSlot_44/RedDot
        Entity is fully off-canvas: right by 4362px (bbox=(5260,341)-(5322,403), canvas=1920x1080)
        hint: Edge formula: anchoredPosition = sign * (margin + RectSize/2) for center-pivot. For stretch axes, use OffsetMin/OffsetMax (anchoredPosition is ignored). Verify Pivot - non-center pivots shift the bbox.
[ERROR  ] L013 /ui/TitleGroup/SkillPanel/ScrollArea/List/SkillSlot_44/RedDot/Mark
        Entity is fully off-canvas: right by 4362px (bbox=(5260,341)-(5322,403), canvas=1920x1080)
        hint: Edge formula: anchoredPosition = sign * (margin + RectSize/2) for center-pivot. For stretch axes, use OffsetMin/OffsetMax (anchoredPosition is ignored). Verify Pivot - non-center pivots shift the bbox.
[ERROR  ] L013 /ui/TitleGroup/SkillPanel/ScrollArea/List/SkillSlot_45
        Entity is fully off-canvas: right by 4368px (bbox=(5098,-203)-(5328,77), canvas=1920x1080)
        hint: Edge formula: anchoredPosition = sign * (margin + RectSize/2) for center-pivot. For stretch axes, use OffsetMin/OffsetMax (anchoredPosition is ignored). Verify Pivot - non-center pivots shift the bbox.
[ERROR  ] L013 /ui/TitleGroup/SkillPanel/ScrollArea/List/SkillSlot_45/Bg
        Entity is fully off-canvas: right by 4377px (bbox=(5087,-280)-(5337,110), canvas=1920x1080)
        hint: Edge formula: anchoredPosition = sign * (margin + RectSize/2) for center-pivot. For stretch axes, use OffsetMin/OffsetMax (anchoredPosition is ignored). Verify Pivot - non-center pivots shift the bbox.
[ERROR  ] L013 /ui/TitleGroup/SkillPanel/ScrollArea/List/SkillSlot_45/Bg_1
        Entity is fully off-canvas: right by 4332px (bbox=(5136,-110)-(5292,40), canvas=1920x1080)
        hint: Edge formula: anchoredPosition = sign * (margin + RectSize/2) for center-pivot. For stretch axes, use OffsetMin/OffsetMax (anchoredPosition is ignored). Verify Pivot - non-center pivots shift the bbox.
[ERROR  ] L013 /ui/TitleGroup/SkillPanel/ScrollArea/List/SkillSlot_45/Icon
        Entity is fully off-canvas: right by 4329px (bbox=(5138,-111)-(5289,40), canvas=1920x1080)
        hint: Edge formula: anchoredPosition = sign * (margin + RectSize/2) for center-pivot. For stretch axes, use OffsetMin/OffsetMax (anchoredPosition is ignored). Verify Pivot - non-center pivots shift the bbox.
[ERROR  ] L013 /ui/TitleGroup/SkillPanel/ScrollArea/List/SkillSlot_45/Level
        Entity is fully off-canvas: right by 4361px (bbox=(5109,-145)-(5321,-119), canvas=1920x1080)
        hint: Edge formula: anchoredPosition = sign * (margin + RectSize/2) for center-pivot. For stretch axes, use OffsetMin/OffsetMax (anchoredPosition is ignored). Verify Pivot - non-center pivots shift the bbox.
[ERROR  ] L013 /ui/TitleGroup/SkillPanel/ScrollArea/List/SkillSlot_45/Name
        Entity is fully off-canvas: right by 4360px (bbox=(5108,-180)-(5320,-154), canvas=1920x1080)
        hint: Edge formula: anchoredPosition = sign * (margin + RectSize/2) for center-pivot. For stretch axes, use OffsetMin/OffsetMax (anchoredPosition is ignored). Verify Pivot - non-center pivots shift the bbox.
[ERROR  ] L013 /ui/TitleGroup/SkillPanel/ScrollArea/List/SkillSlot_45/ProgressBg
        Entity is fully off-canvas: right by 4321px (bbox=(5151,-213)-(5281,-185), canvas=1920x1080)
        hint: Edge formula: anchoredPosition = sign * (margin + RectSize/2) for center-pivot. For stretch axes, use OffsetMin/OffsetMax (anchoredPosition is ignored). Verify Pivot - non-center pivots shift the bbox.
[ERROR  ] L013 /ui/TitleGroup/SkillPanel/ScrollArea/List/SkillSlot_45/ProgressFill
        Entity is fully off-canvas: right by 4321px (bbox=(5151,-213)-(5281,-185), canvas=1920x1080)
        hint: Edge formula: anchoredPosition = sign * (margin + RectSize/2) for center-pivot. For stretch axes, use OffsetMin/OffsetMax (anchoredPosition is ignored). Verify Pivot - non-center pivots shift the bbox.
[ERROR  ] L013 /ui/TitleGroup/SkillPanel/ScrollArea/List/SkillSlot_45/ProgressText
        Entity is fully off-canvas: right by 4356px (bbox=(5116,-213)-(5316,-185), canvas=1920x1080)
        hint: Edge formula: anchoredPosition = sign * (margin + RectSize/2) for center-pivot. For stretch axes, use OffsetMin/OffsetMax (anchoredPosition is ignored). Verify Pivot - non-center pivots shift the bbox.
[ERROR  ] L013 /ui/TitleGroup/SkillPanel/ScrollArea/List/SkillSlot_45/RedDot
        Entity is fully off-canvas: right by 4362px (bbox=(5260,6)-(5322,68), canvas=1920x1080)
        hint: Edge formula: anchoredPosition = sign * (margin + RectSize/2) for center-pivot. For stretch axes, use OffsetMin/OffsetMax (anchoredPosition is ignored). Verify Pivot - non-center pivots shift the bbox.
[ERROR  ] L013 /ui/TitleGroup/SkillPanel/ScrollArea/List/SkillSlot_45/RedDot/Mark
        Entity is fully off-canvas: right by 4362px (bbox=(5260,6)-(5322,68), canvas=1920x1080)
        hint: Edge formula: anchoredPosition = sign * (margin + RectSize/2) for center-pivot. For stretch axes, use OffsetMin/OffsetMax (anchoredPosition is ignored). Verify Pivot - non-center pivots shift the bbox.
[ERROR  ] L013 /ui/TitleGroup/SkillPanel/ScrollArea/List/SkillSlot_46
        Entity is fully off-canvas: right by 4622px (bbox=(5352,132)-(5582,412), canvas=1920x1080)
        hint: Edge formula: anchoredPosition = sign * (margin + RectSize/2) for center-pivot. For stretch axes, use OffsetMin/OffsetMax (anchoredPosition is ignored). Verify Pivot - non-center pivots shift the bbox.
[ERROR  ] L013 /ui/TitleGroup/SkillPanel/ScrollArea/List/SkillSlot_46/Bg
        Entity is fully off-canvas: right by 4631px (bbox=(5341,55)-(5591,445), canvas=1920x1080)
        hint: Edge formula: anchoredPosition = sign * (margin + RectSize/2) for center-pivot. For stretch axes, use OffsetMin/OffsetMax (anchoredPosition is ignored). Verify Pivot - non-center pivots shift the bbox.
[ERROR  ] L013 /ui/TitleGroup/SkillPanel/ScrollArea/List/SkillSlot_46/Bg_1
        Entity is fully off-canvas: right by 4586px (bbox=(5390,225)-(5546,375), canvas=1920x1080)
        hint: Edge formula: anchoredPosition = sign * (margin + RectSize/2) for center-pivot. For stretch axes, use OffsetMin/OffsetMax (anchoredPosition is ignored). Verify Pivot - non-center pivots shift the bbox.
[ERROR  ] L013 /ui/TitleGroup/SkillPanel/ScrollArea/List/SkillSlot_46/Icon
        Entity is fully off-canvas: right by 4583px (bbox=(5392,224)-(5543,375), canvas=1920x1080)
        hint: Edge formula: anchoredPosition = sign * (margin + RectSize/2) for center-pivot. For stretch axes, use OffsetMin/OffsetMax (anchoredPosition is ignored). Verify Pivot - non-center pivots shift the bbox.
[ERROR  ] L013 /ui/TitleGroup/SkillPanel/ScrollArea/List/SkillSlot_46/Level
        Entity is fully off-canvas: right by 4615px (bbox=(5363,190)-(5575,216), canvas=1920x1080)
        hint: Edge formula: anchoredPosition = sign * (margin + RectSize/2) for center-pivot. For stretch axes, use OffsetMin/OffsetMax (anchoredPosition is ignored). Verify Pivot - non-center pivots shift the bbox.
[ERROR  ] L013 /ui/TitleGroup/SkillPanel/ScrollArea/List/SkillSlot_46/Name
        Entity is fully off-canvas: right by 4614px (bbox=(5362,155)-(5574,181), canvas=1920x1080)
        hint: Edge formula: anchoredPosition = sign * (margin + RectSize/2) for center-pivot. For stretch axes, use OffsetMin/OffsetMax (anchoredPosition is ignored). Verify Pivot - non-center pivots shift the bbox.
[ERROR  ] L013 /ui/TitleGroup/SkillPanel/ScrollArea/List/SkillSlot_46/ProgressBg
        Entity is fully off-canvas: right by 4575px (bbox=(5405,122)-(5535,150), canvas=1920x1080)
        hint: Edge formula: anchoredPosition = sign * (margin + RectSize/2) for center-pivot. For stretch axes, use OffsetMin/OffsetMax (anchoredPosition is ignored). Verify Pivot - non-center pivots shift the bbox.
[ERROR  ] L013 /ui/TitleGroup/SkillPanel/ScrollArea/List/SkillSlot_46/ProgressFill
        Entity is fully off-canvas: right by 4575px (bbox=(5405,122)-(5535,150), canvas=1920x1080)
        hint: Edge formula: anchoredPosition = sign * (margin + RectSize/2) for center-pivot. For stretch axes, use OffsetMin/OffsetMax (anchoredPosition is ignored). Verify Pivot - non-center pivots shift the bbox.
[ERROR  ] L013 /ui/TitleGroup/SkillPanel/ScrollArea/List/SkillSlot_46/ProgressText
        Entity is fully off-canvas: right by 4610px (bbox=(5370,122)-(5570,150), canvas=1920x1080)
        hint: Edge formula: anchoredPosition = sign * (margin + RectSize/2) for center-pivot. For stretch axes, use OffsetMin/OffsetMax (anchoredPosition is ignored). Verify Pivot - non-center pivots shift the bbox.
[ERROR  ] L013 /ui/TitleGroup/SkillPanel/ScrollArea/List/SkillSlot_46/RedDot
        Entity is fully off-canvas: right by 4616px (bbox=(5514,341)-(5576,403), canvas=1920x1080)
        hint: Edge formula: anchoredPosition = sign * (margin + RectSize/2) for center-pivot. For stretch axes, use OffsetMin/OffsetMax (anchoredPosition is ignored). Verify Pivot - non-center pivots shift the bbox.
[ERROR  ] L013 /ui/TitleGroup/SkillPanel/ScrollArea/List/SkillSlot_46/RedDot/Mark
        Entity is fully off-canvas: right by 4616px (bbox=(5514,341)-(5576,403), canvas=1920x1080)
        hint: Edge formula: anchoredPosition = sign * (margin + RectSize/2) for center-pivot. For stretch axes, use OffsetMin/OffsetMax (anchoredPosition is ignored). Verify Pivot - non-center pivots shift the bbox.
[ERROR  ] L013 /ui/TitleGroup/SkillPanel/ScrollArea/List/SkillSlot_47
        Entity is fully off-canvas: right by 4622px (bbox=(5352,-203)-(5582,77), canvas=1920x1080)
        hint: Edge formula: anchoredPosition = sign * (margin + RectSize/2) for center-pivot. For stretch axes, use OffsetMin/OffsetMax (anchoredPosition is ignored). Verify Pivot - non-center pivots shift the bbox.
[ERROR  ] L013 /ui/TitleGroup/SkillPanel/ScrollArea/List/SkillSlot_47/Bg
        Entity is fully off-canvas: right by 4631px (bbox=(5341,-280)-(5591,110), canvas=1920x1080)
        hint: Edge formula: anchoredPosition = sign * (margin + RectSize/2) for center-pivot. For stretch axes, use OffsetMin/OffsetMax (anchoredPosition is ignored). Verify Pivot - non-center pivots shift the bbox.
[ERROR  ] L013 /ui/TitleGroup/SkillPanel/ScrollArea/List/SkillSlot_47/Bg_1
        Entity is fully off-canvas: right by 4586px (bbox=(5390,-110)-(5546,40), canvas=1920x1080)
        hint: Edge formula: anchoredPosition = sign * (margin + RectSize/2) for center-pivot. For stretch axes, use OffsetMin/OffsetMax (anchoredPosition is ignored). Verify Pivot - non-center pivots shift the bbox.
[ERROR  ] L013 /ui/TitleGroup/SkillPanel/ScrollArea/List/SkillSlot_47/Icon
        Entity is fully off-canvas: right by 4583px (bbox=(5392,-111)-(5543,40), canvas=1920x1080)
        hint: Edge formula: anchoredPosition = sign * (margin + RectSize/2) for center-pivot. For stretch axes, use OffsetMin/OffsetMax (anchoredPosition is ignored). Verify Pivot - non-center pivots shift the bbox.
[ERROR  ] L013 /ui/TitleGroup/SkillPanel/ScrollArea/List/SkillSlot_47/Level
        Entity is fully off-canvas: right by 4615px (bbox=(5363,-145)-(5575,-119), canvas=1920x1080)
        hint: Edge formula: anchoredPosition = sign * (margin + RectSize/2) for center-pivot. For stretch axes, use OffsetMin/OffsetMax (anchoredPosition is ignored). Verify Pivot - non-center pivots shift the bbox.
[ERROR  ] L013 /ui/TitleGroup/SkillPanel/ScrollArea/List/SkillSlot_47/Name
        Entity is fully off-canvas: right by 4614px (bbox=(5362,-180)-(5574,-154), canvas=1920x1080)
        hint: Edge formula: anchoredPosition = sign * (margin + RectSize/2) for center-pivot. For stretch axes, use OffsetMin/OffsetMax (anchoredPosition is ignored). Verify Pivot - non-center pivots shift the bbox.
[ERROR  ] L013 /ui/TitleGroup/SkillPanel/ScrollArea/List/SkillSlot_47/ProgressBg
        Entity is fully off-canvas: right by 4575px (bbox=(5405,-213)-(5535,-185), canvas=1920x1080)
        hint: Edge formula: anchoredPosition = sign * (margin + RectSize/2) for center-pivot. For stretch axes, use OffsetMin/OffsetMax (anchoredPosition is ignored). Verify Pivot - non-center pivots shift the bbox.
[ERROR  ] L013 /ui/TitleGroup/SkillPanel/ScrollArea/List/SkillSlot_47/ProgressFill
        Entity is fully off-canvas: right by 4575px (bbox=(5405,-213)-(5535,-185), canvas=1920x1080)
        hint: Edge formula: anchoredPosition = sign * (margin + RectSize/2) for center-pivot. For stretch axes, use OffsetMin/OffsetMax (anchoredPosition is ignored). Verify Pivot - non-center pivots shift the bbox.
[ERROR  ] L013 /ui/TitleGroup/SkillPanel/ScrollArea/List/SkillSlot_47/ProgressText
        Entity is fully off-canvas: right by 4610px (bbox=(5370,-213)-(5570,-185), canvas=1920x1080)
        hint: Edge formula: anchoredPosition = sign * (margin + RectSize/2) for center-pivot. For stretch axes, use OffsetMin/OffsetMax (anchoredPosition is ignored). Verify Pivot - non-center pivots shift the bbox.
[ERROR  ] L013 /ui/TitleGroup/SkillPanel/ScrollArea/List/SkillSlot_47/RedDot
        Entity is fully off-canvas: right by 4616px (bbox=(5514,6)-(5576,68), canvas=1920x1080)
        hint: Edge formula: anchoredPosition = sign * (margin + RectSize/2) for center-pivot. For stretch axes, use OffsetMin/OffsetMax (anchoredPosition is ignored). Verify Pivot - non-center pivots shift the bbox.
[ERROR  ] L013 /ui/TitleGroup/SkillPanel/ScrollArea/List/SkillSlot_47/RedDot/Mark
        Entity is fully off-canvas: right by 4616px (bbox=(5514,6)-(5576,68), canvas=1920x1080)
        hint: Edge formula: anchoredPosition = sign * (margin + RectSize/2) for center-pivot. For stretch axes, use OffsetMin/OffsetMax (anchoredPosition is ignored). Verify Pivot - non-center pivots shift the bbox.
[ERROR  ] L013 /ui/TitleGroup/SkillPanel/ScrollArea/List/SkillSlot_48
        Entity is fully off-canvas: right by 4876px (bbox=(5606,132)-(5836,412), canvas=1920x1080)
        hint: Edge formula: anchoredPosition = sign * (margin + RectSize/2) for center-pivot. For stretch axes, use OffsetMin/OffsetMax (anchoredPosition is ignored). Verify Pivot - non-center pivots shift the bbox.
[ERROR  ] L013 /ui/TitleGroup/SkillPanel/ScrollArea/List/SkillSlot_48/Bg
        Entity is fully off-canvas: right by 4885px (bbox=(5595,55)-(5845,445), canvas=1920x1080)
        hint: Edge formula: anchoredPosition = sign * (margin + RectSize/2) for center-pivot. For stretch axes, use OffsetMin/OffsetMax (anchoredPosition is ignored). Verify Pivot - non-center pivots shift the bbox.
[ERROR  ] L013 /ui/TitleGroup/SkillPanel/ScrollArea/List/SkillSlot_48/Bg_1
        Entity is fully off-canvas: right by 4840px (bbox=(5644,225)-(5800,375), canvas=1920x1080)
        hint: Edge formula: anchoredPosition = sign * (margin + RectSize/2) for center-pivot. For stretch axes, use OffsetMin/OffsetMax (anchoredPosition is ignored). Verify Pivot - non-center pivots shift the bbox.
[ERROR  ] L013 /ui/TitleGroup/SkillPanel/ScrollArea/List/SkillSlot_48/Icon
        Entity is fully off-canvas: right by 4837px (bbox=(5646,224)-(5797,375), canvas=1920x1080)
        hint: Edge formula: anchoredPosition = sign * (margin + RectSize/2) for center-pivot. For stretch axes, use OffsetMin/OffsetMax (anchoredPosition is ignored). Verify Pivot - non-center pivots shift the bbox.
[ERROR  ] L013 /ui/TitleGroup/SkillPanel/ScrollArea/List/SkillSlot_48/Level
        Entity is fully off-canvas: right by 4869px (bbox=(5617,190)-(5829,216), canvas=1920x1080)
        hint: Edge formula: anchoredPosition = sign * (margin + RectSize/2) for center-pivot. For stretch axes, use OffsetMin/OffsetMax (anchoredPosition is ignored). Verify Pivot - non-center pivots shift the bbox.
[ERROR  ] L013 /ui/TitleGroup/SkillPanel/ScrollArea/List/SkillSlot_48/Name
        Entity is fully off-canvas: right by 4868px (bbox=(5616,155)-(5828,181), canvas=1920x1080)
        hint: Edge formula: anchoredPosition = sign * (margin + RectSize/2) for center-pivot. For stretch axes, use OffsetMin/OffsetMax (anchoredPosition is ignored). Verify Pivot - non-center pivots shift the bbox.
[ERROR  ] L013 /ui/TitleGroup/SkillPanel/ScrollArea/List/SkillSlot_48/ProgressBg
        Entity is fully off-canvas: right by 4829px (bbox=(5659,122)-(5789,150), canvas=1920x1080)
        hint: Edge formula: anchoredPosition = sign * (margin + RectSize/2) for center-pivot. For stretch axes, use OffsetMin/OffsetMax (anchoredPosition is ignored). Verify Pivot - non-center pivots shift the bbox.
[ERROR  ] L013 /ui/TitleGroup/SkillPanel/ScrollArea/List/SkillSlot_48/ProgressFill
        Entity is fully off-canvas: right by 4829px (bbox=(5659,122)-(5789,150), canvas=1920x1080)
        hint: Edge formula: anchoredPosition = sign * (margin + RectSize/2) for center-pivot. For stretch axes, use OffsetMin/OffsetMax (anchoredPosition is ignored). Verify Pivot - non-center pivots shift the bbox.
[ERROR  ] L013 /ui/TitleGroup/SkillPanel/ScrollArea/List/SkillSlot_48/ProgressText
        Entity is fully off-canvas: right by 4864px (bbox=(5624,122)-(5824,150), canvas=1920x1080)
        hint: Edge formula: anchoredPosition = sign * (margin + RectSize/2) for center-pivot. For stretch axes, use OffsetMin/OffsetMax (anchoredPosition is ignored). Verify Pivot - non-center pivots shift the bbox.
[ERROR  ] L013 /ui/TitleGroup/SkillPanel/ScrollArea/List/SkillSlot_48/RedDot
        Entity is fully off-canvas: right by 4870px (bbox=(5768,341)-(5830,403), canvas=1920x1080)
        hint: Edge formula: anchoredPosition = sign * (margin + RectSize/2) for center-pivot. For stretch axes, use OffsetMin/OffsetMax (anchoredPosition is ignored). Verify Pivot - non-center pivots shift the bbox.
[ERROR  ] L013 /ui/TitleGroup/SkillPanel/ScrollArea/List/SkillSlot_48/RedDot/Mark
        Entity is fully off-canvas: right by 4870px (bbox=(5768,341)-(5830,403), canvas=1920x1080)
        hint: Edge formula: anchoredPosition = sign * (margin + RectSize/2) for center-pivot. For stretch axes, use OffsetMin/OffsetMax (anchoredPosition is ignored). Verify Pivot - non-center pivots shift the bbox.
[ERROR  ] L013 /ui/TitleGroup/SkillPanel/ScrollArea/List/SkillSlot_49
        Entity is fully off-canvas: right by 4876px (bbox=(5606,-203)-(5836,77), canvas=1920x1080)
        hint: Edge formula: anchoredPosition = sign * (margin + RectSize/2) for center-pivot. For stretch axes, use OffsetMin/OffsetMax (anchoredPosition is ignored). Verify Pivot - non-center pivots shift the bbox.
[ERROR  ] L013 /ui/TitleGroup/SkillPanel/ScrollArea/List/SkillSlot_49/Bg
        Entity is fully off-canvas: right by 4885px (bbox=(5595,-280)-(5845,110), canvas=1920x1080)
        hint: Edge formula: anchoredPosition = sign * (margin + RectSize/2) for center-pivot. For stretch axes, use OffsetMin/OffsetMax (anchoredPosition is ignored). Verify Pivot - non-center pivots shift the bbox.
[ERROR  ] L013 /ui/TitleGroup/SkillPanel/ScrollArea/List/SkillSlot_49/Bg_1
        Entity is fully off-canvas: right by 4840px (bbox=(5644,-110)-(5800,40), canvas=1920x1080)
        hint: Edge formula: anchoredPosition = sign * (margin + RectSize/2) for center-pivot. For stretch axes, use OffsetMin/OffsetMax (anchoredPosition is ignored). Verify Pivot - non-center pivots shift the bbox.
[ERROR  ] L013 /ui/TitleGroup/SkillPanel/ScrollArea/List/SkillSlot_49/Icon
        Entity is fully off-canvas: right by 4837px (bbox=(5646,-111)-(5797,40), canvas=1920x1080)
        hint: Edge formula: anchoredPosition = sign * (margin + RectSize/2) for center-pivot. For stretch axes, use OffsetMin/OffsetMax (anchoredPosition is ignored). Verify Pivot - non-center pivots shift the bbox.
[ERROR  ] L013 /ui/TitleGroup/SkillPanel/ScrollArea/List/SkillSlot_49/Level
        Entity is fully off-canvas: right by 4869px (bbox=(5617,-145)-(5829,-119), canvas=1920x1080)
        hint: Edge formula: anchoredPosition = sign * (margin + RectSize/2) for center-pivot. For stretch axes, use OffsetMin/OffsetMax (anchoredPosition is ignored). Verify Pivot - non-center pivots shift the bbox.
[ERROR  ] L013 /ui/TitleGroup/SkillPanel/ScrollArea/List/SkillSlot_49/Name
        Entity is fully off-canvas: right by 4868px (bbox=(5616,-180)-(5828,-154), canvas=1920x1080)
        hint: Edge formula: anchoredPosition = sign * (margin + RectSize/2) for center-pivot. For stretch axes, use OffsetMin/OffsetMax (anchoredPosition is ignored). Verify Pivot - non-center pivots shift the bbox.
[ERROR  ] L013 /ui/TitleGroup/SkillPanel/ScrollArea/List/SkillSlot_49/ProgressBg
        Entity is fully off-canvas: right by 4829px (bbox=(5659,-213)-(5789,-185), canvas=1920x1080)
        hint: Edge formula: anchoredPosition = sign * (margin + RectSize/2) for center-pivot. For stretch axes, use OffsetMin/OffsetMax (anchoredPosition is ignored). Verify Pivot - non-center pivots shift the bbox.
[ERROR  ] L013 /ui/TitleGroup/SkillPanel/ScrollArea/List/SkillSlot_49/ProgressFill
        Entity is fully off-canvas: right by 4829px (bbox=(5659,-213)-(5789,-185), canvas=1920x1080)
        hint: Edge formula: anchoredPosition = sign * (margin + RectSize/2) for center-pivot. For stretch axes, use OffsetMin/OffsetMax (anchoredPosition is ignored). Verify Pivot - non-center pivots shift the bbox.
[ERROR  ] L013 /ui/TitleGroup/SkillPanel/ScrollArea/List/SkillSlot_49/ProgressText
        Entity is fully off-canvas: right by 4864px (bbox=(5624,-213)-(5824,-185), canvas=1920x1080)
        hint: Edge formula: anchoredPosition = sign * (margin + RectSize/2) for center-pivot. For stretch axes, use OffsetMin/OffsetMax (anchoredPosition is ignored). Verify Pivot - non-center pivots shift the bbox.
[ERROR  ] L013 /ui/TitleGroup/SkillPanel/ScrollArea/List/SkillSlot_49/RedDot
        Entity is fully off-canvas: right by 4870px (bbox=(5768,6)-(5830,68), canvas=1920x1080)
        hint: Edge formula: anchoredPosition = sign * (margin + RectSize/2) for center-pivot. For stretch axes, use OffsetMin/OffsetMax (anchoredPosition is ignored). Verify Pivot - non-center pivots shift the bbox.
[ERROR  ] L013 /ui/TitleGroup/SkillPanel/ScrollArea/List/SkillSlot_49/RedDot/Mark
        Entity is fully off-canvas: right by 4870px (bbox=(5768,6)-(5830,68), canvas=1920x1080)
        hint: Edge formula: anchoredPosition = sign * (margin + RectSize/2) for center-pivot. For stretch axes, use OffsetMin/OffsetMax (anchoredPosition is ignored). Verify Pivot - non-center pivots shift the bbox.
[ERROR  ] L013 /ui/TitleGroup/SkillPanel/ScrollArea/List/SkillSlot_50
        Entity is fully off-canvas: right by 5130px (bbox=(5860,132)-(6090,412), canvas=1920x1080)
        hint: Edge formula: anchoredPosition = sign * (margin + RectSize/2) for center-pivot. For stretch axes, use OffsetMin/OffsetMax (anchoredPosition is ignored). Verify Pivot - non-center pivots shift the bbox.
[ERROR  ] L013 /ui/TitleGroup/SkillPanel/ScrollArea/List/SkillSlot_50/Bg
        Entity is fully off-canvas: right by 5139px (bbox=(5849,55)-(6099,445), canvas=1920x1080)
        hint: Edge formula: anchoredPosition = sign * (margin + RectSize/2) for center-pivot. For stretch axes, use OffsetMin/OffsetMax (anchoredPosition is ignored). Verify Pivot - non-center pivots shift the bbox.
[ERROR  ] L013 /ui/TitleGroup/SkillPanel/ScrollArea/List/SkillSlot_50/Bg_1
        Entity is fully off-canvas: right by 5094px (bbox=(5898,225)-(6054,375), canvas=1920x1080)
        hint: Edge formula: anchoredPosition = sign * (margin + RectSize/2) for center-pivot. For stretch axes, use OffsetMin/OffsetMax (anchoredPosition is ignored). Verify Pivot - non-center pivots shift the bbox.
[ERROR  ] L013 /ui/TitleGroup/SkillPanel/ScrollArea/List/SkillSlot_50/Icon
        Entity is fully off-canvas: right by 5091px (bbox=(5900,224)-(6051,375), canvas=1920x1080)
        hint: Edge formula: anchoredPosition = sign * (margin + RectSize/2) for center-pivot. For stretch axes, use OffsetMin/OffsetMax (anchoredPosition is ignored). Verify Pivot - non-center pivots shift the bbox.
[ERROR  ] L013 /ui/TitleGroup/SkillPanel/ScrollArea/List/SkillSlot_50/Level
        Entity is fully off-canvas: right by 5123px (bbox=(5871,190)-(6083,216), canvas=1920x1080)
        hint: Edge formula: anchoredPosition = sign * (margin + RectSize/2) for center-pivot. For stretch axes, use OffsetMin/OffsetMax (anchoredPosition is ignored). Verify Pivot - non-center pivots shift the bbox.
[ERROR  ] L013 /ui/TitleGroup/SkillPanel/ScrollArea/List/SkillSlot_50/Name
        Entity is fully off-canvas: right by 5122px (bbox=(5870,155)-(6082,181), canvas=1920x1080)
        hint: Edge formula: anchoredPosition = sign * (margin + RectSize/2) for center-pivot. For stretch axes, use OffsetMin/OffsetMax (anchoredPosition is ignored). Verify Pivot - non-center pivots shift the bbox.
[ERROR  ] L013 /ui/TitleGroup/SkillPanel/ScrollArea/List/SkillSlot_50/ProgressBg
        Entity is fully off-canvas: right by 5083px (bbox=(5913,122)-(6043,150), canvas=1920x1080)
        hint: Edge formula: anchoredPosition = sign * (margin + RectSize/2) for center-pivot. For stretch axes, use OffsetMin/OffsetMax (anchoredPosition is ignored). Verify Pivot - non-center pivots shift the bbox.
[ERROR  ] L013 /ui/TitleGroup/SkillPanel/ScrollArea/List/SkillSlot_50/ProgressFill
        Entity is fully off-canvas: right by 5083px (bbox=(5913,122)-(6043,150), canvas=1920x1080)
        hint: Edge formula: anchoredPosition = sign * (margin + RectSize/2) for center-pivot. For stretch axes, use OffsetMin/OffsetMax (anchoredPosition is ignored). Verify Pivot - non-center pivots shift the bbox.
[ERROR  ] L013 /ui/TitleGroup/SkillPanel/ScrollArea/List/SkillSlot_50/ProgressText
        Entity is fully off-canvas: right by 5118px (bbox=(5878,122)-(6078,150), canvas=1920x1080)
        hint: Edge formula: anchoredPosition = sign * (margin + RectSize/2) for center-pivot. For stretch axes, use OffsetMin/OffsetMax (anchoredPosition is ignored). Verify Pivot - non-center pivots shift the bbox.
[ERROR  ] L013 /ui/TitleGroup/SkillPanel/ScrollArea/List/SkillSlot_50/RedDot
        Entity is fully off-canvas: right by 5124px (bbox=(6022,341)-(6084,403), canvas=1920x1080)
        hint: Edge formula: anchoredPosition = sign * (margin + RectSize/2) for center-pivot. For stretch axes, use OffsetMin/OffsetMax (anchoredPosition is ignored). Verify Pivot - non-center pivots shift the bbox.
[ERROR  ] L013 /ui/TitleGroup/SkillPanel/ScrollArea/List/SkillSlot_50/RedDot/Mark
        Entity is fully off-canvas: right by 5124px (bbox=(6022,341)-(6084,403), canvas=1920x1080)
        hint: Edge formula: anchoredPosition = sign * (margin + RectSize/2) for center-pivot. For stretch axes, use OffsetMin/OffsetMax (anchoredPosition is ignored). Verify Pivot - non-center pivots shift the bbox.
[ERROR  ] L013 /ui/TitleGroup/SkillPanel/ScrollArea/List/SkillSlot_51
        Entity is fully off-canvas: right by 5130px (bbox=(5860,-203)-(6090,77), canvas=1920x1080)
        hint: Edge formula: anchoredPosition = sign * (margin + RectSize/2) for center-pivot. For stretch axes, use OffsetMin/OffsetMax (anchoredPosition is ignored). Verify Pivot - non-center pivots shift the bbox.
[ERROR  ] L013 /ui/TitleGroup/SkillPanel/ScrollArea/List/SkillSlot_51/Bg
        Entity is fully off-canvas: right by 5139px (bbox=(5849,-280)-(6099,110), canvas=1920x1080)
        hint: Edge formula: anchoredPosition = sign * (margin + RectSize/2) for center-pivot. For stretch axes, use OffsetMin/OffsetMax (anchoredPosition is ignored). Verify Pivot - non-center pivots shift the bbox.
[ERROR  ] L013 /ui/TitleGroup/SkillPanel/ScrollArea/List/SkillSlot_51/Bg_1
        Entity is fully off-canvas: right by 5094px (bbox=(5898,-110)-(6054,40), canvas=1920x1080)
        hint: Edge formula: anchoredPosition = sign * (margin + RectSize/2) for center-pivot. For stretch axes, use OffsetMin/OffsetMax (anchoredPosition is ignored). Verify Pivot - non-center pivots shift the bbox.
[ERROR  ] L013 /ui/TitleGroup/SkillPanel/ScrollArea/List/SkillSlot_51/Icon
        Entity is fully off-canvas: right by 5091px (bbox=(5900,-111)-(6051,40), canvas=1920x1080)
        hint: Edge formula: anchoredPosition = sign * (margin + RectSize/2) for center-pivot. For stretch axes, use OffsetMin/OffsetMax (anchoredPosition is ignored). Verify Pivot - non-center pivots shift the bbox.
[ERROR  ] L013 /ui/TitleGroup/SkillPanel/ScrollArea/List/SkillSlot_51/Level
        Entity is fully off-canvas: right by 5123px (bbox=(5871,-145)-(6083,-119), canvas=1920x1080)
        hint: Edge formula: anchoredPosition = sign * (margin + RectSize/2) for center-pivot. For stretch axes, use OffsetMin/OffsetMax (anchoredPosition is ignored). Verify Pivot - non-center pivots shift the bbox.
[ERROR  ] L013 /ui/TitleGroup/SkillPanel/ScrollArea/List/SkillSlot_51/Name
        Entity is fully off-canvas: right by 5122px (bbox=(5870,-180)-(6082,-154), canvas=1920x1080)
        hint: Edge formula: anchoredPosition = sign * (margin + RectSize/2) for center-pivot. For stretch axes, use OffsetMin/OffsetMax (anchoredPosition is ignored). Verify Pivot - non-center pivots shift the bbox.
[ERROR  ] L013 /ui/TitleGroup/SkillPanel/ScrollArea/List/SkillSlot_51/ProgressBg
        Entity is fully off-canvas: right by 5083px (bbox=(5913,-213)-(6043,-185), canvas=1920x1080)
        hint: Edge formula: anchoredPosition = sign * (margin + RectSize/2) for center-pivot. For stretch axes, use OffsetMin/OffsetMax (anchoredPosition is ignored). Verify Pivot - non-center pivots shift the bbox.
[ERROR  ] L013 /ui/TitleGroup/SkillPanel/ScrollArea/List/SkillSlot_51/ProgressFill
        Entity is fully off-canvas: right by 5083px (bbox=(5913,-213)-(6043,-185), canvas=1920x1080)
        hint: Edge formula: anchoredPosition = sign * (margin + RectSize/2) for center-pivot. For stretch axes, use OffsetMin/OffsetMax (anchoredPosition is ignored). Verify Pivot - non-center pivots shift the bbox.
[ERROR  ] L013 /ui/TitleGroup/SkillPanel/ScrollArea/List/SkillSlot_51/ProgressText
        Entity is fully off-canvas: right by 5118px (bbox=(5878,-213)-(6078,-185), canvas=1920x1080)
        hint: Edge formula: anchoredPosition = sign * (margin + RectSize/2) for center-pivot. For stretch axes, use OffsetMin/OffsetMax (anchoredPosition is ignored). Verify Pivot - non-center pivots shift the bbox.
[ERROR  ] L013 /ui/TitleGroup/SkillPanel/ScrollArea/List/SkillSlot_51/RedDot
        Entity is fully off-canvas: right by 5124px (bbox=(6022,6)-(6084,68), canvas=1920x1080)
        hint: Edge formula: anchoredPosition = sign * (margin + RectSize/2) for center-pivot. For stretch axes, use OffsetMin/OffsetMax (anchoredPosition is ignored). Verify Pivot - non-center pivots shift the bbox.
[ERROR  ] L013 /ui/TitleGroup/SkillPanel/ScrollArea/List/SkillSlot_51/RedDot/Mark
        Entity is fully off-canvas: right by 5124px (bbox=(6022,6)-(6084,68), canvas=1920x1080)
        hint: Edge formula: anchoredPosition = sign * (margin + RectSize/2) for center-pivot. For stretch axes, use OffsetMin/OffsetMax (anchoredPosition is ignored). Verify Pivot - non-center pivots shift the bbox.
[ERROR  ] L013 /ui/TitleGroup/SkillPanel/ScrollArea/List/SkillSlot_52
        Entity is fully off-canvas: right by 5384px (bbox=(6114,132)-(6344,412), canvas=1920x1080)
        hint: Edge formula: anchoredPosition = sign * (margin + RectSize/2) for center-pivot. For stretch axes, use OffsetMin/OffsetMax (anchoredPosition is ignored). Verify Pivot - non-center pivots shift the bbox.
[ERROR  ] L013 /ui/TitleGroup/SkillPanel/ScrollArea/List/SkillSlot_52/Bg
        Entity is fully off-canvas: right by 5393px (bbox=(6103,55)-(6353,445), canvas=1920x1080)
        hint: Edge formula: anchoredPosition = sign * (margin + RectSize/2) for center-pivot. For stretch axes, use OffsetMin/OffsetMax (anchoredPosition is ignored). Verify Pivot - non-center pivots shift the bbox.
[ERROR  ] L013 /ui/TitleGroup/SkillPanel/ScrollArea/List/SkillSlot_52/Bg_1
        Entity is fully off-canvas: right by 5348px (bbox=(6152,225)-(6308,375), canvas=1920x1080)
        hint: Edge formula: anchoredPosition = sign * (margin + RectSize/2) for center-pivot. For stretch axes, use OffsetMin/OffsetMax (anchoredPosition is ignored). Verify Pivot - non-center pivots shift the bbox.
[ERROR  ] L013 /ui/TitleGroup/SkillPanel/ScrollArea/List/SkillSlot_52/Icon
        Entity is fully off-canvas: right by 5345px (bbox=(6154,224)-(6305,375), canvas=1920x1080)
        hint: Edge formula: anchoredPosition = sign * (margin + RectSize/2) for center-pivot. For stretch axes, use OffsetMin/OffsetMax (anchoredPosition is ignored). Verify Pivot - non-center pivots shift the bbox.
[ERROR  ] L013 /ui/TitleGroup/SkillPanel/ScrollArea/List/SkillSlot_52/Level
        Entity is fully off-canvas: right by 5377px (bbox=(6125,190)-(6337,216), canvas=1920x1080)
        hint: Edge formula: anchoredPosition = sign * (margin + RectSize/2) for center-pivot. For stretch axes, use OffsetMin/OffsetMax (anchoredPosition is ignored). Verify Pivot - non-center pivots shift the bbox.
[ERROR  ] L013 /ui/TitleGroup/SkillPanel/ScrollArea/List/SkillSlot_52/Name
        Entity is fully off-canvas: right by 5376px (bbox=(6124,155)-(6336,181), canvas=1920x1080)
        hint: Edge formula: anchoredPosition = sign * (margin + RectSize/2) for center-pivot. For stretch axes, use OffsetMin/OffsetMax (anchoredPosition is ignored). Verify Pivot - non-center pivots shift the bbox.
[ERROR  ] L013 /ui/TitleGroup/SkillPanel/ScrollArea/List/SkillSlot_52/ProgressBg
        Entity is fully off-canvas: right by 5337px (bbox=(6167,122)-(6297,150), canvas=1920x1080)
        hint: Edge formula: anchoredPosition = sign * (margin + RectSize/2) for center-pivot. For stretch axes, use OffsetMin/OffsetMax (anchoredPosition is ignored). Verify Pivot - non-center pivots shift the bbox.
[ERROR  ] L013 /ui/TitleGroup/SkillPanel/ScrollArea/List/SkillSlot_52/ProgressFill
        Entity is fully off-canvas: right by 5337px (bbox=(6167,122)-(6297,150), canvas=1920x1080)
        hint: Edge formula: anchoredPosition = sign * (margin + RectSize/2) for center-pivot. For stretch axes, use OffsetMin/OffsetMax (anchoredPosition is ignored). Verify Pivot - non-center pivots shift the bbox.
[ERROR  ] L013 /ui/TitleGroup/SkillPanel/ScrollArea/List/SkillSlot_52/ProgressText
        Entity is fully off-canvas: right by 5372px (bbox=(6132,122)-(6332,150), canvas=1920x1080)
        hint: Edge formula: anchoredPosition = sign * (margin + RectSize/2) for center-pivot. For stretch axes, use OffsetMin/OffsetMax (anchoredPosition is ignored). Verify Pivot - non-center pivots shift the bbox.
[ERROR  ] L013 /ui/TitleGroup/SkillPanel/ScrollArea/List/SkillSlot_52/RedDot
        Entity is fully off-canvas: right by 5378px (bbox=(6276,341)-(6338,403), canvas=1920x1080)
        hint: Edge formula: anchoredPosition = sign * (margin + RectSize/2) for center-pivot. For stretch axes, use OffsetMin/OffsetMax (anchoredPosition is ignored). Verify Pivot - non-center pivots shift the bbox.
[ERROR  ] L013 /ui/TitleGroup/SkillPanel/ScrollArea/List/SkillSlot_52/RedDot/Mark
        Entity is fully off-canvas: right by 5378px (bbox=(6276,341)-(6338,403), canvas=1920x1080)
        hint: Edge formula: anchoredPosition = sign * (margin + RectSize/2) for center-pivot. For stretch axes, use OffsetMin/OffsetMax (anchoredPosition is ignored). Verify Pivot - non-center pivots shift the bbox.
[ERROR  ] L013 /ui/TitleGroup/SkillPanel/ScrollArea/List/SkillSlot_53
        Entity is fully off-canvas: right by 5384px (bbox=(6114,-203)-(6344,77), canvas=1920x1080)
        hint: Edge formula: anchoredPosition = sign * (margin + RectSize/2) for center-pivot. For stretch axes, use OffsetMin/OffsetMax (anchoredPosition is ignored). Verify Pivot - non-center pivots shift the bbox.
[ERROR  ] L013 /ui/TitleGroup/SkillPanel/ScrollArea/List/SkillSlot_53/Bg
        Entity is fully off-canvas: right by 5393px (bbox=(6103,-280)-(6353,110), canvas=1920x1080)
        hint: Edge formula: anchoredPosition = sign * (margin + RectSize/2) for center-pivot. For stretch axes, use OffsetMin/OffsetMax (anchoredPosition is ignored). Verify Pivot - non-center pivots shift the bbox.
[ERROR  ] L013 /ui/TitleGroup/SkillPanel/ScrollArea/List/SkillSlot_53/Bg_1
        Entity is fully off-canvas: right by 5348px (bbox=(6152,-110)-(6308,40), canvas=1920x1080)
        hint: Edge formula: anchoredPosition = sign * (margin + RectSize/2) for center-pivot. For stretch axes, use OffsetMin/OffsetMax (anchoredPosition is ignored). Verify Pivot - non-center pivots shift the bbox.
[ERROR  ] L013 /ui/TitleGroup/SkillPanel/ScrollArea/List/SkillSlot_53/Icon
        Entity is fully off-canvas: right by 5345px (bbox=(6154,-111)-(6305,40), canvas=1920x1080)
        hint: Edge formula: anchoredPosition = sign * (margin + RectSize/2) for center-pivot. For stretch axes, use OffsetMin/OffsetMax (anchoredPosition is ignored). Verify Pivot - non-center pivots shift the bbox.
[ERROR  ] L013 /ui/TitleGroup/SkillPanel/ScrollArea/List/SkillSlot_53/Level
        Entity is fully off-canvas: right by 5377px (bbox=(6125,-145)-(6337,-119), canvas=1920x1080)
        hint: Edge formula: anchoredPosition = sign * (margin + RectSize/2) for center-pivot. For stretch axes, use OffsetMin/OffsetMax (anchoredPosition is ignored). Verify Pivot - non-center pivots shift the bbox.
[ERROR  ] L013 /ui/TitleGroup/SkillPanel/ScrollArea/List/SkillSlot_53/Name
        Entity is fully off-canvas: right by 5376px (bbox=(6124,-180)-(6336,-154), canvas=1920x1080)
        hint: Edge formula: anchoredPosition = sign * (margin + RectSize/2) for center-pivot. For stretch axes, use OffsetMin/OffsetMax (anchoredPosition is ignored). Verify Pivot - non-center pivots shift the bbox.
[ERROR  ] L013 /ui/TitleGroup/SkillPanel/ScrollArea/List/SkillSlot_53/ProgressBg
        Entity is fully off-canvas: right by 5337px (bbox=(6167,-213)-(6297,-185), canvas=1920x1080)
        hint: Edge formula: anchoredPosition = sign * (margin + RectSize/2) for center-pivot. For stretch axes, use OffsetMin/OffsetMax (anchoredPosition is ignored). Verify Pivot - non-center pivots shift the bbox.
[ERROR  ] L013 /ui/TitleGroup/SkillPanel/ScrollArea/List/SkillSlot_53/ProgressFill
        Entity is fully off-canvas: right by 5337px (bbox=(6167,-213)-(6297,-185), canvas=1920x1080)
        hint: Edge formula: anchoredPosition = sign * (margin + RectSize/2) for center-pivot. For stretch axes, use OffsetMin/OffsetMax (anchoredPosition is ignored). Verify Pivot - non-center pivots shift the bbox.
[ERROR  ] L013 /ui/TitleGroup/SkillPanel/ScrollArea/List/SkillSlot_53/ProgressText
        Entity is fully off-canvas: right by 5372px (bbox=(6132,-213)-(6332,-185), canvas=1920x1080)
        hint: Edge formula: anchoredPosition = sign * (margin + RectSize/2) for center-pivot. For stretch axes, use OffsetMin/OffsetMax (anchoredPosition is ignored). Verify Pivot - non-center pivots shift the bbox.
[ERROR  ] L013 /ui/TitleGroup/SkillPanel/ScrollArea/List/SkillSlot_53/RedDot
        Entity is fully off-canvas: right by 5378px (bbox=(6276,6)-(6338,68), canvas=1920x1080)
        hint: Edge formula: anchoredPosition = sign * (margin + RectSize/2) for center-pivot. For stretch axes, use OffsetMin/OffsetMax (anchoredPosition is ignored). Verify Pivot - non-center pivots shift the bbox.
[ERROR  ] L013 /ui/TitleGroup/SkillPanel/ScrollArea/List/SkillSlot_53/RedDot/Mark
        Entity is fully off-canvas: right by 5378px (bbox=(6276,6)-(6338,68), canvas=1920x1080)
        hint: Edge formula: anchoredPosition = sign * (margin + RectSize/2) for center-pivot. For stretch axes, use OffsetMin/OffsetMax (anchoredPosition is ignored). Verify Pivot - non-center pivots shift the bbox.
[ERROR  ] L013 /ui/TitleGroup/SkillPanel/ScrollArea/List/SkillSlot_54
        Entity is fully off-canvas: right by 5638px (bbox=(6368,132)-(6598,412), canvas=1920x1080)
        hint: Edge formula: anchoredPosition = sign * (margin + RectSize/2) for center-pivot. For stretch axes, use OffsetMin/OffsetMax (anchoredPosition is ignored). Verify Pivot - non-center pivots shift the bbox.
[ERROR  ] L013 /ui/TitleGroup/SkillPanel/ScrollArea/List/SkillSlot_54/Bg
        Entity is fully off-canvas: right by 5647px (bbox=(6357,55)-(6607,445), canvas=1920x1080)
        hint: Edge formula: anchoredPosition = sign * (margin + RectSize/2) for center-pivot. For stretch axes, use OffsetMin/OffsetMax (anchoredPosition is ignored). Verify Pivot - non-center pivots shift the bbox.
[ERROR  ] L013 /ui/TitleGroup/SkillPanel/ScrollArea/List/SkillSlot_54/Bg_1
        Entity is fully off-canvas: right by 5602px (bbox=(6406,225)-(6562,375), canvas=1920x1080)
        hint: Edge formula: anchoredPosition = sign * (margin + RectSize/2) for center-pivot. For stretch axes, use OffsetMin/OffsetMax (anchoredPosition is ignored). Verify Pivot - non-center pivots shift the bbox.
[ERROR  ] L013 /ui/TitleGroup/SkillPanel/ScrollArea/List/SkillSlot_54/Icon
        Entity is fully off-canvas: right by 5599px (bbox=(6408,224)-(6559,375), canvas=1920x1080)
        hint: Edge formula: anchoredPosition = sign * (margin + RectSize/2) for center-pivot. For stretch axes, use OffsetMin/OffsetMax (anchoredPosition is ignored). Verify Pivot - non-center pivots shift the bbox.
[ERROR  ] L013 /ui/TitleGroup/SkillPanel/ScrollArea/List/SkillSlot_54/Level
        Entity is fully off-canvas: right by 5631px (bbox=(6379,190)-(6591,216), canvas=1920x1080)
        hint: Edge formula: anchoredPosition = sign * (margin + RectSize/2) for center-pivot. For stretch axes, use OffsetMin/OffsetMax (anchoredPosition is ignored). Verify Pivot - non-center pivots shift the bbox.
[ERROR  ] L013 /ui/TitleGroup/SkillPanel/ScrollArea/List/SkillSlot_54/Name
        Entity is fully off-canvas: right by 5630px (bbox=(6378,155)-(6590,181), canvas=1920x1080)
        hint: Edge formula: anchoredPosition = sign * (margin + RectSize/2) for center-pivot. For stretch axes, use OffsetMin/OffsetMax (anchoredPosition is ignored). Verify Pivot - non-center pivots shift the bbox.
[ERROR  ] L013 /ui/TitleGroup/SkillPanel/ScrollArea/List/SkillSlot_54/ProgressBg
        Entity is fully off-canvas: right by 5591px (bbox=(6421,122)-(6551,150), canvas=1920x1080)
        hint: Edge formula: anchoredPosition = sign * (margin + RectSize/2) for center-pivot. For stretch axes, use OffsetMin/OffsetMax (anchoredPosition is ignored). Verify Pivot - non-center pivots shift the bbox.
[ERROR  ] L013 /ui/TitleGroup/SkillPanel/ScrollArea/List/SkillSlot_54/ProgressFill
        Entity is fully off-canvas: right by 5591px (bbox=(6421,122)-(6551,150), canvas=1920x1080)
        hint: Edge formula: anchoredPosition = sign * (margin + RectSize/2) for center-pivot. For stretch axes, use OffsetMin/OffsetMax (anchoredPosition is ignored). Verify Pivot - non-center pivots shift the bbox.
[ERROR  ] L013 /ui/TitleGroup/SkillPanel/ScrollArea/List/SkillSlot_54/ProgressText
        Entity is fully off-canvas: right by 5626px (bbox=(6386,122)-(6586,150), canvas=1920x1080)
        hint: Edge formula: anchoredPosition = sign * (margin + RectSize/2) for center-pivot. For stretch axes, use OffsetMin/OffsetMax (anchoredPosition is ignored). Verify Pivot - non-center pivots shift the bbox.
[ERROR  ] L013 /ui/TitleGroup/SkillPanel/ScrollArea/List/SkillSlot_54/RedDot
        Entity is fully off-canvas: right by 5632px (bbox=(6530,341)-(6592,403), canvas=1920x1080)
        hint: Edge formula: anchoredPosition = sign * (margin + RectSize/2) for center-pivot. For stretch axes, use OffsetMin/OffsetMax (anchoredPosition is ignored). Verify Pivot - non-center pivots shift the bbox.
[ERROR  ] L013 /ui/TitleGroup/SkillPanel/ScrollArea/List/SkillSlot_54/RedDot/Mark
        Entity is fully off-canvas: right by 5632px (bbox=(6530,341)-(6592,403), canvas=1920x1080)
        hint: Edge formula: anchoredPosition = sign * (margin + RectSize/2) for center-pivot. For stretch axes, use OffsetMin/OffsetMax (anchoredPosition is ignored). Verify Pivot - non-center pivots shift the bbox.
[ERROR  ] L013 /ui/TitleGroup/SkillPanel/ScrollArea/List/SkillSlot_55
        Entity is fully off-canvas: right by 5638px (bbox=(6368,-203)-(6598,77), canvas=1920x1080)
        hint: Edge formula: anchoredPosition = sign * (margin + RectSize/2) for center-pivot. For stretch axes, use OffsetMin/OffsetMax (anchoredPosition is ignored). Verify Pivot - non-center pivots shift the bbox.
[ERROR  ] L013 /ui/TitleGroup/SkillPanel/ScrollArea/List/SkillSlot_55/Bg
        Entity is fully off-canvas: right by 5647px (bbox=(6357,-280)-(6607,110), canvas=1920x1080)
        hint: Edge formula: anchoredPosition = sign * (margin + RectSize/2) for center-pivot. For stretch axes, use OffsetMin/OffsetMax (anchoredPosition is ignored). Verify Pivot - non-center pivots shift the bbox.
[ERROR  ] L013 /ui/TitleGroup/SkillPanel/ScrollArea/List/SkillSlot_55/Bg_1
        Entity is fully off-canvas: right by 5602px (bbox=(6406,-110)-(6562,40), canvas=1920x1080)
        hint: Edge formula: anchoredPosition = sign * (margin + RectSize/2) for center-pivot. For stretch axes, use OffsetMin/OffsetMax (anchoredPosition is ignored). Verify Pivot - non-center pivots shift the bbox.
[ERROR  ] L013 /ui/TitleGroup/SkillPanel/ScrollArea/List/SkillSlot_55/Icon
        Entity is fully off-canvas: right by 5599px (bbox=(6408,-111)-(6559,40), canvas=1920x1080)
        hint: Edge formula: anchoredPosition = sign * (margin + RectSize/2) for center-pivot. For stretch axes, use OffsetMin/OffsetMax (anchoredPosition is ignored). Verify Pivot - non-center pivots shift the bbox.
[ERROR  ] L013 /ui/TitleGroup/SkillPanel/ScrollArea/List/SkillSlot_55/Level
        Entity is fully off-canvas: right by 5631px (bbox=(6379,-145)-(6591,-119), canvas=1920x1080)
        hint: Edge formula: anchoredPosition = sign * (margin + RectSize/2) for center-pivot. For stretch axes, use OffsetMin/OffsetMax (anchoredPosition is ignored). Verify Pivot - non-center pivots shift the bbox.
[ERROR  ] L013 /ui/TitleGroup/SkillPanel/ScrollArea/List/SkillSlot_55/Name
        Entity is fully off-canvas: right by 5630px (bbox=(6378,-180)-(6590,-154), canvas=1920x1080)
        hint: Edge formula: anchoredPosition = sign * (margin + RectSize/2) for center-pivot. For stretch axes, use OffsetMin/OffsetMax (anchoredPosition is ignored). Verify Pivot - non-center pivots shift the bbox.
[ERROR  ] L013 /ui/TitleGroup/SkillPanel/ScrollArea/List/SkillSlot_55/ProgressBg
        Entity is fully off-canvas: right by 5591px (bbox=(6421,-213)-(6551,-185), canvas=1920x1080)
        hint: Edge formula: anchoredPosition = sign * (margin + RectSize/2) for center-pivot. For stretch axes, use OffsetMin/OffsetMax (anchoredPosition is ignored). Verify Pivot - non-center pivots shift the bbox.
[ERROR  ] L013 /ui/TitleGroup/SkillPanel/ScrollArea/List/SkillSlot_55/ProgressFill
        Entity is fully off-canvas: right by 5591px (bbox=(6421,-213)-(6551,-185), canvas=1920x1080)
        hint: Edge formula: anchoredPosition = sign * (margin + RectSize/2) for center-pivot. For stretch axes, use OffsetMin/OffsetMax (anchoredPosition is ignored). Verify Pivot - non-center pivots shift the bbox.
[ERROR  ] L013 /ui/TitleGroup/SkillPanel/ScrollArea/List/SkillSlot_55/ProgressText
        Entity is fully off-canvas: right by 5626px (bbox=(6386,-213)-(6586,-185), canvas=1920x1080)
        hint: Edge formula: anchoredPosition = sign * (margin + RectSize/2) for center-pivot. For stretch axes, use OffsetMin/OffsetMax (anchoredPosition is ignored). Verify Pivot - non-center pivots shift the bbox.
[ERROR  ] L013 /ui/TitleGroup/SkillPanel/ScrollArea/List/SkillSlot_55/RedDot
        Entity is fully off-canvas: right by 5632px (bbox=(6530,6)-(6592,68), canvas=1920x1080)
        hint: Edge formula: anchoredPosition = sign * (margin + RectSize/2) for center-pivot. For stretch axes, use OffsetMin/OffsetMax (anchoredPosition is ignored). Verify Pivot - non-center pivots shift the bbox.
[ERROR  ] L013 /ui/TitleGroup/SkillPanel/ScrollArea/List/SkillSlot_55/RedDot/Mark
        Entity is fully off-canvas: right by 5632px (bbox=(6530,6)-(6592,68), canvas=1920x1080)
        hint: Edge formula: anchoredPosition = sign * (margin + RectSize/2) for center-pivot. For stretch axes, use OffsetMin/OffsetMax (anchoredPosition is ignored). Verify Pivot - non-center pivots shift the bbox.
[ERROR  ] L013 /ui/TitleGroup/SkillPanel/ScrollArea/List/SkillSlot_56
        Entity is fully off-canvas: right by 5892px (bbox=(6622,132)-(6852,412), canvas=1920x1080)
        hint: Edge formula: anchoredPosition = sign * (margin + RectSize/2) for center-pivot. For stretch axes, use OffsetMin/OffsetMax (anchoredPosition is ignored). Verify Pivot - non-center pivots shift the bbox.
[ERROR  ] L013 /ui/TitleGroup/SkillPanel/ScrollArea/List/SkillSlot_56/Bg
        Entity is fully off-canvas: right by 5901px (bbox=(6611,55)-(6861,445), canvas=1920x1080)
        hint: Edge formula: anchoredPosition = sign * (margin + RectSize/2) for center-pivot. For stretch axes, use OffsetMin/OffsetMax (anchoredPosition is ignored). Verify Pivot - non-center pivots shift the bbox.
[ERROR  ] L013 /ui/TitleGroup/SkillPanel/ScrollArea/List/SkillSlot_56/Bg_1
        Entity is fully off-canvas: right by 5856px (bbox=(6660,225)-(6816,375), canvas=1920x1080)
        hint: Edge formula: anchoredPosition = sign * (margin + RectSize/2) for center-pivot. For stretch axes, use OffsetMin/OffsetMax (anchoredPosition is ignored). Verify Pivot - non-center pivots shift the bbox.
[ERROR  ] L013 /ui/TitleGroup/SkillPanel/ScrollArea/List/SkillSlot_56/Icon
        Entity is fully off-canvas: right by 5853px (bbox=(6662,224)-(6813,375), canvas=1920x1080)
        hint: Edge formula: anchoredPosition = sign * (margin + RectSize/2) for center-pivot. For stretch axes, use OffsetMin/OffsetMax (anchoredPosition is ignored). Verify Pivot - non-center pivots shift the bbox.
[ERROR  ] L013 /ui/TitleGroup/SkillPanel/ScrollArea/List/SkillSlot_56/Level
        Entity is fully off-canvas: right by 5885px (bbox=(6633,190)-(6845,216), canvas=1920x1080)
        hint: Edge formula: anchoredPosition = sign * (margin + RectSize/2) for center-pivot. For stretch axes, use OffsetMin/OffsetMax (anchoredPosition is ignored). Verify Pivot - non-center pivots shift the bbox.
[ERROR  ] L013 /ui/TitleGroup/SkillPanel/ScrollArea/List/SkillSlot_56/Name
        Entity is fully off-canvas: right by 5884px (bbox=(6632,155)-(6844,181), canvas=1920x1080)
        hint: Edge formula: anchoredPosition = sign * (margin + RectSize/2) for center-pivot. For stretch axes, use OffsetMin/OffsetMax (anchoredPosition is ignored). Verify Pivot - non-center pivots shift the bbox.
[ERROR  ] L013 /ui/TitleGroup/SkillPanel/ScrollArea/List/SkillSlot_56/ProgressBg
        Entity is fully off-canvas: right by 5845px (bbox=(6675,122)-(6805,150), canvas=1920x1080)
        hint: Edge formula: anchoredPosition = sign * (margin + RectSize/2) for center-pivot. For stretch axes, use OffsetMin/OffsetMax (anchoredPosition is ignored). Verify Pivot - non-center pivots shift the bbox.
[ERROR  ] L013 /ui/TitleGroup/SkillPanel/ScrollArea/List/SkillSlot_56/ProgressFill
        Entity is fully off-canvas: right by 5845px (bbox=(6675,122)-(6805,150), canvas=1920x1080)
        hint: Edge formula: anchoredPosition = sign * (margin + RectSize/2) for center-pivot. For stretch axes, use OffsetMin/OffsetMax (anchoredPosition is ignored). Verify Pivot - non-center pivots shift the bbox.
[ERROR  ] L013 /ui/TitleGroup/SkillPanel/ScrollArea/List/SkillSlot_56/ProgressText
        Entity is fully off-canvas: right by 5880px (bbox=(6640,122)-(6840,150), canvas=1920x1080)
        hint: Edge formula: anchoredPosition = sign * (margin + RectSize/2) for center-pivot. For stretch axes, use OffsetMin/OffsetMax (anchoredPosition is ignored). Verify Pivot - non-center pivots shift the bbox.
[ERROR  ] L013 /ui/TitleGroup/SkillPanel/ScrollArea/List/SkillSlot_56/RedDot
        Entity is fully off-canvas: right by 5886px (bbox=(6784,341)-(6846,403), canvas=1920x1080)
        hint: Edge formula: anchoredPosition = sign * (margin + RectSize/2) for center-pivot. For stretch axes, use OffsetMin/OffsetMax (anchoredPosition is ignored). Verify Pivot - non-center pivots shift the bbox.
[ERROR  ] L013 /ui/TitleGroup/SkillPanel/ScrollArea/List/SkillSlot_56/RedDot/Mark
        Entity is fully off-canvas: right by 5886px (bbox=(6784,341)-(6846,403), canvas=1920x1080)
        hint: Edge formula: anchoredPosition = sign * (margin + RectSize/2) for center-pivot. For stretch axes, use OffsetMin/OffsetMax (anchoredPosition is ignored). Verify Pivot - non-center pivots shift the bbox.
[ERROR  ] L013 /ui/TitleGroup/SkillPanel/ScrollArea/List/SkillSlot_57
        Entity is fully off-canvas: right by 5892px (bbox=(6622,-203)-(6852,77), canvas=1920x1080)
        hint: Edge formula: anchoredPosition = sign * (margin + RectSize/2) for center-pivot. For stretch axes, use OffsetMin/OffsetMax (anchoredPosition is ignored). Verify Pivot - non-center pivots shift the bbox.
[ERROR  ] L013 /ui/TitleGroup/SkillPanel/ScrollArea/List/SkillSlot_57/Bg
        Entity is fully off-canvas: right by 5901px (bbox=(6611,-280)-(6861,110), canvas=1920x1080)
        hint: Edge formula: anchoredPosition = sign * (margin + RectSize/2) for center-pivot. For stretch axes, use OffsetMin/OffsetMax (anchoredPosition is ignored). Verify Pivot - non-center pivots shift the bbox.
[ERROR  ] L013 /ui/TitleGroup/SkillPanel/ScrollArea/List/SkillSlot_57/Bg_1
        Entity is fully off-canvas: right by 5856px (bbox=(6660,-110)-(6816,40), canvas=1920x1080)
        hint: Edge formula: anchoredPosition = sign * (margin + RectSize/2) for center-pivot. For stretch axes, use OffsetMin/OffsetMax (anchoredPosition is ignored). Verify Pivot - non-center pivots shift the bbox.
[ERROR  ] L013 /ui/TitleGroup/SkillPanel/ScrollArea/List/SkillSlot_57/Icon
        Entity is fully off-canvas: right by 5853px (bbox=(6662,-111)-(6813,40), canvas=1920x1080)
        hint: Edge formula: anchoredPosition = sign * (margin + RectSize/2) for center-pivot. For stretch axes, use OffsetMin/OffsetMax (anchoredPosition is ignored). Verify Pivot - non-center pivots shift the bbox.
[ERROR  ] L013 /ui/TitleGroup/SkillPanel/ScrollArea/List/SkillSlot_57/Level
        Entity is fully off-canvas: right by 5885px (bbox=(6633,-145)-(6845,-119), canvas=1920x1080)
        hint: Edge formula: anchoredPosition = sign * (margin + RectSize/2) for center-pivot. For stretch axes, use OffsetMin/OffsetMax (anchoredPosition is ignored). Verify Pivot - non-center pivots shift the bbox.
[ERROR  ] L013 /ui/TitleGroup/SkillPanel/ScrollArea/List/SkillSlot_57/Name
        Entity is fully off-canvas: right by 5884px (bbox=(6632,-180)-(6844,-154), canvas=1920x1080)
        hint: Edge formula: anchoredPosition = sign * (margin + RectSize/2) for center-pivot. For stretch axes, use OffsetMin/OffsetMax (anchoredPosition is ignored). Verify Pivot - non-center pivots shift the bbox.
[ERROR  ] L013 /ui/TitleGroup/SkillPanel/ScrollArea/List/SkillSlot_57/ProgressBg
        Entity is fully off-canvas: right by 5845px (bbox=(6675,-213)-(6805,-185), canvas=1920x1080)
        hint: Edge formula: anchoredPosition = sign * (margin + RectSize/2) for center-pivot. For stretch axes, use OffsetMin/OffsetMax (anchoredPosition is ignored). Verify Pivot - non-center pivots shift the bbox.
[ERROR  ] L013 /ui/TitleGroup/SkillPanel/ScrollArea/List/SkillSlot_57/ProgressFill
        Entity is fully off-canvas: right by 5845px (bbox=(6675,-213)-(6805,-185), canvas=1920x1080)
        hint: Edge formula: anchoredPosition = sign * (margin + RectSize/2) for center-pivot. For stretch axes, use OffsetMin/OffsetMax (anchoredPosition is ignored). Verify Pivot - non-center pivots shift the bbox.
[ERROR  ] L013 /ui/TitleGroup/SkillPanel/ScrollArea/List/SkillSlot_57/ProgressText
        Entity is fully off-canvas: right by 5880px (bbox=(6640,-213)-(6840,-185), canvas=1920x1080)
        hint: Edge formula: anchoredPosition = sign * (margin + RectSize/2) for center-pivot. For stretch axes, use OffsetMin/OffsetMax (anchoredPosition is ignored). Verify Pivot - non-center pivots shift the bbox.
[ERROR  ] L013 /ui/TitleGroup/SkillPanel/ScrollArea/List/SkillSlot_57/RedDot
        Entity is fully off-canvas: right by 5886px (bbox=(6784,6)-(6846,68), canvas=1920x1080)
        hint: Edge formula: anchoredPosition = sign * (margin + RectSize/2) for center-pivot. For stretch axes, use OffsetMin/OffsetMax (anchoredPosition is ignored). Verify Pivot - non-center pivots shift the bbox.
[ERROR  ] L013 /ui/TitleGroup/SkillPanel/ScrollArea/List/SkillSlot_57/RedDot/Mark
        Entity is fully off-canvas: right by 5886px (bbox=(6784,6)-(6846,68), canvas=1920x1080)
        hint: Edge formula: anchoredPosition = sign * (margin + RectSize/2) for center-pivot. For stretch axes, use OffsetMin/OffsetMax (anchoredPosition is ignored). Verify Pivot - non-center pivots shift the bbox.
[ERROR  ] L013 /ui/TitleGroup/SkillPanel/ScrollArea/List/SkillSlot_58
        Entity is fully off-canvas: right by 6146px (bbox=(6876,132)-(7106,412), canvas=1920x1080)
        hint: Edge formula: anchoredPosition = sign * (margin + RectSize/2) for center-pivot. For stretch axes, use OffsetMin/OffsetMax (anchoredPosition is ignored). Verify Pivot - non-center pivots shift the bbox.
[ERROR  ] L013 /ui/TitleGroup/SkillPanel/ScrollArea/List/SkillSlot_58/Bg
        Entity is fully off-canvas: right by 6155px (bbox=(6865,55)-(7115,445), canvas=1920x1080)
        hint: Edge formula: anchoredPosition = sign * (margin + RectSize/2) for center-pivot. For stretch axes, use OffsetMin/OffsetMax (anchoredPosition is ignored). Verify Pivot - non-center pivots shift the bbox.
[ERROR  ] L013 /ui/TitleGroup/SkillPanel/ScrollArea/List/SkillSlot_58/Bg_1
        Entity is fully off-canvas: right by 6110px (bbox=(6914,225)-(7070,375), canvas=1920x1080)
        hint: Edge formula: anchoredPosition = sign * (margin + RectSize/2) for center-pivot. For stretch axes, use OffsetMin/OffsetMax (anchoredPosition is ignored). Verify Pivot - non-center pivots shift the bbox.
[ERROR  ] L013 /ui/TitleGroup/SkillPanel/ScrollArea/List/SkillSlot_58/Icon
        Entity is fully off-canvas: right by 6107px (bbox=(6916,224)-(7067,375), canvas=1920x1080)
        hint: Edge formula: anchoredPosition = sign * (margin + RectSize/2) for center-pivot. For stretch axes, use OffsetMin/OffsetMax (anchoredPosition is ignored). Verify Pivot - non-center pivots shift the bbox.
[ERROR  ] L013 /ui/TitleGroup/SkillPanel/ScrollArea/List/SkillSlot_58/Level
        Entity is fully off-canvas: right by 6139px (bbox=(6887,190)-(7099,216), canvas=1920x1080)
        hint: Edge formula: anchoredPosition = sign * (margin + RectSize/2) for center-pivot. For stretch axes, use OffsetMin/OffsetMax (anchoredPosition is ignored). Verify Pivot - non-center pivots shift the bbox.
[ERROR  ] L013 /ui/TitleGroup/SkillPanel/ScrollArea/List/SkillSlot_58/Name
        Entity is fully off-canvas: right by 6138px (bbox=(6886,155)-(7098,181), canvas=1920x1080)
        hint: Edge formula: anchoredPosition = sign * (margin + RectSize/2) for center-pivot. For stretch axes, use OffsetMin/OffsetMax (anchoredPosition is ignored). Verify Pivot - non-center pivots shift the bbox.
[ERROR  ] L013 /ui/TitleGroup/SkillPanel/ScrollArea/List/SkillSlot_58/ProgressBg
        Entity is fully off-canvas: right by 6099px (bbox=(6929,122)-(7059,150), canvas=1920x1080)
        hint: Edge formula: anchoredPosition = sign * (margin + RectSize/2) for center-pivot. For stretch axes, use OffsetMin/OffsetMax (anchoredPosition is ignored). Verify Pivot - non-center pivots shift the bbox.
[ERROR  ] L013 /ui/TitleGroup/SkillPanel/ScrollArea/List/SkillSlot_58/ProgressFill
        Entity is fully off-canvas: right by 6099px (bbox=(6929,122)-(7059,150), canvas=1920x1080)
        hint: Edge formula: anchoredPosition = sign * (margin + RectSize/2) for center-pivot. For stretch axes, use OffsetMin/OffsetMax (anchoredPosition is ignored). Verify Pivot - non-center pivots shift the bbox.
[ERROR  ] L013 /ui/TitleGroup/SkillPanel/ScrollArea/List/SkillSlot_58/ProgressText
        Entity is fully off-canvas: right by 6134px (bbox=(6894,122)-(7094,150), canvas=1920x1080)
        hint: Edge formula: anchoredPosition = sign * (margin + RectSize/2) for center-pivot. For stretch axes, use OffsetMin/OffsetMax (anchoredPosition is ignored). Verify Pivot - non-center pivots shift the bbox.
[ERROR  ] L013 /ui/TitleGroup/SkillPanel/ScrollArea/List/SkillSlot_58/RedDot
        Entity is fully off-canvas: right by 6140px (bbox=(7038,341)-(7100,403), canvas=1920x1080)
        hint: Edge formula: anchoredPosition = sign * (margin + RectSize/2) for center-pivot. For stretch axes, use OffsetMin/OffsetMax (anchoredPosition is ignored). Verify Pivot - non-center pivots shift the bbox.
[ERROR  ] L013 /ui/TitleGroup/SkillPanel/ScrollArea/List/SkillSlot_58/RedDot/Mark
        Entity is fully off-canvas: right by 6140px (bbox=(7038,341)-(7100,403), canvas=1920x1080)
        hint: Edge formula: anchoredPosition = sign * (margin + RectSize/2) for center-pivot. For stretch axes, use OffsetMin/OffsetMax (anchoredPosition is ignored). Verify Pivot - non-center pivots shift the bbox.
[ERROR  ] L013 /ui/TitleGroup/SkillPanel/ScrollArea/List/SkillSlot_59
        Entity is fully off-canvas: right by 6146px (bbox=(6876,-203)-(7106,77), canvas=1920x1080)
        hint: Edge formula: anchoredPosition = sign * (margin + RectSize/2) for center-pivot. For stretch axes, use OffsetMin/OffsetMax (anchoredPosition is ignored). Verify Pivot - non-center pivots shift the bbox.
[ERROR  ] L013 /ui/TitleGroup/SkillPanel/ScrollArea/List/SkillSlot_59/Bg
        Entity is fully off-canvas: right by 6155px (bbox=(6865,-280)-(7115,110), canvas=1920x1080)
        hint: Edge formula: anchoredPosition = sign * (margin + RectSize/2) for center-pivot. For stretch axes, use OffsetMin/OffsetMax (anchoredPosition is ignored). Verify Pivot - non-center pivots shift the bbox.
[ERROR  ] L013 /ui/TitleGroup/SkillPanel/ScrollArea/List/SkillSlot_59/Bg_1
        Entity is fully off-canvas: right by 6110px (bbox=(6914,-110)-(7070,40), canvas=1920x1080)
        hint: Edge formula: anchoredPosition = sign * (margin + RectSize/2) for center-pivot. For stretch axes, use OffsetMin/OffsetMax (anchoredPosition is ignored). Verify Pivot - non-center pivots shift the bbox.
[ERROR  ] L013 /ui/TitleGroup/SkillPanel/ScrollArea/List/SkillSlot_59/Icon
        Entity is fully off-canvas: right by 6107px (bbox=(6916,-111)-(7067,40), canvas=1920x1080)
        hint: Edge formula: anchoredPosition = sign * (margin + RectSize/2) for center-pivot. For stretch axes, use OffsetMin/OffsetMax (anchoredPosition is ignored). Verify Pivot - non-center pivots shift the bbox.
[ERROR  ] L013 /ui/TitleGroup/SkillPanel/ScrollArea/List/SkillSlot_59/Level
        Entity is fully off-canvas: right by 6139px (bbox=(6887,-145)-(7099,-119), canvas=1920x1080)
        hint: Edge formula: anchoredPosition = sign * (margin + RectSize/2) for center-pivot. For stretch axes, use OffsetMin/OffsetMax (anchoredPosition is ignored). Verify Pivot - non-center pivots shift the bbox.
[ERROR  ] L013 /ui/TitleGroup/SkillPanel/ScrollArea/List/SkillSlot_59/Name
        Entity is fully off-canvas: right by 6138px (bbox=(6886,-180)-(7098,-154), canvas=1920x1080)
        hint: Edge formula: anchoredPosition = sign * (margin + RectSize/2) for center-pivot. For stretch axes, use OffsetMin/OffsetMax (anchoredPosition is ignored). Verify Pivot - non-center pivots shift the bbox.
[ERROR  ] L013 /ui/TitleGroup/SkillPanel/ScrollArea/List/SkillSlot_59/ProgressBg
        Entity is fully off-canvas: right by 6099px (bbox=(6929,-213)-(7059,-185), canvas=1920x1080)
        hint: Edge formula: anchoredPosition = sign * (margin + RectSize/2) for center-pivot. For stretch axes, use OffsetMin/OffsetMax (anchoredPosition is ignored). Verify Pivot - non-center pivots shift the bbox.
[ERROR  ] L013 /ui/TitleGroup/SkillPanel/ScrollArea/List/SkillSlot_59/ProgressFill
        Entity is fully off-canvas: right by 6099px (bbox=(6929,-213)-(7059,-185), canvas=1920x1080)
        hint: Edge formula: anchoredPosition = sign * (margin + RectSize/2) for center-pivot. For stretch axes, use OffsetMin/OffsetMax (anchoredPosition is ignored). Verify Pivot - non-center pivots shift the bbox.
[ERROR  ] L013 /ui/TitleGroup/SkillPanel/ScrollArea/List/SkillSlot_59/ProgressText
        Entity is fully off-canvas: right by 6134px (bbox=(6894,-213)-(7094,-185), canvas=1920x1080)
        hint: Edge formula: anchoredPosition = sign * (margin + RectSize/2) for center-pivot. For stretch axes, use OffsetMin/OffsetMax (anchoredPosition is ignored). Verify Pivot - non-center pivots shift the bbox.
[ERROR  ] L013 /ui/TitleGroup/SkillPanel/ScrollArea/List/SkillSlot_59/RedDot
        Entity is fully off-canvas: right by 6140px (bbox=(7038,6)-(7100,68), canvas=1920x1080)
        hint: Edge formula: anchoredPosition = sign * (margin + RectSize/2) for center-pivot. For stretch axes, use OffsetMin/OffsetMax (anchoredPosition is ignored). Verify Pivot - non-center pivots shift the bbox.
[ERROR  ] L013 /ui/TitleGroup/SkillPanel/ScrollArea/List/SkillSlot_59/RedDot/Mark
        Entity is fully off-canvas: right by 6140px (bbox=(7038,6)-(7100,68), canvas=1920x1080)
        hint: Edge formula: anchoredPosition = sign * (margin + RectSize/2) for center-pivot. For stretch axes, use OffsetMin/OffsetMax (anchoredPosition is ignored). Verify Pivot - non-center pivots shift the bbox.
[ERROR  ] L013 /ui/TitleGroup/SkillPanel/ScrollArea/List/SkillSlot_60
        Entity is fully off-canvas: right by 6400px (bbox=(7130,132)-(7360,412), canvas=1920x1080)
        hint: Edge formula: anchoredPosition = sign * (margin + RectSize/2) for center-pivot. For stretch axes, use OffsetMin/OffsetMax (anchoredPosition is ignored). Verify Pivot - non-center pivots shift the bbox.
[ERROR  ] L013 /ui/TitleGroup/SkillPanel/ScrollArea/List/SkillSlot_60/Bg
        Entity is fully off-canvas: right by 6409px (bbox=(7119,55)-(7369,445), canvas=1920x1080)
        hint: Edge formula: anchoredPosition = sign * (margin + RectSize/2) for center-pivot. For stretch axes, use OffsetMin/OffsetMax (anchoredPosition is ignored). Verify Pivot - non-center pivots shift the bbox.
[ERROR  ] L013 /ui/TitleGroup/SkillPanel/ScrollArea/List/SkillSlot_60/Bg_1
        Entity is fully off-canvas: right by 6364px (bbox=(7168,225)-(7324,375), canvas=1920x1080)
        hint: Edge formula: anchoredPosition = sign * (margin + RectSize/2) for center-pivot. For stretch axes, use OffsetMin/OffsetMax (anchoredPosition is ignored). Verify Pivot - non-center pivots shift the bbox.
[ERROR  ] L013 /ui/TitleGroup/SkillPanel/ScrollArea/List/SkillSlot_60/Icon
        Entity is fully off-canvas: right by 6361px (bbox=(7170,224)-(7321,375), canvas=1920x1080)
        hint: Edge formula: anchoredPosition = sign * (margin + RectSize/2) for center-pivot. For stretch axes, use OffsetMin/OffsetMax (anchoredPosition is ignored). Verify Pivot - non-center pivots shift the bbox.
[ERROR  ] L013 /ui/TitleGroup/SkillPanel/ScrollArea/List/SkillSlot_60/Level
        Entity is fully off-canvas: right by 6393px (bbox=(7141,190)-(7353,216), canvas=1920x1080)
        hint: Edge formula: anchoredPosition = sign * (margin + RectSize/2) for center-pivot. For stretch axes, use OffsetMin/OffsetMax (anchoredPosition is ignored). Verify Pivot - non-center pivots shift the bbox.
[ERROR  ] L013 /ui/TitleGroup/SkillPanel/ScrollArea/List/SkillSlot_60/Name
        Entity is fully off-canvas: right by 6392px (bbox=(7140,155)-(7352,181), canvas=1920x1080)
        hint: Edge formula: anchoredPosition = sign * (margin + RectSize/2) for center-pivot. For stretch axes, use OffsetMin/OffsetMax (anchoredPosition is ignored). Verify Pivot - non-center pivots shift the bbox.
[ERROR  ] L013 /ui/TitleGroup/SkillPanel/ScrollArea/List/SkillSlot_60/ProgressBg
        Entity is fully off-canvas: right by 6353px (bbox=(7183,122)-(7313,150), canvas=1920x1080)
        hint: Edge formula: anchoredPosition = sign * (margin + RectSize/2) for center-pivot. For stretch axes, use OffsetMin/OffsetMax (anchoredPosition is ignored). Verify Pivot - non-center pivots shift the bbox.
[ERROR  ] L013 /ui/TitleGroup/SkillPanel/ScrollArea/List/SkillSlot_60/ProgressFill
        Entity is fully off-canvas: right by 6353px (bbox=(7183,122)-(7313,150), canvas=1920x1080)
        hint: Edge formula: anchoredPosition = sign * (margin + RectSize/2) for center-pivot. For stretch axes, use OffsetMin/OffsetMax (anchoredPosition is ignored). Verify Pivot - non-center pivots shift the bbox.
[ERROR  ] L013 /ui/TitleGroup/SkillPanel/ScrollArea/List/SkillSlot_60/ProgressText
        Entity is fully off-canvas: right by 6388px (bbox=(7148,122)-(7348,150), canvas=1920x1080)
        hint: Edge formula: anchoredPosition = sign * (margin + RectSize/2) for center-pivot. For stretch axes, use OffsetMin/OffsetMax (anchoredPosition is ignored). Verify Pivot - non-center pivots shift the bbox.
[ERROR  ] L013 /ui/TitleGroup/SkillPanel/ScrollArea/List/SkillSlot_60/RedDot
        Entity is fully off-canvas: right by 6394px (bbox=(7292,341)-(7354,403), canvas=1920x1080)
        hint: Edge formula: anchoredPosition = sign * (margin + RectSize/2) for center-pivot. For stretch axes, use OffsetMin/OffsetMax (anchoredPosition is ignored). Verify Pivot - non-center pivots shift the bbox.
[ERROR  ] L013 /ui/TitleGroup/SkillPanel/ScrollArea/List/SkillSlot_60/RedDot/Mark
        Entity is fully off-canvas: right by 6394px (bbox=(7292,341)-(7354,403), canvas=1920x1080)
        hint: Edge formula: anchoredPosition = sign * (margin + RectSize/2) for center-pivot. For stretch axes, use OffsetMin/OffsetMax (anchoredPosition is ignored). Verify Pivot - non-center pivots shift the bbox.
[ERROR  ] L013 /ui/TitleGroup/SkillPanel/ScrollArea/List/SkillSlot_61
        Entity is fully off-canvas: right by 6400px (bbox=(7130,-203)-(7360,77), canvas=1920x1080)
        hint: Edge formula: anchoredPosition = sign * (margin + RectSize/2) for center-pivot. For stretch axes, use OffsetMin/OffsetMax (anchoredPosition is ignored). Verify Pivot - non-center pivots shift the bbox.
[ERROR  ] L013 /ui/TitleGroup/SkillPanel/ScrollArea/List/SkillSlot_61/Bg
        Entity is fully off-canvas: right by 6409px (bbox=(7119,-280)-(7369,110), canvas=1920x1080)
        hint: Edge formula: anchoredPosition = sign * (margin + RectSize/2) for center-pivot. For stretch axes, use OffsetMin/OffsetMax (anchoredPosition is ignored). Verify Pivot - non-center pivots shift the bbox.
[ERROR  ] L013 /ui/TitleGroup/SkillPanel/ScrollArea/List/SkillSlot_61/Bg_1
        Entity is fully off-canvas: right by 6364px (bbox=(7168,-110)-(7324,40), canvas=1920x1080)
        hint: Edge formula: anchoredPosition = sign * (margin + RectSize/2) for center-pivot. For stretch axes, use OffsetMin/OffsetMax (anchoredPosition is ignored). Verify Pivot - non-center pivots shift the bbox.
[ERROR  ] L013 /ui/TitleGroup/SkillPanel/ScrollArea/List/SkillSlot_61/Icon
        Entity is fully off-canvas: right by 6361px (bbox=(7170,-111)-(7321,40), canvas=1920x1080)
        hint: Edge formula: anchoredPosition = sign * (margin + RectSize/2) for center-pivot. For stretch axes, use OffsetMin/OffsetMax (anchoredPosition is ignored). Verify Pivot - non-center pivots shift the bbox.
[ERROR  ] L013 /ui/TitleGroup/SkillPanel/ScrollArea/List/SkillSlot_61/Level
        Entity is fully off-canvas: right by 6393px (bbox=(7141,-145)-(7353,-119), canvas=1920x1080)
        hint: Edge formula: anchoredPosition = sign * (margin + RectSize/2) for center-pivot. For stretch axes, use OffsetMin/OffsetMax (anchoredPosition is ignored). Verify Pivot - non-center pivots shift the bbox.
[ERROR  ] L013 /ui/TitleGroup/SkillPanel/ScrollArea/List/SkillSlot_61/Name
        Entity is fully off-canvas: right by 6392px (bbox=(7140,-180)-(7352,-154), canvas=1920x1080)
        hint: Edge formula: anchoredPosition = sign * (margin + RectSize/2) for center-pivot. For stretch axes, use OffsetMin/OffsetMax (anchoredPosition is ignored). Verify Pivot - non-center pivots shift the bbox.
[ERROR  ] L013 /ui/TitleGroup/SkillPanel/ScrollArea/List/SkillSlot_61/ProgressBg
        Entity is fully off-canvas: right by 6353px (bbox=(7183,-213)-(7313,-185), canvas=1920x1080)
        hint: Edge formula: anchoredPosition = sign * (margin + RectSize/2) for center-pivot. For stretch axes, use OffsetMin/OffsetMax (anchoredPosition is ignored). Verify Pivot - non-center pivots shift the bbox.
[ERROR  ] L013 /ui/TitleGroup/SkillPanel/ScrollArea/List/SkillSlot_61/ProgressFill
        Entity is fully off-canvas: right by 6353px (bbox=(7183,-213)-(7313,-185), canvas=1920x1080)
        hint: Edge formula: anchoredPosition = sign * (margin + RectSize/2) for center-pivot. For stretch axes, use OffsetMin/OffsetMax (anchoredPosition is ignored). Verify Pivot - non-center pivots shift the bbox.
[ERROR  ] L013 /ui/TitleGroup/SkillPanel/ScrollArea/List/SkillSlot_61/ProgressText
        Entity is fully off-canvas: right by 6388px (bbox=(7148,-213)-(7348,-185), canvas=1920x1080)
        hint: Edge formula: anchoredPosition = sign * (margin + RectSize/2) for center-pivot. For stretch axes, use OffsetMin/OffsetMax (anchoredPosition is ignored). Verify Pivot - non-center pivots shift the bbox.
[ERROR  ] L013 /ui/TitleGroup/SkillPanel/ScrollArea/List/SkillSlot_61/RedDot
        Entity is fully off-canvas: right by 6394px (bbox=(7292,6)-(7354,68), canvas=1920x1080)
        hint: Edge formula: anchoredPosition = sign * (margin + RectSize/2) for center-pivot. For stretch axes, use OffsetMin/OffsetMax (anchoredPosition is ignored). Verify Pivot - non-center pivots shift the bbox.
[ERROR  ] L013 /ui/TitleGroup/SkillPanel/ScrollArea/List/SkillSlot_61/RedDot/Mark
        Entity is fully off-canvas: right by 6394px (bbox=(7292,6)-(7354,68), canvas=1920x1080)
        hint: Edge formula: anchoredPosition = sign * (margin + RectSize/2) for center-pivot. For stretch axes, use OffsetMin/OffsetMax (anchoredPosition is ignored). Verify Pivot - non-center pivots shift the bbox.
[ERROR  ] L013 /ui/TitleGroup/SkillPanel/ScrollArea/List/SkillSlot_62
        Entity is fully off-canvas: right by 6654px (bbox=(7384,132)-(7614,412), canvas=1920x1080)
        hint: Edge formula: anchoredPosition = sign * (margin + RectSize/2) for center-pivot. For stretch axes, use OffsetMin/OffsetMax (anchoredPosition is ignored). Verify Pivot - non-center pivots shift the bbox.
[ERROR  ] L013 /ui/TitleGroup/SkillPanel/ScrollArea/List/SkillSlot_62/Bg
        Entity is fully off-canvas: right by 6663px (bbox=(7373,55)-(7623,445), canvas=1920x1080)
        hint: Edge formula: anchoredPosition = sign * (margin + RectSize/2) for center-pivot. For stretch axes, use OffsetMin/OffsetMax (anchoredPosition is ignored). Verify Pivot - non-center pivots shift the bbox.
[ERROR  ] L013 /ui/TitleGroup/SkillPanel/ScrollArea/List/SkillSlot_62/Bg_1
        Entity is fully off-canvas: right by 6618px (bbox=(7422,225)-(7578,375), canvas=1920x1080)
        hint: Edge formula: anchoredPosition = sign * (margin + RectSize/2) for center-pivot. For stretch axes, use OffsetMin/OffsetMax (anchoredPosition is ignored). Verify Pivot - non-center pivots shift the bbox.
[ERROR  ] L013 /ui/TitleGroup/SkillPanel/ScrollArea/List/SkillSlot_62/Icon
        Entity is fully off-canvas: right by 6615px (bbox=(7424,224)-(7575,375), canvas=1920x1080)
        hint: Edge formula: anchoredPosition = sign * (margin + RectSize/2) for center-pivot. For stretch axes, use OffsetMin/OffsetMax (anchoredPosition is ignored). Verify Pivot - non-center pivots shift the bbox.
[ERROR  ] L013 /ui/TitleGroup/SkillPanel/ScrollArea/List/SkillSlot_62/Level
        Entity is fully off-canvas: right by 6647px (bbox=(7395,190)-(7607,216), canvas=1920x1080)
        hint: Edge formula: anchoredPosition = sign * (margin + RectSize/2) for center-pivot. For stretch axes, use OffsetMin/OffsetMax (anchoredPosition is ignored). Verify Pivot - non-center pivots shift the bbox.
[ERROR  ] L013 /ui/TitleGroup/SkillPanel/ScrollArea/List/SkillSlot_62/Name
        Entity is fully off-canvas: right by 6646px (bbox=(7394,155)-(7606,181), canvas=1920x1080)
        hint: Edge formula: anchoredPosition = sign * (margin + RectSize/2) for center-pivot. For stretch axes, use OffsetMin/OffsetMax (anchoredPosition is ignored). Verify Pivot - non-center pivots shift the bbox.
[ERROR  ] L013 /ui/TitleGroup/SkillPanel/ScrollArea/List/SkillSlot_62/ProgressBg
        Entity is fully off-canvas: right by 6607px (bbox=(7437,122)-(7567,150), canvas=1920x1080)
        hint: Edge formula: anchoredPosition = sign * (margin + RectSize/2) for center-pivot. For stretch axes, use OffsetMin/OffsetMax (anchoredPosition is ignored). Verify Pivot - non-center pivots shift the bbox.
[ERROR  ] L013 /ui/TitleGroup/SkillPanel/ScrollArea/List/SkillSlot_62/ProgressFill
        Entity is fully off-canvas: right by 6607px (bbox=(7437,122)-(7567,150), canvas=1920x1080)
        hint: Edge formula: anchoredPosition = sign * (margin + RectSize/2) for center-pivot. For stretch axes, use OffsetMin/OffsetMax (anchoredPosition is ignored). Verify Pivot - non-center pivots shift the bbox.
[ERROR  ] L013 /ui/TitleGroup/SkillPanel/ScrollArea/List/SkillSlot_62/ProgressText
        Entity is fully off-canvas: right by 6642px (bbox=(7402,122)-(7602,150), canvas=1920x1080)
        hint: Edge formula: anchoredPosition = sign * (margin + RectSize/2) for center-pivot. For stretch axes, use OffsetMin/OffsetMax (anchoredPosition is ignored). Verify Pivot - non-center pivots shift the bbox.
[ERROR  ] L013 /ui/TitleGroup/SkillPanel/ScrollArea/List/SkillSlot_62/RedDot
        Entity is fully off-canvas: right by 6648px (bbox=(7546,341)-(7608,403), canvas=1920x1080)
        hint: Edge formula: anchoredPosition = sign * (margin + RectSize/2) for center-pivot. For stretch axes, use OffsetMin/OffsetMax (anchoredPosition is ignored). Verify Pivot - non-center pivots shift the bbox.
[ERROR  ] L013 /ui/TitleGroup/SkillPanel/ScrollArea/List/SkillSlot_62/RedDot/Mark
        Entity is fully off-canvas: right by 6648px (bbox=(7546,341)-(7608,403), canvas=1920x1080)
        hint: Edge formula: anchoredPosition = sign * (margin + RectSize/2) for center-pivot. For stretch axes, use OffsetMin/OffsetMax (anchoredPosition is ignored). Verify Pivot - non-center pivots shift the bbox.
[ERROR  ] L013 /ui/TitleGroup/SkillPanel/ScrollArea/List/SkillSlot_63
        Entity is fully off-canvas: right by 6654px (bbox=(7384,-203)-(7614,77), canvas=1920x1080)
        hint: Edge formula: anchoredPosition = sign * (margin + RectSize/2) for center-pivot. For stretch axes, use OffsetMin/OffsetMax (anchoredPosition is ignored). Verify Pivot - non-center pivots shift the bbox.
[ERROR  ] L013 /ui/TitleGroup/SkillPanel/ScrollArea/List/SkillSlot_63/Bg
        Entity is fully off-canvas: right by 6663px (bbox=(7373,-280)-(7623,110), canvas=1920x1080)
        hint: Edge formula: anchoredPosition = sign * (margin + RectSize/2) for center-pivot. For stretch axes, use OffsetMin/OffsetMax (anchoredPosition is ignored). Verify Pivot - non-center pivots shift the bbox.
[ERROR  ] L013 /ui/TitleGroup/SkillPanel/ScrollArea/List/SkillSlot_63/Bg_1
        Entity is fully off-canvas: right by 6618px (bbox=(7422,-110)-(7578,40), canvas=1920x1080)
        hint: Edge formula: anchoredPosition = sign * (margin + RectSize/2) for center-pivot. For stretch axes, use OffsetMin/OffsetMax (anchoredPosition is ignored). Verify Pivot - non-center pivots shift the bbox.
[ERROR  ] L013 /ui/TitleGroup/SkillPanel/ScrollArea/List/SkillSlot_63/Icon
        Entity is fully off-canvas: right by 6615px (bbox=(7424,-111)-(7575,40), canvas=1920x1080)
        hint: Edge formula: anchoredPosition = sign * (margin + RectSize/2) for center-pivot. For stretch axes, use OffsetMin/OffsetMax (anchoredPosition is ignored). Verify Pivot - non-center pivots shift the bbox.
[ERROR  ] L013 /ui/TitleGroup/SkillPanel/ScrollArea/List/SkillSlot_63/Level
        Entity is fully off-canvas: right by 6647px (bbox=(7395,-145)-(7607,-119), canvas=1920x1080)
        hint: Edge formula: anchoredPosition = sign * (margin + RectSize/2) for center-pivot. For stretch axes, use OffsetMin/OffsetMax (anchoredPosition is ignored). Verify Pivot - non-center pivots shift the bbox.
[ERROR  ] L013 /ui/TitleGroup/SkillPanel/ScrollArea/List/SkillSlot_63/Name
        Entity is fully off-canvas: right by 6646px (bbox=(7394,-180)-(7606,-154), canvas=1920x1080)
        hint: Edge formula: anchoredPosition = sign * (margin + RectSize/2) for center-pivot. For stretch axes, use OffsetMin/OffsetMax (anchoredPosition is ignored). Verify Pivot - non-center pivots shift the bbox.
[ERROR  ] L013 /ui/TitleGroup/SkillPanel/ScrollArea/List/SkillSlot_63/ProgressBg
        Entity is fully off-canvas: right by 6607px (bbox=(7437,-213)-(7567,-185), canvas=1920x1080)
        hint: Edge formula: anchoredPosition = sign * (margin + RectSize/2) for center-pivot. For stretch axes, use OffsetMin/OffsetMax (anchoredPosition is ignored). Verify Pivot - non-center pivots shift the bbox.
[ERROR  ] L013 /ui/TitleGroup/SkillPanel/ScrollArea/List/SkillSlot_63/ProgressFill
        Entity is fully off-canvas: right by 6607px (bbox=(7437,-213)-(7567,-185), canvas=1920x1080)
        hint: Edge formula: anchoredPosition = sign * (margin + RectSize/2) for center-pivot. For stretch axes, use OffsetMin/OffsetMax (anchoredPosition is ignored). Verify Pivot - non-center pivots shift the bbox.
[ERROR  ] L013 /ui/TitleGroup/SkillPanel/ScrollArea/List/SkillSlot_63/ProgressText
        Entity is fully off-canvas: right by 6642px (bbox=(7402,-213)-(7602,-185), canvas=1920x1080)
        hint: Edge formula: anchoredPosition = sign * (margin + RectSize/2) for center-pivot. For stretch axes, use OffsetMin/OffsetMax (anchoredPosition is ignored). Verify Pivot - non-center pivots shift the bbox.
[ERROR  ] L013 /ui/TitleGroup/SkillPanel/ScrollArea/List/SkillSlot_63/RedDot
        Entity is fully off-canvas: right by 6648px (bbox=(7546,6)-(7608,68), canvas=1920x1080)
        hint: Edge formula: anchoredPosition = sign * (margin + RectSize/2) for center-pivot. For stretch axes, use OffsetMin/OffsetMax (anchoredPosition is ignored). Verify Pivot - non-center pivots shift the bbox.
[ERROR  ] L013 /ui/TitleGroup/SkillPanel/ScrollArea/List/SkillSlot_63/RedDot/Mark
        Entity is fully off-canvas: right by 6648px (bbox=(7546,6)-(7608,68), canvas=1920x1080)
        hint: Edge formula: anchoredPosition = sign * (margin + RectSize/2) for center-pivot. For stretch axes, use OffsetMin/OffsetMax (anchoredPosition is ignored). Verify Pivot - non-center pivots shift the bbox.
[ERROR  ] L013 /ui/TitleGroup/SkillPanel/ScrollArea/List/SkillSlot_64
        Entity is fully off-canvas: right by 6908px (bbox=(7638,132)-(7868,412), canvas=1920x1080)
        hint: Edge formula: anchoredPosition = sign * (margin + RectSize/2) for center-pivot. For stretch axes, use OffsetMin/OffsetMax (anchoredPosition is ignored). Verify Pivot - non-center pivots shift the bbox.
[ERROR  ] L013 /ui/TitleGroup/SkillPanel/ScrollArea/List/SkillSlot_64/Bg
        Entity is fully off-canvas: right by 6917px (bbox=(7627,55)-(7877,445), canvas=1920x1080)
        hint: Edge formula: anchoredPosition = sign * (margin + RectSize/2) for center-pivot. For stretch axes, use OffsetMin/OffsetMax (anchoredPosition is ignored). Verify Pivot - non-center pivots shift the bbox.
[ERROR  ] L013 /ui/TitleGroup/SkillPanel/ScrollArea/List/SkillSlot_64/Bg_1
        Entity is fully off-canvas: right by 6872px (bbox=(7676,225)-(7832,375), canvas=1920x1080)
        hint: Edge formula: anchoredPosition = sign * (margin + RectSize/2) for center-pivot. For stretch axes, use OffsetMin/OffsetMax (anchoredPosition is ignored). Verify Pivot - non-center pivots shift the bbox.
[ERROR  ] L013 /ui/TitleGroup/SkillPanel/ScrollArea/List/SkillSlot_64/Icon
        Entity is fully off-canvas: right by 6869px (bbox=(7678,224)-(7829,375), canvas=1920x1080)
        hint: Edge formula: anchoredPosition = sign * (margin + RectSize/2) for center-pivot. For stretch axes, use OffsetMin/OffsetMax (anchoredPosition is ignored). Verify Pivot - non-center pivots shift the bbox.
[ERROR  ] L013 /ui/TitleGroup/SkillPanel/ScrollArea/List/SkillSlot_64/Level
        Entity is fully off-canvas: right by 6901px (bbox=(7649,190)-(7861,216), canvas=1920x1080)
        hint: Edge formula: anchoredPosition = sign * (margin + RectSize/2) for center-pivot. For stretch axes, use OffsetMin/OffsetMax (anchoredPosition is ignored). Verify Pivot - non-center pivots shift the bbox.
[ERROR  ] L013 /ui/TitleGroup/SkillPanel/ScrollArea/List/SkillSlot_64/Name
        Entity is fully off-canvas: right by 6900px (bbox=(7648,155)-(7860,181), canvas=1920x1080)
        hint: Edge formula: anchoredPosition = sign * (margin + RectSize/2) for center-pivot. For stretch axes, use OffsetMin/OffsetMax (anchoredPosition is ignored). Verify Pivot - non-center pivots shift the bbox.
[ERROR  ] L013 /ui/TitleGroup/SkillPanel/ScrollArea/List/SkillSlot_64/ProgressBg
        Entity is fully off-canvas: right by 6861px (bbox=(7691,122)-(7821,150), canvas=1920x1080)
        hint: Edge formula: anchoredPosition = sign * (margin + RectSize/2) for center-pivot. For stretch axes, use OffsetMin/OffsetMax (anchoredPosition is ignored). Verify Pivot - non-center pivots shift the bbox.
[ERROR  ] L013 /ui/TitleGroup/SkillPanel/ScrollArea/List/SkillSlot_64/ProgressFill
        Entity is fully off-canvas: right by 6861px (bbox=(7691,122)-(7821,150), canvas=1920x1080)
        hint: Edge formula: anchoredPosition = sign * (margin + RectSize/2) for center-pivot. For stretch axes, use OffsetMin/OffsetMax (anchoredPosition is ignored). Verify Pivot - non-center pivots shift the bbox.
[ERROR  ] L013 /ui/TitleGroup/SkillPanel/ScrollArea/List/SkillSlot_64/ProgressText
        Entity is fully off-canvas: right by 6896px (bbox=(7656,122)-(7856,150), canvas=1920x1080)
        hint: Edge formula: anchoredPosition = sign * (margin + RectSize/2) for center-pivot. For stretch axes, use OffsetMin/OffsetMax (anchoredPosition is ignored). Verify Pivot - non-center pivots shift the bbox.
[ERROR  ] L013 /ui/TitleGroup/SkillPanel/ScrollArea/List/SkillSlot_64/RedDot
        Entity is fully off-canvas: right by 6902px (bbox=(7800,341)-(7862,403), canvas=1920x1080)
        hint: Edge formula: anchoredPosition = sign * (margin + RectSize/2) for center-pivot. For stretch axes, use OffsetMin/OffsetMax (anchoredPosition is ignored). Verify Pivot - non-center pivots shift the bbox.
[ERROR  ] L013 /ui/TitleGroup/SkillPanel/ScrollArea/List/SkillSlot_64/RedDot/Mark
        Entity is fully off-canvas: right by 6902px (bbox=(7800,341)-(7862,403), canvas=1920x1080)
        hint: Edge formula: anchoredPosition = sign * (margin + RectSize/2) for center-pivot. For stretch axes, use OffsetMin/OffsetMax (anchoredPosition is ignored). Verify Pivot - non-center pivots shift the bbox.
[ERROR  ] L013 /ui/TitleGroup/SkillPanel/ScrollArea/List/SkillSlot_65
        Entity is fully off-canvas: right by 6908px (bbox=(7638,-203)-(7868,77), canvas=1920x1080)
        hint: Edge formula: anchoredPosition = sign * (margin + RectSize/2) for center-pivot. For stretch axes, use OffsetMin/OffsetMax (anchoredPosition is ignored). Verify Pivot - non-center pivots shift the bbox.
[ERROR  ] L013 /ui/TitleGroup/SkillPanel/ScrollArea/List/SkillSlot_65/Bg
        Entity is fully off-canvas: right by 6917px (bbox=(7627,-280)-(7877,110), canvas=1920x1080)
        hint: Edge formula: anchoredPosition = sign * (margin + RectSize/2) for center-pivot. For stretch axes, use OffsetMin/OffsetMax (anchoredPosition is ignored). Verify Pivot - non-center pivots shift the bbox.
[ERROR  ] L013 /ui/TitleGroup/SkillPanel/ScrollArea/List/SkillSlot_65/Bg_1
        Entity is fully off-canvas: right by 6872px (bbox=(7676,-110)-(7832,40), canvas=1920x1080)
        hint: Edge formula: anchoredPosition = sign * (margin + RectSize/2) for center-pivot. For stretch axes, use OffsetMin/OffsetMax (anchoredPosition is ignored). Verify Pivot - non-center pivots shift the bbox.
[ERROR  ] L013 /ui/TitleGroup/SkillPanel/ScrollArea/List/SkillSlot_65/Icon
        Entity is fully off-canvas: right by 6869px (bbox=(7678,-111)-(7829,40), canvas=1920x1080)
        hint: Edge formula: anchoredPosition = sign * (margin + RectSize/2) for center-pivot. For stretch axes, use OffsetMin/OffsetMax (anchoredPosition is ignored). Verify Pivot - non-center pivots shift the bbox.
[ERROR  ] L013 /ui/TitleGroup/SkillPanel/ScrollArea/List/SkillSlot_65/Level
        Entity is fully off-canvas: right by 6901px (bbox=(7649,-145)-(7861,-119), canvas=1920x1080)
        hint: Edge formula: anchoredPosition = sign * (margin + RectSize/2) for center-pivot. For stretch axes, use OffsetMin/OffsetMax (anchoredPosition is ignored). Verify Pivot - non-center pivots shift the bbox.
[ERROR  ] L013 /ui/TitleGroup/SkillPanel/ScrollArea/List/SkillSlot_65/Name
        Entity is fully off-canvas: right by 6900px (bbox=(7648,-180)-(7860,-154), canvas=1920x1080)
        hint: Edge formula: anchoredPosition = sign * (margin + RectSize/2) for center-pivot. For stretch axes, use OffsetMin/OffsetMax (anchoredPosition is ignored). Verify Pivot - non-center pivots shift the bbox.
[ERROR  ] L013 /ui/TitleGroup/SkillPanel/ScrollArea/List/SkillSlot_65/ProgressBg
        Entity is fully off-canvas: right by 6861px (bbox=(7691,-213)-(7821,-185), canvas=1920x1080)
        hint: Edge formula: anchoredPosition = sign * (margin + RectSize/2) for center-pivot. For stretch axes, use OffsetMin/OffsetMax (anchoredPosition is ignored). Verify Pivot - non-center pivots shift the bbox.
[ERROR  ] L013 /ui/TitleGroup/SkillPanel/ScrollArea/List/SkillSlot_65/ProgressFill
        Entity is fully off-canvas: right by 6861px (bbox=(7691,-213)-(7821,-185), canvas=1920x1080)
        hint: Edge formula: anchoredPosition = sign * (margin + RectSize/2) for center-pivot. For stretch axes, use OffsetMin/OffsetMax (anchoredPosition is ignored). Verify Pivot - non-center pivots shift the bbox.
[ERROR  ] L013 /ui/TitleGroup/SkillPanel/ScrollArea/List/SkillSlot_65/ProgressText
        Entity is fully off-canvas: right by 6896px (bbox=(7656,-213)-(7856,-185), canvas=1920x1080)
        hint: Edge formula: anchoredPosition = sign * (margin + RectSize/2) for center-pivot. For stretch axes, use OffsetMin/OffsetMax (anchoredPosition is ignored). Verify Pivot - non-center pivots shift the bbox.
[ERROR  ] L013 /ui/TitleGroup/SkillPanel/ScrollArea/List/SkillSlot_65/RedDot
        Entity is fully off-canvas: right by 6902px (bbox=(7800,6)-(7862,68), canvas=1920x1080)
        hint: Edge formula: anchoredPosition = sign * (margin + RectSize/2) for center-pivot. For stretch axes, use OffsetMin/OffsetMax (anchoredPosition is ignored). Verify Pivot - non-center pivots shift the bbox.
[ERROR  ] L013 /ui/TitleGroup/SkillPanel/ScrollArea/List/SkillSlot_65/RedDot/Mark
        Entity is fully off-canvas: right by 6902px (bbox=(7800,6)-(7862,68), canvas=1920x1080)
        hint: Edge formula: anchoredPosition = sign * (margin + RectSize/2) for center-pivot. For stretch axes, use OffsetMin/OffsetMax (anchoredPosition is ignored). Verify Pivot - non-center pivots shift the bbox.
[ERROR  ] L013 /ui/TitleGroup/SkillPanel/ScrollArea/List/SkillSlot_66
        Entity is fully off-canvas: right by 7162px (bbox=(7892,132)-(8122,412), canvas=1920x1080)
        hint: Edge formula: anchoredPosition = sign * (margin + RectSize/2) for center-pivot. For stretch axes, use OffsetMin/OffsetMax (anchoredPosition is ignored). Verify Pivot - non-center pivots shift the bbox.
[ERROR  ] L013 /ui/TitleGroup/SkillPanel/ScrollArea/List/SkillSlot_66/Bg
        Entity is fully off-canvas: right by 7171px (bbox=(7881,55)-(8131,445), canvas=1920x1080)
        hint: Edge formula: anchoredPosition = sign * (margin + RectSize/2) for center-pivot. For stretch axes, use OffsetMin/OffsetMax (anchoredPosition is ignored). Verify Pivot - non-center pivots shift the bbox.
[ERROR  ] L013 /ui/TitleGroup/SkillPanel/ScrollArea/List/SkillSlot_66/Bg_1
        Entity is fully off-canvas: right by 7126px (bbox=(7930,225)-(8086,375), canvas=1920x1080)
        hint: Edge formula: anchoredPosition = sign * (margin + RectSize/2) for center-pivot. For stretch axes, use OffsetMin/OffsetMax (anchoredPosition is ignored). Verify Pivot - non-center pivots shift the bbox.
[ERROR  ] L013 /ui/TitleGroup/SkillPanel/ScrollArea/List/SkillSlot_66/Icon
        Entity is fully off-canvas: right by 7123px (bbox=(7932,224)-(8083,375), canvas=1920x1080)
        hint: Edge formula: anchoredPosition = sign * (margin + RectSize/2) for center-pivot. For stretch axes, use OffsetMin/OffsetMax (anchoredPosition is ignored). Verify Pivot - non-center pivots shift the bbox.
[ERROR  ] L013 /ui/TitleGroup/SkillPanel/ScrollArea/List/SkillSlot_66/Level
        Entity is fully off-canvas: right by 7155px (bbox=(7903,190)-(8115,216), canvas=1920x1080)
        hint: Edge formula: anchoredPosition = sign * (margin + RectSize/2) for center-pivot. For stretch axes, use OffsetMin/OffsetMax (anchoredPosition is ignored). Verify Pivot - non-center pivots shift the bbox.
[ERROR  ] L013 /ui/TitleGroup/SkillPanel/ScrollArea/List/SkillSlot_66/Name
        Entity is fully off-canvas: right by 7154px (bbox=(7902,155)-(8114,181), canvas=1920x1080)
        hint: Edge formula: anchoredPosition = sign * (margin + RectSize/2) for center-pivot. For stretch axes, use OffsetMin/OffsetMax (anchoredPosition is ignored). Verify Pivot - non-center pivots shift the bbox.
[ERROR  ] L013 /ui/TitleGroup/SkillPanel/ScrollArea/List/SkillSlot_66/ProgressBg
        Entity is fully off-canvas: right by 7115px (bbox=(7945,122)-(8075,150), canvas=1920x1080)
        hint: Edge formula: anchoredPosition = sign * (margin + RectSize/2) for center-pivot. For stretch axes, use OffsetMin/OffsetMax (anchoredPosition is ignored). Verify Pivot - non-center pivots shift the bbox.
[ERROR  ] L013 /ui/TitleGroup/SkillPanel/ScrollArea/List/SkillSlot_66/ProgressFill
        Entity is fully off-canvas: right by 7115px (bbox=(7945,122)-(8075,150), canvas=1920x1080)
        hint: Edge formula: anchoredPosition = sign * (margin + RectSize/2) for center-pivot. For stretch axes, use OffsetMin/OffsetMax (anchoredPosition is ignored). Verify Pivot - non-center pivots shift the bbox.
[ERROR  ] L013 /ui/TitleGroup/SkillPanel/ScrollArea/List/SkillSlot_66/ProgressText
        Entity is fully off-canvas: right by 7150px (bbox=(7910,122)-(8110,150), canvas=1920x1080)
        hint: Edge formula: anchoredPosition = sign * (margin + RectSize/2) for center-pivot. For stretch axes, use OffsetMin/OffsetMax (anchoredPosition is ignored). Verify Pivot - non-center pivots shift the bbox.
[ERROR  ] L013 /ui/TitleGroup/SkillPanel/ScrollArea/List/SkillSlot_66/RedDot
        Entity is fully off-canvas: right by 7156px (bbox=(8054,341)-(8116,403), canvas=1920x1080)
        hint: Edge formula: anchoredPosition = sign * (margin + RectSize/2) for center-pivot. For stretch axes, use OffsetMin/OffsetMax (anchoredPosition is ignored). Verify Pivot - non-center pivots shift the bbox.
[ERROR  ] L013 /ui/TitleGroup/SkillPanel/ScrollArea/List/SkillSlot_66/RedDot/Mark
        Entity is fully off-canvas: right by 7156px (bbox=(8054,341)-(8116,403), canvas=1920x1080)
        hint: Edge formula: anchoredPosition = sign * (margin + RectSize/2) for center-pivot. For stretch axes, use OffsetMin/OffsetMax (anchoredPosition is ignored). Verify Pivot - non-center pivots shift the bbox.
[ERROR  ] L013 /ui/TitleGroup/SkillPanel/ScrollArea/List/SkillSlot_67
        Entity is fully off-canvas: right by 7162px (bbox=(7892,-203)-(8122,77), canvas=1920x1080)
        hint: Edge formula: anchoredPosition = sign * (margin + RectSize/2) for center-pivot. For stretch axes, use OffsetMin/OffsetMax (anchoredPosition is ignored). Verify Pivot - non-center pivots shift the bbox.
[ERROR  ] L013 /ui/TitleGroup/SkillPanel/ScrollArea/List/SkillSlot_67/Bg
        Entity is fully off-canvas: right by 7171px (bbox=(7881,-280)-(8131,110), canvas=1920x1080)
        hint: Edge formula: anchoredPosition = sign * (margin + RectSize/2) for center-pivot. For stretch axes, use OffsetMin/OffsetMax (anchoredPosition is ignored). Verify Pivot - non-center pivots shift the bbox.
[ERROR  ] L013 /ui/TitleGroup/SkillPanel/ScrollArea/List/SkillSlot_67/Bg_1
        Entity is fully off-canvas: right by 7126px (bbox=(7930,-110)-(8086,40), canvas=1920x1080)
        hint: Edge formula: anchoredPosition = sign * (margin + RectSize/2) for center-pivot. For stretch axes, use OffsetMin/OffsetMax (anchoredPosition is ignored). Verify Pivot - non-center pivots shift the bbox.
[ERROR  ] L013 /ui/TitleGroup/SkillPanel/ScrollArea/List/SkillSlot_67/Icon
        Entity is fully off-canvas: right by 7123px (bbox=(7932,-111)-(8083,40), canvas=1920x1080)
        hint: Edge formula: anchoredPosition = sign * (margin + RectSize/2) for center-pivot. For stretch axes, use OffsetMin/OffsetMax (anchoredPosition is ignored). Verify Pivot - non-center pivots shift the bbox.
[ERROR  ] L013 /ui/TitleGroup/SkillPanel/ScrollArea/List/SkillSlot_67/Level
        Entity is fully off-canvas: right by 7155px (bbox=(7903,-145)-(8115,-119), canvas=1920x1080)
        hint: Edge formula: anchoredPosition = sign * (margin + RectSize/2) for center-pivot. For stretch axes, use OffsetMin/OffsetMax (anchoredPosition is ignored). Verify Pivot - non-center pivots shift the bbox.
[ERROR  ] L013 /ui/TitleGroup/SkillPanel/ScrollArea/List/SkillSlot_67/Name
        Entity is fully off-canvas: right by 7154px (bbox=(7902,-180)-(8114,-154), canvas=1920x1080)
        hint: Edge formula: anchoredPosition = sign * (margin + RectSize/2) for center-pivot. For stretch axes, use OffsetMin/OffsetMax (anchoredPosition is ignored). Verify Pivot - non-center pivots shift the bbox.
[ERROR  ] L013 /ui/TitleGroup/SkillPanel/ScrollArea/List/SkillSlot_67/ProgressBg
        Entity is fully off-canvas: right by 7115px (bbox=(7945,-213)-(8075,-185), canvas=1920x1080)
        hint: Edge formula: anchoredPosition = sign * (margin + RectSize/2) for center-pivot. For stretch axes, use OffsetMin/OffsetMax (anchoredPosition is ignored). Verify Pivot - non-center pivots shift the bbox.
[ERROR  ] L013 /ui/TitleGroup/SkillPanel/ScrollArea/List/SkillSlot_67/ProgressFill
        Entity is fully off-canvas: right by 7115px (bbox=(7945,-213)-(8075,-185), canvas=1920x1080)
        hint: Edge formula: anchoredPosition = sign * (margin + RectSize/2) for center-pivot. For stretch axes, use OffsetMin/OffsetMax (anchoredPosition is ignored). Verify Pivot - non-center pivots shift the bbox.
[ERROR  ] L013 /ui/TitleGroup/SkillPanel/ScrollArea/List/SkillSlot_67/ProgressText
        Entity is fully off-canvas: right by 7150px (bbox=(7910,-213)-(8110,-185), canvas=1920x1080)
        hint: Edge formula: anchoredPosition = sign * (margin + RectSize/2) for center-pivot. For stretch axes, use OffsetMin/OffsetMax (anchoredPosition is ignored). Verify Pivot - non-center pivots shift the bbox.
[ERROR  ] L013 /ui/TitleGroup/SkillPanel/ScrollArea/List/SkillSlot_67/RedDot
        Entity is fully off-canvas: right by 7156px (bbox=(8054,6)-(8116,68), canvas=1920x1080)
        hint: Edge formula: anchoredPosition = sign * (margin + RectSize/2) for center-pivot. For stretch axes, use OffsetMin/OffsetMax (anchoredPosition is ignored). Verify Pivot - non-center pivots shift the bbox.
[ERROR  ] L013 /ui/TitleGroup/SkillPanel/ScrollArea/List/SkillSlot_67/RedDot/Mark
        Entity is fully off-canvas: right by 7156px (bbox=(8054,6)-(8116,68), canvas=1920x1080)
        hint: Edge formula: anchoredPosition = sign * (margin + RectSize/2) for center-pivot. For stretch axes, use OffsetMin/OffsetMax (anchoredPosition is ignored). Verify Pivot - non-center pivots shift the bbox.
[ERROR  ] L013 /ui/TitleGroup/SkillPanel/ScrollArea/List/SkillSlot_68
        Entity is fully off-canvas: right by 7416px (bbox=(8146,132)-(8376,412), canvas=1920x1080)
        hint: Edge formula: anchoredPosition = sign * (margin + RectSize/2) for center-pivot. For stretch axes, use OffsetMin/OffsetMax (anchoredPosition is ignored). Verify Pivot - non-center pivots shift the bbox.
[ERROR  ] L013 /ui/TitleGroup/SkillPanel/ScrollArea/List/SkillSlot_68/Bg
        Entity is fully off-canvas: right by 7425px (bbox=(8135,55)-(8385,445), canvas=1920x1080)
        hint: Edge formula: anchoredPosition = sign * (margin + RectSize/2) for center-pivot. For stretch axes, use OffsetMin/OffsetMax (anchoredPosition is ignored). Verify Pivot - non-center pivots shift the bbox.
[ERROR  ] L013 /ui/TitleGroup/SkillPanel/ScrollArea/List/SkillSlot_68/Bg_1
        Entity is fully off-canvas: right by 7380px (bbox=(8184,225)-(8340,375), canvas=1920x1080)
        hint: Edge formula: anchoredPosition = sign * (margin + RectSize/2) for center-pivot. For stretch axes, use OffsetMin/OffsetMax (anchoredPosition is ignored). Verify Pivot - non-center pivots shift the bbox.
[ERROR  ] L013 /ui/TitleGroup/SkillPanel/ScrollArea/List/SkillSlot_68/Icon
        Entity is fully off-canvas: right by 7377px (bbox=(8186,224)-(8337,375), canvas=1920x1080)
        hint: Edge formula: anchoredPosition = sign * (margin + RectSize/2) for center-pivot. For stretch axes, use OffsetMin/OffsetMax (anchoredPosition is ignored). Verify Pivot - non-center pivots shift the bbox.
[ERROR  ] L013 /ui/TitleGroup/SkillPanel/ScrollArea/List/SkillSlot_68/Level
        Entity is fully off-canvas: right by 7409px (bbox=(8157,190)-(8369,216), canvas=1920x1080)
        hint: Edge formula: anchoredPosition = sign * (margin + RectSize/2) for center-pivot. For stretch axes, use OffsetMin/OffsetMax (anchoredPosition is ignored). Verify Pivot - non-center pivots shift the bbox.
[ERROR  ] L013 /ui/TitleGroup/SkillPanel/ScrollArea/List/SkillSlot_68/Name
        Entity is fully off-canvas: right by 7408px (bbox=(8156,155)-(8368,181), canvas=1920x1080)
        hint: Edge formula: anchoredPosition = sign * (margin + RectSize/2) for center-pivot. For stretch axes, use OffsetMin/OffsetMax (anchoredPosition is ignored). Verify Pivot - non-center pivots shift the bbox.
[ERROR  ] L013 /ui/TitleGroup/SkillPanel/ScrollArea/List/SkillSlot_68/ProgressBg
        Entity is fully off-canvas: right by 7369px (bbox=(8199,122)-(8329,150), canvas=1920x1080)
        hint: Edge formula: anchoredPosition = sign * (margin + RectSize/2) for center-pivot. For stretch axes, use OffsetMin/OffsetMax (anchoredPosition is ignored). Verify Pivot - non-center pivots shift the bbox.
[ERROR  ] L013 /ui/TitleGroup/SkillPanel/ScrollArea/List/SkillSlot_68/ProgressFill
        Entity is fully off-canvas: right by 7369px (bbox=(8199,122)-(8329,150), canvas=1920x1080)
        hint: Edge formula: anchoredPosition = sign * (margin + RectSize/2) for center-pivot. For stretch axes, use OffsetMin/OffsetMax (anchoredPosition is ignored). Verify Pivot - non-center pivots shift the bbox.
[ERROR  ] L013 /ui/TitleGroup/SkillPanel/ScrollArea/List/SkillSlot_68/ProgressText
        Entity is fully off-canvas: right by 7404px (bbox=(8164,122)-(8364,150), canvas=1920x1080)
        hint: Edge formula: anchoredPosition = sign * (margin + RectSize/2) for center-pivot. For stretch axes, use OffsetMin/OffsetMax (anchoredPosition is ignored). Verify Pivot - non-center pivots shift the bbox.
[ERROR  ] L013 /ui/TitleGroup/SkillPanel/ScrollArea/List/SkillSlot_68/RedDot
        Entity is fully off-canvas: right by 7410px (bbox=(8308,341)-(8370,403), canvas=1920x1080)
        hint: Edge formula: anchoredPosition = sign * (margin + RectSize/2) for center-pivot. For stretch axes, use OffsetMin/OffsetMax (anchoredPosition is ignored). Verify Pivot - non-center pivots shift the bbox.
[ERROR  ] L013 /ui/TitleGroup/SkillPanel/ScrollArea/List/SkillSlot_68/RedDot/Mark
        Entity is fully off-canvas: right by 7410px (bbox=(8308,341)-(8370,403), canvas=1920x1080)
        hint: Edge formula: anchoredPosition = sign * (margin + RectSize/2) for center-pivot. For stretch axes, use OffsetMin/OffsetMax (anchoredPosition is ignored). Verify Pivot - non-center pivots shift the bbox.
[ERROR  ] L013 /ui/TitleGroup/SkillPanel/ScrollArea/List/SkillSlot_69
        Entity is fully off-canvas: right by 7416px (bbox=(8146,-203)-(8376,77), canvas=1920x1080)
        hint: Edge formula: anchoredPosition = sign * (margin + RectSize/2) for center-pivot. For stretch axes, use OffsetMin/OffsetMax (anchoredPosition is ignored). Verify Pivot - non-center pivots shift the bbox.
[ERROR  ] L013 /ui/TitleGroup/SkillPanel/ScrollArea/List/SkillSlot_69/Bg
        Entity is fully off-canvas: right by 7425px (bbox=(8135,-280)-(8385,110), canvas=1920x1080)
        hint: Edge formula: anchoredPosition = sign * (margin + RectSize/2) for center-pivot. For stretch axes, use OffsetMin/OffsetMax (anchoredPosition is ignored). Verify Pivot - non-center pivots shift the bbox.
[ERROR  ] L013 /ui/TitleGroup/SkillPanel/ScrollArea/List/SkillSlot_69/Bg_1
        Entity is fully off-canvas: right by 7380px (bbox=(8184,-110)-(8340,40), canvas=1920x1080)
        hint: Edge formula: anchoredPosition = sign * (margin + RectSize/2) for center-pivot. For stretch axes, use OffsetMin/OffsetMax (anchoredPosition is ignored). Verify Pivot - non-center pivots shift the bbox.
[ERROR  ] L013 /ui/TitleGroup/SkillPanel/ScrollArea/List/SkillSlot_69/Icon
        Entity is fully off-canvas: right by 7377px (bbox=(8186,-111)-(8337,40), canvas=1920x1080)
        hint: Edge formula: anchoredPosition = sign * (margin + RectSize/2) for center-pivot. For stretch axes, use OffsetMin/OffsetMax (anchoredPosition is ignored). Verify Pivot - non-center pivots shift the bbox.
[ERROR  ] L013 /ui/TitleGroup/SkillPanel/ScrollArea/List/SkillSlot_69/Level
        Entity is fully off-canvas: right by 7409px (bbox=(8157,-145)-(8369,-119), canvas=1920x1080)
        hint: Edge formula: anchoredPosition = sign * (margin + RectSize/2) for center-pivot. For stretch axes, use OffsetMin/OffsetMax (anchoredPosition is ignored). Verify Pivot - non-center pivots shift the bbox.
[ERROR  ] L013 /ui/TitleGroup/SkillPanel/ScrollArea/List/SkillSlot_69/Name
        Entity is fully off-canvas: right by 7408px (bbox=(8156,-180)-(8368,-154), canvas=1920x1080)
        hint: Edge formula: anchoredPosition = sign * (margin + RectSize/2) for center-pivot. For stretch axes, use OffsetMin/OffsetMax (anchoredPosition is ignored). Verify Pivot - non-center pivots shift the bbox.
[ERROR  ] L013 /ui/TitleGroup/SkillPanel/ScrollArea/List/SkillSlot_69/ProgressBg
        Entity is fully off-canvas: right by 7369px (bbox=(8199,-213)-(8329,-185), canvas=1920x1080)
        hint: Edge formula: anchoredPosition = sign * (margin + RectSize/2) for center-pivot. For stretch axes, use OffsetMin/OffsetMax (anchoredPosition is ignored). Verify Pivot - non-center pivots shift the bbox.
[ERROR  ] L013 /ui/TitleGroup/SkillPanel/ScrollArea/List/SkillSlot_69/ProgressFill
        Entity is fully off-canvas: right by 7369px (bbox=(8199,-213)-(8329,-185), canvas=1920x1080)
        hint: Edge formula: anchoredPosition = sign * (margin + RectSize/2) for center-pivot. For stretch axes, use OffsetMin/OffsetMax (anchoredPosition is ignored). Verify Pivot - non-center pivots shift the bbox.
[ERROR  ] L013 /ui/TitleGroup/SkillPanel/ScrollArea/List/SkillSlot_69/ProgressText
        Entity is fully off-canvas: right by 7404px (bbox=(8164,-213)-(8364,-185), canvas=1920x1080)
        hint: Edge formula: anchoredPosition = sign * (margin + RectSize/2) for center-pivot. For stretch axes, use OffsetMin/OffsetMax (anchoredPosition is ignored). Verify Pivot - non-center pivots shift the bbox.
[ERROR  ] L013 /ui/TitleGroup/SkillPanel/ScrollArea/List/SkillSlot_69/RedDot
        Entity is fully off-canvas: right by 7410px (bbox=(8308,6)-(8370,68), canvas=1920x1080)
        hint: Edge formula: anchoredPosition = sign * (margin + RectSize/2) for center-pivot. For stretch axes, use OffsetMin/OffsetMax (anchoredPosition is ignored). Verify Pivot - non-center pivots shift the bbox.
[ERROR  ] L013 /ui/TitleGroup/SkillPanel/ScrollArea/List/SkillSlot_69/RedDot/Mark
        Entity is fully off-canvas: right by 7410px (bbox=(8308,6)-(8370,68), canvas=1920x1080)
        hint: Edge formula: anchoredPosition = sign * (margin + RectSize/2) for center-pivot. For stretch axes, use OffsetMin/OffsetMax (anchoredPosition is ignored). Verify Pivot - non-center pivots shift the bbox.
[ERROR  ] L013 /ui/TitleGroup/SkillPanel/ScrollArea/List/SkillSlot_70
        Entity is fully off-canvas: right by 7670px (bbox=(8400,132)-(8630,412), canvas=1920x1080)
        hint: Edge formula: anchoredPosition = sign * (margin + RectSize/2) for center-pivot. For stretch axes, use OffsetMin/OffsetMax (anchoredPosition is ignored). Verify Pivot - non-center pivots shift the bbox.
[ERROR  ] L013 /ui/TitleGroup/SkillPanel/ScrollArea/List/SkillSlot_70/Bg
        Entity is fully off-canvas: right by 7679px (bbox=(8389,55)-(8639,445), canvas=1920x1080)
        hint: Edge formula: anchoredPosition = sign * (margin + RectSize/2) for center-pivot. For stretch axes, use OffsetMin/OffsetMax (anchoredPosition is ignored). Verify Pivot - non-center pivots shift the bbox.
[ERROR  ] L013 /ui/TitleGroup/SkillPanel/ScrollArea/List/SkillSlot_70/Bg_1
        Entity is fully off-canvas: right by 7634px (bbox=(8438,225)-(8594,375), canvas=1920x1080)
        hint: Edge formula: anchoredPosition = sign * (margin + RectSize/2) for center-pivot. For stretch axes, use OffsetMin/OffsetMax (anchoredPosition is ignored). Verify Pivot - non-center pivots shift the bbox.
[ERROR  ] L013 /ui/TitleGroup/SkillPanel/ScrollArea/List/SkillSlot_70/Icon
        Entity is fully off-canvas: right by 7631px (bbox=(8440,224)-(8591,375), canvas=1920x1080)
        hint: Edge formula: anchoredPosition = sign * (margin + RectSize/2) for center-pivot. For stretch axes, use OffsetMin/OffsetMax (anchoredPosition is ignored). Verify Pivot - non-center pivots shift the bbox.
[ERROR  ] L013 /ui/TitleGroup/SkillPanel/ScrollArea/List/SkillSlot_70/Level
        Entity is fully off-canvas: right by 7663px (bbox=(8411,190)-(8623,216), canvas=1920x1080)
        hint: Edge formula: anchoredPosition = sign * (margin + RectSize/2) for center-pivot. For stretch axes, use OffsetMin/OffsetMax (anchoredPosition is ignored). Verify Pivot - non-center pivots shift the bbox.
[ERROR  ] L013 /ui/TitleGroup/SkillPanel/ScrollArea/List/SkillSlot_70/Name
        Entity is fully off-canvas: right by 7662px (bbox=(8410,155)-(8622,181), canvas=1920x1080)
        hint: Edge formula: anchoredPosition = sign * (margin + RectSize/2) for center-pivot. For stretch axes, use OffsetMin/OffsetMax (anchoredPosition is ignored). Verify Pivot - non-center pivots shift the bbox.
[ERROR  ] L013 /ui/TitleGroup/SkillPanel/ScrollArea/List/SkillSlot_70/ProgressBg
        Entity is fully off-canvas: right by 7623px (bbox=(8453,122)-(8583,150), canvas=1920x1080)
        hint: Edge formula: anchoredPosition = sign * (margin + RectSize/2) for center-pivot. For stretch axes, use OffsetMin/OffsetMax (anchoredPosition is ignored). Verify Pivot - non-center pivots shift the bbox.
[ERROR  ] L013 /ui/TitleGroup/SkillPanel/ScrollArea/List/SkillSlot_70/ProgressFill
        Entity is fully off-canvas: right by 7623px (bbox=(8453,122)-(8583,150), canvas=1920x1080)
        hint: Edge formula: anchoredPosition = sign * (margin + RectSize/2) for center-pivot. For stretch axes, use OffsetMin/OffsetMax (anchoredPosition is ignored). Verify Pivot - non-center pivots shift the bbox.
[ERROR  ] L013 /ui/TitleGroup/SkillPanel/ScrollArea/List/SkillSlot_70/ProgressText
        Entity is fully off-canvas: right by 7658px (bbox=(8418,122)-(8618,150), canvas=1920x1080)
        hint: Edge formula: anchoredPosition = sign * (margin + RectSize/2) for center-pivot. For stretch axes, use OffsetMin/OffsetMax (anchoredPosition is ignored). Verify Pivot - non-center pivots shift the bbox.
[ERROR  ] L013 /ui/TitleGroup/SkillPanel/ScrollArea/List/SkillSlot_70/RedDot
        Entity is fully off-canvas: right by 7664px (bbox=(8562,341)-(8624,403), canvas=1920x1080)
        hint: Edge formula: anchoredPosition = sign * (margin + RectSize/2) for center-pivot. For stretch axes, use OffsetMin/OffsetMax (anchoredPosition is ignored). Verify Pivot - non-center pivots shift the bbox.
[ERROR  ] L013 /ui/TitleGroup/SkillPanel/ScrollArea/List/SkillSlot_70/RedDot/Mark
        Entity is fully off-canvas: right by 7664px (bbox=(8562,341)-(8624,403), canvas=1920x1080)
        hint: Edge formula: anchoredPosition = sign * (margin + RectSize/2) for center-pivot. For stretch axes, use OffsetMin/OffsetMax (anchoredPosition is ignored). Verify Pivot - non-center pivots shift the bbox.
[ERROR  ] L013 /ui/TitleGroup/SkillPanel/ScrollArea/List/SkillSlot_71
        Entity is fully off-canvas: right by 7670px (bbox=(8400,-203)-(8630,77), canvas=1920x1080)
        hint: Edge formula: anchoredPosition = sign * (margin + RectSize/2) for center-pivot. For stretch axes, use OffsetMin/OffsetMax (anchoredPosition is ignored). Verify Pivot - non-center pivots shift the bbox.
[ERROR  ] L013 /ui/TitleGroup/SkillPanel/ScrollArea/List/SkillSlot_71/Bg
        Entity is fully off-canvas: right by 7679px (bbox=(8389,-280)-(8639,110), canvas=1920x1080)
        hint: Edge formula: anchoredPosition = sign * (margin + RectSize/2) for center-pivot. For stretch axes, use OffsetMin/OffsetMax (anchoredPosition is ignored). Verify Pivot - non-center pivots shift the bbox.
[ERROR  ] L013 /ui/TitleGroup/SkillPanel/ScrollArea/List/SkillSlot_71/Bg_1
        Entity is fully off-canvas: right by 7634px (bbox=(8438,-110)-(8594,40), canvas=1920x1080)
        hint: Edge formula: anchoredPosition = sign * (margin + RectSize/2) for center-pivot. For stretch axes, use OffsetMin/OffsetMax (anchoredPosition is ignored). Verify Pivot - non-center pivots shift the bbox.
[ERROR  ] L013 /ui/TitleGroup/SkillPanel/ScrollArea/List/SkillSlot_71/Icon
        Entity is fully off-canvas: right by 7631px (bbox=(8440,-111)-(8591,40), canvas=1920x1080)
        hint: Edge formula: anchoredPosition = sign * (margin + RectSize/2) for center-pivot. For stretch axes, use OffsetMin/OffsetMax (anchoredPosition is ignored). Verify Pivot - non-center pivots shift the bbox.
[ERROR  ] L013 /ui/TitleGroup/SkillPanel/ScrollArea/List/SkillSlot_71/Level
        Entity is fully off-canvas: right by 7663px (bbox=(8411,-145)-(8623,-119), canvas=1920x1080)
        hint: Edge formula: anchoredPosition = sign * (margin + RectSize/2) for center-pivot. For stretch axes, use OffsetMin/OffsetMax (anchoredPosition is ignored). Verify Pivot - non-center pivots shift the bbox.
[ERROR  ] L013 /ui/TitleGroup/SkillPanel/ScrollArea/List/SkillSlot_71/Name
        Entity is fully off-canvas: right by 7662px (bbox=(8410,-180)-(8622,-154), canvas=1920x1080)
        hint: Edge formula: anchoredPosition = sign * (margin + RectSize/2) for center-pivot. For stretch axes, use OffsetMin/OffsetMax (anchoredPosition is ignored). Verify Pivot - non-center pivots shift the bbox.
[ERROR  ] L013 /ui/TitleGroup/SkillPanel/ScrollArea/List/SkillSlot_71/ProgressBg
        Entity is fully off-canvas: right by 7623px (bbox=(8453,-213)-(8583,-185), canvas=1920x1080)
        hint: Edge formula: anchoredPosition = sign * (margin + RectSize/2) for center-pivot. For stretch axes, use OffsetMin/OffsetMax (anchoredPosition is ignored). Verify Pivot - non-center pivots shift the bbox.
[ERROR  ] L013 /ui/TitleGroup/SkillPanel/ScrollArea/List/SkillSlot_71/ProgressFill
        Entity is fully off-canvas: right by 7623px (bbox=(8453,-213)-(8583,-185), canvas=1920x1080)
        hint: Edge formula: anchoredPosition = sign * (margin + RectSize/2) for center-pivot. For stretch axes, use OffsetMin/OffsetMax (anchoredPosition is ignored). Verify Pivot - non-center pivots shift the bbox.
[ERROR  ] L013 /ui/TitleGroup/SkillPanel/ScrollArea/List/SkillSlot_71/ProgressText
        Entity is fully off-canvas: right by 7658px (bbox=(8418,-213)-(8618,-185), canvas=1920x1080)
        hint: Edge formula: anchoredPosition = sign * (margin + RectSize/2) for center-pivot. For stretch axes, use OffsetMin/OffsetMax (anchoredPosition is ignored). Verify Pivot - non-center pivots shift the bbox.
[ERROR  ] L013 /ui/TitleGroup/SkillPanel/ScrollArea/List/SkillSlot_71/RedDot
        Entity is fully off-canvas: right by 7664px (bbox=(8562,6)-(8624,68), canvas=1920x1080)
        hint: Edge formula: anchoredPosition = sign * (margin + RectSize/2) for center-pivot. For stretch axes, use OffsetMin/OffsetMax (anchoredPosition is ignored). Verify Pivot - non-center pivots shift the bbox.
[ERROR  ] L013 /ui/TitleGroup/SkillPanel/ScrollArea/List/SkillSlot_71/RedDot/Mark
        Entity is fully off-canvas: right by 7664px (bbox=(8562,6)-(8624,68), canvas=1920x1080)
        hint: Edge formula: anchoredPosition = sign * (margin + RectSize/2) for center-pivot. For stretch axes, use OffsetMin/OffsetMax (anchoredPosition is ignored). Verify Pivot - non-center pivots shift the bbox.
[ERROR  ] L013 /ui/TitleGroup/SkillPanel/ScrollArea/List/SkillSlot_72
        Entity is fully off-canvas: right by 7924px (bbox=(8654,132)-(8884,412), canvas=1920x1080)
        hint: Edge formula: anchoredPosition = sign * (margin + RectSize/2) for center-pivot. For stretch axes, use OffsetMin/OffsetMax (anchoredPosition is ignored). Verify Pivot - non-center pivots shift the bbox.
[ERROR  ] L013 /ui/TitleGroup/SkillPanel/ScrollArea/List/SkillSlot_72/Bg
        Entity is fully off-canvas: right by 7933px (bbox=(8643,55)-(8893,445), canvas=1920x1080)
        hint: Edge formula: anchoredPosition = sign * (margin + RectSize/2) for center-pivot. For stretch axes, use OffsetMin/OffsetMax (anchoredPosition is ignored). Verify Pivot - non-center pivots shift the bbox.
[ERROR  ] L013 /ui/TitleGroup/SkillPanel/ScrollArea/List/SkillSlot_72/Bg_1
        Entity is fully off-canvas: right by 7888px (bbox=(8692,225)-(8848,375), canvas=1920x1080)
        hint: Edge formula: anchoredPosition = sign * (margin + RectSize/2) for center-pivot. For stretch axes, use OffsetMin/OffsetMax (anchoredPosition is ignored). Verify Pivot - non-center pivots shift the bbox.
[ERROR  ] L013 /ui/TitleGroup/SkillPanel/ScrollArea/List/SkillSlot_72/Icon
        Entity is fully off-canvas: right by 7885px (bbox=(8694,224)-(8845,375), canvas=1920x1080)
        hint: Edge formula: anchoredPosition = sign * (margin + RectSize/2) for center-pivot. For stretch axes, use OffsetMin/OffsetMax (anchoredPosition is ignored). Verify Pivot - non-center pivots shift the bbox.
[ERROR  ] L013 /ui/TitleGroup/SkillPanel/ScrollArea/List/SkillSlot_72/Level
        Entity is fully off-canvas: right by 7917px (bbox=(8665,190)-(8877,216), canvas=1920x1080)
        hint: Edge formula: anchoredPosition = sign * (margin + RectSize/2) for center-pivot. For stretch axes, use OffsetMin/OffsetMax (anchoredPosition is ignored). Verify Pivot - non-center pivots shift the bbox.
[ERROR  ] L013 /ui/TitleGroup/SkillPanel/ScrollArea/List/SkillSlot_72/Name
        Entity is fully off-canvas: right by 7916px (bbox=(8664,155)-(8876,181), canvas=1920x1080)
        hint: Edge formula: anchoredPosition = sign * (margin + RectSize/2) for center-pivot. For stretch axes, use OffsetMin/OffsetMax (anchoredPosition is ignored). Verify Pivot - non-center pivots shift the bbox.
[ERROR  ] L013 /ui/TitleGroup/SkillPanel/ScrollArea/List/SkillSlot_72/ProgressBg
        Entity is fully off-canvas: right by 7877px (bbox=(8707,122)-(8837,150), canvas=1920x1080)
        hint: Edge formula: anchoredPosition = sign * (margin + RectSize/2) for center-pivot. For stretch axes, use OffsetMin/OffsetMax (anchoredPosition is ignored). Verify Pivot - non-center pivots shift the bbox.
[ERROR  ] L013 /ui/TitleGroup/SkillPanel/ScrollArea/List/SkillSlot_72/ProgressFill
        Entity is fully off-canvas: right by 7877px (bbox=(8707,122)-(8837,150), canvas=1920x1080)
        hint: Edge formula: anchoredPosition = sign * (margin + RectSize/2) for center-pivot. For stretch axes, use OffsetMin/OffsetMax (anchoredPosition is ignored). Verify Pivot - non-center pivots shift the bbox.
[ERROR  ] L013 /ui/TitleGroup/SkillPanel/ScrollArea/List/SkillSlot_72/ProgressText
        Entity is fully off-canvas: right by 7912px (bbox=(8672,122)-(8872,150), canvas=1920x1080)
        hint: Edge formula: anchoredPosition = sign * (margin + RectSize/2) for center-pivot. For stretch axes, use OffsetMin/OffsetMax (anchoredPosition is ignored). Verify Pivot - non-center pivots shift the bbox.
[ERROR  ] L013 /ui/TitleGroup/SkillPanel/ScrollArea/List/SkillSlot_72/RedDot
        Entity is fully off-canvas: right by 7918px (bbox=(8816,341)-(8878,403), canvas=1920x1080)
        hint: Edge formula: anchoredPosition = sign * (margin + RectSize/2) for center-pivot. For stretch axes, use OffsetMin/OffsetMax (anchoredPosition is ignored). Verify Pivot - non-center pivots shift the bbox.
[ERROR  ] L013 /ui/TitleGroup/SkillPanel/ScrollArea/List/SkillSlot_72/RedDot/Mark
        Entity is fully off-canvas: right by 7918px (bbox=(8816,341)-(8878,403), canvas=1920x1080)
        hint: Edge formula: anchoredPosition = sign * (margin + RectSize/2) for center-pivot. For stretch axes, use OffsetMin/OffsetMax (anchoredPosition is ignored). Verify Pivot - non-center pivots shift the bbox.
[ERROR  ] L013 /ui/TitleGroup/SkillPanel/ScrollArea/List/SkillSlot_73
        Entity is fully off-canvas: right by 7924px (bbox=(8654,-203)-(8884,77), canvas=1920x1080)
        hint: Edge formula: anchoredPosition = sign * (margin + RectSize/2) for center-pivot. For stretch axes, use OffsetMin/OffsetMax (anchoredPosition is ignored). Verify Pivot - non-center pivots shift the bbox.
[ERROR  ] L013 /ui/TitleGroup/SkillPanel/ScrollArea/List/SkillSlot_73/Bg
        Entity is fully off-canvas: right by 7933px (bbox=(8643,-280)-(8893,110), canvas=1920x1080)
        hint: Edge formula: anchoredPosition = sign * (margin + RectSize/2) for center-pivot. For stretch axes, use OffsetMin/OffsetMax (anchoredPosition is ignored). Verify Pivot - non-center pivots shift the bbox.
[ERROR  ] L013 /ui/TitleGroup/SkillPanel/ScrollArea/List/SkillSlot_73/Bg_1
        Entity is fully off-canvas: right by 7888px (bbox=(8692,-110)-(8848,40), canvas=1920x1080)
        hint: Edge formula: anchoredPosition = sign * (margin + RectSize/2) for center-pivot. For stretch axes, use OffsetMin/OffsetMax (anchoredPosition is ignored). Verify Pivot - non-center pivots shift the bbox.
[ERROR  ] L013 /ui/TitleGroup/SkillPanel/ScrollArea/List/SkillSlot_73/Icon
        Entity is fully off-canvas: right by 7885px (bbox=(8694,-111)-(8845,40), canvas=1920x1080)
        hint: Edge formula: anchoredPosition = sign * (margin + RectSize/2) for center-pivot. For stretch axes, use OffsetMin/OffsetMax (anchoredPosition is ignored). Verify Pivot - non-center pivots shift the bbox.
[ERROR  ] L013 /ui/TitleGroup/SkillPanel/ScrollArea/List/SkillSlot_73/Level
        Entity is fully off-canvas: right by 7917px (bbox=(8665,-145)-(8877,-119), canvas=1920x1080)
        hint: Edge formula: anchoredPosition = sign * (margin + RectSize/2) for center-pivot. For stretch axes, use OffsetMin/OffsetMax (anchoredPosition is ignored). Verify Pivot - non-center pivots shift the bbox.
[ERROR  ] L013 /ui/TitleGroup/SkillPanel/ScrollArea/List/SkillSlot_73/Name
        Entity is fully off-canvas: right by 7916px (bbox=(8664,-180)-(8876,-154), canvas=1920x1080)
        hint: Edge formula: anchoredPosition = sign * (margin + RectSize/2) for center-pivot. For stretch axes, use OffsetMin/OffsetMax (anchoredPosition is ignored). Verify Pivot - non-center pivots shift the bbox.
[ERROR  ] L013 /ui/TitleGroup/SkillPanel/ScrollArea/List/SkillSlot_73/ProgressBg
        Entity is fully off-canvas: right by 7877px (bbox=(8707,-213)-(8837,-185), canvas=1920x1080)
        hint: Edge formula: anchoredPosition = sign * (margin + RectSize/2) for center-pivot. For stretch axes, use OffsetMin/OffsetMax (anchoredPosition is ignored). Verify Pivot - non-center pivots shift the bbox.
[ERROR  ] L013 /ui/TitleGroup/SkillPanel/ScrollArea/List/SkillSlot_73/ProgressFill
        Entity is fully off-canvas: right by 7877px (bbox=(8707,-213)-(8837,-185), canvas=1920x1080)
        hint: Edge formula: anchoredPosition = sign * (margin + RectSize/2) for center-pivot. For stretch axes, use OffsetMin/OffsetMax (anchoredPosition is ignored). Verify Pivot - non-center pivots shift the bbox.
[ERROR  ] L013 /ui/TitleGroup/SkillPanel/ScrollArea/List/SkillSlot_73/ProgressText
        Entity is fully off-canvas: right by 7912px (bbox=(8672,-213)-(8872,-185), canvas=1920x1080)
        hint: Edge formula: anchoredPosition = sign * (margin + RectSize/2) for center-pivot. For stretch axes, use OffsetMin/OffsetMax (anchoredPosition is ignored). Verify Pivot - non-center pivots shift the bbox.
[ERROR  ] L013 /ui/TitleGroup/SkillPanel/ScrollArea/List/SkillSlot_73/RedDot
        Entity is fully off-canvas: right by 7918px (bbox=(8816,6)-(8878,68), canvas=1920x1080)
        hint: Edge formula: anchoredPosition = sign * (margin + RectSize/2) for center-pivot. For stretch axes, use OffsetMin/OffsetMax (anchoredPosition is ignored). Verify Pivot - non-center pivots shift the bbox.
[ERROR  ] L013 /ui/TitleGroup/SkillPanel/ScrollArea/List/SkillSlot_73/RedDot/Mark
        Entity is fully off-canvas: right by 7918px (bbox=(8816,6)-(8878,68), canvas=1920x1080)
        hint: Edge formula: anchoredPosition = sign * (margin + RectSize/2) for center-pivot. For stretch axes, use OffsetMin/OffsetMax (anchoredPosition is ignored). Verify Pivot - non-center pivots shift the bbox.
[ERROR  ] L013 /ui/TitleGroup/SkillPanel/ScrollArea/List/SkillSlot_74
        Entity is fully off-canvas: right by 8178px (bbox=(8908,132)-(9138,412), canvas=1920x1080)
        hint: Edge formula: anchoredPosition = sign * (margin + RectSize/2) for center-pivot. For stretch axes, use OffsetMin/OffsetMax (anchoredPosition is ignored). Verify Pivot - non-center pivots shift the bbox.
[ERROR  ] L013 /ui/TitleGroup/SkillPanel/ScrollArea/List/SkillSlot_74/Bg
        Entity is fully off-canvas: right by 8187px (bbox=(8897,55)-(9147,445), canvas=1920x1080)
        hint: Edge formula: anchoredPosition = sign * (margin + RectSize/2) for center-pivot. For stretch axes, use OffsetMin/OffsetMax (anchoredPosition is ignored). Verify Pivot - non-center pivots shift the bbox.
[ERROR  ] L013 /ui/TitleGroup/SkillPanel/ScrollArea/List/SkillSlot_74/Bg_1
        Entity is fully off-canvas: right by 8142px (bbox=(8946,225)-(9102,375), canvas=1920x1080)
        hint: Edge formula: anchoredPosition = sign * (margin + RectSize/2) for center-pivot. For stretch axes, use OffsetMin/OffsetMax (anchoredPosition is ignored). Verify Pivot - non-center pivots shift the bbox.
[ERROR  ] L013 /ui/TitleGroup/SkillPanel/ScrollArea/List/SkillSlot_74/Icon
        Entity is fully off-canvas: right by 8139px (bbox=(8948,224)-(9099,375), canvas=1920x1080)
        hint: Edge formula: anchoredPosition = sign * (margin + RectSize/2) for center-pivot. For stretch axes, use OffsetMin/OffsetMax (anchoredPosition is ignored). Verify Pivot - non-center pivots shift the bbox.
[ERROR  ] L013 /ui/TitleGroup/SkillPanel/ScrollArea/List/SkillSlot_74/Level
        Entity is fully off-canvas: right by 8171px (bbox=(8919,190)-(9131,216), canvas=1920x1080)
        hint: Edge formula: anchoredPosition = sign * (margin + RectSize/2) for center-pivot. For stretch axes, use OffsetMin/OffsetMax (anchoredPosition is ignored). Verify Pivot - non-center pivots shift the bbox.
[ERROR  ] L013 /ui/TitleGroup/SkillPanel/ScrollArea/List/SkillSlot_74/Name
        Entity is fully off-canvas: right by 8170px (bbox=(8918,155)-(9130,181), canvas=1920x1080)
        hint: Edge formula: anchoredPosition = sign * (margin + RectSize/2) for center-pivot. For stretch axes, use OffsetMin/OffsetMax (anchoredPosition is ignored). Verify Pivot - non-center pivots shift the bbox.
[ERROR  ] L013 /ui/TitleGroup/SkillPanel/ScrollArea/List/SkillSlot_74/ProgressBg
        Entity is fully off-canvas: right by 8131px (bbox=(8961,122)-(9091,150), canvas=1920x1080)
        hint: Edge formula: anchoredPosition = sign * (margin + RectSize/2) for center-pivot. For stretch axes, use OffsetMin/OffsetMax (anchoredPosition is ignored). Verify Pivot - non-center pivots shift the bbox.
[ERROR  ] L013 /ui/TitleGroup/SkillPanel/ScrollArea/List/SkillSlot_74/ProgressFill
        Entity is fully off-canvas: right by 8131px (bbox=(8961,122)-(9091,150), canvas=1920x1080)
        hint: Edge formula: anchoredPosition = sign * (margin + RectSize/2) for center-pivot. For stretch axes, use OffsetMin/OffsetMax (anchoredPosition is ignored). Verify Pivot - non-center pivots shift the bbox.
[ERROR  ] L013 /ui/TitleGroup/SkillPanel/ScrollArea/List/SkillSlot_74/ProgressText
        Entity is fully off-canvas: right by 8166px (bbox=(8926,122)-(9126,150), canvas=1920x1080)
        hint: Edge formula: anchoredPosition = sign * (margin + RectSize/2) for center-pivot. For stretch axes, use OffsetMin/OffsetMax (anchoredPosition is ignored). Verify Pivot - non-center pivots shift the bbox.
[ERROR  ] L013 /ui/TitleGroup/SkillPanel/ScrollArea/List/SkillSlot_74/RedDot
        Entity is fully off-canvas: right by 8172px (bbox=(9070,341)-(9132,403), canvas=1920x1080)
        hint: Edge formula: anchoredPosition = sign * (margin + RectSize/2) for center-pivot. For stretch axes, use OffsetMin/OffsetMax (anchoredPosition is ignored). Verify Pivot - non-center pivots shift the bbox.
[ERROR  ] L013 /ui/TitleGroup/SkillPanel/ScrollArea/List/SkillSlot_74/RedDot/Mark
        Entity is fully off-canvas: right by 8172px (bbox=(9070,341)-(9132,403), canvas=1920x1080)
        hint: Edge formula: anchoredPosition = sign * (margin + RectSize/2) for center-pivot. For stretch axes, use OffsetMin/OffsetMax (anchoredPosition is ignored). Verify Pivot - non-center pivots shift the bbox.
[ERROR  ] L013 /ui/TitleGroup/SkillPanel/ScrollArea/List/SkillSlot_75
        Entity is fully off-canvas: right by 8178px (bbox=(8908,-203)-(9138,77), canvas=1920x1080)
        hint: Edge formula: anchoredPosition = sign * (margin + RectSize/2) for center-pivot. For stretch axes, use OffsetMin/OffsetMax (anchoredPosition is ignored). Verify Pivot - non-center pivots shift the bbox.
[ERROR  ] L013 /ui/TitleGroup/SkillPanel/ScrollArea/List/SkillSlot_75/Bg
        Entity is fully off-canvas: right by 8187px (bbox=(8897,-280)-(9147,110), canvas=1920x1080)
        hint: Edge formula: anchoredPosition = sign * (margin + RectSize/2) for center-pivot. For stretch axes, use OffsetMin/OffsetMax (anchoredPosition is ignored). Verify Pivot - non-center pivots shift the bbox.
[ERROR  ] L013 /ui/TitleGroup/SkillPanel/ScrollArea/List/SkillSlot_75/Bg_1
        Entity is fully off-canvas: right by 8142px (bbox=(8946,-110)-(9102,40), canvas=1920x1080)
        hint: Edge formula: anchoredPosition = sign * (margin + RectSize/2) for center-pivot. For stretch axes, use OffsetMin/OffsetMax (anchoredPosition is ignored). Verify Pivot - non-center pivots shift the bbox.
[ERROR  ] L013 /ui/TitleGroup/SkillPanel/ScrollArea/List/SkillSlot_75/Icon
        Entity is fully off-canvas: right by 8139px (bbox=(8948,-111)-(9099,40), canvas=1920x1080)
        hint: Edge formula: anchoredPosition = sign * (margin + RectSize/2) for center-pivot. For stretch axes, use OffsetMin/OffsetMax (anchoredPosition is ignored). Verify Pivot - non-center pivots shift the bbox.
[ERROR  ] L013 /ui/TitleGroup/SkillPanel/ScrollArea/List/SkillSlot_75/Level
        Entity is fully off-canvas: right by 8171px (bbox=(8919,-145)-(9131,-119), canvas=1920x1080)
        hint: Edge formula: anchoredPosition = sign * (margin + RectSize/2) for center-pivot. For stretch axes, use OffsetMin/OffsetMax (anchoredPosition is ignored). Verify Pivot - non-center pivots shift the bbox.
[ERROR  ] L013 /ui/TitleGroup/SkillPanel/ScrollArea/List/SkillSlot_75/Name
        Entity is fully off-canvas: right by 8170px (bbox=(8918,-180)-(9130,-154), canvas=1920x1080)
        hint: Edge formula: anchoredPosition = sign * (margin + RectSize/2) for center-pivot. For stretch axes, use OffsetMin/OffsetMax (anchoredPosition is ignored). Verify Pivot - non-center pivots shift the bbox.
[ERROR  ] L013 /ui/TitleGroup/SkillPanel/ScrollArea/List/SkillSlot_75/ProgressBg
        Entity is fully off-canvas: right by 8131px (bbox=(8961,-213)-(9091,-185), canvas=1920x1080)
        hint: Edge formula: anchoredPosition = sign * (margin + RectSize/2) for center-pivot. For stretch axes, use OffsetMin/OffsetMax (anchoredPosition is ignored). Verify Pivot - non-center pivots shift the bbox.
[ERROR  ] L013 /ui/TitleGroup/SkillPanel/ScrollArea/List/SkillSlot_75/ProgressFill
        Entity is fully off-canvas: right by 8131px (bbox=(8961,-213)-(9091,-185), canvas=1920x1080)
        hint: Edge formula: anchoredPosition = sign * (margin + RectSize/2) for center-pivot. For stretch axes, use OffsetMin/OffsetMax (anchoredPosition is ignored). Verify Pivot - non-center pivots shift the bbox.
[ERROR  ] L013 /ui/TitleGroup/SkillPanel/ScrollArea/List/SkillSlot_75/ProgressText
        Entity is fully off-canvas: right by 8166px (bbox=(8926,-213)-(9126,-185), canvas=1920x1080)
        hint: Edge formula: anchoredPosition = sign * (margin + RectSize/2) for center-pivot. For stretch axes, use OffsetMin/OffsetMax (anchoredPosition is ignored). Verify Pivot - non-center pivots shift the bbox.
[ERROR  ] L013 /ui/TitleGroup/SkillPanel/ScrollArea/List/SkillSlot_75/RedDot
        Entity is fully off-canvas: right by 8172px (bbox=(9070,6)-(9132,68), canvas=1920x1080)
        hint: Edge formula: anchoredPosition = sign * (margin + RectSize/2) for center-pivot. For stretch axes, use OffsetMin/OffsetMax (anchoredPosition is ignored). Verify Pivot - non-center pivots shift the bbox.
[ERROR  ] L013 /ui/TitleGroup/SkillPanel/ScrollArea/List/SkillSlot_75/RedDot/Mark
        Entity is fully off-canvas: right by 8172px (bbox=(9070,6)-(9132,68), canvas=1920x1080)
        hint: Edge formula: anchoredPosition = sign * (margin + RectSize/2) for center-pivot. For stretch axes, use OffsetMin/OffsetMax (anchoredPosition is ignored). Verify Pivot - non-center pivots shift the bbox.
[ERROR  ] L013 /ui/TitleGroup/SkillPanel/ScrollArea/List/SkillSlot_76
        Entity is fully off-canvas: right by 8432px (bbox=(9162,132)-(9392,412), canvas=1920x1080)
        hint: Edge formula: anchoredPosition = sign * (margin + RectSize/2) for center-pivot. For stretch axes, use OffsetMin/OffsetMax (anchoredPosition is ignored). Verify Pivot - non-center pivots shift the bbox.
[ERROR  ] L013 /ui/TitleGroup/SkillPanel/ScrollArea/List/SkillSlot_76/Bg
        Entity is fully off-canvas: right by 8441px (bbox=(9151,55)-(9401,445), canvas=1920x1080)
        hint: Edge formula: anchoredPosition = sign * (margin + RectSize/2) for center-pivot. For stretch axes, use OffsetMin/OffsetMax (anchoredPosition is ignored). Verify Pivot - non-center pivots shift the bbox.
[ERROR  ] L013 /ui/TitleGroup/SkillPanel/ScrollArea/List/SkillSlot_76/Bg_1
        Entity is fully off-canvas: right by 8396px (bbox=(9200,225)-(9356,375), canvas=1920x1080)
        hint: Edge formula: anchoredPosition = sign * (margin + RectSize/2) for center-pivot. For stretch axes, use OffsetMin/OffsetMax (anchoredPosition is ignored). Verify Pivot - non-center pivots shift the bbox.
[ERROR  ] L013 /ui/TitleGroup/SkillPanel/ScrollArea/List/SkillSlot_76/Icon
        Entity is fully off-canvas: right by 8393px (bbox=(9202,224)-(9353,375), canvas=1920x1080)
        hint: Edge formula: anchoredPosition = sign * (margin + RectSize/2) for center-pivot. For stretch axes, use OffsetMin/OffsetMax (anchoredPosition is ignored). Verify Pivot - non-center pivots shift the bbox.
[ERROR  ] L013 /ui/TitleGroup/SkillPanel/ScrollArea/List/SkillSlot_76/Level
        Entity is fully off-canvas: right by 8425px (bbox=(9173,190)-(9385,216), canvas=1920x1080)
        hint: Edge formula: anchoredPosition = sign * (margin + RectSize/2) for center-pivot. For stretch axes, use OffsetMin/OffsetMax (anchoredPosition is ignored). Verify Pivot - non-center pivots shift the bbox.
[ERROR  ] L013 /ui/TitleGroup/SkillPanel/ScrollArea/List/SkillSlot_76/Name
        Entity is fully off-canvas: right by 8424px (bbox=(9172,155)-(9384,181), canvas=1920x1080)
        hint: Edge formula: anchoredPosition = sign * (margin + RectSize/2) for center-pivot. For stretch axes, use OffsetMin/OffsetMax (anchoredPosition is ignored). Verify Pivot - non-center pivots shift the bbox.
[ERROR  ] L013 /ui/TitleGroup/SkillPanel/ScrollArea/List/SkillSlot_76/ProgressBg
        Entity is fully off-canvas: right by 8385px (bbox=(9215,122)-(9345,150), canvas=1920x1080)
        hint: Edge formula: anchoredPosition = sign * (margin + RectSize/2) for center-pivot. For stretch axes, use OffsetMin/OffsetMax (anchoredPosition is ignored). Verify Pivot - non-center pivots shift the bbox.
[ERROR  ] L013 /ui/TitleGroup/SkillPanel/ScrollArea/List/SkillSlot_76/ProgressFill
        Entity is fully off-canvas: right by 8385px (bbox=(9215,122)-(9345,150), canvas=1920x1080)
        hint: Edge formula: anchoredPosition = sign * (margin + RectSize/2) for center-pivot. For stretch axes, use OffsetMin/OffsetMax (anchoredPosition is ignored). Verify Pivot - non-center pivots shift the bbox.
[ERROR  ] L013 /ui/TitleGroup/SkillPanel/ScrollArea/List/SkillSlot_76/ProgressText
        Entity is fully off-canvas: right by 8420px (bbox=(9180,122)-(9380,150), canvas=1920x1080)
        hint: Edge formula: anchoredPosition = sign * (margin + RectSize/2) for center-pivot. For stretch axes, use OffsetMin/OffsetMax (anchoredPosition is ignored). Verify Pivot - non-center pivots shift the bbox.
[ERROR  ] L013 /ui/TitleGroup/SkillPanel/ScrollArea/List/SkillSlot_76/RedDot
        Entity is fully off-canvas: right by 8426px (bbox=(9324,341)-(9386,403), canvas=1920x1080)
        hint: Edge formula: anchoredPosition = sign * (margin + RectSize/2) for center-pivot. For stretch axes, use OffsetMin/OffsetMax (anchoredPosition is ignored). Verify Pivot - non-center pivots shift the bbox.
[ERROR  ] L013 /ui/TitleGroup/SkillPanel/ScrollArea/List/SkillSlot_76/RedDot/Mark
        Entity is fully off-canvas: right by 8426px (bbox=(9324,341)-(9386,403), canvas=1920x1080)
        hint: Edge formula: anchoredPosition = sign * (margin + RectSize/2) for center-pivot. For stretch axes, use OffsetMin/OffsetMax (anchoredPosition is ignored). Verify Pivot - non-center pivots shift the bbox.
[ERROR  ] L013 /ui/TitleGroup/SkillPanel/ScrollArea/List/SkillSlot_77
        Entity is fully off-canvas: right by 8432px (bbox=(9162,-203)-(9392,77), canvas=1920x1080)
        hint: Edge formula: anchoredPosition = sign * (margin + RectSize/2) for center-pivot. For stretch axes, use OffsetMin/OffsetMax (anchoredPosition is ignored). Verify Pivot - non-center pivots shift the bbox.
[ERROR  ] L013 /ui/TitleGroup/SkillPanel/ScrollArea/List/SkillSlot_77/Bg
        Entity is fully off-canvas: right by 8441px (bbox=(9151,-280)-(9401,110), canvas=1920x1080)
        hint: Edge formula: anchoredPosition = sign * (margin + RectSize/2) for center-pivot. For stretch axes, use OffsetMin/OffsetMax (anchoredPosition is ignored). Verify Pivot - non-center pivots shift the bbox.
[ERROR  ] L013 /ui/TitleGroup/SkillPanel/ScrollArea/List/SkillSlot_77/Bg_1
        Entity is fully off-canvas: right by 8396px (bbox=(9200,-110)-(9356,40), canvas=1920x1080)
        hint: Edge formula: anchoredPosition = sign * (margin + RectSize/2) for center-pivot. For stretch axes, use OffsetMin/OffsetMax (anchoredPosition is ignored). Verify Pivot - non-center pivots shift the bbox.
[ERROR  ] L013 /ui/TitleGroup/SkillPanel/ScrollArea/List/SkillSlot_77/Icon
        Entity is fully off-canvas: right by 8393px (bbox=(9202,-111)-(9353,40), canvas=1920x1080)
        hint: Edge formula: anchoredPosition = sign * (margin + RectSize/2) for center-pivot. For stretch axes, use OffsetMin/OffsetMax (anchoredPosition is ignored). Verify Pivot - non-center pivots shift the bbox.
[ERROR  ] L013 /ui/TitleGroup/SkillPanel/ScrollArea/List/SkillSlot_77/Level
        Entity is fully off-canvas: right by 8425px (bbox=(9173,-145)-(9385,-119), canvas=1920x1080)
        hint: Edge formula: anchoredPosition = sign * (margin + RectSize/2) for center-pivot. For stretch axes, use OffsetMin/OffsetMax (anchoredPosition is ignored). Verify Pivot - non-center pivots shift the bbox.
[ERROR  ] L013 /ui/TitleGroup/SkillPanel/ScrollArea/List/SkillSlot_77/Name
        Entity is fully off-canvas: right by 8424px (bbox=(9172,-180)-(9384,-154), canvas=1920x1080)
        hint: Edge formula: anchoredPosition = sign * (margin + RectSize/2) for center-pivot. For stretch axes, use OffsetMin/OffsetMax (anchoredPosition is ignored). Verify Pivot - non-center pivots shift the bbox.
[ERROR  ] L013 /ui/TitleGroup/SkillPanel/ScrollArea/List/SkillSlot_77/ProgressBg
        Entity is fully off-canvas: right by 8385px (bbox=(9215,-213)-(9345,-185), canvas=1920x1080)
        hint: Edge formula: anchoredPosition = sign * (margin + RectSize/2) for center-pivot. For stretch axes, use OffsetMin/OffsetMax (anchoredPosition is ignored). Verify Pivot - non-center pivots shift the bbox.
[ERROR  ] L013 /ui/TitleGroup/SkillPanel/ScrollArea/List/SkillSlot_77/ProgressFill
        Entity is fully off-canvas: right by 8385px (bbox=(9215,-213)-(9345,-185), canvas=1920x1080)
        hint: Edge formula: anchoredPosition = sign * (margin + RectSize/2) for center-pivot. For stretch axes, use OffsetMin/OffsetMax (anchoredPosition is ignored). Verify Pivot - non-center pivots shift the bbox.
[ERROR  ] L013 /ui/TitleGroup/SkillPanel/ScrollArea/List/SkillSlot_77/ProgressText
        Entity is fully off-canvas: right by 8420px (bbox=(9180,-213)-(9380,-185), canvas=1920x1080)
        hint: Edge formula: anchoredPosition = sign * (margin + RectSize/2) for center-pivot. For stretch axes, use OffsetMin/OffsetMax (anchoredPosition is ignored). Verify Pivot - non-center pivots shift the bbox.
[ERROR  ] L013 /ui/TitleGroup/SkillPanel/ScrollArea/List/SkillSlot_77/RedDot
        Entity is fully off-canvas: right by 8426px (bbox=(9324,6)-(9386,68), canvas=1920x1080)
        hint: Edge formula: anchoredPosition = sign * (margin + RectSize/2) for center-pivot. For stretch axes, use OffsetMin/OffsetMax (anchoredPosition is ignored). Verify Pivot - non-center pivots shift the bbox.
[ERROR  ] L013 /ui/TitleGroup/SkillPanel/ScrollArea/List/SkillSlot_77/RedDot/Mark
        Entity is fully off-canvas: right by 8426px (bbox=(9324,6)-(9386,68), canvas=1920x1080)
        hint: Edge formula: anchoredPosition = sign * (margin + RectSize/2) for center-pivot. For stretch axes, use OffsetMin/OffsetMax (anchoredPosition is ignored). Verify Pivot - non-center pivots shift the bbox.
[ERROR  ] L013 /ui/TitleGroup/SkillPanel/ScrollArea/List/SkillSlot_78
        Entity is fully off-canvas: right by 8686px (bbox=(9416,132)-(9646,412), canvas=1920x1080)
        hint: Edge formula: anchoredPosition = sign * (margin + RectSize/2) for center-pivot. For stretch axes, use OffsetMin/OffsetMax (anchoredPosition is ignored). Verify Pivot - non-center pivots shift the bbox.
[ERROR  ] L013 /ui/TitleGroup/SkillPanel/ScrollArea/List/SkillSlot_78/Bg
        Entity is fully off-canvas: right by 8695px (bbox=(9405,55)-(9655,445), canvas=1920x1080)
        hint: Edge formula: anchoredPosition = sign * (margin + RectSize/2) for center-pivot. For stretch axes, use OffsetMin/OffsetMax (anchoredPosition is ignored). Verify Pivot - non-center pivots shift the bbox.
[ERROR  ] L013 /ui/TitleGroup/SkillPanel/ScrollArea/List/SkillSlot_78/Bg_1
        Entity is fully off-canvas: right by 8650px (bbox=(9454,225)-(9610,375), canvas=1920x1080)
        hint: Edge formula: anchoredPosition = sign * (margin + RectSize/2) for center-pivot. For stretch axes, use OffsetMin/OffsetMax (anchoredPosition is ignored). Verify Pivot - non-center pivots shift the bbox.
[ERROR  ] L013 /ui/TitleGroup/SkillPanel/ScrollArea/List/SkillSlot_78/Icon
        Entity is fully off-canvas: right by 8647px (bbox=(9456,224)-(9607,375), canvas=1920x1080)
        hint: Edge formula: anchoredPosition = sign * (margin + RectSize/2) for center-pivot. For stretch axes, use OffsetMin/OffsetMax (anchoredPosition is ignored). Verify Pivot - non-center pivots shift the bbox.
[ERROR  ] L013 /ui/TitleGroup/SkillPanel/ScrollArea/List/SkillSlot_78/Level
        Entity is fully off-canvas: right by 8679px (bbox=(9427,190)-(9639,216), canvas=1920x1080)
        hint: Edge formula: anchoredPosition = sign * (margin + RectSize/2) for center-pivot. For stretch axes, use OffsetMin/OffsetMax (anchoredPosition is ignored). Verify Pivot - non-center pivots shift the bbox.
[ERROR  ] L013 /ui/TitleGroup/SkillPanel/ScrollArea/List/SkillSlot_78/Name
        Entity is fully off-canvas: right by 8678px (bbox=(9426,155)-(9638,181), canvas=1920x1080)
        hint: Edge formula: anchoredPosition = sign * (margin + RectSize/2) for center-pivot. For stretch axes, use OffsetMin/OffsetMax (anchoredPosition is ignored). Verify Pivot - non-center pivots shift the bbox.
[ERROR  ] L013 /ui/TitleGroup/SkillPanel/ScrollArea/List/SkillSlot_78/ProgressBg
        Entity is fully off-canvas: right by 8639px (bbox=(9469,122)-(9599,150), canvas=1920x1080)
        hint: Edge formula: anchoredPosition = sign * (margin + RectSize/2) for center-pivot. For stretch axes, use OffsetMin/OffsetMax (anchoredPosition is ignored). Verify Pivot - non-center pivots shift the bbox.
[ERROR  ] L013 /ui/TitleGroup/SkillPanel/ScrollArea/List/SkillSlot_78/ProgressFill
        Entity is fully off-canvas: right by 8639px (bbox=(9469,122)-(9599,150), canvas=1920x1080)
        hint: Edge formula: anchoredPosition = sign * (margin + RectSize/2) for center-pivot. For stretch axes, use OffsetMin/OffsetMax (anchoredPosition is ignored). Verify Pivot - non-center pivots shift the bbox.
[ERROR  ] L013 /ui/TitleGroup/SkillPanel/ScrollArea/List/SkillSlot_78/ProgressText
        Entity is fully off-canvas: right by 8674px (bbox=(9434,122)-(9634,150), canvas=1920x1080)
        hint: Edge formula: anchoredPosition = sign * (margin + RectSize/2) for center-pivot. For stretch axes, use OffsetMin/OffsetMax (anchoredPosition is ignored). Verify Pivot - non-center pivots shift the bbox.
[ERROR  ] L013 /ui/TitleGroup/SkillPanel/ScrollArea/List/SkillSlot_78/RedDot
        Entity is fully off-canvas: right by 8680px (bbox=(9578,341)-(9640,403), canvas=1920x1080)
        hint: Edge formula: anchoredPosition = sign * (margin + RectSize/2) for center-pivot. For stretch axes, use OffsetMin/OffsetMax (anchoredPosition is ignored). Verify Pivot - non-center pivots shift the bbox.
[ERROR  ] L013 /ui/TitleGroup/SkillPanel/ScrollArea/List/SkillSlot_78/RedDot/Mark
        Entity is fully off-canvas: right by 8680px (bbox=(9578,341)-(9640,403), canvas=1920x1080)
        hint: Edge formula: anchoredPosition = sign * (margin + RectSize/2) for center-pivot. For stretch axes, use OffsetMin/OffsetMax (anchoredPosition is ignored). Verify Pivot - non-center pivots shift the bbox.
[ERROR  ] L013 /ui/TitleGroup/SkillPanel/ScrollArea/List/SkillSlot_79
        Entity is fully off-canvas: right by 8686px (bbox=(9416,-203)-(9646,77), canvas=1920x1080)
        hint: Edge formula: anchoredPosition = sign * (margin + RectSize/2) for center-pivot. For stretch axes, use OffsetMin/OffsetMax (anchoredPosition is ignored). Verify Pivot - non-center pivots shift the bbox.
[ERROR  ] L013 /ui/TitleGroup/SkillPanel/ScrollArea/List/SkillSlot_79/Bg
        Entity is fully off-canvas: right by 8695px (bbox=(9405,-280)-(9655,110), canvas=1920x1080)
        hint: Edge formula: anchoredPosition = sign * (margin + RectSize/2) for center-pivot. For stretch axes, use OffsetMin/OffsetMax (anchoredPosition is ignored). Verify Pivot - non-center pivots shift the bbox.
[ERROR  ] L013 /ui/TitleGroup/SkillPanel/ScrollArea/List/SkillSlot_79/Bg_1
        Entity is fully off-canvas: right by 8650px (bbox=(9454,-110)-(9610,40), canvas=1920x1080)
        hint: Edge formula: anchoredPosition = sign * (margin + RectSize/2) for center-pivot. For stretch axes, use OffsetMin/OffsetMax (anchoredPosition is ignored). Verify Pivot - non-center pivots shift the bbox.
[ERROR  ] L013 /ui/TitleGroup/SkillPanel/ScrollArea/List/SkillSlot_79/Icon
        Entity is fully off-canvas: right by 8647px (bbox=(9456,-111)-(9607,40), canvas=1920x1080)
        hint: Edge formula: anchoredPosition = sign * (margin + RectSize/2) for center-pivot. For stretch axes, use OffsetMin/OffsetMax (anchoredPosition is ignored). Verify Pivot - non-center pivots shift the bbox.
[ERROR  ] L013 /ui/TitleGroup/SkillPanel/ScrollArea/List/SkillSlot_79/Level
        Entity is fully off-canvas: right by 8679px (bbox=(9427,-145)-(9639,-119), canvas=1920x1080)
        hint: Edge formula: anchoredPosition = sign * (margin + RectSize/2) for center-pivot. For stretch axes, use OffsetMin/OffsetMax (anchoredPosition is ignored). Verify Pivot - non-center pivots shift the bbox.
[ERROR  ] L013 /ui/TitleGroup/SkillPanel/ScrollArea/List/SkillSlot_79/Name
        Entity is fully off-canvas: right by 8678px (bbox=(9426,-180)-(9638,-154), canvas=1920x1080)
        hint: Edge formula: anchoredPosition = sign * (margin + RectSize/2) for center-pivot. For stretch axes, use OffsetMin/OffsetMax (anchoredPosition is ignored). Verify Pivot - non-center pivots shift the bbox.
[ERROR  ] L013 /ui/TitleGroup/SkillPanel/ScrollArea/List/SkillSlot_79/ProgressBg
        Entity is fully off-canvas: right by 8639px (bbox=(9469,-213)-(9599,-185), canvas=1920x1080)
        hint: Edge formula: anchoredPosition = sign * (margin + RectSize/2) for center-pivot. For stretch axes, use OffsetMin/OffsetMax (anchoredPosition is ignored). Verify Pivot - non-center pivots shift the bbox.
[ERROR  ] L013 /ui/TitleGroup/SkillPanel/ScrollArea/List/SkillSlot_79/ProgressFill
        Entity is fully off-canvas: right by 8639px (bbox=(9469,-213)-(9599,-185), canvas=1920x1080)
        hint: Edge formula: anchoredPosition = sign * (margin + RectSize/2) for center-pivot. For stretch axes, use OffsetMin/OffsetMax (anchoredPosition is ignored). Verify Pivot - non-center pivots shift the bbox.
[ERROR  ] L013 /ui/TitleGroup/SkillPanel/ScrollArea/List/SkillSlot_79/ProgressText
        Entity is fully off-canvas: right by 8674px (bbox=(9434,-213)-(9634,-185), canvas=1920x1080)
        hint: Edge formula: anchoredPosition = sign * (margin + RectSize/2) for center-pivot. For stretch axes, use OffsetMin/OffsetMax (anchoredPosition is ignored). Verify Pivot - non-center pivots shift the bbox.
[ERROR  ] L013 /ui/TitleGroup/SkillPanel/ScrollArea/List/SkillSlot_79/RedDot
        Entity is fully off-canvas: right by 8680px (bbox=(9578,6)-(9640,68), canvas=1920x1080)
        hint: Edge formula: anchoredPosition = sign * (margin + RectSize/2) for center-pivot. For stretch axes, use OffsetMin/OffsetMax (anchoredPosition is ignored). Verify Pivot - non-center pivots shift the bbox.
[ERROR  ] L013 /ui/TitleGroup/SkillPanel/ScrollArea/List/SkillSlot_79/RedDot/Mark
        Entity is fully off-canvas: right by 8680px (bbox=(9578,6)-(9640,68), canvas=1920x1080)
        hint: Edge formula: anchoredPosition = sign * (margin + RectSize/2) for center-pivot. For stretch axes, use OffsetMin/OffsetMax (anchoredPosition is ignored). Verify Pivot - non-center pivots shift the bbox.
[ERROR  ] L013 /ui/TitleGroup/SkillPanel/ScrollArea/List/SkillSlot_80
        Entity is fully off-canvas: right by 8940px (bbox=(9670,132)-(9900,412), canvas=1920x1080)
        hint: Edge formula: anchoredPosition = sign * (margin + RectSize/2) for center-pivot. For stretch axes, use OffsetMin/OffsetMax (anchoredPosition is ignored). Verify Pivot - non-center pivots shift the bbox.
[ERROR  ] L013 /ui/TitleGroup/SkillPanel/ScrollArea/List/SkillSlot_80/Bg
        Entity is fully off-canvas: right by 8949px (bbox=(9659,55)-(9909,445), canvas=1920x1080)
        hint: Edge formula: anchoredPosition = sign * (margin + RectSize/2) for center-pivot. For stretch axes, use OffsetMin/OffsetMax (anchoredPosition is ignored). Verify Pivot - non-center pivots shift the bbox.
[ERROR  ] L013 /ui/TitleGroup/SkillPanel/ScrollArea/List/SkillSlot_80/Bg_1
        Entity is fully off-canvas: right by 8904px (bbox=(9708,225)-(9864,375), canvas=1920x1080)
        hint: Edge formula: anchoredPosition = sign * (margin + RectSize/2) for center-pivot. For stretch axes, use OffsetMin/OffsetMax (anchoredPosition is ignored). Verify Pivot - non-center pivots shift the bbox.
[ERROR  ] L013 /ui/TitleGroup/SkillPanel/ScrollArea/List/SkillSlot_80/Icon
        Entity is fully off-canvas: right by 8901px (bbox=(9710,224)-(9861,375), canvas=1920x1080)
        hint: Edge formula: anchoredPosition = sign * (margin + RectSize/2) for center-pivot. For stretch axes, use OffsetMin/OffsetMax (anchoredPosition is ignored). Verify Pivot - non-center pivots shift the bbox.
[ERROR  ] L013 /ui/TitleGroup/SkillPanel/ScrollArea/List/SkillSlot_80/Level
        Entity is fully off-canvas: right by 8933px (bbox=(9681,190)-(9893,216), canvas=1920x1080)
        hint: Edge formula: anchoredPosition = sign * (margin + RectSize/2) for center-pivot. For stretch axes, use OffsetMin/OffsetMax (anchoredPosition is ignored). Verify Pivot - non-center pivots shift the bbox.
[ERROR  ] L013 /ui/TitleGroup/SkillPanel/ScrollArea/List/SkillSlot_80/Name
        Entity is fully off-canvas: right by 8932px (bbox=(9680,155)-(9892,181), canvas=1920x1080)
        hint: Edge formula: anchoredPosition = sign * (margin + RectSize/2) for center-pivot. For stretch axes, use OffsetMin/OffsetMax (anchoredPosition is ignored). Verify Pivot - non-center pivots shift the bbox.
[ERROR  ] L013 /ui/TitleGroup/SkillPanel/ScrollArea/List/SkillSlot_80/ProgressBg
        Entity is fully off-canvas: right by 8893px (bbox=(9723,122)-(9853,150), canvas=1920x1080)
        hint: Edge formula: anchoredPosition = sign * (margin + RectSize/2) for center-pivot. For stretch axes, use OffsetMin/OffsetMax (anchoredPosition is ignored). Verify Pivot - non-center pivots shift the bbox.
[ERROR  ] L013 /ui/TitleGroup/SkillPanel/ScrollArea/List/SkillSlot_80/ProgressFill
        Entity is fully off-canvas: right by 8893px (bbox=(9723,122)-(9853,150), canvas=1920x1080)
        hint: Edge formula: anchoredPosition = sign * (margin + RectSize/2) for center-pivot. For stretch axes, use OffsetMin/OffsetMax (anchoredPosition is ignored). Verify Pivot - non-center pivots shift the bbox.
[ERROR  ] L013 /ui/TitleGroup/SkillPanel/ScrollArea/List/SkillSlot_80/ProgressText
        Entity is fully off-canvas: right by 8928px (bbox=(9688,122)-(9888,150), canvas=1920x1080)
        hint: Edge formula: anchoredPosition = sign * (margin + RectSize/2) for center-pivot. For stretch axes, use OffsetMin/OffsetMax (anchoredPosition is ignored). Verify Pivot - non-center pivots shift the bbox.
[ERROR  ] L013 /ui/TitleGroup/SkillPanel/ScrollArea/List/SkillSlot_80/RedDot
        Entity is fully off-canvas: right by 8934px (bbox=(9832,341)-(9894,403), canvas=1920x1080)
        hint: Edge formula: anchoredPosition = sign * (margin + RectSize/2) for center-pivot. For stretch axes, use OffsetMin/OffsetMax (anchoredPosition is ignored). Verify Pivot - non-center pivots shift the bbox.
[ERROR  ] L013 /ui/TitleGroup/SkillPanel/ScrollArea/List/SkillSlot_80/RedDot/Mark
        Entity is fully off-canvas: right by 8934px (bbox=(9832,341)-(9894,403), canvas=1920x1080)
        hint: Edge formula: anchoredPosition = sign * (margin + RectSize/2) for center-pivot. For stretch axes, use OffsetMin/OffsetMax (anchoredPosition is ignored). Verify Pivot - non-center pivots shift the bbox.
[ERROR  ] L013 /ui/TitleGroup/SkillPanel/ScrollArea/List/SkillSlot_81
        Entity is fully off-canvas: right by 8940px (bbox=(9670,-203)-(9900,77), canvas=1920x1080)
        hint: Edge formula: anchoredPosition = sign * (margin + RectSize/2) for center-pivot. For stretch axes, use OffsetMin/OffsetMax (anchoredPosition is ignored). Verify Pivot - non-center pivots shift the bbox.
[ERROR  ] L013 /ui/TitleGroup/SkillPanel/ScrollArea/List/SkillSlot_81/Bg
        Entity is fully off-canvas: right by 8949px (bbox=(9659,-280)-(9909,110), canvas=1920x1080)
        hint: Edge formula: anchoredPosition = sign * (margin + RectSize/2) for center-pivot. For stretch axes, use OffsetMin/OffsetMax (anchoredPosition is ignored). Verify Pivot - non-center pivots shift the bbox.
[ERROR  ] L013 /ui/TitleGroup/SkillPanel/ScrollArea/List/SkillSlot_81/Bg_1
        Entity is fully off-canvas: right by 8904px (bbox=(9708,-110)-(9864,40), canvas=1920x1080)
        hint: Edge formula: anchoredPosition = sign * (margin + RectSize/2) for center-pivot. For stretch axes, use OffsetMin/OffsetMax (anchoredPosition is ignored). Verify Pivot - non-center pivots shift the bbox.
[ERROR  ] L013 /ui/TitleGroup/SkillPanel/ScrollArea/List/SkillSlot_81/Icon
        Entity is fully off-canvas: right by 8901px (bbox=(9710,-111)-(9861,40), canvas=1920x1080)
        hint: Edge formula: anchoredPosition = sign * (margin + RectSize/2) for center-pivot. For stretch axes, use OffsetMin/OffsetMax (anchoredPosition is ignored). Verify Pivot - non-center pivots shift the bbox.
[ERROR  ] L013 /ui/TitleGroup/SkillPanel/ScrollArea/List/SkillSlot_81/Level
        Entity is fully off-canvas: right by 8933px (bbox=(9681,-145)-(9893,-119), canvas=1920x1080)
        hint: Edge formula: anchoredPosition = sign * (margin + RectSize/2) for center-pivot. For stretch axes, use OffsetMin/OffsetMax (anchoredPosition is ignored). Verify Pivot - non-center pivots shift the bbox.
[ERROR  ] L013 /ui/TitleGroup/SkillPanel/ScrollArea/List/SkillSlot_81/Name
        Entity is fully off-canvas: right by 8932px (bbox=(9680,-180)-(9892,-154), canvas=1920x1080)
        hint: Edge formula: anchoredPosition = sign * (margin + RectSize/2) for center-pivot. For stretch axes, use OffsetMin/OffsetMax (anchoredPosition is ignored). Verify Pivot - non-center pivots shift the bbox.
[ERROR  ] L013 /ui/TitleGroup/SkillPanel/ScrollArea/List/SkillSlot_81/ProgressBg
        Entity is fully off-canvas: right by 8893px (bbox=(9723,-213)-(9853,-185), canvas=1920x1080)
        hint: Edge formula: anchoredPosition = sign * (margin + RectSize/2) for center-pivot. For stretch axes, use OffsetMin/OffsetMax (anchoredPosition is ignored). Verify Pivot - non-center pivots shift the bbox.
[ERROR  ] L013 /ui/TitleGroup/SkillPanel/ScrollArea/List/SkillSlot_81/ProgressFill
        Entity is fully off-canvas: right by 8893px (bbox=(9723,-213)-(9853,-185), canvas=1920x1080)
        hint: Edge formula: anchoredPosition = sign * (margin + RectSize/2) for center-pivot. For stretch axes, use OffsetMin/OffsetMax (anchoredPosition is ignored). Verify Pivot - non-center pivots shift the bbox.
[ERROR  ] L013 /ui/TitleGroup/SkillPanel/ScrollArea/List/SkillSlot_81/ProgressText
        Entity is fully off-canvas: right by 8928px (bbox=(9688,-213)-(9888,-185), canvas=1920x1080)
        hint: Edge formula: anchoredPosition = sign * (margin + RectSize/2) for center-pivot. For stretch axes, use OffsetMin/OffsetMax (anchoredPosition is ignored). Verify Pivot - non-center pivots shift the bbox.
[ERROR  ] L013 /ui/TitleGroup/SkillPanel/ScrollArea/List/SkillSlot_81/RedDot
        Entity is fully off-canvas: right by 8934px (bbox=(9832,6)-(9894,68), canvas=1920x1080)
        hint: Edge formula: anchoredPosition = sign * (margin + RectSize/2) for center-pivot. For stretch axes, use OffsetMin/OffsetMax (anchoredPosition is ignored). Verify Pivot - non-center pivots shift the bbox.
[ERROR  ] L013 /ui/TitleGroup/SkillPanel/ScrollArea/List/SkillSlot_81/RedDot/Mark
        Entity is fully off-canvas: right by 8934px (bbox=(9832,6)-(9894,68), canvas=1920x1080)
        hint: Edge formula: anchoredPosition = sign * (margin + RectSize/2) for center-pivot. For stretch axes, use OffsetMin/OffsetMax (anchoredPosition is ignored). Verify Pivot - non-center pivots shift the bbox.
[ERROR  ] L013 /ui/TitleGroup/SkillPanel/ScrollArea/List/SkillSlot_82
        Entity is fully off-canvas: right by 9194px (bbox=(9924,132)-(10154,412), canvas=1920x1080)
        hint: Edge formula: anchoredPosition = sign * (margin + RectSize/2) for center-pivot. For stretch axes, use OffsetMin/OffsetMax (anchoredPosition is ignored). Verify Pivot - non-center pivots shift the bbox.
[ERROR  ] L013 /ui/TitleGroup/SkillPanel/ScrollArea/List/SkillSlot_82/Bg
        Entity is fully off-canvas: right by 9203px (bbox=(9913,55)-(10163,445), canvas=1920x1080)
        hint: Edge formula: anchoredPosition = sign * (margin + RectSize/2) for center-pivot. For stretch axes, use OffsetMin/OffsetMax (anchoredPosition is ignored). Verify Pivot - non-center pivots shift the bbox.
[ERROR  ] L013 /ui/TitleGroup/SkillPanel/ScrollArea/List/SkillSlot_82/Bg_1
        Entity is fully off-canvas: right by 9158px (bbox=(9962,225)-(10118,375), canvas=1920x1080)
        hint: Edge formula: anchoredPosition = sign * (margin + RectSize/2) for center-pivot. For stretch axes, use OffsetMin/OffsetMax (anchoredPosition is ignored). Verify Pivot - non-center pivots shift the bbox.
[ERROR  ] L013 /ui/TitleGroup/SkillPanel/ScrollArea/List/SkillSlot_82/Icon
        Entity is fully off-canvas: right by 9155px (bbox=(9964,224)-(10115,375), canvas=1920x1080)
        hint: Edge formula: anchoredPosition = sign * (margin + RectSize/2) for center-pivot. For stretch axes, use OffsetMin/OffsetMax (anchoredPosition is ignored). Verify Pivot - non-center pivots shift the bbox.
[ERROR  ] L013 /ui/TitleGroup/SkillPanel/ScrollArea/List/SkillSlot_82/Level
        Entity is fully off-canvas: right by 9187px (bbox=(9935,190)-(10147,216), canvas=1920x1080)
        hint: Edge formula: anchoredPosition = sign * (margin + RectSize/2) for center-pivot. For stretch axes, use OffsetMin/OffsetMax (anchoredPosition is ignored). Verify Pivot - non-center pivots shift the bbox.
[ERROR  ] L013 /ui/TitleGroup/SkillPanel/ScrollArea/List/SkillSlot_82/Name
        Entity is fully off-canvas: right by 9186px (bbox=(9934,155)-(10146,181), canvas=1920x1080)
        hint: Edge formula: anchoredPosition = sign * (margin + RectSize/2) for center-pivot. For stretch axes, use OffsetMin/OffsetMax (anchoredPosition is ignored). Verify Pivot - non-center pivots shift the bbox.
[ERROR  ] L013 /ui/TitleGroup/SkillPanel/ScrollArea/List/SkillSlot_82/ProgressBg
        Entity is fully off-canvas: right by 9147px (bbox=(9977,122)-(10107,150), canvas=1920x1080)
        hint: Edge formula: anchoredPosition = sign * (margin + RectSize/2) for center-pivot. For stretch axes, use OffsetMin/OffsetMax (anchoredPosition is ignored). Verify Pivot - non-center pivots shift the bbox.
[ERROR  ] L013 /ui/TitleGroup/SkillPanel/ScrollArea/List/SkillSlot_82/ProgressFill
        Entity is fully off-canvas: right by 9147px (bbox=(9977,122)-(10107,150), canvas=1920x1080)
        hint: Edge formula: anchoredPosition = sign * (margin + RectSize/2) for center-pivot. For stretch axes, use OffsetMin/OffsetMax (anchoredPosition is ignored). Verify Pivot - non-center pivots shift the bbox.
[ERROR  ] L013 /ui/TitleGroup/SkillPanel/ScrollArea/List/SkillSlot_82/ProgressText
        Entity is fully off-canvas: right by 9182px (bbox=(9942,122)-(10142,150), canvas=1920x1080)
        hint: Edge formula: anchoredPosition = sign * (margin + RectSize/2) for center-pivot. For stretch axes, use OffsetMin/OffsetMax (anchoredPosition is ignored). Verify Pivot - non-center pivots shift the bbox.
[ERROR  ] L013 /ui/TitleGroup/SkillPanel/ScrollArea/List/SkillSlot_82/RedDot
        Entity is fully off-canvas: right by 9188px (bbox=(10086,341)-(10148,403), canvas=1920x1080)
        hint: Edge formula: anchoredPosition = sign * (margin + RectSize/2) for center-pivot. For stretch axes, use OffsetMin/OffsetMax (anchoredPosition is ignored). Verify Pivot - non-center pivots shift the bbox.
[ERROR  ] L013 /ui/TitleGroup/SkillPanel/ScrollArea/List/SkillSlot_82/RedDot/Mark
        Entity is fully off-canvas: right by 9188px (bbox=(10086,341)-(10148,403), canvas=1920x1080)
        hint: Edge formula: anchoredPosition = sign * (margin + RectSize/2) for center-pivot. For stretch axes, use OffsetMin/OffsetMax (anchoredPosition is ignored). Verify Pivot - non-center pivots shift the bbox.
[ERROR  ] L013 /ui/TitleGroup/SkillPanel/ScrollArea/List/SkillSlot_83
        Entity is fully off-canvas: right by 9194px (bbox=(9924,-203)-(10154,77), canvas=1920x1080)
        hint: Edge formula: anchoredPosition = sign * (margin + RectSize/2) for center-pivot. For stretch axes, use OffsetMin/OffsetMax (anchoredPosition is ignored). Verify Pivot - non-center pivots shift the bbox.
[ERROR  ] L013 /ui/TitleGroup/SkillPanel/ScrollArea/List/SkillSlot_83/Bg
        Entity is fully off-canvas: right by 9203px (bbox=(9913,-280)-(10163,110), canvas=1920x1080)
        hint: Edge formula: anchoredPosition = sign * (margin + RectSize/2) for center-pivot. For stretch axes, use OffsetMin/OffsetMax (anchoredPosition is ignored). Verify Pivot - non-center pivots shift the bbox.
[ERROR  ] L013 /ui/TitleGroup/SkillPanel/ScrollArea/List/SkillSlot_83/Bg_1
        Entity is fully off-canvas: right by 9158px (bbox=(9962,-110)-(10118,40), canvas=1920x1080)
        hint: Edge formula: anchoredPosition = sign * (margin + RectSize/2) for center-pivot. For stretch axes, use OffsetMin/OffsetMax (anchoredPosition is ignored). Verify Pivot - non-center pivots shift the bbox.
[ERROR  ] L013 /ui/TitleGroup/SkillPanel/ScrollArea/List/SkillSlot_83/Icon
        Entity is fully off-canvas: right by 9155px (bbox=(9964,-111)-(10115,40), canvas=1920x1080)
        hint: Edge formula: anchoredPosition = sign * (margin + RectSize/2) for center-pivot. For stretch axes, use OffsetMin/OffsetMax (anchoredPosition is ignored). Verify Pivot - non-center pivots shift the bbox.
[ERROR  ] L013 /ui/TitleGroup/SkillPanel/ScrollArea/List/SkillSlot_83/Level
        Entity is fully off-canvas: right by 9187px (bbox=(9935,-145)-(10147,-119), canvas=1920x1080)
        hint: Edge formula: anchoredPosition = sign * (margin + RectSize/2) for center-pivot. For stretch axes, use OffsetMin/OffsetMax (anchoredPosition is ignored). Verify Pivot - non-center pivots shift the bbox.
[ERROR  ] L013 /ui/TitleGroup/SkillPanel/ScrollArea/List/SkillSlot_83/Name
        Entity is fully off-canvas: right by 9186px (bbox=(9934,-180)-(10146,-154), canvas=1920x1080)
        hint: Edge formula: anchoredPosition = sign * (margin + RectSize/2) for center-pivot. For stretch axes, use OffsetMin/OffsetMax (anchoredPosition is ignored). Verify Pivot - non-center pivots shift the bbox.
[ERROR  ] L013 /ui/TitleGroup/SkillPanel/ScrollArea/List/SkillSlot_83/ProgressBg
        Entity is fully off-canvas: right by 9147px (bbox=(9977,-213)-(10107,-185), canvas=1920x1080)
        hint: Edge formula: anchoredPosition = sign * (margin + RectSize/2) for center-pivot. For stretch axes, use OffsetMin/OffsetMax (anchoredPosition is ignored). Verify Pivot - non-center pivots shift the bbox.
[ERROR  ] L013 /ui/TitleGroup/SkillPanel/ScrollArea/List/SkillSlot_83/ProgressFill
        Entity is fully off-canvas: right by 9147px (bbox=(9977,-213)-(10107,-185), canvas=1920x1080)
        hint: Edge formula: anchoredPosition = sign * (margin + RectSize/2) for center-pivot. For stretch axes, use OffsetMin/OffsetMax (anchoredPosition is ignored). Verify Pivot - non-center pivots shift the bbox.
[ERROR  ] L013 /ui/TitleGroup/SkillPanel/ScrollArea/List/SkillSlot_83/ProgressText
        Entity is fully off-canvas: right by 9182px (bbox=(9942,-213)-(10142,-185), canvas=1920x1080)
        hint: Edge formula: anchoredPosition = sign * (margin + RectSize/2) for center-pivot. For stretch axes, use OffsetMin/OffsetMax (anchoredPosition is ignored). Verify Pivot - non-center pivots shift the bbox.
[ERROR  ] L013 /ui/TitleGroup/SkillPanel/ScrollArea/List/SkillSlot_83/RedDot
        Entity is fully off-canvas: right by 9188px (bbox=(10086,6)-(10148,68), canvas=1920x1080)
        hint: Edge formula: anchoredPosition = sign * (margin + RectSize/2) for center-pivot. For stretch axes, use OffsetMin/OffsetMax (anchoredPosition is ignored). Verify Pivot - non-center pivots shift the bbox.
[ERROR  ] L013 /ui/TitleGroup/SkillPanel/ScrollArea/List/SkillSlot_83/RedDot/Mark
        Entity is fully off-canvas: right by 9188px (bbox=(10086,6)-(10148,68), canvas=1920x1080)
        hint: Edge formula: anchoredPosition = sign * (margin + RectSize/2) for center-pivot. For stretch axes, use OffsetMin/OffsetMax (anchoredPosition is ignored). Verify Pivot - non-center pivots shift the bbox.
[ERROR  ] L013 /ui/TitleGroup/SkillPanel/ScrollArea/List/SkillSlot_84
        Entity is fully off-canvas: right by 9448px (bbox=(10178,132)-(10408,412), canvas=1920x1080)
        hint: Edge formula: anchoredPosition = sign * (margin + RectSize/2) for center-pivot. For stretch axes, use OffsetMin/OffsetMax (anchoredPosition is ignored). Verify Pivot - non-center pivots shift the bbox.
[ERROR  ] L013 /ui/TitleGroup/SkillPanel/ScrollArea/List/SkillSlot_84/Bg
        Entity is fully off-canvas: right by 9457px (bbox=(10167,55)-(10417,445), canvas=1920x1080)
        hint: Edge formula: anchoredPosition = sign * (margin + RectSize/2) for center-pivot. For stretch axes, use OffsetMin/OffsetMax (anchoredPosition is ignored). Verify Pivot - non-center pivots shift the bbox.
[ERROR  ] L013 /ui/TitleGroup/SkillPanel/ScrollArea/List/SkillSlot_84/Bg_1
        Entity is fully off-canvas: right by 9412px (bbox=(10216,225)-(10372,375), canvas=1920x1080)
        hint: Edge formula: anchoredPosition = sign * (margin + RectSize/2) for center-pivot. For stretch axes, use OffsetMin/OffsetMax (anchoredPosition is ignored). Verify Pivot - non-center pivots shift the bbox.
[ERROR  ] L013 /ui/TitleGroup/SkillPanel/ScrollArea/List/SkillSlot_84/Icon
        Entity is fully off-canvas: right by 9409px (bbox=(10218,224)-(10369,375), canvas=1920x1080)
        hint: Edge formula: anchoredPosition = sign * (margin + RectSize/2) for center-pivot. For stretch axes, use OffsetMin/OffsetMax (anchoredPosition is ignored). Verify Pivot - non-center pivots shift the bbox.
[ERROR  ] L013 /ui/TitleGroup/SkillPanel/ScrollArea/List/SkillSlot_84/Level
        Entity is fully off-canvas: right by 9441px (bbox=(10189,190)-(10401,216), canvas=1920x1080)
        hint: Edge formula: anchoredPosition = sign * (margin + RectSize/2) for center-pivot. For stretch axes, use OffsetMin/OffsetMax (anchoredPosition is ignored). Verify Pivot - non-center pivots shift the bbox.
[ERROR  ] L013 /ui/TitleGroup/SkillPanel/ScrollArea/List/SkillSlot_84/Name
        Entity is fully off-canvas: right by 9440px (bbox=(10188,155)-(10400,181), canvas=1920x1080)
        hint: Edge formula: anchoredPosition = sign * (margin + RectSize/2) for center-pivot. For stretch axes, use OffsetMin/OffsetMax (anchoredPosition is ignored). Verify Pivot - non-center pivots shift the bbox.
[ERROR  ] L013 /ui/TitleGroup/SkillPanel/ScrollArea/List/SkillSlot_84/ProgressBg
        Entity is fully off-canvas: right by 9401px (bbox=(10231,122)-(10361,150), canvas=1920x1080)
        hint: Edge formula: anchoredPosition = sign * (margin + RectSize/2) for center-pivot. For stretch axes, use OffsetMin/OffsetMax (anchoredPosition is ignored). Verify Pivot - non-center pivots shift the bbox.
[ERROR  ] L013 /ui/TitleGroup/SkillPanel/ScrollArea/List/SkillSlot_84/ProgressFill
        Entity is fully off-canvas: right by 9401px (bbox=(10231,122)-(10361,150), canvas=1920x1080)
        hint: Edge formula: anchoredPosition = sign * (margin + RectSize/2) for center-pivot. For stretch axes, use OffsetMin/OffsetMax (anchoredPosition is ignored). Verify Pivot - non-center pivots shift the bbox.
[ERROR  ] L013 /ui/TitleGroup/SkillPanel/ScrollArea/List/SkillSlot_84/ProgressText
        Entity is fully off-canvas: right by 9436px (bbox=(10196,122)-(10396,150), canvas=1920x1080)
        hint: Edge formula: anchoredPosition = sign * (margin + RectSize/2) for center-pivot. For stretch axes, use OffsetMin/OffsetMax (anchoredPosition is ignored). Verify Pivot - non-center pivots shift the bbox.
[ERROR  ] L013 /ui/TitleGroup/SkillPanel/ScrollArea/List/SkillSlot_84/RedDot
        Entity is fully off-canvas: right by 9442px (bbox=(10340,341)-(10402,403), canvas=1920x1080)
        hint: Edge formula: anchoredPosition = sign * (margin + RectSize/2) for center-pivot. For stretch axes, use OffsetMin/OffsetMax (anchoredPosition is ignored). Verify Pivot - non-center pivots shift the bbox.
[ERROR  ] L013 /ui/TitleGroup/SkillPanel/ScrollArea/List/SkillSlot_84/RedDot/Mark
        Entity is fully off-canvas: right by 9442px (bbox=(10340,341)-(10402,403), canvas=1920x1080)
        hint: Edge formula: anchoredPosition = sign * (margin + RectSize/2) for center-pivot. For stretch axes, use OffsetMin/OffsetMax (anchoredPosition is ignored). Verify Pivot - non-center pivots shift the bbox.
[ERROR  ] L013 /ui/TitleGroup/SkillPanel/ScrollArea/List/SkillSlot_85
        Entity is fully off-canvas: right by 9448px (bbox=(10178,-203)-(10408,77), canvas=1920x1080)
        hint: Edge formula: anchoredPosition = sign * (margin + RectSize/2) for center-pivot. For stretch axes, use OffsetMin/OffsetMax (anchoredPosition is ignored). Verify Pivot - non-center pivots shift the bbox.
[ERROR  ] L013 /ui/TitleGroup/SkillPanel/ScrollArea/List/SkillSlot_85/Bg
        Entity is fully off-canvas: right by 9457px (bbox=(10167,-280)-(10417,110), canvas=1920x1080)
        hint: Edge formula: anchoredPosition = sign * (margin + RectSize/2) for center-pivot. For stretch axes, use OffsetMin/OffsetMax (anchoredPosition is ignored). Verify Pivot - non-center pivots shift the bbox.
[ERROR  ] L013 /ui/TitleGroup/SkillPanel/ScrollArea/List/SkillSlot_85/Bg_1
        Entity is fully off-canvas: right by 9412px (bbox=(10216,-110)-(10372,40), canvas=1920x1080)
        hint: Edge formula: anchoredPosition = sign * (margin + RectSize/2) for center-pivot. For stretch axes, use OffsetMin/OffsetMax (anchoredPosition is ignored). Verify Pivot - non-center pivots shift the bbox.
[ERROR  ] L013 /ui/TitleGroup/SkillPanel/ScrollArea/List/SkillSlot_85/Icon
        Entity is fully off-canvas: right by 9409px (bbox=(10218,-111)-(10369,40), canvas=1920x1080)
        hint: Edge formula: anchoredPosition = sign * (margin + RectSize/2) for center-pivot. For stretch axes, use OffsetMin/OffsetMax (anchoredPosition is ignored). Verify Pivot - non-center pivots shift the bbox.
[ERROR  ] L013 /ui/TitleGroup/SkillPanel/ScrollArea/List/SkillSlot_85/Level
        Entity is fully off-canvas: right by 9441px (bbox=(10189,-145)-(10401,-119), canvas=1920x1080)
        hint: Edge formula: anchoredPosition = sign * (margin + RectSize/2) for center-pivot. For stretch axes, use OffsetMin/OffsetMax (anchoredPosition is ignored). Verify Pivot - non-center pivots shift the bbox.
[ERROR  ] L013 /ui/TitleGroup/SkillPanel/ScrollArea/List/SkillSlot_85/Name
        Entity is fully off-canvas: right by 9440px (bbox=(10188,-180)-(10400,-154), canvas=1920x1080)
        hint: Edge formula: anchoredPosition = sign * (margin + RectSize/2) for center-pivot. For stretch axes, use OffsetMin/OffsetMax (anchoredPosition is ignored). Verify Pivot - non-center pivots shift the bbox.
[ERROR  ] L013 /ui/TitleGroup/SkillPanel/ScrollArea/List/SkillSlot_85/ProgressBg
        Entity is fully off-canvas: right by 9401px (bbox=(10231,-213)-(10361,-185), canvas=1920x1080)
        hint: Edge formula: anchoredPosition = sign * (margin + RectSize/2) for center-pivot. For stretch axes, use OffsetMin/OffsetMax (anchoredPosition is ignored). Verify Pivot - non-center pivots shift the bbox.
[ERROR  ] L013 /ui/TitleGroup/SkillPanel/ScrollArea/List/SkillSlot_85/ProgressFill
        Entity is fully off-canvas: right by 9401px (bbox=(10231,-213)-(10361,-185), canvas=1920x1080)
        hint: Edge formula: anchoredPosition = sign * (margin + RectSize/2) for center-pivot. For stretch axes, use OffsetMin/OffsetMax (anchoredPosition is ignored). Verify Pivot - non-center pivots shift the bbox.
[ERROR  ] L013 /ui/TitleGroup/SkillPanel/ScrollArea/List/SkillSlot_85/ProgressText
        Entity is fully off-canvas: right by 9436px (bbox=(10196,-213)-(10396,-185), canvas=1920x1080)
        hint: Edge formula: anchoredPosition = sign * (margin + RectSize/2) for center-pivot. For stretch axes, use OffsetMin/OffsetMax (anchoredPosition is ignored). Verify Pivot - non-center pivots shift the bbox.
[ERROR  ] L013 /ui/TitleGroup/SkillPanel/ScrollArea/List/SkillSlot_85/RedDot
        Entity is fully off-canvas: right by 9442px (bbox=(10340,6)-(10402,68), canvas=1920x1080)
        hint: Edge formula: anchoredPosition = sign * (margin + RectSize/2) for center-pivot. For stretch axes, use OffsetMin/OffsetMax (anchoredPosition is ignored). Verify Pivot - non-center pivots shift the bbox.
[ERROR  ] L013 /ui/TitleGroup/SkillPanel/ScrollArea/List/SkillSlot_85/RedDot/Mark
        Entity is fully off-canvas: right by 9442px (bbox=(10340,6)-(10402,68), canvas=1920x1080)
        hint: Edge formula: anchoredPosition = sign * (margin + RectSize/2) for center-pivot. For stretch axes, use OffsetMin/OffsetMax (anchoredPosition is ignored). Verify Pivot - non-center pivots shift the bbox.
[ERROR  ] L013 /ui/TitleGroup/SkillPanel/ScrollArea/List/SkillSlot_86
        Entity is fully off-canvas: right by 9702px (bbox=(10432,132)-(10662,412), canvas=1920x1080)
        hint: Edge formula: anchoredPosition = sign * (margin + RectSize/2) for center-pivot. For stretch axes, use OffsetMin/OffsetMax (anchoredPosition is ignored). Verify Pivot - non-center pivots shift the bbox.
[ERROR  ] L013 /ui/TitleGroup/SkillPanel/ScrollArea/List/SkillSlot_86/Bg
        Entity is fully off-canvas: right by 9711px (bbox=(10421,55)-(10671,445), canvas=1920x1080)
        hint: Edge formula: anchoredPosition = sign * (margin + RectSize/2) for center-pivot. For stretch axes, use OffsetMin/OffsetMax (anchoredPosition is ignored). Verify Pivot - non-center pivots shift the bbox.
[ERROR  ] L013 /ui/TitleGroup/SkillPanel/ScrollArea/List/SkillSlot_86/Bg_1
        Entity is fully off-canvas: right by 9666px (bbox=(10470,225)-(10626,375), canvas=1920x1080)
        hint: Edge formula: anchoredPosition = sign * (margin + RectSize/2) for center-pivot. For stretch axes, use OffsetMin/OffsetMax (anchoredPosition is ignored). Verify Pivot - non-center pivots shift the bbox.
[ERROR  ] L013 /ui/TitleGroup/SkillPanel/ScrollArea/List/SkillSlot_86/Icon
        Entity is fully off-canvas: right by 9663px (bbox=(10472,224)-(10623,375), canvas=1920x1080)
        hint: Edge formula: anchoredPosition = sign * (margin + RectSize/2) for center-pivot. For stretch axes, use OffsetMin/OffsetMax (anchoredPosition is ignored). Verify Pivot - non-center pivots shift the bbox.
[ERROR  ] L013 /ui/TitleGroup/SkillPanel/ScrollArea/List/SkillSlot_86/Level
        Entity is fully off-canvas: right by 9695px (bbox=(10443,190)-(10655,216), canvas=1920x1080)
        hint: Edge formula: anchoredPosition = sign * (margin + RectSize/2) for center-pivot. For stretch axes, use OffsetMin/OffsetMax (anchoredPosition is ignored). Verify Pivot - non-center pivots shift the bbox.
[ERROR  ] L013 /ui/TitleGroup/SkillPanel/ScrollArea/List/SkillSlot_86/Name
        Entity is fully off-canvas: right by 9694px (bbox=(10442,155)-(10654,181), canvas=1920x1080)
        hint: Edge formula: anchoredPosition = sign * (margin + RectSize/2) for center-pivot. For stretch axes, use OffsetMin/OffsetMax (anchoredPosition is ignored). Verify Pivot - non-center pivots shift the bbox.
[ERROR  ] L013 /ui/TitleGroup/SkillPanel/ScrollArea/List/SkillSlot_86/ProgressBg
        Entity is fully off-canvas: right by 9655px (bbox=(10485,122)-(10615,150), canvas=1920x1080)
        hint: Edge formula: anchoredPosition = sign * (margin + RectSize/2) for center-pivot. For stretch axes, use OffsetMin/OffsetMax (anchoredPosition is ignored). Verify Pivot - non-center pivots shift the bbox.
[ERROR  ] L013 /ui/TitleGroup/SkillPanel/ScrollArea/List/SkillSlot_86/ProgressFill
        Entity is fully off-canvas: right by 9655px (bbox=(10485,122)-(10615,150), canvas=1920x1080)
        hint: Edge formula: anchoredPosition = sign * (margin + RectSize/2) for center-pivot. For stretch axes, use OffsetMin/OffsetMax (anchoredPosition is ignored). Verify Pivot - non-center pivots shift the bbox.
[ERROR  ] L013 /ui/TitleGroup/SkillPanel/ScrollArea/List/SkillSlot_86/ProgressText
        Entity is fully off-canvas: right by 9690px (bbox=(10450,122)-(10650,150), canvas=1920x1080)
        hint: Edge formula: anchoredPosition = sign * (margin + RectSize/2) for center-pivot. For stretch axes, use OffsetMin/OffsetMax (anchoredPosition is ignored). Verify Pivot - non-center pivots shift the bbox.
[ERROR  ] L013 /ui/TitleGroup/SkillPanel/ScrollArea/List/SkillSlot_86/RedDot
        Entity is fully off-canvas: right by 9696px (bbox=(10594,341)-(10656,403), canvas=1920x1080)
        hint: Edge formula: anchoredPosition = sign * (margin + RectSize/2) for center-pivot. For stretch axes, use OffsetMin/OffsetMax (anchoredPosition is ignored). Verify Pivot - non-center pivots shift the bbox.
[ERROR  ] L013 /ui/TitleGroup/SkillPanel/ScrollArea/List/SkillSlot_86/RedDot/Mark
        Entity is fully off-canvas: right by 9696px (bbox=(10594,341)-(10656,403), canvas=1920x1080)
        hint: Edge formula: anchoredPosition = sign * (margin + RectSize/2) for center-pivot. For stretch axes, use OffsetMin/OffsetMax (anchoredPosition is ignored). Verify Pivot - non-center pivots shift the bbox.
[ERROR  ] L013 /ui/TitleGroup/SkillPanel/ScrollArea/List/SkillSlot_87
        Entity is fully off-canvas: right by 9702px (bbox=(10432,-203)-(10662,77), canvas=1920x1080)
        hint: Edge formula: anchoredPosition = sign * (margin + RectSize/2) for center-pivot. For stretch axes, use OffsetMin/OffsetMax (anchoredPosition is ignored). Verify Pivot - non-center pivots shift the bbox.
[ERROR  ] L013 /ui/TitleGroup/SkillPanel/ScrollArea/List/SkillSlot_87/Bg
        Entity is fully off-canvas: right by 9711px (bbox=(10421,-280)-(10671,110), canvas=1920x1080)
        hint: Edge formula: anchoredPosition = sign * (margin + RectSize/2) for center-pivot. For stretch axes, use OffsetMin/OffsetMax (anchoredPosition is ignored). Verify Pivot - non-center pivots shift the bbox.
[ERROR  ] L013 /ui/TitleGroup/SkillPanel/ScrollArea/List/SkillSlot_87/Bg_1
        Entity is fully off-canvas: right by 9666px (bbox=(10470,-110)-(10626,40), canvas=1920x1080)
        hint: Edge formula: anchoredPosition = sign * (margin + RectSize/2) for center-pivot. For stretch axes, use OffsetMin/OffsetMax (anchoredPosition is ignored). Verify Pivot - non-center pivots shift the bbox.
[ERROR  ] L013 /ui/TitleGroup/SkillPanel/ScrollArea/List/SkillSlot_87/Icon
        Entity is fully off-canvas: right by 9663px (bbox=(10472,-111)-(10623,40), canvas=1920x1080)
        hint: Edge formula: anchoredPosition = sign * (margin + RectSize/2) for center-pivot. For stretch axes, use OffsetMin/OffsetMax (anchoredPosition is ignored). Verify Pivot - non-center pivots shift the bbox.
[ERROR  ] L013 /ui/TitleGroup/SkillPanel/ScrollArea/List/SkillSlot_87/Level
        Entity is fully off-canvas: right by 9695px (bbox=(10443,-145)-(10655,-119), canvas=1920x1080)
        hint: Edge formula: anchoredPosition = sign * (margin + RectSize/2) for center-pivot. For stretch axes, use OffsetMin/OffsetMax (anchoredPosition is ignored). Verify Pivot - non-center pivots shift the bbox.
[ERROR  ] L013 /ui/TitleGroup/SkillPanel/ScrollArea/List/SkillSlot_87/Name
        Entity is fully off-canvas: right by 9694px (bbox=(10442,-180)-(10654,-154), canvas=1920x1080)
        hint: Edge formula: anchoredPosition = sign * (margin + RectSize/2) for center-pivot. For stretch axes, use OffsetMin/OffsetMax (anchoredPosition is ignored). Verify Pivot - non-center pivots shift the bbox.
[ERROR  ] L013 /ui/TitleGroup/SkillPanel/ScrollArea/List/SkillSlot_87/ProgressBg
        Entity is fully off-canvas: right by 9655px (bbox=(10485,-213)-(10615,-185), canvas=1920x1080)
        hint: Edge formula: anchoredPosition = sign * (margin + RectSize/2) for center-pivot. For stretch axes, use OffsetMin/OffsetMax (anchoredPosition is ignored). Verify Pivot - non-center pivots shift the bbox.
[ERROR  ] L013 /ui/TitleGroup/SkillPanel/ScrollArea/List/SkillSlot_87/ProgressFill
        Entity is fully off-canvas: right by 9655px (bbox=(10485,-213)-(10615,-185), canvas=1920x1080)
        hint: Edge formula: anchoredPosition = sign * (margin + RectSize/2) for center-pivot. For stretch axes, use OffsetMin/OffsetMax (anchoredPosition is ignored). Verify Pivot - non-center pivots shift the bbox.
[ERROR  ] L013 /ui/TitleGroup/SkillPanel/ScrollArea/List/SkillSlot_87/ProgressText
        Entity is fully off-canvas: right by 9690px (bbox=(10450,-213)-(10650,-185), canvas=1920x1080)
        hint: Edge formula: anchoredPosition = sign * (margin + RectSize/2) for center-pivot. For stretch axes, use OffsetMin/OffsetMax (anchoredPosition is ignored). Verify Pivot - non-center pivots shift the bbox.
[ERROR  ] L013 /ui/TitleGroup/SkillPanel/ScrollArea/List/SkillSlot_87/RedDot
        Entity is fully off-canvas: right by 9696px (bbox=(10594,6)-(10656,68), canvas=1920x1080)
        hint: Edge formula: anchoredPosition = sign * (margin + RectSize/2) for center-pivot. For stretch axes, use OffsetMin/OffsetMax (anchoredPosition is ignored). Verify Pivot - non-center pivots shift the bbox.
[ERROR  ] L013 /ui/TitleGroup/SkillPanel/ScrollArea/List/SkillSlot_87/RedDot/Mark
        Entity is fully off-canvas: right by 9696px (bbox=(10594,6)-(10656,68), canvas=1920x1080)
        hint: Edge formula: anchoredPosition = sign * (margin + RectSize/2) for center-pivot. For stretch axes, use OffsetMin/OffsetMax (anchoredPosition is ignored). Verify Pivot - non-center pivots shift the bbox.
[ERROR  ] L013 /ui/TitleGroup/SkillPanel/ScrollArea/List/SkillSlot_88
        Entity is fully off-canvas: right by 9956px (bbox=(10686,132)-(10916,412), canvas=1920x1080)
        hint: Edge formula: anchoredPosition = sign * (margin + RectSize/2) for center-pivot. For stretch axes, use OffsetMin/OffsetMax (anchoredPosition is ignored). Verify Pivot - non-center pivots shift the bbox.
[ERROR  ] L013 /ui/TitleGroup/SkillPanel/ScrollArea/List/SkillSlot_88/Bg
        Entity is fully off-canvas: right by 9965px (bbox=(10675,55)-(10925,445), canvas=1920x1080)
        hint: Edge formula: anchoredPosition = sign * (margin + RectSize/2) for center-pivot. For stretch axes, use OffsetMin/OffsetMax (anchoredPosition is ignored). Verify Pivot - non-center pivots shift the bbox.
[ERROR  ] L013 /ui/TitleGroup/SkillPanel/ScrollArea/List/SkillSlot_88/Bg_1
        Entity is fully off-canvas: right by 9920px (bbox=(10724,225)-(10880,375), canvas=1920x1080)
        hint: Edge formula: anchoredPosition = sign * (margin + RectSize/2) for center-pivot. For stretch axes, use OffsetMin/OffsetMax (anchoredPosition is ignored). Verify Pivot - non-center pivots shift the bbox.
[ERROR  ] L013 /ui/TitleGroup/SkillPanel/ScrollArea/List/SkillSlot_88/Icon
        Entity is fully off-canvas: right by 9917px (bbox=(10726,224)-(10877,375), canvas=1920x1080)
        hint: Edge formula: anchoredPosition = sign * (margin + RectSize/2) for center-pivot. For stretch axes, use OffsetMin/OffsetMax (anchoredPosition is ignored). Verify Pivot - non-center pivots shift the bbox.
[ERROR  ] L013 /ui/TitleGroup/SkillPanel/ScrollArea/List/SkillSlot_88/Level
        Entity is fully off-canvas: right by 9949px (bbox=(10697,190)-(10909,216), canvas=1920x1080)
        hint: Edge formula: anchoredPosition = sign * (margin + RectSize/2) for center-pivot. For stretch axes, use OffsetMin/OffsetMax (anchoredPosition is ignored). Verify Pivot - non-center pivots shift the bbox.
[ERROR  ] L013 /ui/TitleGroup/SkillPanel/ScrollArea/List/SkillSlot_88/Name
        Entity is fully off-canvas: right by 9948px (bbox=(10696,155)-(10908,181), canvas=1920x1080)
        hint: Edge formula: anchoredPosition = sign * (margin + RectSize/2) for center-pivot. For stretch axes, use OffsetMin/OffsetMax (anchoredPosition is ignored). Verify Pivot - non-center pivots shift the bbox.
[ERROR  ] L013 /ui/TitleGroup/SkillPanel/ScrollArea/List/SkillSlot_88/ProgressBg
        Entity is fully off-canvas: right by 9909px (bbox=(10739,122)-(10869,150), canvas=1920x1080)
        hint: Edge formula: anchoredPosition = sign * (margin + RectSize/2) for center-pivot. For stretch axes, use OffsetMin/OffsetMax (anchoredPosition is ignored). Verify Pivot - non-center pivots shift the bbox.
[ERROR  ] L013 /ui/TitleGroup/SkillPanel/ScrollArea/List/SkillSlot_88/ProgressFill
        Entity is fully off-canvas: right by 9909px (bbox=(10739,122)-(10869,150), canvas=1920x1080)
        hint: Edge formula: anchoredPosition = sign * (margin + RectSize/2) for center-pivot. For stretch axes, use OffsetMin/OffsetMax (anchoredPosition is ignored). Verify Pivot - non-center pivots shift the bbox.
[ERROR  ] L013 /ui/TitleGroup/SkillPanel/ScrollArea/List/SkillSlot_88/ProgressText
        Entity is fully off-canvas: right by 9944px (bbox=(10704,122)-(10904,150), canvas=1920x1080)
        hint: Edge formula: anchoredPosition = sign * (margin + RectSize/2) for center-pivot. For stretch axes, use OffsetMin/OffsetMax (anchoredPosition is ignored). Verify Pivot - non-center pivots shift the bbox.
[ERROR  ] L013 /ui/TitleGroup/SkillPanel/ScrollArea/List/SkillSlot_88/RedDot
        Entity is fully off-canvas: right by 9950px (bbox=(10848,341)-(10910,403), canvas=1920x1080)
        hint: Edge formula: anchoredPosition = sign * (margin + RectSize/2) for center-pivot. For stretch axes, use OffsetMin/OffsetMax (anchoredPosition is ignored). Verify Pivot - non-center pivots shift the bbox.
[ERROR  ] L013 /ui/TitleGroup/SkillPanel/ScrollArea/List/SkillSlot_88/RedDot/Mark
        Entity is fully off-canvas: right by 9950px (bbox=(10848,341)-(10910,403), canvas=1920x1080)
        hint: Edge formula: anchoredPosition = sign * (margin + RectSize/2) for center-pivot. For stretch axes, use OffsetMin/OffsetMax (anchoredPosition is ignored). Verify Pivot - non-center pivots shift the bbox.
[ERROR  ] L013 /ui/TitleGroup/SkillPanel/ScrollArea/List/SkillSlot_89
        Entity is fully off-canvas: right by 9956px (bbox=(10686,-203)-(10916,77), canvas=1920x1080)
        hint: Edge formula: anchoredPosition = sign * (margin + RectSize/2) for center-pivot. For stretch axes, use OffsetMin/OffsetMax (anchoredPosition is ignored). Verify Pivot - non-center pivots shift the bbox.
[ERROR  ] L013 /ui/TitleGroup/SkillPanel/ScrollArea/List/SkillSlot_89/Bg
        Entity is fully off-canvas: right by 9965px (bbox=(10675,-280)-(10925,110), canvas=1920x1080)
        hint: Edge formula: anchoredPosition = sign * (margin + RectSize/2) for center-pivot. For stretch axes, use OffsetMin/OffsetMax (anchoredPosition is ignored). Verify Pivot - non-center pivots shift the bbox.
[ERROR  ] L013 /ui/TitleGroup/SkillPanel/ScrollArea/List/SkillSlot_89/Bg_1
        Entity is fully off-canvas: right by 9920px (bbox=(10724,-110)-(10880,40), canvas=1920x1080)
        hint: Edge formula: anchoredPosition = sign * (margin + RectSize/2) for center-pivot. For stretch axes, use OffsetMin/OffsetMax (anchoredPosition is ignored). Verify Pivot - non-center pivots shift the bbox.
[ERROR  ] L013 /ui/TitleGroup/SkillPanel/ScrollArea/List/SkillSlot_89/Icon
        Entity is fully off-canvas: right by 9917px (bbox=(10726,-111)-(10877,40), canvas=1920x1080)
        hint: Edge formula: anchoredPosition = sign * (margin + RectSize/2) for center-pivot. For stretch axes, use OffsetMin/OffsetMax (anchoredPosition is ignored). Verify Pivot - non-center pivots shift the bbox.
[ERROR  ] L013 /ui/TitleGroup/SkillPanel/ScrollArea/List/SkillSlot_89/Level
        Entity is fully off-canvas: right by 9949px (bbox=(10697,-145)-(10909,-119), canvas=1920x1080)
        hint: Edge formula: anchoredPosition = sign * (margin + RectSize/2) for center-pivot. For stretch axes, use OffsetMin/OffsetMax (anchoredPosition is ignored). Verify Pivot - non-center pivots shift the bbox.
[ERROR  ] L013 /ui/TitleGroup/SkillPanel/ScrollArea/List/SkillSlot_89/Name
        Entity is fully off-canvas: right by 9948px (bbox=(10696,-180)-(10908,-154), canvas=1920x1080)
        hint: Edge formula: anchoredPosition = sign * (margin + RectSize/2) for center-pivot. For stretch axes, use OffsetMin/OffsetMax (anchoredPosition is ignored). Verify Pivot - non-center pivots shift the bbox.
[ERROR  ] L013 /ui/TitleGroup/SkillPanel/ScrollArea/List/SkillSlot_89/ProgressBg
        Entity is fully off-canvas: right by 9909px (bbox=(10739,-213)-(10869,-185), canvas=1920x1080)
        hint: Edge formula: anchoredPosition = sign * (margin + RectSize/2) for center-pivot. For stretch axes, use OffsetMin/OffsetMax (anchoredPosition is ignored). Verify Pivot - non-center pivots shift the bbox.
[ERROR  ] L013 /ui/TitleGroup/SkillPanel/ScrollArea/List/SkillSlot_89/ProgressFill
        Entity is fully off-canvas: right by 9909px (bbox=(10739,-213)-(10869,-185), canvas=1920x1080)
        hint: Edge formula: anchoredPosition = sign * (margin + RectSize/2) for center-pivot. For stretch axes, use OffsetMin/OffsetMax (anchoredPosition is ignored). Verify Pivot - non-center pivots shift the bbox.
[ERROR  ] L013 /ui/TitleGroup/SkillPanel/ScrollArea/List/SkillSlot_89/ProgressText
        Entity is fully off-canvas: right by 9944px (bbox=(10704,-213)-(10904,-185), canvas=1920x1080)
        hint: Edge formula: anchoredPosition = sign * (margin + RectSize/2) for center-pivot. For stretch axes, use OffsetMin/OffsetMax (anchoredPosition is ignored). Verify Pivot - non-center pivots shift the bbox.
[ERROR  ] L013 /ui/TitleGroup/SkillPanel/ScrollArea/List/SkillSlot_89/RedDot
        Entity is fully off-canvas: right by 9950px (bbox=(10848,6)-(10910,68), canvas=1920x1080)
        hint: Edge formula: anchoredPosition = sign * (margin + RectSize/2) for center-pivot. For stretch axes, use OffsetMin/OffsetMax (anchoredPosition is ignored). Verify Pivot - non-center pivots shift the bbox.
[ERROR  ] L013 /ui/TitleGroup/SkillPanel/ScrollArea/List/SkillSlot_89/RedDot/Mark
        Entity is fully off-canvas: right by 9950px (bbox=(10848,6)-(10910,68), canvas=1920x1080)
        hint: Edge formula: anchoredPosition = sign * (margin + RectSize/2) for center-pivot. For stretch axes, use OffsetMin/OffsetMax (anchoredPosition is ignored). Verify Pivot - non-center pivots shift the bbox.
[ERROR  ] L013 /ui/TitleGroup/SkillPanel/ScrollArea/List/SkillSlot_90
        Entity is fully off-canvas: right by 10210px (bbox=(10940,132)-(11170,412), canvas=1920x1080)
        hint: Edge formula: anchoredPosition = sign * (margin + RectSize/2) for center-pivot. For stretch axes, use OffsetMin/OffsetMax (anchoredPosition is ignored). Verify Pivot - non-center pivots shift the bbox.
[ERROR  ] L013 /ui/TitleGroup/SkillPanel/ScrollArea/List/SkillSlot_90/Bg
        Entity is fully off-canvas: right by 10219px (bbox=(10929,55)-(11179,445), canvas=1920x1080)
        hint: Edge formula: anchoredPosition = sign * (margin + RectSize/2) for center-pivot. For stretch axes, use OffsetMin/OffsetMax (anchoredPosition is ignored). Verify Pivot - non-center pivots shift the bbox.
[ERROR  ] L013 /ui/TitleGroup/SkillPanel/ScrollArea/List/SkillSlot_90/Bg_1
        Entity is fully off-canvas: right by 10174px (bbox=(10978,225)-(11134,375), canvas=1920x1080)
        hint: Edge formula: anchoredPosition = sign * (margin + RectSize/2) for center-pivot. For stretch axes, use OffsetMin/OffsetMax (anchoredPosition is ignored). Verify Pivot - non-center pivots shift the bbox.
[ERROR  ] L013 /ui/TitleGroup/SkillPanel/ScrollArea/List/SkillSlot_90/Icon
        Entity is fully off-canvas: right by 10171px (bbox=(10980,224)-(11131,375), canvas=1920x1080)
        hint: Edge formula: anchoredPosition = sign * (margin + RectSize/2) for center-pivot. For stretch axes, use OffsetMin/OffsetMax (anchoredPosition is ignored). Verify Pivot - non-center pivots shift the bbox.
[ERROR  ] L013 /ui/TitleGroup/SkillPanel/ScrollArea/List/SkillSlot_90/Level
        Entity is fully off-canvas: right by 10203px (bbox=(10951,190)-(11163,216), canvas=1920x1080)
        hint: Edge formula: anchoredPosition = sign * (margin + RectSize/2) for center-pivot. For stretch axes, use OffsetMin/OffsetMax (anchoredPosition is ignored). Verify Pivot - non-center pivots shift the bbox.
[ERROR  ] L013 /ui/TitleGroup/SkillPanel/ScrollArea/List/SkillSlot_90/Name
        Entity is fully off-canvas: right by 10202px (bbox=(10950,155)-(11162,181), canvas=1920x1080)
        hint: Edge formula: anchoredPosition = sign * (margin + RectSize/2) for center-pivot. For stretch axes, use OffsetMin/OffsetMax (anchoredPosition is ignored). Verify Pivot - non-center pivots shift the bbox.
[ERROR  ] L013 /ui/TitleGroup/SkillPanel/ScrollArea/List/SkillSlot_90/ProgressBg
        Entity is fully off-canvas: right by 10163px (bbox=(10993,122)-(11123,150), canvas=1920x1080)
        hint: Edge formula: anchoredPosition = sign * (margin + RectSize/2) for center-pivot. For stretch axes, use OffsetMin/OffsetMax (anchoredPosition is ignored). Verify Pivot - non-center pivots shift the bbox.
[ERROR  ] L013 /ui/TitleGroup/SkillPanel/ScrollArea/List/SkillSlot_90/ProgressFill
        Entity is fully off-canvas: right by 10163px (bbox=(10993,122)-(11123,150), canvas=1920x1080)
        hint: Edge formula: anchoredPosition = sign * (margin + RectSize/2) for center-pivot. For stretch axes, use OffsetMin/OffsetMax (anchoredPosition is ignored). Verify Pivot - non-center pivots shift the bbox.
[ERROR  ] L013 /ui/TitleGroup/SkillPanel/ScrollArea/List/SkillSlot_90/ProgressText
        Entity is fully off-canvas: right by 10198px (bbox=(10958,122)-(11158,150), canvas=1920x1080)
        hint: Edge formula: anchoredPosition = sign * (margin + RectSize/2) for center-pivot. For stretch axes, use OffsetMin/OffsetMax (anchoredPosition is ignored). Verify Pivot - non-center pivots shift the bbox.
[ERROR  ] L013 /ui/TitleGroup/SkillPanel/ScrollArea/List/SkillSlot_90/RedDot
        Entity is fully off-canvas: right by 10204px (bbox=(11102,341)-(11164,403), canvas=1920x1080)
        hint: Edge formula: anchoredPosition = sign * (margin + RectSize/2) for center-pivot. For stretch axes, use OffsetMin/OffsetMax (anchoredPosition is ignored). Verify Pivot - non-center pivots shift the bbox.
[ERROR  ] L013 /ui/TitleGroup/SkillPanel/ScrollArea/List/SkillSlot_90/RedDot/Mark
        Entity is fully off-canvas: right by 10204px (bbox=(11102,341)-(11164,403), canvas=1920x1080)
        hint: Edge formula: anchoredPosition = sign * (margin + RectSize/2) for center-pivot. For stretch axes, use OffsetMin/OffsetMax (anchoredPosition is ignored). Verify Pivot - non-center pivots shift the bbox.
[ERROR  ] L013 /ui/TitleGroup/SkillPanel/ScrollArea/List/SkillSlot_91
        Entity is fully off-canvas: right by 10210px (bbox=(10940,-203)-(11170,77), canvas=1920x1080)
        hint: Edge formula: anchoredPosition = sign * (margin + RectSize/2) for center-pivot. For stretch axes, use OffsetMin/OffsetMax (anchoredPosition is ignored). Verify Pivot - non-center pivots shift the bbox.
[ERROR  ] L013 /ui/TitleGroup/SkillPanel/ScrollArea/List/SkillSlot_91/Bg
        Entity is fully off-canvas: right by 10219px (bbox=(10929,-280)-(11179,110), canvas=1920x1080)
        hint: Edge formula: anchoredPosition = sign * (margin + RectSize/2) for center-pivot. For stretch axes, use OffsetMin/OffsetMax (anchoredPosition is ignored). Verify Pivot - non-center pivots shift the bbox.
[ERROR  ] L013 /ui/TitleGroup/SkillPanel/ScrollArea/List/SkillSlot_91/Bg_1
        Entity is fully off-canvas: right by 10174px (bbox=(10978,-110)-(11134,40), canvas=1920x1080)
        hint: Edge formula: anchoredPosition = sign * (margin + RectSize/2) for center-pivot. For stretch axes, use OffsetMin/OffsetMax (anchoredPosition is ignored). Verify Pivot - non-center pivots shift the bbox.
[ERROR  ] L013 /ui/TitleGroup/SkillPanel/ScrollArea/List/SkillSlot_91/Icon
        Entity is fully off-canvas: right by 10171px (bbox=(10980,-111)-(11131,40), canvas=1920x1080)
        hint: Edge formula: anchoredPosition = sign * (margin + RectSize/2) for center-pivot. For stretch axes, use OffsetMin/OffsetMax (anchoredPosition is ignored). Verify Pivot - non-center pivots shift the bbox.
[ERROR  ] L013 /ui/TitleGroup/SkillPanel/ScrollArea/List/SkillSlot_91/Level
        Entity is fully off-canvas: right by 10203px (bbox=(10951,-145)-(11163,-119), canvas=1920x1080)
        hint: Edge formula: anchoredPosition = sign * (margin + RectSize/2) for center-pivot. For stretch axes, use OffsetMin/OffsetMax (anchoredPosition is ignored). Verify Pivot - non-center pivots shift the bbox.
[ERROR  ] L013 /ui/TitleGroup/SkillPanel/ScrollArea/List/SkillSlot_91/Name
        Entity is fully off-canvas: right by 10202px (bbox=(10950,-180)-(11162,-154), canvas=1920x1080)
        hint: Edge formula: anchoredPosition = sign * (margin + RectSize/2) for center-pivot. For stretch axes, use OffsetMin/OffsetMax (anchoredPosition is ignored). Verify Pivot - non-center pivots shift the bbox.
[ERROR  ] L013 /ui/TitleGroup/SkillPanel/ScrollArea/List/SkillSlot_91/ProgressBg
        Entity is fully off-canvas: right by 10163px (bbox=(10993,-213)-(11123,-185), canvas=1920x1080)
        hint: Edge formula: anchoredPosition = sign * (margin + RectSize/2) for center-pivot. For stretch axes, use OffsetMin/OffsetMax (anchoredPosition is ignored). Verify Pivot - non-center pivots shift the bbox.
[ERROR  ] L013 /ui/TitleGroup/SkillPanel/ScrollArea/List/SkillSlot_91/ProgressFill
        Entity is fully off-canvas: right by 10163px (bbox=(10993,-213)-(11123,-185), canvas=1920x1080)
        hint: Edge formula: anchoredPosition = sign * (margin + RectSize/2) for center-pivot. For stretch axes, use OffsetMin/OffsetMax (anchoredPosition is ignored). Verify Pivot - non-center pivots shift the bbox.
[ERROR  ] L013 /ui/TitleGroup/SkillPanel/ScrollArea/List/SkillSlot_91/ProgressText
        Entity is fully off-canvas: right by 10198px (bbox=(10958,-213)-(11158,-185), canvas=1920x1080)
        hint: Edge formula: anchoredPosition = sign * (margin + RectSize/2) for center-pivot. For stretch axes, use OffsetMin/OffsetMax (anchoredPosition is ignored). Verify Pivot - non-center pivots shift the bbox.
[ERROR  ] L013 /ui/TitleGroup/SkillPanel/ScrollArea/List/SkillSlot_91/RedDot
        Entity is fully off-canvas: right by 10204px (bbox=(11102,6)-(11164,68), canvas=1920x1080)
        hint: Edge formula: anchoredPosition = sign * (margin + RectSize/2) for center-pivot. For stretch axes, use OffsetMin/OffsetMax (anchoredPosition is ignored). Verify Pivot - non-center pivots shift the bbox.
[ERROR  ] L013 /ui/TitleGroup/SkillPanel/ScrollArea/List/SkillSlot_91/RedDot/Mark
        Entity is fully off-canvas: right by 10204px (bbox=(11102,6)-(11164,68), canvas=1920x1080)
        hint: Edge formula: anchoredPosition = sign * (margin + RectSize/2) for center-pivot. For stretch axes, use OffsetMin/OffsetMax (anchoredPosition is ignored). Verify Pivot - non-center pivots shift the bbox.
[ERROR  ] L013 /ui/TitleGroup/SkillPanel/ScrollArea/List/SkillSlot_92
        Entity is fully off-canvas: right by 10464px (bbox=(11194,132)-(11424,412), canvas=1920x1080)
        hint: Edge formula: anchoredPosition = sign * (margin + RectSize/2) for center-pivot. For stretch axes, use OffsetMin/OffsetMax (anchoredPosition is ignored). Verify Pivot - non-center pivots shift the bbox.
[ERROR  ] L013 /ui/TitleGroup/SkillPanel/ScrollArea/List/SkillSlot_92/Bg
        Entity is fully off-canvas: right by 10473px (bbox=(11183,55)-(11433,445), canvas=1920x1080)
        hint: Edge formula: anchoredPosition = sign * (margin + RectSize/2) for center-pivot. For stretch axes, use OffsetMin/OffsetMax (anchoredPosition is ignored). Verify Pivot - non-center pivots shift the bbox.
[ERROR  ] L013 /ui/TitleGroup/SkillPanel/ScrollArea/List/SkillSlot_92/Bg_1
        Entity is fully off-canvas: right by 10428px (bbox=(11232,225)-(11388,375), canvas=1920x1080)
        hint: Edge formula: anchoredPosition = sign * (margin + RectSize/2) for center-pivot. For stretch axes, use OffsetMin/OffsetMax (anchoredPosition is ignored). Verify Pivot - non-center pivots shift the bbox.
[ERROR  ] L013 /ui/TitleGroup/SkillPanel/ScrollArea/List/SkillSlot_92/Icon
        Entity is fully off-canvas: right by 10425px (bbox=(11234,224)-(11385,375), canvas=1920x1080)
        hint: Edge formula: anchoredPosition = sign * (margin + RectSize/2) for center-pivot. For stretch axes, use OffsetMin/OffsetMax (anchoredPosition is ignored). Verify Pivot - non-center pivots shift the bbox.
[ERROR  ] L013 /ui/TitleGroup/SkillPanel/ScrollArea/List/SkillSlot_92/Level
        Entity is fully off-canvas: right by 10457px (bbox=(11205,190)-(11417,216), canvas=1920x1080)
        hint: Edge formula: anchoredPosition = sign * (margin + RectSize/2) for center-pivot. For stretch axes, use OffsetMin/OffsetMax (anchoredPosition is ignored). Verify Pivot - non-center pivots shift the bbox.
[ERROR  ] L013 /ui/TitleGroup/SkillPanel/ScrollArea/List/SkillSlot_92/Name
        Entity is fully off-canvas: right by 10456px (bbox=(11204,155)-(11416,181), canvas=1920x1080)
        hint: Edge formula: anchoredPosition = sign * (margin + RectSize/2) for center-pivot. For stretch axes, use OffsetMin/OffsetMax (anchoredPosition is ignored). Verify Pivot - non-center pivots shift the bbox.
[ERROR  ] L013 /ui/TitleGroup/SkillPanel/ScrollArea/List/SkillSlot_92/ProgressBg
        Entity is fully off-canvas: right by 10417px (bbox=(11247,122)-(11377,150), canvas=1920x1080)
        hint: Edge formula: anchoredPosition = sign * (margin + RectSize/2) for center-pivot. For stretch axes, use OffsetMin/OffsetMax (anchoredPosition is ignored). Verify Pivot - non-center pivots shift the bbox.
[ERROR  ] L013 /ui/TitleGroup/SkillPanel/ScrollArea/List/SkillSlot_92/ProgressFill
        Entity is fully off-canvas: right by 10417px (bbox=(11247,122)-(11377,150), canvas=1920x1080)
        hint: Edge formula: anchoredPosition = sign * (margin + RectSize/2) for center-pivot. For stretch axes, use OffsetMin/OffsetMax (anchoredPosition is ignored). Verify Pivot - non-center pivots shift the bbox.
[ERROR  ] L013 /ui/TitleGroup/SkillPanel/ScrollArea/List/SkillSlot_92/ProgressText
        Entity is fully off-canvas: right by 10452px (bbox=(11212,122)-(11412,150), canvas=1920x1080)
        hint: Edge formula: anchoredPosition = sign * (margin + RectSize/2) for center-pivot. For stretch axes, use OffsetMin/OffsetMax (anchoredPosition is ignored). Verify Pivot - non-center pivots shift the bbox.
[ERROR  ] L013 /ui/TitleGroup/SkillPanel/ScrollArea/List/SkillSlot_92/RedDot
        Entity is fully off-canvas: right by 10458px (bbox=(11356,341)-(11418,403), canvas=1920x1080)
        hint: Edge formula: anchoredPosition = sign * (margin + RectSize/2) for center-pivot. For stretch axes, use OffsetMin/OffsetMax (anchoredPosition is ignored). Verify Pivot - non-center pivots shift the bbox.
[ERROR  ] L013 /ui/TitleGroup/SkillPanel/ScrollArea/List/SkillSlot_92/RedDot/Mark
        Entity is fully off-canvas: right by 10458px (bbox=(11356,341)-(11418,403), canvas=1920x1080)
        hint: Edge formula: anchoredPosition = sign * (margin + RectSize/2) for center-pivot. For stretch axes, use OffsetMin/OffsetMax (anchoredPosition is ignored). Verify Pivot - non-center pivots shift the bbox.
[ERROR  ] L013 /ui/TitleGroup/SkillPanel/ScrollArea/List/SkillSlot_93
        Entity is fully off-canvas: right by 10464px (bbox=(11194,-203)-(11424,77), canvas=1920x1080)
        hint: Edge formula: anchoredPosition = sign * (margin + RectSize/2) for center-pivot. For stretch axes, use OffsetMin/OffsetMax (anchoredPosition is ignored). Verify Pivot - non-center pivots shift the bbox.
[ERROR  ] L013 /ui/TitleGroup/SkillPanel/ScrollArea/List/SkillSlot_93/Bg
        Entity is fully off-canvas: right by 10473px (bbox=(11183,-280)-(11433,110), canvas=1920x1080)
        hint: Edge formula: anchoredPosition = sign * (margin + RectSize/2) for center-pivot. For stretch axes, use OffsetMin/OffsetMax (anchoredPosition is ignored). Verify Pivot - non-center pivots shift the bbox.
[ERROR  ] L013 /ui/TitleGroup/SkillPanel/ScrollArea/List/SkillSlot_93/Bg_1
        Entity is fully off-canvas: right by 10428px (bbox=(11232,-110)-(11388,40), canvas=1920x1080)
        hint: Edge formula: anchoredPosition = sign * (margin + RectSize/2) for center-pivot. For stretch axes, use OffsetMin/OffsetMax (anchoredPosition is ignored). Verify Pivot - non-center pivots shift the bbox.
[ERROR  ] L013 /ui/TitleGroup/SkillPanel/ScrollArea/List/SkillSlot_93/Icon
        Entity is fully off-canvas: right by 10425px (bbox=(11234,-111)-(11385,40), canvas=1920x1080)
        hint: Edge formula: anchoredPosition = sign * (margin + RectSize/2) for center-pivot. For stretch axes, use OffsetMin/OffsetMax (anchoredPosition is ignored). Verify Pivot - non-center pivots shift the bbox.
[ERROR  ] L013 /ui/TitleGroup/SkillPanel/ScrollArea/List/SkillSlot_93/Level
        Entity is fully off-canvas: right by 10457px (bbox=(11205,-145)-(11417,-119), canvas=1920x1080)
        hint: Edge formula: anchoredPosition = sign * (margin + RectSize/2) for center-pivot. For stretch axes, use OffsetMin/OffsetMax (anchoredPosition is ignored). Verify Pivot - non-center pivots shift the bbox.
[ERROR  ] L013 /ui/TitleGroup/SkillPanel/ScrollArea/List/SkillSlot_93/Name
        Entity is fully off-canvas: right by 10456px (bbox=(11204,-180)-(11416,-154), canvas=1920x1080)
        hint: Edge formula: anchoredPosition = sign * (margin + RectSize/2) for center-pivot. For stretch axes, use OffsetMin/OffsetMax (anchoredPosition is ignored). Verify Pivot - non-center pivots shift the bbox.
[ERROR  ] L013 /ui/TitleGroup/SkillPanel/ScrollArea/List/SkillSlot_93/ProgressBg
        Entity is fully off-canvas: right by 10417px (bbox=(11247,-213)-(11377,-185), canvas=1920x1080)
        hint: Edge formula: anchoredPosition = sign * (margin + RectSize/2) for center-pivot. For stretch axes, use OffsetMin/OffsetMax (anchoredPosition is ignored). Verify Pivot - non-center pivots shift the bbox.
[ERROR  ] L013 /ui/TitleGroup/SkillPanel/ScrollArea/List/SkillSlot_93/ProgressFill
        Entity is fully off-canvas: right by 10417px (bbox=(11247,-213)-(11377,-185), canvas=1920x1080)
        hint: Edge formula: anchoredPosition = sign * (margin + RectSize/2) for center-pivot. For stretch axes, use OffsetMin/OffsetMax (anchoredPosition is ignored). Verify Pivot - non-center pivots shift the bbox.
[ERROR  ] L013 /ui/TitleGroup/SkillPanel/ScrollArea/List/SkillSlot_93/ProgressText
        Entity is fully off-canvas: right by 10452px (bbox=(11212,-213)-(11412,-185), canvas=1920x1080)
        hint: Edge formula: anchoredPosition = sign * (margin + RectSize/2) for center-pivot. For stretch axes, use OffsetMin/OffsetMax (anchoredPosition is ignored). Verify Pivot - non-center pivots shift the bbox.
[ERROR  ] L013 /ui/TitleGroup/SkillPanel/ScrollArea/List/SkillSlot_93/RedDot
        Entity is fully off-canvas: right by 10458px (bbox=(11356,6)-(11418,68), canvas=1920x1080)
        hint: Edge formula: anchoredPosition = sign * (margin + RectSize/2) for center-pivot. For stretch axes, use OffsetMin/OffsetMax (anchoredPosition is ignored). Verify Pivot - non-center pivots shift the bbox.
[ERROR  ] L013 /ui/TitleGroup/SkillPanel/ScrollArea/List/SkillSlot_93/RedDot/Mark
        Entity is fully off-canvas: right by 10458px (bbox=(11356,6)-(11418,68), canvas=1920x1080)
        hint: Edge formula: anchoredPosition = sign * (margin + RectSize/2) for center-pivot. For stretch axes, use OffsetMin/OffsetMax (anchoredPosition is ignored). Verify Pivot - non-center pivots shift the bbox.
[ERROR  ] L013 /ui/TitleGroup/SkillPanel/ScrollArea/List/SkillSlot_94
        Entity is fully off-canvas: right by 10718px (bbox=(11448,132)-(11678,412), canvas=1920x1080)
        hint: Edge formula: anchoredPosition = sign * (margin + RectSize/2) for center-pivot. For stretch axes, use OffsetMin/OffsetMax (anchoredPosition is ignored). Verify Pivot - non-center pivots shift the bbox.
[ERROR  ] L013 /ui/TitleGroup/SkillPanel/ScrollArea/List/SkillSlot_94/Bg
        Entity is fully off-canvas: right by 10727px (bbox=(11437,55)-(11687,445), canvas=1920x1080)
        hint: Edge formula: anchoredPosition = sign * (margin + RectSize/2) for center-pivot. For stretch axes, use OffsetMin/OffsetMax (anchoredPosition is ignored). Verify Pivot - non-center pivots shift the bbox.
[ERROR  ] L013 /ui/TitleGroup/SkillPanel/ScrollArea/List/SkillSlot_94/Bg_1
        Entity is fully off-canvas: right by 10682px (bbox=(11486,225)-(11642,375), canvas=1920x1080)
        hint: Edge formula: anchoredPosition = sign * (margin + RectSize/2) for center-pivot. For stretch axes, use OffsetMin/OffsetMax (anchoredPosition is ignored). Verify Pivot - non-center pivots shift the bbox.
[ERROR  ] L013 /ui/TitleGroup/SkillPanel/ScrollArea/List/SkillSlot_94/Icon
        Entity is fully off-canvas: right by 10679px (bbox=(11488,224)-(11639,375), canvas=1920x1080)
        hint: Edge formula: anchoredPosition = sign * (margin + RectSize/2) for center-pivot. For stretch axes, use OffsetMin/OffsetMax (anchoredPosition is ignored). Verify Pivot - non-center pivots shift the bbox.
[ERROR  ] L013 /ui/TitleGroup/SkillPanel/ScrollArea/List/SkillSlot_94/Level
        Entity is fully off-canvas: right by 10711px (bbox=(11459,190)-(11671,216), canvas=1920x1080)
        hint: Edge formula: anchoredPosition = sign * (margin + RectSize/2) for center-pivot. For stretch axes, use OffsetMin/OffsetMax (anchoredPosition is ignored). Verify Pivot - non-center pivots shift the bbox.
[ERROR  ] L013 /ui/TitleGroup/SkillPanel/ScrollArea/List/SkillSlot_94/Name
        Entity is fully off-canvas: right by 10710px (bbox=(11458,155)-(11670,181), canvas=1920x1080)
        hint: Edge formula: anchoredPosition = sign * (margin + RectSize/2) for center-pivot. For stretch axes, use OffsetMin/OffsetMax (anchoredPosition is ignored). Verify Pivot - non-center pivots shift the bbox.
[ERROR  ] L013 /ui/TitleGroup/SkillPanel/ScrollArea/List/SkillSlot_94/ProgressBg
        Entity is fully off-canvas: right by 10671px (bbox=(11501,122)-(11631,150), canvas=1920x1080)
        hint: Edge formula: anchoredPosition = sign * (margin + RectSize/2) for center-pivot. For stretch axes, use OffsetMin/OffsetMax (anchoredPosition is ignored). Verify Pivot - non-center pivots shift the bbox.
[ERROR  ] L013 /ui/TitleGroup/SkillPanel/ScrollArea/List/SkillSlot_94/ProgressFill
        Entity is fully off-canvas: right by 10671px (bbox=(11501,122)-(11631,150), canvas=1920x1080)
        hint: Edge formula: anchoredPosition = sign * (margin + RectSize/2) for center-pivot. For stretch axes, use OffsetMin/OffsetMax (anchoredPosition is ignored). Verify Pivot - non-center pivots shift the bbox.
[ERROR  ] L013 /ui/TitleGroup/SkillPanel/ScrollArea/List/SkillSlot_94/ProgressText
        Entity is fully off-canvas: right by 10706px (bbox=(11466,122)-(11666,150), canvas=1920x1080)
        hint: Edge formula: anchoredPosition = sign * (margin + RectSize/2) for center-pivot. For stretch axes, use OffsetMin/OffsetMax (anchoredPosition is ignored). Verify Pivot - non-center pivots shift the bbox.
[ERROR  ] L013 /ui/TitleGroup/SkillPanel/ScrollArea/List/SkillSlot_94/RedDot
        Entity is fully off-canvas: right by 10712px (bbox=(11610,341)-(11672,403), canvas=1920x1080)
        hint: Edge formula: anchoredPosition = sign * (margin + RectSize/2) for center-pivot. For stretch axes, use OffsetMin/OffsetMax (anchoredPosition is ignored). Verify Pivot - non-center pivots shift the bbox.
[ERROR  ] L013 /ui/TitleGroup/SkillPanel/ScrollArea/List/SkillSlot_94/RedDot/Mark
        Entity is fully off-canvas: right by 10712px (bbox=(11610,341)-(11672,403), canvas=1920x1080)
        hint: Edge formula: anchoredPosition = sign * (margin + RectSize/2) for center-pivot. For stretch axes, use OffsetMin/OffsetMax (anchoredPosition is ignored). Verify Pivot - non-center pivots shift the bbox.
[ERROR  ] L013 /ui/TitleGroup/SkillPanel/ScrollArea/List/SkillSlot_95
        Entity is fully off-canvas: right by 10718px (bbox=(11448,-203)-(11678,77), canvas=1920x1080)
        hint: Edge formula: anchoredPosition = sign * (margin + RectSize/2) for center-pivot. For stretch axes, use OffsetMin/OffsetMax (anchoredPosition is ignored). Verify Pivot - non-center pivots shift the bbox.
[ERROR  ] L013 /ui/TitleGroup/SkillPanel/ScrollArea/List/SkillSlot_95/Bg
        Entity is fully off-canvas: right by 10727px (bbox=(11437,-280)-(11687,110), canvas=1920x1080)
        hint: Edge formula: anchoredPosition = sign * (margin + RectSize/2) for center-pivot. For stretch axes, use OffsetMin/OffsetMax (anchoredPosition is ignored). Verify Pivot - non-center pivots shift the bbox.
[ERROR  ] L013 /ui/TitleGroup/SkillPanel/ScrollArea/List/SkillSlot_95/Bg_1
        Entity is fully off-canvas: right by 10682px (bbox=(11486,-110)-(11642,40), canvas=1920x1080)
        hint: Edge formula: anchoredPosition = sign * (margin + RectSize/2) for center-pivot. For stretch axes, use OffsetMin/OffsetMax (anchoredPosition is ignored). Verify Pivot - non-center pivots shift the bbox.
[ERROR  ] L013 /ui/TitleGroup/SkillPanel/ScrollArea/List/SkillSlot_95/Icon
        Entity is fully off-canvas: right by 10679px (bbox=(11488,-111)-(11639,40), canvas=1920x1080)
        hint: Edge formula: anchoredPosition = sign * (margin + RectSize/2) for center-pivot. For stretch axes, use OffsetMin/OffsetMax (anchoredPosition is ignored). Verify Pivot - non-center pivots shift the bbox.
[ERROR  ] L013 /ui/TitleGroup/SkillPanel/ScrollArea/List/SkillSlot_95/Level
        Entity is fully off-canvas: right by 10711px (bbox=(11459,-145)-(11671,-119), canvas=1920x1080)
        hint: Edge formula: anchoredPosition = sign * (margin + RectSize/2) for center-pivot. For stretch axes, use OffsetMin/OffsetMax (anchoredPosition is ignored). Verify Pivot - non-center pivots shift the bbox.
[ERROR  ] L013 /ui/TitleGroup/SkillPanel/ScrollArea/List/SkillSlot_95/Name
        Entity is fully off-canvas: right by 10710px (bbox=(11458,-180)-(11670,-154), canvas=1920x1080)
        hint: Edge formula: anchoredPosition = sign * (margin + RectSize/2) for center-pivot. For stretch axes, use OffsetMin/OffsetMax (anchoredPosition is ignored). Verify Pivot - non-center pivots shift the bbox.
[ERROR  ] L013 /ui/TitleGroup/SkillPanel/ScrollArea/List/SkillSlot_95/ProgressBg
        Entity is fully off-canvas: right by 10671px (bbox=(11501,-213)-(11631,-185), canvas=1920x1080)
        hint: Edge formula: anchoredPosition = sign * (margin + RectSize/2) for center-pivot. For stretch axes, use OffsetMin/OffsetMax (anchoredPosition is ignored). Verify Pivot - non-center pivots shift the bbox.
[ERROR  ] L013 /ui/TitleGroup/SkillPanel/ScrollArea/List/SkillSlot_95/ProgressFill
        Entity is fully off-canvas: right by 10671px (bbox=(11501,-213)-(11631,-185), canvas=1920x1080)
        hint: Edge formula: anchoredPosition = sign * (margin + RectSize/2) for center-pivot. For stretch axes, use OffsetMin/OffsetMax (anchoredPosition is ignored). Verify Pivot - non-center pivots shift the bbox.
[ERROR  ] L013 /ui/TitleGroup/SkillPanel/ScrollArea/List/SkillSlot_95/ProgressText
        Entity is fully off-canvas: right by 10706px (bbox=(11466,-213)-(11666,-185), canvas=1920x1080)
        hint: Edge formula: anchoredPosition = sign * (margin + RectSize/2) for center-pivot. For stretch axes, use OffsetMin/OffsetMax (anchoredPosition is ignored). Verify Pivot - non-center pivots shift the bbox.
[ERROR  ] L013 /ui/TitleGroup/SkillPanel/ScrollArea/List/SkillSlot_95/RedDot
        Entity is fully off-canvas: right by 10712px (bbox=(11610,6)-(11672,68), canvas=1920x1080)
        hint: Edge formula: anchoredPosition = sign * (margin + RectSize/2) for center-pivot. For stretch axes, use OffsetMin/OffsetMax (anchoredPosition is ignored). Verify Pivot - non-center pivots shift the bbox.
[ERROR  ] L013 /ui/TitleGroup/SkillPanel/ScrollArea/List/SkillSlot_95/RedDot/Mark
        Entity is fully off-canvas: right by 10712px (bbox=(11610,6)-(11672,68), canvas=1920x1080)
        hint: Edge formula: anchoredPosition = sign * (margin + RectSize/2) for center-pivot. For stretch axes, use OffsetMin/OffsetMax (anchoredPosition is ignored). Verify Pivot - non-center pivots shift the bbox.
[ERROR  ] L013 /ui/TitleGroup/SkillPanel/ScrollArea/List/SkillSlot_96
        Entity is fully off-canvas: right by 10972px (bbox=(11702,132)-(11932,412), canvas=1920x1080)
        hint: Edge formula: anchoredPosition = sign * (margin + RectSize/2) for center-pivot. For stretch axes, use OffsetMin/OffsetMax (anchoredPosition is ignored). Verify Pivot - non-center pivots shift the bbox.
[ERROR  ] L013 /ui/TitleGroup/SkillPanel/ScrollArea/List/SkillSlot_96/Bg
        Entity is fully off-canvas: right by 10981px (bbox=(11691,55)-(11941,445), canvas=1920x1080)
        hint: Edge formula: anchoredPosition = sign * (margin + RectSize/2) for center-pivot. For stretch axes, use OffsetMin/OffsetMax (anchoredPosition is ignored). Verify Pivot - non-center pivots shift the bbox.
[ERROR  ] L013 /ui/TitleGroup/SkillPanel/ScrollArea/List/SkillSlot_96/Bg_1
        Entity is fully off-canvas: right by 10936px (bbox=(11740,225)-(11896,375), canvas=1920x1080)
        hint: Edge formula: anchoredPosition = sign * (margin + RectSize/2) for center-pivot. For stretch axes, use OffsetMin/OffsetMax (anchoredPosition is ignored). Verify Pivot - non-center pivots shift the bbox.
[ERROR  ] L013 /ui/TitleGroup/SkillPanel/ScrollArea/List/SkillSlot_96/Icon
        Entity is fully off-canvas: right by 10933px (bbox=(11742,224)-(11893,375), canvas=1920x1080)
        hint: Edge formula: anchoredPosition = sign * (margin + RectSize/2) for center-pivot. For stretch axes, use OffsetMin/OffsetMax (anchoredPosition is ignored). Verify Pivot - non-center pivots shift the bbox.
[ERROR  ] L013 /ui/TitleGroup/SkillPanel/ScrollArea/List/SkillSlot_96/Level
        Entity is fully off-canvas: right by 10965px (bbox=(11713,190)-(11925,216), canvas=1920x1080)
        hint: Edge formula: anchoredPosition = sign * (margin + RectSize/2) for center-pivot. For stretch axes, use OffsetMin/OffsetMax (anchoredPosition is ignored). Verify Pivot - non-center pivots shift the bbox.
[ERROR  ] L013 /ui/TitleGroup/SkillPanel/ScrollArea/List/SkillSlot_96/Name
        Entity is fully off-canvas: right by 10964px (bbox=(11712,155)-(11924,181), canvas=1920x1080)
        hint: Edge formula: anchoredPosition = sign * (margin + RectSize/2) for center-pivot. For stretch axes, use OffsetMin/OffsetMax (anchoredPosition is ignored). Verify Pivot - non-center pivots shift the bbox.
[ERROR  ] L013 /ui/TitleGroup/SkillPanel/ScrollArea/List/SkillSlot_96/ProgressBg
        Entity is fully off-canvas: right by 10925px (bbox=(11755,122)-(11885,150), canvas=1920x1080)
        hint: Edge formula: anchoredPosition = sign * (margin + RectSize/2) for center-pivot. For stretch axes, use OffsetMin/OffsetMax (anchoredPosition is ignored). Verify Pivot - non-center pivots shift the bbox.
[ERROR  ] L013 /ui/TitleGroup/SkillPanel/ScrollArea/List/SkillSlot_96/ProgressFill
        Entity is fully off-canvas: right by 10925px (bbox=(11755,122)-(11885,150), canvas=1920x1080)
        hint: Edge formula: anchoredPosition = sign * (margin + RectSize/2) for center-pivot. For stretch axes, use OffsetMin/OffsetMax (anchoredPosition is ignored). Verify Pivot - non-center pivots shift the bbox.
[ERROR  ] L013 /ui/TitleGroup/SkillPanel/ScrollArea/List/SkillSlot_96/ProgressText
        Entity is fully off-canvas: right by 10960px (bbox=(11720,122)-(11920,150), canvas=1920x1080)
        hint: Edge formula: anchoredPosition = sign * (margin + RectSize/2) for center-pivot. For stretch axes, use OffsetMin/OffsetMax (anchoredPosition is ignored). Verify Pivot - non-center pivots shift the bbox.
[ERROR  ] L013 /ui/TitleGroup/SkillPanel/ScrollArea/List/SkillSlot_96/RedDot
        Entity is fully off-canvas: right by 10966px (bbox=(11864,341)-(11926,403), canvas=1920x1080)
        hint: Edge formula: anchoredPosition = sign * (margin + RectSize/2) for center-pivot. For stretch axes, use OffsetMin/OffsetMax (anchoredPosition is ignored). Verify Pivot - non-center pivots shift the bbox.
[ERROR  ] L013 /ui/TitleGroup/SkillPanel/ScrollArea/List/SkillSlot_96/RedDot/Mark
        Entity is fully off-canvas: right by 10966px (bbox=(11864,341)-(11926,403), canvas=1920x1080)
        hint: Edge formula: anchoredPosition = sign * (margin + RectSize/2) for center-pivot. For stretch axes, use OffsetMin/OffsetMax (anchoredPosition is ignored). Verify Pivot - non-center pivots shift the bbox.
[ERROR  ] L013 /ui/TitleGroup/SkillPanel/ScrollArea/List/SkillSlot_97
        Entity is fully off-canvas: right by 10972px (bbox=(11702,-203)-(11932,77), canvas=1920x1080)
        hint: Edge formula: anchoredPosition = sign * (margin + RectSize/2) for center-pivot. For stretch axes, use OffsetMin/OffsetMax (anchoredPosition is ignored). Verify Pivot - non-center pivots shift the bbox.
[ERROR  ] L013 /ui/TitleGroup/SkillPanel/ScrollArea/List/SkillSlot_97/Bg
        Entity is fully off-canvas: right by 10981px (bbox=(11691,-280)-(11941,110), canvas=1920x1080)
        hint: Edge formula: anchoredPosition = sign * (margin + RectSize/2) for center-pivot. For stretch axes, use OffsetMin/OffsetMax (anchoredPosition is ignored). Verify Pivot - non-center pivots shift the bbox.
[ERROR  ] L013 /ui/TitleGroup/SkillPanel/ScrollArea/List/SkillSlot_97/Bg_1
        Entity is fully off-canvas: right by 10936px (bbox=(11740,-110)-(11896,40), canvas=1920x1080)
        hint: Edge formula: anchoredPosition = sign * (margin + RectSize/2) for center-pivot. For stretch axes, use OffsetMin/OffsetMax (anchoredPosition is ignored). Verify Pivot - non-center pivots shift the bbox.
[ERROR  ] L013 /ui/TitleGroup/SkillPanel/ScrollArea/List/SkillSlot_97/Icon
        Entity is fully off-canvas: right by 10933px (bbox=(11742,-111)-(11893,40), canvas=1920x1080)
        hint: Edge formula: anchoredPosition = sign * (margin + RectSize/2) for center-pivot. For stretch axes, use OffsetMin/OffsetMax (anchoredPosition is ignored). Verify Pivot - non-center pivots shift the bbox.
[ERROR  ] L013 /ui/TitleGroup/SkillPanel/ScrollArea/List/SkillSlot_97/Level
        Entity is fully off-canvas: right by 10965px (bbox=(11713,-145)-(11925,-119), canvas=1920x1080)
        hint: Edge formula: anchoredPosition = sign * (margin + RectSize/2) for center-pivot. For stretch axes, use OffsetMin/OffsetMax (anchoredPosition is ignored). Verify Pivot - non-center pivots shift the bbox.
[ERROR  ] L013 /ui/TitleGroup/SkillPanel/ScrollArea/List/SkillSlot_97/Name
        Entity is fully off-canvas: right by 10964px (bbox=(11712,-180)-(11924,-154), canvas=1920x1080)
        hint: Edge formula: anchoredPosition = sign * (margin + RectSize/2) for center-pivot. For stretch axes, use OffsetMin/OffsetMax (anchoredPosition is ignored). Verify Pivot - non-center pivots shift the bbox.
[ERROR  ] L013 /ui/TitleGroup/SkillPanel/ScrollArea/List/SkillSlot_97/ProgressBg
        Entity is fully off-canvas: right by 10925px (bbox=(11755,-213)-(11885,-185), canvas=1920x1080)
        hint: Edge formula: anchoredPosition = sign * (margin + RectSize/2) for center-pivot. For stretch axes, use OffsetMin/OffsetMax (anchoredPosition is ignored). Verify Pivot - non-center pivots shift the bbox.
[ERROR  ] L013 /ui/TitleGroup/SkillPanel/ScrollArea/List/SkillSlot_97/ProgressFill
        Entity is fully off-canvas: right by 10925px (bbox=(11755,-213)-(11885,-185), canvas=1920x1080)
        hint: Edge formula: anchoredPosition = sign * (margin + RectSize/2) for center-pivot. For stretch axes, use OffsetMin/OffsetMax (anchoredPosition is ignored). Verify Pivot - non-center pivots shift the bbox.
[ERROR  ] L013 /ui/TitleGroup/SkillPanel/ScrollArea/List/SkillSlot_97/ProgressText
        Entity is fully off-canvas: right by 10960px (bbox=(11720,-213)-(11920,-185), canvas=1920x1080)
        hint: Edge formula: anchoredPosition = sign * (margin + RectSize/2) for center-pivot. For stretch axes, use OffsetMin/OffsetMax (anchoredPosition is ignored). Verify Pivot - non-center pivots shift the bbox.
[ERROR  ] L013 /ui/TitleGroup/SkillPanel/ScrollArea/List/SkillSlot_97/RedDot
        Entity is fully off-canvas: right by 10966px (bbox=(11864,6)-(11926,68), canvas=1920x1080)
        hint: Edge formula: anchoredPosition = sign * (margin + RectSize/2) for center-pivot. For stretch axes, use OffsetMin/OffsetMax (anchoredPosition is ignored). Verify Pivot - non-center pivots shift the bbox.
[ERROR  ] L013 /ui/TitleGroup/SkillPanel/ScrollArea/List/SkillSlot_97/RedDot/Mark
        Entity is fully off-canvas: right by 10966px (bbox=(11864,6)-(11926,68), canvas=1920x1080)
        hint: Edge formula: anchoredPosition = sign * (margin + RectSize/2) for center-pivot. For stretch axes, use OffsetMin/OffsetMax (anchoredPosition is ignored). Verify Pivot - non-center pivots shift the bbox.
[ERROR  ] L013 /ui/TitleGroup/SkillPanel/ScrollArea/List/SkillSlot_98
        Entity is fully off-canvas: right by 11226px (bbox=(11956,132)-(12186,412), canvas=1920x1080)
        hint: Edge formula: anchoredPosition = sign * (margin + RectSize/2) for center-pivot. For stretch axes, use OffsetMin/OffsetMax (anchoredPosition is ignored). Verify Pivot - non-center pivots shift the bbox.
[ERROR  ] L013 /ui/TitleGroup/SkillPanel/ScrollArea/List/SkillSlot_98/Bg
        Entity is fully off-canvas: right by 11235px (bbox=(11945,55)-(12195,445), canvas=1920x1080)
        hint: Edge formula: anchoredPosition = sign * (margin + RectSize/2) for center-pivot. For stretch axes, use OffsetMin/OffsetMax (anchoredPosition is ignored). Verify Pivot - non-center pivots shift the bbox.
[ERROR  ] L013 /ui/TitleGroup/SkillPanel/ScrollArea/List/SkillSlot_98/Bg_1
        Entity is fully off-canvas: right by 11190px (bbox=(11994,225)-(12150,375), canvas=1920x1080)
        hint: Edge formula: anchoredPosition = sign * (margin + RectSize/2) for center-pivot. For stretch axes, use OffsetMin/OffsetMax (anchoredPosition is ignored). Verify Pivot - non-center pivots shift the bbox.
[ERROR  ] L013 /ui/TitleGroup/SkillPanel/ScrollArea/List/SkillSlot_98/Icon
        Entity is fully off-canvas: right by 11187px (bbox=(11996,224)-(12147,375), canvas=1920x1080)
        hint: Edge formula: anchoredPosition = sign * (margin + RectSize/2) for center-pivot. For stretch axes, use OffsetMin/OffsetMax (anchoredPosition is ignored). Verify Pivot - non-center pivots shift the bbox.
[ERROR  ] L013 /ui/TitleGroup/SkillPanel/ScrollArea/List/SkillSlot_98/Level
        Entity is fully off-canvas: right by 11219px (bbox=(11967,190)-(12179,216), canvas=1920x1080)
        hint: Edge formula: anchoredPosition = sign * (margin + RectSize/2) for center-pivot. For stretch axes, use OffsetMin/OffsetMax (anchoredPosition is ignored). Verify Pivot - non-center pivots shift the bbox.
[ERROR  ] L013 /ui/TitleGroup/SkillPanel/ScrollArea/List/SkillSlot_98/Name
        Entity is fully off-canvas: right by 11218px (bbox=(11966,155)-(12178,181), canvas=1920x1080)
        hint: Edge formula: anchoredPosition = sign * (margin + RectSize/2) for center-pivot. For stretch axes, use OffsetMin/OffsetMax (anchoredPosition is ignored). Verify Pivot - non-center pivots shift the bbox.
[ERROR  ] L013 /ui/TitleGroup/SkillPanel/ScrollArea/List/SkillSlot_98/ProgressBg
        Entity is fully off-canvas: right by 11179px (bbox=(12009,122)-(12139,150), canvas=1920x1080)
        hint: Edge formula: anchoredPosition = sign * (margin + RectSize/2) for center-pivot. For stretch axes, use OffsetMin/OffsetMax (anchoredPosition is ignored). Verify Pivot - non-center pivots shift the bbox.
[ERROR  ] L013 /ui/TitleGroup/SkillPanel/ScrollArea/List/SkillSlot_98/ProgressFill
        Entity is fully off-canvas: right by 11179px (bbox=(12009,122)-(12139,150), canvas=1920x1080)
        hint: Edge formula: anchoredPosition = sign * (margin + RectSize/2) for center-pivot. For stretch axes, use OffsetMin/OffsetMax (anchoredPosition is ignored). Verify Pivot - non-center pivots shift the bbox.
[ERROR  ] L013 /ui/TitleGroup/SkillPanel/ScrollArea/List/SkillSlot_98/ProgressText
        Entity is fully off-canvas: right by 11214px (bbox=(11974,122)-(12174,150), canvas=1920x1080)
        hint: Edge formula: anchoredPosition = sign * (margin + RectSize/2) for center-pivot. For stretch axes, use OffsetMin/OffsetMax (anchoredPosition is ignored). Verify Pivot - non-center pivots shift the bbox.
[ERROR  ] L013 /ui/TitleGroup/SkillPanel/ScrollArea/List/SkillSlot_98/RedDot
        Entity is fully off-canvas: right by 11220px (bbox=(12118,341)-(12180,403), canvas=1920x1080)
        hint: Edge formula: anchoredPosition = sign * (margin + RectSize/2) for center-pivot. For stretch axes, use OffsetMin/OffsetMax (anchoredPosition is ignored). Verify Pivot - non-center pivots shift the bbox.
[ERROR  ] L013 /ui/TitleGroup/SkillPanel/ScrollArea/List/SkillSlot_98/RedDot/Mark
        Entity is fully off-canvas: right by 11220px (bbox=(12118,341)-(12180,403), canvas=1920x1080)
        hint: Edge formula: anchoredPosition = sign * (margin + RectSize/2) for center-pivot. For stretch axes, use OffsetMin/OffsetMax (anchoredPosition is ignored). Verify Pivot - non-center pivots shift the bbox.
[ERROR  ] L013 /ui/TitleGroup/SkillPanel/ScrollArea/List/SkillSlot_99
        Entity is fully off-canvas: right by 11226px (bbox=(11956,-203)-(12186,77), canvas=1920x1080)
        hint: Edge formula: anchoredPosition = sign * (margin + RectSize/2) for center-pivot. For stretch axes, use OffsetMin/OffsetMax (anchoredPosition is ignored). Verify Pivot - non-center pivots shift the bbox.
[ERROR  ] L013 /ui/TitleGroup/SkillPanel/ScrollArea/List/SkillSlot_99/Bg
        Entity is fully off-canvas: right by 11235px (bbox=(11945,-280)-(12195,110), canvas=1920x1080)
        hint: Edge formula: anchoredPosition = sign * (margin + RectSize/2) for center-pivot. For stretch axes, use OffsetMin/OffsetMax (anchoredPosition is ignored). Verify Pivot - non-center pivots shift the bbox.
[ERROR  ] L013 /ui/TitleGroup/SkillPanel/ScrollArea/List/SkillSlot_99/Bg_1
        Entity is fully off-canvas: right by 11190px (bbox=(11994,-110)-(12150,40), canvas=1920x1080)
        hint: Edge formula: anchoredPosition = sign * (margin + RectSize/2) for center-pivot. For stretch axes, use OffsetMin/OffsetMax (anchoredPosition is ignored). Verify Pivot - non-center pivots shift the bbox.
[ERROR  ] L013 /ui/TitleGroup/SkillPanel/ScrollArea/List/SkillSlot_99/Icon
        Entity is fully off-canvas: right by 11187px (bbox=(11996,-111)-(12147,40), canvas=1920x1080)
        hint: Edge formula: anchoredPosition = sign * (margin + RectSize/2) for center-pivot. For stretch axes, use OffsetMin/OffsetMax (anchoredPosition is ignored). Verify Pivot - non-center pivots shift the bbox.
[ERROR  ] L013 /ui/TitleGroup/SkillPanel/ScrollArea/List/SkillSlot_99/Level
        Entity is fully off-canvas: right by 11219px (bbox=(11967,-145)-(12179,-119), canvas=1920x1080)
        hint: Edge formula: anchoredPosition = sign * (margin + RectSize/2) for center-pivot. For stretch axes, use OffsetMin/OffsetMax (anchoredPosition is ignored). Verify Pivot - non-center pivots shift the bbox.
[ERROR  ] L013 /ui/TitleGroup/SkillPanel/ScrollArea/List/SkillSlot_99/Name
        Entity is fully off-canvas: right by 11218px (bbox=(11966,-180)-(12178,-154), canvas=1920x1080)
        hint: Edge formula: anchoredPosition = sign * (margin + RectSize/2) for center-pivot. For stretch axes, use OffsetMin/OffsetMax (anchoredPosition is ignored). Verify Pivot - non-center pivots shift the bbox.
[ERROR  ] L013 /ui/TitleGroup/SkillPanel/ScrollArea/List/SkillSlot_99/ProgressBg
        Entity is fully off-canvas: right by 11179px (bbox=(12009,-213)-(12139,-185), canvas=1920x1080)
        hint: Edge formula: anchoredPosition = sign * (margin + RectSize/2) for center-pivot. For stretch axes, use OffsetMin/OffsetMax (anchoredPosition is ignored). Verify Pivot - non-center pivots shift the bbox.
[ERROR  ] L013 /ui/TitleGroup/SkillPanel/ScrollArea/List/SkillSlot_99/ProgressFill
        Entity is fully off-canvas: right by 11179px (bbox=(12009,-213)-(12139,-185), canvas=1920x1080)
        hint: Edge formula: anchoredPosition = sign * (margin + RectSize/2) for center-pivot. For stretch axes, use OffsetMin/OffsetMax (anchoredPosition is ignored). Verify Pivot - non-center pivots shift the bbox.
[ERROR  ] L013 /ui/TitleGroup/SkillPanel/ScrollArea/List/SkillSlot_99/ProgressText
        Entity is fully off-canvas: right by 11214px (bbox=(11974,-213)-(12174,-185), canvas=1920x1080)
        hint: Edge formula: anchoredPosition = sign * (margin + RectSize/2) for center-pivot. For stretch axes, use OffsetMin/OffsetMax (anchoredPosition is ignored). Verify Pivot - non-center pivots shift the bbox.
[ERROR  ] L013 /ui/TitleGroup/SkillPanel/ScrollArea/List/SkillSlot_99/RedDot
        Entity is fully off-canvas: right by 11220px (bbox=(12118,6)-(12180,68), canvas=1920x1080)
        hint: Edge formula: anchoredPosition = sign * (margin + RectSize/2) for center-pivot. For stretch axes, use OffsetMin/OffsetMax (anchoredPosition is ignored). Verify Pivot - non-center pivots shift the bbox.
[ERROR  ] L013 /ui/TitleGroup/SkillPanel/ScrollArea/List/SkillSlot_99/RedDot/Mark
        Entity is fully off-canvas: right by 11220px (bbox=(12118,6)-(12180,68), canvas=1920x1080)
        hint: Edge formula: anchoredPosition = sign * (margin + RectSize/2) for center-pivot. For stretch axes, use OffsetMin/OffsetMax (anchoredPosition is ignored). Verify Pivot - non-center pivots shift the bbox.
[ERROR  ] L013 /ui/TitleGroup/SkillPanel/ScrollArea/List/SkillSlot_100
        Entity is fully off-canvas: right by 11480px (bbox=(12210,132)-(12440,412), canvas=1920x1080)
        hint: Edge formula: anchoredPosition = sign * (margin + RectSize/2) for center-pivot. For stretch axes, use OffsetMin/OffsetMax (anchoredPosition is ignored). Verify Pivot - non-center pivots shift the bbox.
[ERROR  ] L013 /ui/TitleGroup/SkillPanel/ScrollArea/List/SkillSlot_100/Bg
        Entity is fully off-canvas: right by 11489px (bbox=(12199,55)-(12449,445), canvas=1920x1080)
        hint: Edge formula: anchoredPosition = sign * (margin + RectSize/2) for center-pivot. For stretch axes, use OffsetMin/OffsetMax (anchoredPosition is ignored). Verify Pivot - non-center pivots shift the bbox.
[ERROR  ] L013 /ui/TitleGroup/SkillPanel/ScrollArea/List/SkillSlot_100/Bg_1
        Entity is fully off-canvas: right by 11444px (bbox=(12248,225)-(12404,375), canvas=1920x1080)
        hint: Edge formula: anchoredPosition = sign * (margin + RectSize/2) for center-pivot. For stretch axes, use OffsetMin/OffsetMax (anchoredPosition is ignored). Verify Pivot - non-center pivots shift the bbox.
[ERROR  ] L013 /ui/TitleGroup/SkillPanel/ScrollArea/List/SkillSlot_100/Icon
        Entity is fully off-canvas: right by 11441px (bbox=(12250,224)-(12401,375), canvas=1920x1080)
        hint: Edge formula: anchoredPosition = sign * (margin + RectSize/2) for center-pivot. For stretch axes, use OffsetMin/OffsetMax (anchoredPosition is ignored). Verify Pivot - non-center pivots shift the bbox.
[ERROR  ] L013 /ui/TitleGroup/SkillPanel/ScrollArea/List/SkillSlot_100/Level
        Entity is fully off-canvas: right by 11473px (bbox=(12221,190)-(12433,216), canvas=1920x1080)
        hint: Edge formula: anchoredPosition = sign * (margin + RectSize/2) for center-pivot. For stretch axes, use OffsetMin/OffsetMax (anchoredPosition is ignored). Verify Pivot - non-center pivots shift the bbox.
[ERROR  ] L013 /ui/TitleGroup/SkillPanel/ScrollArea/List/SkillSlot_100/Name
        Entity is fully off-canvas: right by 11472px (bbox=(12220,155)-(12432,181), canvas=1920x1080)
        hint: Edge formula: anchoredPosition = sign * (margin + RectSize/2) for center-pivot. For stretch axes, use OffsetMin/OffsetMax (anchoredPosition is ignored). Verify Pivot - non-center pivots shift the bbox.
[ERROR  ] L013 /ui/TitleGroup/SkillPanel/ScrollArea/List/SkillSlot_100/ProgressBg
        Entity is fully off-canvas: right by 11433px (bbox=(12263,122)-(12393,150), canvas=1920x1080)
        hint: Edge formula: anchoredPosition = sign * (margin + RectSize/2) for center-pivot. For stretch axes, use OffsetMin/OffsetMax (anchoredPosition is ignored). Verify Pivot - non-center pivots shift the bbox.
[ERROR  ] L013 /ui/TitleGroup/SkillPanel/ScrollArea/List/SkillSlot_100/ProgressFill
        Entity is fully off-canvas: right by 11433px (bbox=(12263,122)-(12393,150), canvas=1920x1080)
        hint: Edge formula: anchoredPosition = sign * (margin + RectSize/2) for center-pivot. For stretch axes, use OffsetMin/OffsetMax (anchoredPosition is ignored). Verify Pivot - non-center pivots shift the bbox.
[ERROR  ] L013 /ui/TitleGroup/SkillPanel/ScrollArea/List/SkillSlot_100/ProgressText
        Entity is fully off-canvas: right by 11468px (bbox=(12228,122)-(12428,150), canvas=1920x1080)
        hint: Edge formula: anchoredPosition = sign * (margin + RectSize/2) for center-pivot. For stretch axes, use OffsetMin/OffsetMax (anchoredPosition is ignored). Verify Pivot - non-center pivots shift the bbox.
[ERROR  ] L013 /ui/TitleGroup/SkillPanel/ScrollArea/List/SkillSlot_100/RedDot
        Entity is fully off-canvas: right by 11474px (bbox=(12372,341)-(12434,403), canvas=1920x1080)
        hint: Edge formula: anchoredPosition = sign * (margin + RectSize/2) for center-pivot. For stretch axes, use OffsetMin/OffsetMax (anchoredPosition is ignored). Verify Pivot - non-center pivots shift the bbox.
[ERROR  ] L013 /ui/TitleGroup/SkillPanel/ScrollArea/List/SkillSlot_100/RedDot/Mark
        Entity is fully off-canvas: right by 11474px (bbox=(12372,341)-(12434,403), canvas=1920x1080)
        hint: Edge formula: anchoredPosition = sign * (margin + RectSize/2) for center-pivot. For stretch axes, use OffsetMin/OffsetMax (anchoredPosition is ignored). Verify Pivot - non-center pivots shift the bbox.
[ERROR  ] L013 /ui/TitleGroup/SkillPanel/ScrollArea/List/SkillSlot_101
        Entity is fully off-canvas: right by 11480px (bbox=(12210,-203)-(12440,77), canvas=1920x1080)
        hint: Edge formula: anchoredPosition = sign * (margin + RectSize/2) for center-pivot. For stretch axes, use OffsetMin/OffsetMax (anchoredPosition is ignored). Verify Pivot - non-center pivots shift the bbox.
[ERROR  ] L013 /ui/TitleGroup/SkillPanel/ScrollArea/List/SkillSlot_101/Bg
        Entity is fully off-canvas: right by 11489px (bbox=(12199,-280)-(12449,110), canvas=1920x1080)
        hint: Edge formula: anchoredPosition = sign * (margin + RectSize/2) for center-pivot. For stretch axes, use OffsetMin/OffsetMax (anchoredPosition is ignored). Verify Pivot - non-center pivots shift the bbox.
[ERROR  ] L013 /ui/TitleGroup/SkillPanel/ScrollArea/List/SkillSlot_101/Bg_1
        Entity is fully off-canvas: right by 11444px (bbox=(12248,-110)-(12404,40), canvas=1920x1080)
        hint: Edge formula: anchoredPosition = sign * (margin + RectSize/2) for center-pivot. For stretch axes, use OffsetMin/OffsetMax (anchoredPosition is ignored). Verify Pivot - non-center pivots shift the bbox.
[ERROR  ] L013 /ui/TitleGroup/SkillPanel/ScrollArea/List/SkillSlot_101/Icon
        Entity is fully off-canvas: right by 11441px (bbox=(12250,-111)-(12401,40), canvas=1920x1080)
        hint: Edge formula: anchoredPosition = sign * (margin + RectSize/2) for center-pivot. For stretch axes, use OffsetMin/OffsetMax (anchoredPosition is ignored). Verify Pivot - non-center pivots shift the bbox.
[ERROR  ] L013 /ui/TitleGroup/SkillPanel/ScrollArea/List/SkillSlot_101/Level
        Entity is fully off-canvas: right by 11473px (bbox=(12221,-145)-(12433,-119), canvas=1920x1080)
        hint: Edge formula: anchoredPosition = sign * (margin + RectSize/2) for center-pivot. For stretch axes, use OffsetMin/OffsetMax (anchoredPosition is ignored). Verify Pivot - non-center pivots shift the bbox.
[ERROR  ] L013 /ui/TitleGroup/SkillPanel/ScrollArea/List/SkillSlot_101/Name
        Entity is fully off-canvas: right by 11472px (bbox=(12220,-180)-(12432,-154), canvas=1920x1080)
        hint: Edge formula: anchoredPosition = sign * (margin + RectSize/2) for center-pivot. For stretch axes, use OffsetMin/OffsetMax (anchoredPosition is ignored). Verify Pivot - non-center pivots shift the bbox.
[ERROR  ] L013 /ui/TitleGroup/SkillPanel/ScrollArea/List/SkillSlot_101/ProgressBg
        Entity is fully off-canvas: right by 11433px (bbox=(12263,-213)-(12393,-185), canvas=1920x1080)
        hint: Edge formula: anchoredPosition = sign * (margin + RectSize/2) for center-pivot. For stretch axes, use OffsetMin/OffsetMax (anchoredPosition is ignored). Verify Pivot - non-center pivots shift the bbox.
[ERROR  ] L013 /ui/TitleGroup/SkillPanel/ScrollArea/List/SkillSlot_101/ProgressFill
        Entity is fully off-canvas: right by 11433px (bbox=(12263,-213)-(12393,-185), canvas=1920x1080)
        hint: Edge formula: anchoredPosition = sign * (margin + RectSize/2) for center-pivot. For stretch axes, use OffsetMin/OffsetMax (anchoredPosition is ignored). Verify Pivot - non-center pivots shift the bbox.
[ERROR  ] L013 /ui/TitleGroup/SkillPanel/ScrollArea/List/SkillSlot_101/ProgressText
        Entity is fully off-canvas: right by 11468px (bbox=(12228,-213)-(12428,-185), canvas=1920x1080)
        hint: Edge formula: anchoredPosition = sign * (margin + RectSize/2) for center-pivot. For stretch axes, use OffsetMin/OffsetMax (anchoredPosition is ignored). Verify Pivot - non-center pivots shift the bbox.
[ERROR  ] L013 /ui/TitleGroup/SkillPanel/ScrollArea/List/SkillSlot_101/RedDot
        Entity is fully off-canvas: right by 11474px (bbox=(12372,6)-(12434,68), canvas=1920x1080)
        hint: Edge formula: anchoredPosition = sign * (margin + RectSize/2) for center-pivot. For stretch axes, use OffsetMin/OffsetMax (anchoredPosition is ignored). Verify Pivot - non-center pivots shift the bbox.
[ERROR  ] L013 /ui/TitleGroup/SkillPanel/ScrollArea/List/SkillSlot_101/RedDot/Mark
        Entity is fully off-canvas: right by 11474px (bbox=(12372,6)-(12434,68), canvas=1920x1080)
        hint: Edge formula: anchoredPosition = sign * (margin + RectSize/2) for center-pivot. For stretch axes, use OffsetMin/OffsetMax (anchoredPosition is ignored). Verify Pivot - non-center pivots shift the bbox.
[ERROR  ] L013 /ui/TitleGroup/RelicPanel/ScrollArea/List/RelicSlot_12
        Entity is fully off-canvas: right by 304px (bbox=(1034,132)-(1264,412), canvas=1920x1080)
        hint: Edge formula: anchoredPosition = sign * (margin + RectSize/2) for center-pivot. For stretch axes, use OffsetMin/OffsetMax (anchoredPosition is ignored). Verify Pivot - non-center pivots shift the bbox.
[ERROR  ] L013 /ui/TitleGroup/RelicPanel/ScrollArea/List/RelicSlot_12/Bg
        Entity is fully off-canvas: right by 313px (bbox=(1023,55)-(1273,445), canvas=1920x1080)
        hint: Edge formula: anchoredPosition = sign * (margin + RectSize/2) for center-pivot. For stretch axes, use OffsetMin/OffsetMax (anchoredPosition is ignored). Verify Pivot - non-center pivots shift the bbox.
[ERROR  ] L013 /ui/TitleGroup/RelicPanel/ScrollArea/List/RelicSlot_12/Icon
        Entity is fully off-canvas: right by 256px (bbox=(1084,233)-(1216,366), canvas=1920x1080)
        hint: Edge formula: anchoredPosition = sign * (margin + RectSize/2) for center-pivot. For stretch axes, use OffsetMin/OffsetMax (anchoredPosition is ignored). Verify Pivot - non-center pivots shift the bbox.
[ERROR  ] L013 /ui/TitleGroup/RelicPanel/ScrollArea/List/RelicSlot_12/Name
        Entity is fully off-canvas: right by 296px (bbox=(1044,155)-(1256,181), canvas=1920x1080)
        hint: Edge formula: anchoredPosition = sign * (margin + RectSize/2) for center-pivot. For stretch axes, use OffsetMin/OffsetMax (anchoredPosition is ignored). Verify Pivot - non-center pivots shift the bbox.
[ERROR  ] L013 /ui/TitleGroup/RelicPanel/ScrollArea/List/RelicSlot_12/ProgressBg
        Entity is fully off-canvas: right by 257px (bbox=(1087,122)-(1217,150), canvas=1920x1080)
        hint: Edge formula: anchoredPosition = sign * (margin + RectSize/2) for center-pivot. For stretch axes, use OffsetMin/OffsetMax (anchoredPosition is ignored). Verify Pivot - non-center pivots shift the bbox.
[ERROR  ] L013 /ui/TitleGroup/RelicPanel/ScrollArea/List/RelicSlot_12/ProgressFill
        Entity is fully off-canvas: right by 257px (bbox=(1087,122)-(1217,150), canvas=1920x1080)
        hint: Edge formula: anchoredPosition = sign * (margin + RectSize/2) for center-pivot. For stretch axes, use OffsetMin/OffsetMax (anchoredPosition is ignored). Verify Pivot - non-center pivots shift the bbox.
[ERROR  ] L013 /ui/TitleGroup/RelicPanel/ScrollArea/List/RelicSlot_12/ProgressText
        Entity is fully off-canvas: right by 292px (bbox=(1052,122)-(1252,150), canvas=1920x1080)
        hint: Edge formula: anchoredPosition = sign * (margin + RectSize/2) for center-pivot. For stretch axes, use OffsetMin/OffsetMax (anchoredPosition is ignored). Verify Pivot - non-center pivots shift the bbox.
[ERROR  ] L013 /ui/TitleGroup/RelicPanel/ScrollArea/List/RelicSlot_12/Bg_1
        Entity is fully off-canvas: right by 265px (bbox=(1075,225)-(1225,375), canvas=1920x1080)
        hint: Edge formula: anchoredPosition = sign * (margin + RectSize/2) for center-pivot. For stretch axes, use OffsetMin/OffsetMax (anchoredPosition is ignored). Verify Pivot - non-center pivots shift the bbox.
[ERROR  ] L013 /ui/TitleGroup/RelicPanel/ScrollArea/List/RelicSlot_12/Level
        Entity is fully off-canvas: right by 297px (bbox=(1045,190)-(1257,216), canvas=1920x1080)
        hint: Edge formula: anchoredPosition = sign * (margin + RectSize/2) for center-pivot. For stretch axes, use OffsetMin/OffsetMax (anchoredPosition is ignored). Verify Pivot - non-center pivots shift the bbox.
[ERROR  ] L013 /ui/TitleGroup/RelicPanel/ScrollArea/List/RelicSlot_12/Dim
        Entity is fully off-canvas: right by 278px (bbox=(1056,110)-(1238,386), canvas=1920x1080)
        hint: Edge formula: anchoredPosition = sign * (margin + RectSize/2) for center-pivot. For stretch axes, use OffsetMin/OffsetMax (anchoredPosition is ignored). Verify Pivot - non-center pivots shift the bbox.
[ERROR  ] L013 /ui/TitleGroup/RelicPanel/ScrollArea/List/RelicSlot_12/Dim/Lock
        Entity is fully off-canvas: right by 224px (bbox=(1110,227)-(1184,301), canvas=1920x1080)
        hint: Edge formula: anchoredPosition = sign * (margin + RectSize/2) for center-pivot. For stretch axes, use OffsetMin/OffsetMax (anchoredPosition is ignored). Verify Pivot - non-center pivots shift the bbox.
[ERROR  ] L013 /ui/TitleGroup/RelicPanel/ScrollArea/List/RelicSlot_12/RedDot
        Entity is fully off-canvas: right by 298px (bbox=(1196,341)-(1258,403), canvas=1920x1080)
        hint: Edge formula: anchoredPosition = sign * (margin + RectSize/2) for center-pivot. For stretch axes, use OffsetMin/OffsetMax (anchoredPosition is ignored). Verify Pivot - non-center pivots shift the bbox.
[ERROR  ] L013 /ui/TitleGroup/RelicPanel/ScrollArea/List/RelicSlot_12/RedDot/Mark
        Entity is fully off-canvas: right by 298px (bbox=(1196,341)-(1258,403), canvas=1920x1080)
        hint: Edge formula: anchoredPosition = sign * (margin + RectSize/2) for center-pivot. For stretch axes, use OffsetMin/OffsetMax (anchoredPosition is ignored). Verify Pivot - non-center pivots shift the bbox.
[ERROR  ] L013 /ui/TitleGroup/RelicPanel/ScrollArea/List/RelicSlot_13
        Entity is fully off-canvas: right by 304px (bbox=(1034,-203)-(1264,77), canvas=1920x1080)
        hint: Edge formula: anchoredPosition = sign * (margin + RectSize/2) for center-pivot. For stretch axes, use OffsetMin/OffsetMax (anchoredPosition is ignored). Verify Pivot - non-center pivots shift the bbox.
[ERROR  ] L013 /ui/TitleGroup/RelicPanel/ScrollArea/List/RelicSlot_13/Bg
        Entity is fully off-canvas: right by 313px (bbox=(1023,-280)-(1273,110), canvas=1920x1080)
        hint: Edge formula: anchoredPosition = sign * (margin + RectSize/2) for center-pivot. For stretch axes, use OffsetMin/OffsetMax (anchoredPosition is ignored). Verify Pivot - non-center pivots shift the bbox.
[ERROR  ] L013 /ui/TitleGroup/RelicPanel/ScrollArea/List/RelicSlot_13/Icon
        Entity is fully off-canvas: right by 257px (bbox=(1083,-102)-(1217,31), canvas=1920x1080)
        hint: Edge formula: anchoredPosition = sign * (margin + RectSize/2) for center-pivot. For stretch axes, use OffsetMin/OffsetMax (anchoredPosition is ignored). Verify Pivot - non-center pivots shift the bbox.
[ERROR  ] L013 /ui/TitleGroup/RelicPanel/ScrollArea/List/RelicSlot_13/Name
        Entity is fully off-canvas: right by 296px (bbox=(1044,-180)-(1256,-154), canvas=1920x1080)
        hint: Edge formula: anchoredPosition = sign * (margin + RectSize/2) for center-pivot. For stretch axes, use OffsetMin/OffsetMax (anchoredPosition is ignored). Verify Pivot - non-center pivots shift the bbox.
[ERROR  ] L013 /ui/TitleGroup/RelicPanel/ScrollArea/List/RelicSlot_13/ProgressBg
        Entity is fully off-canvas: right by 257px (bbox=(1087,-213)-(1217,-185), canvas=1920x1080)
        hint: Edge formula: anchoredPosition = sign * (margin + RectSize/2) for center-pivot. For stretch axes, use OffsetMin/OffsetMax (anchoredPosition is ignored). Verify Pivot - non-center pivots shift the bbox.
[ERROR  ] L013 /ui/TitleGroup/RelicPanel/ScrollArea/List/RelicSlot_13/ProgressFill
        Entity is fully off-canvas: right by 257px (bbox=(1087,-213)-(1217,-185), canvas=1920x1080)
        hint: Edge formula: anchoredPosition = sign * (margin + RectSize/2) for center-pivot. For stretch axes, use OffsetMin/OffsetMax (anchoredPosition is ignored). Verify Pivot - non-center pivots shift the bbox.
[ERROR  ] L013 /ui/TitleGroup/RelicPanel/ScrollArea/List/RelicSlot_13/ProgressText
        Entity is fully off-canvas: right by 292px (bbox=(1052,-213)-(1252,-185), canvas=1920x1080)
        hint: Edge formula: anchoredPosition = sign * (margin + RectSize/2) for center-pivot. For stretch axes, use OffsetMin/OffsetMax (anchoredPosition is ignored). Verify Pivot - non-center pivots shift the bbox.
[ERROR  ] L013 /ui/TitleGroup/RelicPanel/ScrollArea/List/RelicSlot_13/Bg_1
        Entity is fully off-canvas: right by 265px (bbox=(1075,-110)-(1225,40), canvas=1920x1080)
        hint: Edge formula: anchoredPosition = sign * (margin + RectSize/2) for center-pivot. For stretch axes, use OffsetMin/OffsetMax (anchoredPosition is ignored). Verify Pivot - non-center pivots shift the bbox.
[ERROR  ] L013 /ui/TitleGroup/RelicPanel/ScrollArea/List/RelicSlot_13/Level
        Entity is fully off-canvas: right by 297px (bbox=(1045,-145)-(1257,-119), canvas=1920x1080)
        hint: Edge formula: anchoredPosition = sign * (margin + RectSize/2) for center-pivot. For stretch axes, use OffsetMin/OffsetMax (anchoredPosition is ignored). Verify Pivot - non-center pivots shift the bbox.
[ERROR  ] L013 /ui/TitleGroup/RelicPanel/ScrollArea/List/RelicSlot_13/Dim
        Entity is fully off-canvas: right by 278px (bbox=(1056,-225)-(1238,51), canvas=1920x1080)
        hint: Edge formula: anchoredPosition = sign * (margin + RectSize/2) for center-pivot. For stretch axes, use OffsetMin/OffsetMax (anchoredPosition is ignored). Verify Pivot - non-center pivots shift the bbox.
[ERROR  ] L013 /ui/TitleGroup/RelicPanel/ScrollArea/List/RelicSlot_13/Dim/Lock
        Entity is fully off-canvas: right by 224px (bbox=(1110,-108)-(1184,-34), canvas=1920x1080)
        hint: Edge formula: anchoredPosition = sign * (margin + RectSize/2) for center-pivot. For stretch axes, use OffsetMin/OffsetMax (anchoredPosition is ignored). Verify Pivot - non-center pivots shift the bbox.
[ERROR  ] L013 /ui/TitleGroup/RelicPanel/ScrollArea/List/RelicSlot_13/RedDot
        Entity is fully off-canvas: right by 298px (bbox=(1196,6)-(1258,68), canvas=1920x1080)
        hint: Edge formula: anchoredPosition = sign * (margin + RectSize/2) for center-pivot. For stretch axes, use OffsetMin/OffsetMax (anchoredPosition is ignored). Verify Pivot - non-center pivots shift the bbox.
[ERROR  ] L013 /ui/TitleGroup/RelicPanel/ScrollArea/List/RelicSlot_13/RedDot/Mark
        Entity is fully off-canvas: right by 298px (bbox=(1196,6)-(1258,68), canvas=1920x1080)
        hint: Edge formula: anchoredPosition = sign * (margin + RectSize/2) for center-pivot. For stretch axes, use OffsetMin/OffsetMax (anchoredPosition is ignored). Verify Pivot - non-center pivots shift the bbox.
[ERROR  ] L013 /ui/TitleGroup/RelicPanel/ScrollArea/List/RelicSlot_14
        Entity is fully off-canvas: right by 558px (bbox=(1288,132)-(1518,412), canvas=1920x1080)
        hint: Edge formula: anchoredPosition = sign * (margin + RectSize/2) for center-pivot. For stretch axes, use OffsetMin/OffsetMax (anchoredPosition is ignored). Verify Pivot - non-center pivots shift the bbox.
[ERROR  ] L013 /ui/TitleGroup/RelicPanel/ScrollArea/List/RelicSlot_14/Bg
        Entity is fully off-canvas: right by 567px (bbox=(1277,55)-(1527,445), canvas=1920x1080)
        hint: Edge formula: anchoredPosition = sign * (margin + RectSize/2) for center-pivot. For stretch axes, use OffsetMin/OffsetMax (anchoredPosition is ignored). Verify Pivot - non-center pivots shift the bbox.
[ERROR  ] L013 /ui/TitleGroup/RelicPanel/ScrollArea/List/RelicSlot_14/Icon
        Entity is fully off-canvas: right by 515px (bbox=(1333,228)-(1475,371), canvas=1920x1080)
        hint: Edge formula: anchoredPosition = sign * (margin + RectSize/2) for center-pivot. For stretch axes, use OffsetMin/OffsetMax (anchoredPosition is ignored). Verify Pivot - non-center pivots shift the bbox.
[ERROR  ] L013 /ui/TitleGroup/RelicPanel/ScrollArea/List/RelicSlot_14/Name
        Entity is fully off-canvas: right by 550px (bbox=(1298,155)-(1510,181), canvas=1920x1080)
        hint: Edge formula: anchoredPosition = sign * (margin + RectSize/2) for center-pivot. For stretch axes, use OffsetMin/OffsetMax (anchoredPosition is ignored). Verify Pivot - non-center pivots shift the bbox.
[ERROR  ] L013 /ui/TitleGroup/RelicPanel/ScrollArea/List/RelicSlot_14/ProgressBg
        Entity is fully off-canvas: right by 511px (bbox=(1341,122)-(1471,150), canvas=1920x1080)
        hint: Edge formula: anchoredPosition = sign * (margin + RectSize/2) for center-pivot. For stretch axes, use OffsetMin/OffsetMax (anchoredPosition is ignored). Verify Pivot - non-center pivots shift the bbox.
[ERROR  ] L013 /ui/TitleGroup/RelicPanel/ScrollArea/List/RelicSlot_14/ProgressFill
        Entity is fully off-canvas: right by 511px (bbox=(1341,122)-(1471,150), canvas=1920x1080)
        hint: Edge formula: anchoredPosition = sign * (margin + RectSize/2) for center-pivot. For stretch axes, use OffsetMin/OffsetMax (anchoredPosition is ignored). Verify Pivot - non-center pivots shift the bbox.
[ERROR  ] L013 /ui/TitleGroup/RelicPanel/ScrollArea/List/RelicSlot_14/ProgressText
        Entity is fully off-canvas: right by 546px (bbox=(1306,122)-(1506,150), canvas=1920x1080)
        hint: Edge formula: anchoredPosition = sign * (margin + RectSize/2) for center-pivot. For stretch axes, use OffsetMin/OffsetMax (anchoredPosition is ignored). Verify Pivot - non-center pivots shift the bbox.
[ERROR  ] L013 /ui/TitleGroup/RelicPanel/ScrollArea/List/RelicSlot_14/Bg_1
        Entity is fully off-canvas: right by 519px (bbox=(1329,225)-(1479,375), canvas=1920x1080)
        hint: Edge formula: anchoredPosition = sign * (margin + RectSize/2) for center-pivot. For stretch axes, use OffsetMin/OffsetMax (anchoredPosition is ignored). Verify Pivot - non-center pivots shift the bbox.
[ERROR  ] L013 /ui/TitleGroup/RelicPanel/ScrollArea/List/RelicSlot_14/Level
        Entity is fully off-canvas: right by 551px (bbox=(1299,190)-(1511,216), canvas=1920x1080)
        hint: Edge formula: anchoredPosition = sign * (margin + RectSize/2) for center-pivot. For stretch axes, use OffsetMin/OffsetMax (anchoredPosition is ignored). Verify Pivot - non-center pivots shift the bbox.
[ERROR  ] L013 /ui/TitleGroup/RelicPanel/ScrollArea/List/RelicSlot_14/Dim
        Entity is fully off-canvas: right by 532px (bbox=(1310,110)-(1492,386), canvas=1920x1080)
        hint: Edge formula: anchoredPosition = sign * (margin + RectSize/2) for center-pivot. For stretch axes, use OffsetMin/OffsetMax (anchoredPosition is ignored). Verify Pivot - non-center pivots shift the bbox.
[ERROR  ] L013 /ui/TitleGroup/RelicPanel/ScrollArea/List/RelicSlot_14/Dim/Lock
        Entity is fully off-canvas: right by 478px (bbox=(1364,227)-(1438,301), canvas=1920x1080)
        hint: Edge formula: anchoredPosition = sign * (margin + RectSize/2) for center-pivot. For stretch axes, use OffsetMin/OffsetMax (anchoredPosition is ignored). Verify Pivot - non-center pivots shift the bbox.
[ERROR  ] L013 /ui/TitleGroup/RelicPanel/ScrollArea/List/RelicSlot_14/RedDot
        Entity is fully off-canvas: right by 552px (bbox=(1450,341)-(1512,403), canvas=1920x1080)
        hint: Edge formula: anchoredPosition = sign * (margin + RectSize/2) for center-pivot. For stretch axes, use OffsetMin/OffsetMax (anchoredPosition is ignored). Verify Pivot - non-center pivots shift the bbox.
[ERROR  ] L013 /ui/TitleGroup/RelicPanel/ScrollArea/List/RelicSlot_14/RedDot/Mark
        Entity is fully off-canvas: right by 552px (bbox=(1450,341)-(1512,403), canvas=1920x1080)
        hint: Edge formula: anchoredPosition = sign * (margin + RectSize/2) for center-pivot. For stretch axes, use OffsetMin/OffsetMax (anchoredPosition is ignored). Verify Pivot - non-center pivots shift the bbox.
[ERROR  ] L013 /ui/TitleGroup/RelicPanel/ScrollArea/List/RelicSlot_15
        Entity is fully off-canvas: right by 558px (bbox=(1288,-203)-(1518,77), canvas=1920x1080)
        hint: Edge formula: anchoredPosition = sign * (margin + RectSize/2) for center-pivot. For stretch axes, use OffsetMin/OffsetMax (anchoredPosition is ignored). Verify Pivot - non-center pivots shift the bbox.
[ERROR  ] L013 /ui/TitleGroup/RelicPanel/ScrollArea/List/RelicSlot_15/Bg
        Entity is fully off-canvas: right by 567px (bbox=(1277,-280)-(1527,110), canvas=1920x1080)
        hint: Edge formula: anchoredPosition = sign * (margin + RectSize/2) for center-pivot. For stretch axes, use OffsetMin/OffsetMax (anchoredPosition is ignored). Verify Pivot - non-center pivots shift the bbox.
[ERROR  ] L013 /ui/TitleGroup/RelicPanel/ScrollArea/List/RelicSlot_15/Icon
        Entity is fully off-canvas: right by 510px (bbox=(1337,-102)-(1470,31), canvas=1920x1080)
        hint: Edge formula: anchoredPosition = sign * (margin + RectSize/2) for center-pivot. For stretch axes, use OffsetMin/OffsetMax (anchoredPosition is ignored). Verify Pivot - non-center pivots shift the bbox.
[ERROR  ] L013 /ui/TitleGroup/RelicPanel/ScrollArea/List/RelicSlot_15/Name
        Entity is fully off-canvas: right by 550px (bbox=(1298,-180)-(1510,-154), canvas=1920x1080)
        hint: Edge formula: anchoredPosition = sign * (margin + RectSize/2) for center-pivot. For stretch axes, use OffsetMin/OffsetMax (anchoredPosition is ignored). Verify Pivot - non-center pivots shift the bbox.
[ERROR  ] L013 /ui/TitleGroup/RelicPanel/ScrollArea/List/RelicSlot_15/ProgressBg
        Entity is fully off-canvas: right by 511px (bbox=(1341,-213)-(1471,-185), canvas=1920x1080)
        hint: Edge formula: anchoredPosition = sign * (margin + RectSize/2) for center-pivot. For stretch axes, use OffsetMin/OffsetMax (anchoredPosition is ignored). Verify Pivot - non-center pivots shift the bbox.
[ERROR  ] L013 /ui/TitleGroup/RelicPanel/ScrollArea/List/RelicSlot_15/ProgressFill
        Entity is fully off-canvas: right by 511px (bbox=(1341,-213)-(1471,-185), canvas=1920x1080)
        hint: Edge formula: anchoredPosition = sign * (margin + RectSize/2) for center-pivot. For stretch axes, use OffsetMin/OffsetMax (anchoredPosition is ignored). Verify Pivot - non-center pivots shift the bbox.
[ERROR  ] L013 /ui/TitleGroup/RelicPanel/ScrollArea/List/RelicSlot_15/ProgressText
        Entity is fully off-canvas: right by 546px (bbox=(1306,-213)-(1506,-185), canvas=1920x1080)
        hint: Edge formula: anchoredPosition = sign * (margin + RectSize/2) for center-pivot. For stretch axes, use OffsetMin/OffsetMax (anchoredPosition is ignored). Verify Pivot - non-center pivots shift the bbox.
[ERROR  ] L013 /ui/TitleGroup/RelicPanel/ScrollArea/List/RelicSlot_15/Bg_1
        Entity is fully off-canvas: right by 519px (bbox=(1329,-110)-(1479,40), canvas=1920x1080)
        hint: Edge formula: anchoredPosition = sign * (margin + RectSize/2) for center-pivot. For stretch axes, use OffsetMin/OffsetMax (anchoredPosition is ignored). Verify Pivot - non-center pivots shift the bbox.
[ERROR  ] L013 /ui/TitleGroup/RelicPanel/ScrollArea/List/RelicSlot_15/Level
        Entity is fully off-canvas: right by 551px (bbox=(1299,-145)-(1511,-119), canvas=1920x1080)
        hint: Edge formula: anchoredPosition = sign * (margin + RectSize/2) for center-pivot. For stretch axes, use OffsetMin/OffsetMax (anchoredPosition is ignored). Verify Pivot - non-center pivots shift the bbox.
[ERROR  ] L013 /ui/TitleGroup/RelicPanel/ScrollArea/List/RelicSlot_15/Dim
        Entity is fully off-canvas: right by 532px (bbox=(1310,-225)-(1492,51), canvas=1920x1080)
        hint: Edge formula: anchoredPosition = sign * (margin + RectSize/2) for center-pivot. For stretch axes, use OffsetMin/OffsetMax (anchoredPosition is ignored). Verify Pivot - non-center pivots shift the bbox.
[ERROR  ] L013 /ui/TitleGroup/RelicPanel/ScrollArea/List/RelicSlot_15/Dim/Lock
        Entity is fully off-canvas: right by 478px (bbox=(1364,-108)-(1438,-34), canvas=1920x1080)
        hint: Edge formula: anchoredPosition = sign * (margin + RectSize/2) for center-pivot. For stretch axes, use OffsetMin/OffsetMax (anchoredPosition is ignored). Verify Pivot - non-center pivots shift the bbox.
[ERROR  ] L013 /ui/TitleGroup/RelicPanel/ScrollArea/List/RelicSlot_15/RedDot
        Entity is fully off-canvas: right by 552px (bbox=(1450,6)-(1512,68), canvas=1920x1080)
        hint: Edge formula: anchoredPosition = sign * (margin + RectSize/2) for center-pivot. For stretch axes, use OffsetMin/OffsetMax (anchoredPosition is ignored). Verify Pivot - non-center pivots shift the bbox.
[ERROR  ] L013 /ui/TitleGroup/RelicPanel/ScrollArea/List/RelicSlot_15/RedDot/Mark
        Entity is fully off-canvas: right by 552px (bbox=(1450,6)-(1512,68), canvas=1920x1080)
        hint: Edge formula: anchoredPosition = sign * (margin + RectSize/2) for center-pivot. For stretch axes, use OffsetMin/OffsetMax (anchoredPosition is ignored). Verify Pivot - non-center pivots shift the bbox.
[ERROR  ] L013 /ui/TitleGroup/RelicPanel/ScrollArea/List/RelicSlot_16
        Entity is fully off-canvas: right by 812px (bbox=(1542,132)-(1772,412), canvas=1920x1080)
        hint: Edge formula: anchoredPosition = sign * (margin + RectSize/2) for center-pivot. For stretch axes, use OffsetMin/OffsetMax (anchoredPosition is ignored). Verify Pivot - non-center pivots shift the bbox.
[ERROR  ] L013 /ui/TitleGroup/RelicPanel/ScrollArea/List/RelicSlot_16/Bg
        Entity is fully off-canvas: right by 821px (bbox=(1531,55)-(1781,445), canvas=1920x1080)
        hint: Edge formula: anchoredPosition = sign * (margin + RectSize/2) for center-pivot. For stretch axes, use OffsetMin/OffsetMax (anchoredPosition is ignored). Verify Pivot - non-center pivots shift the bbox.
[ERROR  ] L013 /ui/TitleGroup/RelicPanel/ScrollArea/List/RelicSlot_16/Icon
        Entity is fully off-canvas: right by 762px (bbox=(1593,235)-(1722,364), canvas=1920x1080)
        hint: Edge formula: anchoredPosition = sign * (margin + RectSize/2) for center-pivot. For stretch axes, use OffsetMin/OffsetMax (anchoredPosition is ignored). Verify Pivot - non-center pivots shift the bbox.
[ERROR  ] L013 /ui/TitleGroup/RelicPanel/ScrollArea/List/RelicSlot_16/Name
        Entity is fully off-canvas: right by 804px (bbox=(1552,155)-(1764,181), canvas=1920x1080)
        hint: Edge formula: anchoredPosition = sign * (margin + RectSize/2) for center-pivot. For stretch axes, use OffsetMin/OffsetMax (anchoredPosition is ignored). Verify Pivot - non-center pivots shift the bbox.
[ERROR  ] L013 /ui/TitleGroup/RelicPanel/ScrollArea/List/RelicSlot_16/ProgressBg
        Entity is fully off-canvas: right by 765px (bbox=(1595,122)-(1725,150), canvas=1920x1080)
        hint: Edge formula: anchoredPosition = sign * (margin + RectSize/2) for center-pivot. For stretch axes, use OffsetMin/OffsetMax (anchoredPosition is ignored). Verify Pivot - non-center pivots shift the bbox.
[ERROR  ] L013 /ui/TitleGroup/RelicPanel/ScrollArea/List/RelicSlot_16/ProgressFill
        Entity is fully off-canvas: right by 765px (bbox=(1595,122)-(1725,150), canvas=1920x1080)
        hint: Edge formula: anchoredPosition = sign * (margin + RectSize/2) for center-pivot. For stretch axes, use OffsetMin/OffsetMax (anchoredPosition is ignored). Verify Pivot - non-center pivots shift the bbox.
[ERROR  ] L013 /ui/TitleGroup/RelicPanel/ScrollArea/List/RelicSlot_16/ProgressText
        Entity is fully off-canvas: right by 800px (bbox=(1560,122)-(1760,150), canvas=1920x1080)
        hint: Edge formula: anchoredPosition = sign * (margin + RectSize/2) for center-pivot. For stretch axes, use OffsetMin/OffsetMax (anchoredPosition is ignored). Verify Pivot - non-center pivots shift the bbox.
[ERROR  ] L013 /ui/TitleGroup/RelicPanel/ScrollArea/List/RelicSlot_16/Bg_1
        Entity is fully off-canvas: right by 773px (bbox=(1583,225)-(1733,375), canvas=1920x1080)
        hint: Edge formula: anchoredPosition = sign * (margin + RectSize/2) for center-pivot. For stretch axes, use OffsetMin/OffsetMax (anchoredPosition is ignored). Verify Pivot - non-center pivots shift the bbox.
[ERROR  ] L013 /ui/TitleGroup/RelicPanel/ScrollArea/List/RelicSlot_16/Level
        Entity is fully off-canvas: right by 805px (bbox=(1553,190)-(1765,216), canvas=1920x1080)
        hint: Edge formula: anchoredPosition = sign * (margin + RectSize/2) for center-pivot. For stretch axes, use OffsetMin/OffsetMax (anchoredPosition is ignored). Verify Pivot - non-center pivots shift the bbox.
[ERROR  ] L013 /ui/TitleGroup/RelicPanel/ScrollArea/List/RelicSlot_16/Dim
        Entity is fully off-canvas: right by 786px (bbox=(1564,110)-(1746,386), canvas=1920x1080)
        hint: Edge formula: anchoredPosition = sign * (margin + RectSize/2) for center-pivot. For stretch axes, use OffsetMin/OffsetMax (anchoredPosition is ignored). Verify Pivot - non-center pivots shift the bbox.
[ERROR  ] L013 /ui/TitleGroup/RelicPanel/ScrollArea/List/RelicSlot_16/Dim/Lock
        Entity is fully off-canvas: right by 732px (bbox=(1618,227)-(1692,301), canvas=1920x1080)
        hint: Edge formula: anchoredPosition = sign * (margin + RectSize/2) for center-pivot. For stretch axes, use OffsetMin/OffsetMax (anchoredPosition is ignored). Verify Pivot - non-center pivots shift the bbox.
[ERROR  ] L013 /ui/TitleGroup/RelicPanel/ScrollArea/List/RelicSlot_16/RedDot
        Entity is fully off-canvas: right by 806px (bbox=(1704,341)-(1766,403), canvas=1920x1080)
        hint: Edge formula: anchoredPosition = sign * (margin + RectSize/2) for center-pivot. For stretch axes, use OffsetMin/OffsetMax (anchoredPosition is ignored). Verify Pivot - non-center pivots shift the bbox.
[ERROR  ] L013 /ui/TitleGroup/RelicPanel/ScrollArea/List/RelicSlot_16/RedDot/Mark
        Entity is fully off-canvas: right by 806px (bbox=(1704,341)-(1766,403), canvas=1920x1080)
        hint: Edge formula: anchoredPosition = sign * (margin + RectSize/2) for center-pivot. For stretch axes, use OffsetMin/OffsetMax (anchoredPosition is ignored). Verify Pivot - non-center pivots shift the bbox.
[ERROR  ] L013 /ui/TitleGroup/RelicPanel/ScrollArea/List/RelicSlot_17
        Entity is fully off-canvas: right by 812px (bbox=(1542,-203)-(1772,77), canvas=1920x1080)
        hint: Edge formula: anchoredPosition = sign * (margin + RectSize/2) for center-pivot. For stretch axes, use OffsetMin/OffsetMax (anchoredPosition is ignored). Verify Pivot - non-center pivots shift the bbox.
[ERROR  ] L013 /ui/TitleGroup/RelicPanel/ScrollArea/List/RelicSlot_17/Bg
        Entity is fully off-canvas: right by 821px (bbox=(1531,-280)-(1781,110), canvas=1920x1080)
        hint: Edge formula: anchoredPosition = sign * (margin + RectSize/2) for center-pivot. For stretch axes, use OffsetMin/OffsetMax (anchoredPosition is ignored). Verify Pivot - non-center pivots shift the bbox.
[ERROR  ] L013 /ui/TitleGroup/RelicPanel/ScrollArea/List/RelicSlot_17/Icon
        Entity is fully off-canvas: right by 773px (bbox=(1582,-111)-(1733,40), canvas=1920x1080)
        hint: Edge formula: anchoredPosition = sign * (margin + RectSize/2) for center-pivot. For stretch axes, use OffsetMin/OffsetMax (anchoredPosition is ignored). Verify Pivot - non-center pivots shift the bbox.
[ERROR  ] L013 /ui/TitleGroup/RelicPanel/ScrollArea/List/RelicSlot_17/Name
        Entity is fully off-canvas: right by 804px (bbox=(1552,-180)-(1764,-154), canvas=1920x1080)
        hint: Edge formula: anchoredPosition = sign * (margin + RectSize/2) for center-pivot. For stretch axes, use OffsetMin/OffsetMax (anchoredPosition is ignored). Verify Pivot - non-center pivots shift the bbox.
[ERROR  ] L013 /ui/TitleGroup/RelicPanel/ScrollArea/List/RelicSlot_17/ProgressBg
        Entity is fully off-canvas: right by 765px (bbox=(1595,-213)-(1725,-185), canvas=1920x1080)
        hint: Edge formula: anchoredPosition = sign * (margin + RectSize/2) for center-pivot. For stretch axes, use OffsetMin/OffsetMax (anchoredPosition is ignored). Verify Pivot - non-center pivots shift the bbox.
[ERROR  ] L013 /ui/TitleGroup/RelicPanel/ScrollArea/List/RelicSlot_17/ProgressFill
        Entity is fully off-canvas: right by 765px (bbox=(1595,-213)-(1725,-185), canvas=1920x1080)
        hint: Edge formula: anchoredPosition = sign * (margin + RectSize/2) for center-pivot. For stretch axes, use OffsetMin/OffsetMax (anchoredPosition is ignored). Verify Pivot - non-center pivots shift the bbox.
[ERROR  ] L013 /ui/TitleGroup/RelicPanel/ScrollArea/List/RelicSlot_17/ProgressText
        Entity is fully off-canvas: right by 800px (bbox=(1560,-213)-(1760,-185), canvas=1920x1080)
        hint: Edge formula: anchoredPosition = sign * (margin + RectSize/2) for center-pivot. For stretch axes, use OffsetMin/OffsetMax (anchoredPosition is ignored). Verify Pivot - non-center pivots shift the bbox.
[ERROR  ] L013 /ui/TitleGroup/RelicPanel/ScrollArea/List/RelicSlot_17/Bg_1
        Entity is fully off-canvas: right by 773px (bbox=(1583,-110)-(1733,40), canvas=1920x1080)
        hint: Edge formula: anchoredPosition = sign * (margin + RectSize/2) for center-pivot. For stretch axes, use OffsetMin/OffsetMax (anchoredPosition is ignored). Verify Pivot - non-center pivots shift the bbox.
[ERROR  ] L013 /ui/TitleGroup/RelicPanel/ScrollArea/List/RelicSlot_17/Level
        Entity is fully off-canvas: right by 805px (bbox=(1553,-145)-(1765,-119), canvas=1920x1080)
        hint: Edge formula: anchoredPosition = sign * (margin + RectSize/2) for center-pivot. For stretch axes, use OffsetMin/OffsetMax (anchoredPosition is ignored). Verify Pivot - non-center pivots shift the bbox.
[ERROR  ] L013 /ui/TitleGroup/RelicPanel/ScrollArea/List/RelicSlot_17/Dim
        Entity is fully off-canvas: right by 786px (bbox=(1564,-225)-(1746,51), canvas=1920x1080)
        hint: Edge formula: anchoredPosition = sign * (margin + RectSize/2) for center-pivot. For stretch axes, use OffsetMin/OffsetMax (anchoredPosition is ignored). Verify Pivot - non-center pivots shift the bbox.
[ERROR  ] L013 /ui/TitleGroup/RelicPanel/ScrollArea/List/RelicSlot_17/Dim/Lock
        Entity is fully off-canvas: right by 732px (bbox=(1618,-108)-(1692,-34), canvas=1920x1080)
        hint: Edge formula: anchoredPosition = sign * (margin + RectSize/2) for center-pivot. For stretch axes, use OffsetMin/OffsetMax (anchoredPosition is ignored). Verify Pivot - non-center pivots shift the bbox.
[ERROR  ] L013 /ui/TitleGroup/RelicPanel/ScrollArea/List/RelicSlot_17/RedDot
        Entity is fully off-canvas: right by 806px (bbox=(1704,6)-(1766,68), canvas=1920x1080)
        hint: Edge formula: anchoredPosition = sign * (margin + RectSize/2) for center-pivot. For stretch axes, use OffsetMin/OffsetMax (anchoredPosition is ignored). Verify Pivot - non-center pivots shift the bbox.
[ERROR  ] L013 /ui/TitleGroup/RelicPanel/ScrollArea/List/RelicSlot_17/RedDot/Mark
        Entity is fully off-canvas: right by 806px (bbox=(1704,6)-(1766,68), canvas=1920x1080)
        hint: Edge formula: anchoredPosition = sign * (margin + RectSize/2) for center-pivot. For stretch axes, use OffsetMin/OffsetMax (anchoredPosition is ignored). Verify Pivot - non-center pivots shift the bbox.
x ui_lint: 1103 error(s), 616 warning(s) in ui/TitleGroup.ui