Key,Source,Note,ko,en,zh-tw,ja
MLUA_ACHIEVEMENTLOGIC_001,초보 사냥꾼,RootDesk/MyDesk/Achievement/AchievementLogic.mlua:47,초보 사냥꾼,Novice Hunter,新手獵人,初心者ハンター
MLUA_ACHIEVEMENTLOGIC_002,"몬스터 1,000마리 처치",RootDesk/MyDesk/Achievement/AchievementLogic.mlua:47,"몬스터 1,000마리 처치","Defeat 1,000 monsters","擊敗1,000隻怪物","モンスターを1,000体討伐"
MLUA_ACHIEVEMENTLOGIC_003,숙련된 사냥꾼,RootDesk/MyDesk/Achievement/AchievementLogic.mlua:48,숙련된 사냥꾼,Skilled Hunter,熟練獵人,熟練ハンター
MLUA_ACHIEVEMENTLOGIC_004,몬스터 1만 마리 처치,RootDesk/MyDesk/Achievement/AchievementLogic.mlua:48,몬스터 1만 마리 처치,Defeat 10K monsters,擊敗1萬隻怪物,モンスターを1万体討伐
MLUA_ACHIEVEMENTLOGIC_005,전설의 사냥꾼,RootDesk/MyDesk/Achievement/AchievementLogic.mlua:49,전설의 사냥꾼,Legendary Hunter,傳說獵人,伝説のハンター
MLUA_ACHIEVEMENTLOGIC_006,몬스터 10만 마리 처치,RootDesk/MyDesk/Achievement/AchievementLogic.mlua:49,몬스터 10만 마리 처치,Defeat 100K monsters,擊敗10萬隻怪物,モンスターを10万体討伐
MLUA_ACHIEVEMENTLOGIC_007,엘리트 사냥꾼,RootDesk/MyDesk/Achievement/AchievementLogic.mlua:50,엘리트 사냥꾼,Elite Hunter,菁英獵人,エリートハンター
MLUA_ACHIEVEMENTLOGIC_008,엘리트 몬스터 10마리 처치,RootDesk/MyDesk/Achievement/AchievementLogic.mlua:50,엘리트 몬스터 10마리 처치,Defeat 10 Elite monsters,擊敗10隻菁英怪物,エリートモンスターを10体討伐
MLUA_ACHIEVEMENTLOGIC_009,엘리트 학살자,RootDesk/MyDesk/Achievement/AchievementLogic.mlua:51,엘리트 학살자,Elite Slaughterer,菁英屠戮者,エリートスレイヤー
MLUA_ACHIEVEMENTLOGIC_010,엘리트 몬스터 100마리 처치,RootDesk/MyDesk/Achievement/AchievementLogic.mlua:51,엘리트 몬스터 100마리 처치,Defeat 100 Elite monsters,擊敗100隻菁英怪物,エリートモンスターを100体討伐
MLUA_ACHIEVEMENTLOGIC_011,첫 보스 처치,RootDesk/MyDesk/Achievement/AchievementLogic.mlua:52,첫 보스 처치,First Boss Kill,首次擊敗首領,初めてのボス討伐
MLUA_ACHIEVEMENTLOGIC_012,보스 몬스터 1회 처치,RootDesk/MyDesk/Achievement/AchievementLogic.mlua:52,보스 몬스터 1회 처치,Defeat a Boss monster once,擊敗首領怪物1次,ボスモンスターを1回討伐
MLUA_ACHIEVEMENTLOGIC_013,보스 헌터,RootDesk/MyDesk/Achievement/AchievementLogic.mlua:53,보스 헌터,Boss Hunter,首領獵人,ボスハンター
MLUA_ACHIEVEMENTLOGIC_014,보스 몬스터 10회 처치,RootDesk/MyDesk/Achievement/AchievementLogic.mlua:53,보스 몬스터 10회 처치,Defeat Boss monsters 10 times,擊敗首領怪物10次,ボスモンスターを10回討伐
MLUA_ACHIEVEMENTLOGIC_015,보스 슬레이어,RootDesk/MyDesk/Achievement/AchievementLogic.mlua:54,보스 슬레이어,Boss Slayer,首領殺手,ボススレイヤー
MLUA_ACHIEVEMENTLOGIC_016,보스 몬스터 50회 처치,RootDesk/MyDesk/Achievement/AchievementLogic.mlua:54,보스 몬스터 50회 처치,Defeat Boss monsters 50 times,擊敗首領怪物50次,ボスモンスターを50回討伐
MLUA_ACHIEVEMENTLOGIC_017,하늘의 사냥꾼,RootDesk/MyDesk/Achievement/AchievementLogic.mlua:55,하늘의 사냥꾼,Sky Hunter,天空獵人,空のハンター
MLUA_ACHIEVEMENTLOGIC_018,비행 몬스터 300마리 처치,RootDesk/MyDesk/Achievement/AchievementLogic.mlua:55,비행 몬스터 300마리 처치,Defeat 300 flying monsters,擊敗300隻飛行怪物,飛行モンスターを300体討伐
MLUA_ACHIEVEMENTLOGIC_019,달팽이 박사,RootDesk/MyDesk/Achievement/AchievementLogic.mlua:57,달팽이 박사,Snail Expert,蝸牛博士,カタツムリ博士
MLUA_ACHIEVEMENTLOGIC_020,달팽이류 몬스터 100마리 처치,RootDesk/MyDesk/Achievement/AchievementLogic.mlua:57,달팽이류 몬스터 100마리 처치,Defeat 100 snail-type monsters,擊敗100隻蝸牛類怪物,カタツムリ系モンスターを100体討伐
MLUA_ACHIEVEMENTLOGIC_021,버섯 채집가,RootDesk/MyDesk/Achievement/AchievementLogic.mlua:58,버섯 채집가,Mushroom Picker,蘑菇採集者,キノコ採集家
MLUA_ACHIEVEMENTLOGIC_022,버섯류 몬스터 100마리 처치,RootDesk/MyDesk/Achievement/AchievementLogic.mlua:58,버섯류 몬스터 100마리 처치,Defeat 100 mushroom-type monsters,擊敗100隻蘑菇類怪物,キノコ系モンスターを100体討伐
MLUA_ACHIEVEMENTLOGIC_023,돼지 몰이꾼,RootDesk/MyDesk/Achievement/AchievementLogic.mlua:59,돼지 몰이꾼,Pig Herder,趕豬人,ブタ追い
MLUA_ACHIEVEMENTLOGIC_024,돼지·멧돼지류 몬스터 100마리 처치,RootDesk/MyDesk/Achievement/AchievementLogic.mlua:59,돼지·멧돼지류 몬스터 100마리 처치,Defeat 100 pig/boar-type monsters,擊敗100隻豬·野豬類怪物,ブタ・イノシシ系モンスターを100体討伐
MLUA_ACHIEVEMENTLOGIC_025,말랑말랑,RootDesk/MyDesk/Achievement/AchievementLogic.mlua:60,말랑말랑,Squishy,軟綿綿,ぷにぷに
MLUA_ACHIEVEMENTLOGIC_026,슬라임류 몬스터 100마리 처치,RootDesk/MyDesk/Achievement/AchievementLogic.mlua:60,슬라임류 몬스터 100마리 처치,Defeat 100 slime-type monsters,擊敗100隻史萊姆類怪物,スライム系モンスターを100体討伐
MLUA_ACHIEVEMENTLOGIC_027,벌목꾼,RootDesk/MyDesk/Achievement/AchievementLogic.mlua:61,벌목꾼,Lumberjack,伐木工,木こり
MLUA_ACHIEVEMENTLOGIC_028,스텀프류 몬스터 100마리 처치,RootDesk/MyDesk/Achievement/AchievementLogic.mlua:61,스텀프류 몬스터 100마리 처치,Defeat 100 stump-type monsters,擊敗100隻木妖類怪物,スタンプ系モンスターを100体討伐
MLUA_ACHIEVEMENTLOGIC_029,픽시 사냥꾼,RootDesk/MyDesk/Achievement/AchievementLogic.mlua:62,픽시 사냥꾼,Pixie Hunter,精靈獵人,ピクシーハンター
MLUA_ACHIEVEMENTLOGIC_030,픽시류 몬스터 200마리 처치,RootDesk/MyDesk/Achievement/AchievementLogic.mlua:62,픽시류 몬스터 200마리 처치,Defeat 200 pixie-type monsters,擊敗200隻精靈類怪物,ピクシー系モンスターを200体討伐
MLUA_ACHIEVEMENTLOGIC_031,식물학자,RootDesk/MyDesk/Achievement/AchievementLogic.mlua:63,식물학자,Botanist,植物學家,植物学者
MLUA_ACHIEVEMENTLOGIC_032,네펜데스류 몬스터 100마리 처치,RootDesk/MyDesk/Achievement/AchievementLogic.mlua:63,네펜데스류 몬스터 100마리 처치,Defeat 100 Nependeath-type monsters,擊敗100隻奈本德斯類怪物,ネペンデス系モンスターを100体討伐
MLUA_ACHIEVEMENTLOGIC_033,돌깨는 자,RootDesk/MyDesk/Achievement/AchievementLogic.mlua:64,돌깨는 자,Rock Breaker,碎石者,岩砕き
MLUA_ACHIEVEMENTLOGIC_034,골렘류 몬스터 100마리 처치,RootDesk/MyDesk/Achievement/AchievementLogic.mlua:64,골렘류 몬스터 100마리 처치,Defeat 100 golem-type monsters,擊敗100隻石巨人類怪物,ゴーレム系モンスターを100体討伐
MLUA_ACHIEVEMENTLOGIC_035,설원의 사냥꾼,RootDesk/MyDesk/Achievement/AchievementLogic.mlua:65,설원의 사냥꾼,Snowfield Hunter,雪原獵人,雪原のハンター
MLUA_ACHIEVEMENTLOGIC_036,예티류 몬스터 100마리 처치,RootDesk/MyDesk/Achievement/AchievementLogic.mlua:65,예티류 몬스터 100마리 처치,Defeat 100 yeti-type monsters,擊敗100隻雪人類怪物,イエティ系モンスターを100体討伐
MLUA_ACHIEVEMENTLOGIC_037,숨은 비밀 발견,RootDesk/MyDesk/Achievement/AchievementLogic.mlua:67,숨은 비밀 발견,Hidden Secret Found,發現隱藏的秘密,隠された秘密を発見
MLUA_ACHIEVEMENTLOGIC_038,이스터에그 1개 발견,RootDesk/MyDesk/Achievement/AchievementLogic.mlua:67,이스터에그 1개 발견,Find 1 Easter Egg,發現1個彩蛋,イースターエッグを1個発見
MLUA_ACHIEVEMENTLOGIC_039,탐험가,RootDesk/MyDesk/Achievement/AchievementLogic.mlua:68,탐험가,Explorer,探險家,探検家
MLUA_ACHIEVEMENTLOGIC_040,이스터에그 10개 발견,RootDesk/MyDesk/Achievement/AchievementLogic.mlua:68,이스터에그 10개 발견,Find 10 Easter Eggs,發現10個彩蛋,イースターエッグを10個発見
MLUA_ACHIEVEMENTLOGIC_041,비밀 수집가,RootDesk/MyDesk/Achievement/AchievementLogic.mlua:69,비밀 수집가,Secret Collector,秘密收藏家,秘密コレクター
MLUA_ACHIEVEMENTLOGIC_042,이스터에그 50개 발견,RootDesk/MyDesk/Achievement/AchievementLogic.mlua:69,이스터에그 50개 발견,Find 50 Easter Eggs,發現50個彩蛋,イースターエッグを50個発見
MLUA_ACHIEVEMENTLOGIC_043,보물 사냥꾼,RootDesk/MyDesk/Achievement/AchievementLogic.mlua:70,보물 사냥꾼,Treasure Hunter,寶藏獵人,トレジャーハンター
MLUA_ACHIEVEMENTLOGIC_044,보물상자 10개 열기,RootDesk/MyDesk/Achievement/AchievementLogic.mlua:70,보물상자 10개 열기,Open 10 Treasure Chests,打開10個寶箱,宝箱を10個開ける
MLUA_ACHIEVEMENTLOGIC_045,물약 애호가,RootDesk/MyDesk/Achievement/AchievementLogic.mlua:72,물약 애호가,Potion Lover,藥水愛好者,ポーション愛好家
MLUA_ACHIEVEMENTLOGIC_046,빨간·하얀 포션 50개 획득,RootDesk/MyDesk/Achievement/AchievementLogic.mlua:72,빨간·하얀 포션 50개 획득,Obtain 50 Red/White Potions,獲得50瓶紅色·白色藥水,赤・白ポーションを50個獲得
MLUA_ACHIEVEMENTLOGIC_047,엘릭서 수집가,RootDesk/MyDesk/Achievement/AchievementLogic.mlua:73,엘릭서 수집가,Elixir Collector,萬能藥水收藏家,エリクサーコレクター
MLUA_ACHIEVEMENTLOGIC_048,파워 엘릭서 10개 획득,RootDesk/MyDesk/Achievement/AchievementLogic.mlua:73,파워 엘릭서 10개 획득,Obtain 10 Power Elixirs,獲得10瓶超級萬能藥水,パワーエリクサーを10個獲得
MLUA_ACHIEVEMENTLOGIC_049,버프 마니아,RootDesk/MyDesk/Achievement/AchievementLogic.mlua:74,버프 마니아,Buff Maniac,增益狂熱者,バフマニア
MLUA_ACHIEVEMENTLOGIC_050,버프 포션 10개 획득,RootDesk/MyDesk/Achievement/AchievementLogic.mlua:74,버프 포션 10개 획득,Obtain 10 Buff Potions,獲得10瓶增益藥水,バフポーションを10個獲得
MLUA_ACHIEVEMENTLOGIC_051,포션 소믈리에,RootDesk/MyDesk/Achievement/AchievementLogic.mlua:75,포션 소믈리에,Potion Sommelier,藥水品鑑師,ポーションソムリエ
MLUA_ACHIEVEMENTLOGIC_052,버프 포션 3종 모두 획득,RootDesk/MyDesk/Achievement/AchievementLogic.mlua:75,버프 포션 3종 모두 획득,Obtain all 3 types of Buff Potions,獲得全部3種增益藥水,バフポーション3種をすべて獲得
MLUA_ACHIEVEMENTLOGIC_053,모험의 시작,RootDesk/MyDesk/Achievement/AchievementLogic.mlua:77,모험의 시작,Start of an Adventure,冒險的開始,冒険のはじまり
MLUA_ACHIEVEMENTLOGIC_054,게임 10판 플레이,RootDesk/MyDesk/Achievement/AchievementLogic.mlua:77,게임 10판 플레이,Play 10 games,遊玩10場,10回プレイ
MLUA_ACHIEVEMENTLOGIC_055,베테랑 모험가,RootDesk/MyDesk/Achievement/AchievementLogic.mlua:78,베테랑 모험가,Veteran Adventurer,老練冒險家,ベテラン冒険家
MLUA_ACHIEVEMENTLOGIC_056,게임 100판 플레이,RootDesk/MyDesk/Achievement/AchievementLogic.mlua:78,게임 100판 플레이,Play 100 games,遊玩100場,100回プレイ
MLUA_ACHIEVEMENTLOGIC_057,성장하는 모험가,RootDesk/MyDesk/Achievement/AchievementLogic.mlua:79,성장하는 모험가,Growing Adventurer,成長中的冒險家,成長する冒険家
MLUA_ACHIEVEMENTLOGIC_058,한 판에서 레벨 20 달성,RootDesk/MyDesk/Achievement/AchievementLogic.mlua:79,한 판에서 레벨 20 달성,Reach Level 20 in a single run,單場達到等級20,1プレイでレベル20に到達
MLUA_ACHIEVEMENTLOGIC_059,한계 돌파,RootDesk/MyDesk/Achievement/AchievementLogic.mlua:80,한계 돌파,Breaking Limits,突破極限,限界突破
MLUA_ACHIEVEMENTLOGIC_060,한 판에서 레벨 50 달성,RootDesk/MyDesk/Achievement/AchievementLogic.mlua:80,한 판에서 레벨 50 달성,Reach Level 50 in a single run,單場達到等級50,1プレイでレベル50に到達
MLUA_ACHIEVEMENTLOGIC_061,태초의 마을 수호자,RootDesk/MyDesk/Achievement/AchievementLogic.mlua:81,태초의 마을 수호자,Guardian of the Village of Beginnings,起源之村守護者,はじまりの村の守護者
MLUA_ACHIEVEMENTLOGIC_062,태초의 마을에서 15분 생존,RootDesk/MyDesk/Achievement/AchievementLogic.mlua:81,태초의 마을에서 15분 생존,Survive 15 min in the Village of Beginnings,在起源之村存活15分鐘,はじまりの村で15分間生存
MLUA_ACHIEVEMENTLOGIC_063,구름정원 수호자,RootDesk/MyDesk/Achievement/AchievementLogic.mlua:82,구름정원 수호자,Guardian of the Cloud Garden,雲之庭園守護者,雲の庭園の守護者
MLUA_ACHIEVEMENTLOGIC_064,구름정원에서 15분 생존,RootDesk/MyDesk/Achievement/AchievementLogic.mlua:82,구름정원에서 15분 생존,Survive 15 min in the Cloud Garden,在雲之庭園存活15分鐘,雲の庭園で15分間生存
MLUA_ACHIEVEMENTLOGIC_065,엘나스 수호자,RootDesk/MyDesk/Achievement/AchievementLogic.mlua:83,엘나스 수호자,Guardian of El Nath,冰原雪域守護者,エルナスの守護者
MLUA_ACHIEVEMENTLOGIC_066,엘나스에서 15분 생존,RootDesk/MyDesk/Achievement/AchievementLogic.mlua:83,엘나스에서 15분 생존,Survive 15 min in El Nath,在冰原雪域存活15分鐘,エルナスで15分間生存
MLUA_ACHIEVEMENTLOGIC_067,절제된 강함,RootDesk/MyDesk/Achievement/AchievementLogic.mlua:84,절제된 강함,Restrained Strength,克制的強大,抑えた強さ
MLUA_ACHIEVEMENTLOGIC_068,스킬 5개 이하로 15분 생존,RootDesk/MyDesk/Achievement/AchievementLogic.mlua:84,스킬 5개 이하로 15분 생존,Survive 15 min with 5 or fewer skills,以5個以下的技能存活15分鐘,スキル5個以下で15分間生存
MLUA_ACHIEVEMENTLOGIC_069,미니멀리스트,RootDesk/MyDesk/Achievement/AchievementLogic.mlua:85,미니멀리스트,Minimalist,極簡主義者,ミニマリスト
MLUA_ACHIEVEMENTLOGIC_070,스킬 3개 이하로 10분 생존,RootDesk/MyDesk/Achievement/AchievementLogic.mlua:85,스킬 3개 이하로 10분 생존,Survive 10 min with 3 or fewer skills,以3個以下的技能存活10分鐘,スキル3個以下で10分間生存
MLUA_ACHIEVEMENTLOGIC_071,불굴의 의지,RootDesk/MyDesk/Achievement/AchievementLogic.mlua:86,불굴의 의지,Indomitable Will,不屈的意志,不屈の意志
MLUA_ACHIEVEMENTLOGIC_072,이어하기 없이 15분 생존,RootDesk/MyDesk/Achievement/AchievementLogic.mlua:86,이어하기 없이 15분 생존,Survive 15 min without continuing,不使用接關存活15分鐘,コンティニューなしで15分間生存
MLUA_ACHIEVEMENTLOGIC_073,알뜰한 모험가,RootDesk/MyDesk/Achievement/AchievementLogic.mlua:87,알뜰한 모험가,Thrifty Adventurer,節儉的冒險家,倹約家の冒険者
MLUA_ACHIEVEMENTLOGIC_074,게임 중 골드 누적 1만 획득,RootDesk/MyDesk/Achievement/AchievementLogic.mlua:87,게임 중 골드 누적 1만 획득,Earn a total of 10K Gold in games,遊戲中累計獲得1萬金幣,ゲーム中にゴールドを累計1万獲得
MLUA_ACHIEVEMENTLOGIC_075,메소 부자,RootDesk/MyDesk/Achievement/AchievementLogic.mlua:88,메소 부자,Meso Tycoon,楓幣富翁,メル長者
MLUA_ACHIEVEMENTLOGIC_076,게임 중 골드 누적 10만 획득,RootDesk/MyDesk/Achievement/AchievementLogic.mlua:88,게임 중 골드 누적 10만 획득,Earn a total of 100K Gold in games,遊戲中累計獲得10萬金幣,ゲーム中にゴールドを累計10万獲得
MLUA_ACHIEVEMENTLOGIC_077,스킬 마스터,RootDesk/MyDesk/Achievement/AchievementLogic.mlua:90,스킬 마스터,Skill Master,技能大師,スキルマスター
MLUA_ACHIEVEMENTLOGIC_078,스킬 1개를 Lv5로 강화,RootDesk/MyDesk/Achievement/AchievementLogic.mlua:90,스킬 1개를 Lv5로 강화,Upgrade a skill to Lv5,將1個技能強化至Lv5,スキル1個をLv5に強化
MLUA_ACHIEVEMENTLOGIC_079,스킬 전문가,RootDesk/MyDesk/Achievement/AchievementLogic.mlua:91,스킬 전문가,Skill Expert,技能專家,スキルエキスパート
MLUA_ACHIEVEMENTLOGIC_080,스킬 Lv5 달성 10회,RootDesk/MyDesk/Achievement/AchievementLogic.mlua:91,스킬 Lv5 달성 10회,Reach skill Lv5 10 times,技能達到Lv5共10次,スキルLv5到達 10回
MLUA_ACHIEVEMENTLOGIC_081,스킬의 달인,RootDesk/MyDesk/Achievement/AchievementLogic.mlua:92,스킬의 달인,Master of Skills,技能達人,スキルの達人
MLUA_ACHIEVEMENTLOGIC_082,스킬 Lv5 달성 50회,RootDesk/MyDesk/Achievement/AchievementLogic.mlua:92,스킬 Lv5 달성 50회,Reach skill Lv5 50 times,技能達到Lv5共50次,スキルLv5到達 50回
MLUA_ACHIEVEMENTLOGIC_083,첫 조합,RootDesk/MyDesk/Achievement/AchievementLogic.mlua:93,첫 조합,First Fusion,首次組合,初めての組み合わせ
MLUA_ACHIEVEMENTLOGIC_084,조합 스킬 1종 발견,RootDesk/MyDesk/Achievement/AchievementLogic.mlua:93,조합 스킬 1종 발견,Discover 1 Fusion Skill,發現1種組合技能,組み合わせスキルを1種発見
MLUA_ACHIEVEMENTLOGIC_085,조합 연구가,RootDesk/MyDesk/Achievement/AchievementLogic.mlua:94,조합 연구가,Fusion Researcher,組合研究家,組み合わせ研究家
MLUA_ACHIEVEMENTLOGIC_086,조합 스킬 10종 발견,RootDesk/MyDesk/Achievement/AchievementLogic.mlua:94,조합 스킬 10종 발견,Discover 10 Fusion Skills,發現10種組合技能,組み合わせスキルを10種発見
MLUA_ACHIEVEMENTLOGIC_087,조합의 대가,RootDesk/MyDesk/Achievement/AchievementLogic.mlua:95,조합의 대가,Fusion Grandmaster,組合大師,組み合わせの大家
MLUA_ACHIEVEMENTLOGIC_088,조합 스킬 20종 발견,RootDesk/MyDesk/Achievement/AchievementLogic.mlua:95,조합 스킬 20종 발견,Discover 20 Fusion Skills,發現20種組合技能,組み合わせスキルを20種発見
MLUA_ACHIEVEMENTLOGIC_089,대장장이 견습생,RootDesk/MyDesk/Achievement/AchievementLogic.mlua:97,대장장이 견습생,Apprentice Blacksmith,見習鐵匠,見習い鍛冶屋
MLUA_ACHIEVEMENTLOGIC_090,장비 강화 10회 성공,RootDesk/MyDesk/Achievement/AchievementLogic.mlua:97,장비 강화 10회 성공,Succeed at equipment enhancement 10 times,裝備強化成功10次,装備強化に10回成功
MLUA_ACHIEVEMENTLOGIC_091,명장,RootDesk/MyDesk/Achievement/AchievementLogic.mlua:98,명장,Master Craftsman,名匠,名匠
MLUA_ACHIEVEMENTLOGIC_092,장비 강화 100회 성공,RootDesk/MyDesk/Achievement/AchievementLogic.mlua:98,장비 강화 100회 성공,Succeed at equipment enhancement 100 times,裝備強化成功100次,装備強化に100回成功
MLUA_ACHIEVEMENTLOGIC_093,합성의 달인,RootDesk/MyDesk/Achievement/AchievementLogic.mlua:99,합성의 달인,Master of Synthesis,合成達人,合成の達人
MLUA_ACHIEVEMENTLOGIC_094,장비 합성 5회 성공,RootDesk/MyDesk/Achievement/AchievementLogic.mlua:99,장비 합성 5회 성공,Succeed at equipment synthesis 5 times,裝備合成成功5次,装備合成に5回成功
MLUA_ACHIEVEMENTLOGIC_095,장비 수집가,RootDesk/MyDesk/Achievement/AchievementLogic.mlua:100,장비 수집가,Equipment Collector,裝備收藏家,装備コレクター
MLUA_ACHIEVEMENTLOGIC_096,장비 50개 획득,RootDesk/MyDesk/Achievement/AchievementLogic.mlua:100,장비 50개 획득,Obtain 50 pieces of equipment,獲得50件裝備,装備を50個獲得
MLUA_ACHIEVEMENTLOGIC_097,상인,RootDesk/MyDesk/Achievement/AchievementLogic.mlua:101,상인,Merchant,商人,商人
MLUA_ACHIEVEMENTLOGIC_098,장비 100개 판매,RootDesk/MyDesk/Achievement/AchievementLogic.mlua:101,장비 100개 판매,Sell 100 pieces of equipment,販售100件裝備,装備を100個売却
MLUA_ACHIEVEMENTLOGIC_099,업적 사냥꾼,RootDesk/MyDesk/Achievement/AchievementLogic.mlua:103,업적 사냥꾼,Achievement Hunter,成就獵人,実績ハンター
MLUA_ACHIEVEMENTLOGIC_100,업적 30개 달성,RootDesk/MyDesk/Achievement/AchievementLogic.mlua:103,업적 30개 달성,Complete 30 achievements,達成30個成就,実績を30個達成
MLUA_ACHIEVEMENTUI_001,업적,RootDesk/MyDesk/Achievement/AchievementUI.mlua:184,업적,Achievements,,
MLUA_ACHIEVEMENTUI_002,달성!,RootDesk/MyDesk/Achievement/AchievementUI.mlua:211,달성!,Complete!,達成！,達成！
MLUA_ACHIEVEMENTUI_003,받을 수 있는 업적 보상이 없어요,RootDesk/MyDesk/Achievement/AchievementUI.mlua:291,받을 수 있는 업적 보상이 없어요,No achievement rewards to claim,沒有可領取的成就獎勵,受け取れる実績報酬がありません
MLUA_ATTENDANCELOGIC_001,개,RootDesk/MyDesk/Attendance/AttendanceLogic.mlua:56 | RootDesk/MyDesk/Card/CardManager.mlua:25789,개,,,
MLUA_ATTENDANCEUI_001,완료,RootDesk/MyDesk/Attendance/AttendanceUI.mlua:120 | RootDesk/MyDesk/Attendance/AttendanceUI.mlua:232 | RootDesk/MyDesk/EpisodeReward/EpisodeRewardUI.mlua:173 | RootDesk/MyDesk/EpisodeReward/EpisodeRewardUI.mlua:375 | RootDesk/MyDesk/PlayerLevel/LevelRewardUI.mlua:234,완료,Done,完成,完了
MLUA_ATTENDANCEUI_002,내일 다시 받을 수 있어요,RootDesk/MyDesk/Attendance/AttendanceUI.mlua:183,내일 다시 받을 수 있어요,Come back tomorrow to claim again,明天可以再次領取,明日また受け取れます
MLUA_CARDMANAGER_001,기본 공격,RootDesk/MyDesk/Card/CardManager.mlua:26 | RootDesk/MyDesk/Card/CardManager.mlua:799 | RootDesk/MyDesk/Card/CardManager.mlua:829 | RootDesk/MyDesk/Card/CardManager.mlua:2712 | RootDesk/MyDesk/Card/CardManager.mlua:2741,기본 공격,Basic Attack,普通攻擊,通常攻撃
MLUA_CARDMANAGER_002,매직 클로,RootDesk/MyDesk/Card/CardManager.mlua:30 | RootDesk/MyDesk/Card/CardManager.mlua:15942 | RootDesk/MyDesk/Card/CardManager.mlua:18326,매직 클로,Magic Claw,魔力爪,マジッククロー
MLUA_CARDMANAGER_003,콜드 빔,RootDesk/MyDesk/Card/CardManager.mlua:31 | RootDesk/MyDesk/Card/CardManager.mlua:15943 | RootDesk/MyDesk/SkillInventory.mlua:45,콜드 빔,Cold Beam,寒冰光束,コールドビーム
MLUA_CARDMANAGER_004,썬더 볼트,RootDesk/MyDesk/Card/CardManager.mlua:32 | RootDesk/MyDesk/Card/CardManager.mlua:15944 | RootDesk/MyDesk/SkillInventory.mlua:44,썬더 볼트,Thunder Bolt,雷電術,サンダーボルト
MLUA_CARDMANAGER_005,메테오,RootDesk/MyDesk/Card/CardManager.mlua:33 | RootDesk/MyDesk/Card/CardManager.mlua:15945 | RootDesk/MyDesk/Card/CardManager.mlua:18332,메테오,Meteor,流星,メテオ
MLUA_CARDMANAGER_006,매직 부스터,RootDesk/MyDesk/Card/CardManager.mlua:332 | RootDesk/MyDesk/Card/CardManager.mlua:15946 | RootDesk/MyDesk/SkillInventory.mlua:41,매직 부스터,Magic Booster,魔法加速,マジックブースター
MLUA_CARDMANAGER_007,매직 크리티컬,RootDesk/MyDesk/Card/CardManager.mlua:333 | RootDesk/MyDesk/Card/CardManager.mlua:15947 | RootDesk/MyDesk/SkillInventory.mlua:49,매직 크리티컬,Magic Critical,魔法爆擊,マジッククリティカル
MLUA_CARDMANAGER_008,에너지볼트,RootDesk/MyDesk/Card/CardManager.mlua:345 | RootDesk/MyDesk/SkillInventory.mlua:47,에너지볼트,Energy Bolt,能量彈,エナジーボルト
MLUA_CARDMANAGER_009,프리징 이펙트,RootDesk/MyDesk/Card/CardManager.mlua:365 | RootDesk/MyDesk/SkillInventory.mlua:50,프리징 이펙트,Freezing Effect,冰凍效果,フリージングエフェクト
MLUA_CARDMANAGER_010,매직 아머,RootDesk/MyDesk/Card/CardManager.mlua:371 | RootDesk/MyDesk/SkillInventory.mlua:43,매직 아머,Magic Armor,魔法鎧甲,マジックアーマー
MLUA_CARDMANAGER_011,메디테이션,RootDesk/MyDesk/Card/CardManager.mlua:377 | RootDesk/MyDesk/SkillInventory.mlua:51,메디테이션,Meditation,精神集中,メディテーション
MLUA_CARDMANAGER_012,헤일 버스트,RootDesk/MyDesk/Card/CardManager.mlua:419 | RootDesk/MyDesk/SkillInventory.mlua:60,헤일 버스트,Hail Burst,冰雹爆發,ヘイルバースト
MLUA_CARDMANAGER_013,아이스 커터,RootDesk/MyDesk/Card/CardManager.mlua:543 | RootDesk/MyDesk/SkillInventory.mlua:46,아이스 커터,Ice Cutter,冰刃,アイスカッター
MLUA_CARDMANAGER_014,페페,RootDesk/MyDesk/Card/CardManager.mlua:566 | RootDesk/MyDesk/SkillInventory.mlua:52,페페,Pepe,佩佩,ペペ
MLUA_CARDMANAGER_015,썬더 커터,RootDesk/MyDesk/Card/CardManager.mlua:597 | RootDesk/MyDesk/SkillInventory.mlua:48,썬더 커터,Thunder Cutter,雷刃,サンダーカッター
MLUA_CARDMANAGER_016,더블 커터,RootDesk/MyDesk/Card/CardManager.mlua:628 | RootDesk/MyDesk/SkillInventory.mlua:58,더블 커터,Double Cutter,雙重刃,ダブルカッター
MLUA_CARDMANAGER_017,킹페페,RootDesk/MyDesk/Card/CardManager.mlua:652 | RootDesk/MyDesk/SkillInventory.mlua:59,킹페페,King Pepe,國王佩佩,キングペペ
MLUA_CARDMANAGER_018,아쿠아 트랩,RootDesk/MyDesk/Card/CardManager.mlua:772 | RootDesk/MyDesk/SkillInventory.mlua:54,아쿠아 트랩,Aqua Trap,水之陷阱,アクアトラップ
MLUA_CARDMANAGER_019,슈리켄 버스트,RootDesk/MyDesk/Card/CardManager.mlua:2772 | RootDesk/MyDesk/Card/CardRegistry.mlua:405 | RootDesk/MyDesk/SkillInventory.mlua:135,슈리켄 버스트,Shuriken Burst,手裏劍爆發,シュリケンバースト
MLUA_CARDMANAGER_020,슈리켄 봄버,RootDesk/MyDesk/Card/CardManager.mlua:3026 | RootDesk/MyDesk/Card/CardRegistry.mlua:509 | RootDesk/MyDesk/SkillInventory.mlua:143,슈리켄 봄버,Shuriken Bomber,手裏劍轟炸,シュリケンボンバー
MLUA_CARDMANAGER_021,윈드 탈리스만,RootDesk/MyDesk/Card/CardManager.mlua:3339 | RootDesk/MyDesk/Card/CardRegistry.mlua:411 | RootDesk/MyDesk/SkillInventory.mlua:137,윈드 탈리스만,Wind Talisman,風之符咒,ウィンドタリスマン
MLUA_CARDMANAGER_022,스톰 탈리스만,RootDesk/MyDesk/Card/CardManager.mlua:3555 | RootDesk/MyDesk/Card/CardRegistry.mlua:530 | RootDesk/MyDesk/SkillInventory.mlua:149,스톰 탈리스만,Storm Talisman,風暴符咒,ストームタリスマン
MLUA_CARDMANAGER_023,쉐도우 스플릿,RootDesk/MyDesk/Card/CardManager.mlua:3844 | RootDesk/MyDesk/Card/CardRegistry.mlua:418 | RootDesk/MyDesk/SkillInventory.mlua:138,쉐도우 스플릿,Shadow Split,暗影分裂,シャドウスプリット
MLUA_CARDMANAGER_024,팬텀 스플릿,RootDesk/MyDesk/Card/CardManager.mlua:4140 | RootDesk/MyDesk/Card/CardRegistry.mlua:540 | RootDesk/MyDesk/SkillInventory.mlua:145,팬텀 스플릿,Phantom Split,幻影分裂,ファントムスプリット
MLUA_CARDMANAGER_025,스로잉 윙대거,RootDesk/MyDesk/Card/CardManager.mlua:4383 | RootDesk/MyDesk/Card/CardRegistry.mlua:425 | RootDesk/MyDesk/SkillInventory.mlua:139,스로잉 윙대거,Throwing Wing Dagger,投擲飛翼匕首,スローイングウィングダガー
MLUA_CARDMANAGER_026,스로잉 붐대거,RootDesk/MyDesk/Card/CardManager.mlua:4640 | RootDesk/MyDesk/Card/CardRegistry.mlua:550 | RootDesk/MyDesk/SkillInventory.mlua:146,스로잉 붐대거,Throwing Boom Dagger,投擲爆裂匕首,スローイングブームダガー
MLUA_CARDMANAGER_027,쇼다운 챌린지,RootDesk/MyDesk/Card/CardManager.mlua:5026 | RootDesk/MyDesk/Card/CardRegistry.mlua:432 | RootDesk/MyDesk/SkillInventory.mlua:140,쇼다운 챌린지,Showdown Challenge,決戰挑戰,ショーダウンチャレンジ
MLUA_CARDMANAGER_028,ShowdownChallengeFlip: SpriteRendererComponent is nil — 반전 적용 실패,[LOG] RootDesk/MyDesk/Card/CardManager.mlua:5183,ShowdownChallengeFlip: SpriteRendererComponent is nil — 반전 적용 실패,,,
MLUA_CARDMANAGER_029,쇼다운 임팩트,RootDesk/MyDesk/Card/CardManager.mlua:5356 | RootDesk/MyDesk/Card/CardRegistry.mlua:559 | RootDesk/MyDesk/SkillInventory.mlua:148,쇼다운 임팩트,Showdown Impact,決戰衝擊,ショーダウンインパクト
MLUA_CARDMANAGER_030,ShowdownImpactFlip: SpriteRendererComponent is nil — 반전 적용 실패,[LOG] RootDesk/MyDesk/Card/CardManager.mlua:5407,ShowdownImpactFlip: SpriteRendererComponent is nil — 반전 적용 실패,,,
MLUA_CARDMANAGER_031,스핀 스로우,RootDesk/MyDesk/Card/CardManager.mlua:5514 | RootDesk/MyDesk/Card/CardRegistry.mlua:439 | RootDesk/MyDesk/SkillInventory.mlua:141,스핀 스로우,Spin Throw,旋轉投擲,スピンスロー
MLUA_CARDMANAGER_032,블러드 스로우,RootDesk/MyDesk/Card/CardManager.mlua:5704 | RootDesk/MyDesk/Card/CardRegistry.mlua:568 | RootDesk/MyDesk/SkillInventory.mlua:147,블러드 스로우,Blood Throw,血之投擲,ブラッドスロー
MLUA_CARDMANAGER_033,쉐도우 트랩,RootDesk/MyDesk/Card/CardManager.mlua:5925 | RootDesk/MyDesk/Card/CardRegistry.mlua:446 | RootDesk/MyDesk/SkillInventory.mlua:136,쉐도우 트랩,Shadow Trap,暗影陷阱,シャドウトラップ
MLUA_CARDMANAGER_034,데스 트랩,RootDesk/MyDesk/Card/CardManager.mlua:6141 | RootDesk/MyDesk/Card/CardRegistry.mlua:519 | RootDesk/MyDesk/SkillInventory.mlua:144,데스 트랩,Death Trap,死亡陷阱,デストラップ
MLUA_CARDMANAGER_035,럭키 세븐,RootDesk/MyDesk/Card/CardManager.mlua:6354 | RootDesk/MyDesk/Card/CardRegistry.mlua:399 | RootDesk/MyDesk/SkillInventory.mlua:134,럭키 세븐,Lucky Seven,雙飛斬,ラッキーセブン
MLUA_CARDMANAGER_036,슈퍼 세븐,RootDesk/MyDesk/Card/CardManager.mlua:6492 | RootDesk/MyDesk/Card/CardRegistry.mlua:498 | RootDesk/MyDesk/SkillInventory.mlua:142,슈퍼 세븐,Super Seven,超級雙飛斬,スーパーセブン
MLUA_CARDMANAGER_037,무스펠하임,RootDesk/MyDesk/Card/CardManager.mlua:7171 | RootDesk/MyDesk/Card/CardRegistry.mlua:230 | RootDesk/MyDesk/SkillInventory.mlua:113,무스펠하임,Muspelheim,穆斯佩爾海姆,ムスペルヘイム
MLUA_CARDMANAGER_038,스카링 소드,RootDesk/MyDesk/Card/CardManager.mlua:9608 | RootDesk/MyDesk/Card/CardRegistry.mlua:90 | RootDesk/MyDesk/SkillInventory.mlua:94 | /ui/TitleGroup/SkillPanel/ScrollArea/List/SkillSlot_47/Name,스카링 소드,Scaring Sword,恐懼之劍,スケアリングソード
MLUA_CARDMANAGER_039,바람의 시,RootDesk/MyDesk/Card/CardManager.mlua:10122 | RootDesk/MyDesk/SkillInventory.mlua:64 | /ui/TitleGroup/SkillPanel/ScrollArea/List/SkillSlot_20/Name,바람의 시,Song of the Wind,風之詩,風の詩
MLUA_CARDMANAGER_040,폭풍의 시,RootDesk/MyDesk/Card/CardManager.mlua:10219 | RootDesk/MyDesk/SkillInventory.mlua:74 | /ui/TitleGroup/SkillPanel/ScrollArea/List/SkillSlot_30/Name,폭풍의 시,Song of the Storm,暴風之詩,嵐の詩
MLUA_CARDMANAGER_041,애로우 블로우,RootDesk/MyDesk/Card/CardManager.mlua:10447 | RootDesk/MyDesk/SkillInventory.mlua:65 | /ui/TitleGroup/SkillPanel/ScrollArea/List/SkillSlot_21/Name,애로우 블로우,Arrow Blow,箭之衝擊,アローブロウ
MLUA_CARDMANAGER_042,강화 애로우 블로우,RootDesk/MyDesk/Card/CardManager.mlua:10623 | RootDesk/MyDesk/SkillInventory.mlua:75 | /ui/TitleGroup/SkillPanel/ScrollArea/List/SkillSlot_31/Name,강화 애로우 블로우,Enhanced Arrow Blow,強化箭之衝擊,強化アローブロウ
MLUA_CARDMANAGER_043,아이스 퀴버,RootDesk/MyDesk/Card/CardManager.mlua:10849 | RootDesk/MyDesk/SkillInventory.mlua:66 | /ui/TitleGroup/SkillPanel/ScrollArea/List/SkillSlot_22/Name,아이스 퀴버,Ice Quiver,寒冰箭袋,アイスクィーバー
MLUA_CARDMANAGER_044,파이어 퀴버,RootDesk/MyDesk/Card/CardManager.mlua:10984 | RootDesk/MyDesk/SkillInventory.mlua:67 | /ui/TitleGroup/SkillPanel/ScrollArea/List/SkillSlot_23/Name,파이어 퀴버,Fire Quiver,烈焰箭袋,ファイアクィーバー
MLUA_CARDMANAGER_045,애로우 일루전,RootDesk/MyDesk/Card/CardManager.mlua:11134,애로우 일루전,Arrow Illusion,幻影箭,アローイリュージョン
MLUA_CARDMANAGER_046,피닉스,RootDesk/MyDesk/Card/CardManager.mlua:11354 | RootDesk/MyDesk/SkillInventory.mlua:68 | /ui/TitleGroup/SkillPanel/ScrollArea/List/SkillSlot_24/Name,피닉스,Phoenix,火鳳凰,フェニックス
MLUA_CARDMANAGER_047,이볼브,RootDesk/MyDesk/Card/CardManager.mlua:11740 | RootDesk/MyDesk/SkillInventory.mlua:73 | /ui/TitleGroup/SkillPanel/ScrollArea/List/SkillSlot_29/Name,이볼브,Evolve,進化,エボルブ
MLUA_CARDMANAGER_048,리트리트 샷,RootDesk/MyDesk/Card/CardManager.mlua:12127 | RootDesk/MyDesk/SkillInventory.mlua:69 | /ui/TitleGroup/SkillPanel/ScrollArea/List/SkillSlot_25/Name,리트리트 샷,Retreat Shot,後退射擊,リトリートショット
MLUA_CARDMANAGER_049,에로우 플레터,RootDesk/MyDesk/Card/CardManager.mlua:12458 | RootDesk/MyDesk/SkillInventory.mlua:76 | /ui/TitleGroup/SkillPanel/ScrollArea/List/SkillSlot_32/Name,에로우 플레터,Arrow Platter,箭座,アロープラッター
MLUA_CARDMANAGER_050,언카운터 에로우,RootDesk/MyDesk/Card/CardManager.mlua:12775 | RootDesk/MyDesk/SkillInventory.mlua:70 | /ui/TitleGroup/SkillPanel/ScrollArea/List/SkillSlot_26/Name,언카운터 에로우,Uncountable Arrow,無盡之箭,アンカウンタブルアロー
MLUA_CARDMANAGER_051,언카운트에로우V,RootDesk/MyDesk/Card/CardManager.mlua:12947 | RootDesk/MyDesk/SkillInventory.mlua:77 | /ui/TitleGroup/SkillPanel/ScrollArea/List/SkillSlot_33/Name,언카운트에로우V,Uncountable Arrow V,無盡之箭V,アンカウンタブルアローV
MLUA_CARDMANAGER_052,플레시 미라주,RootDesk/MyDesk/Card/CardManager.mlua:13096 | RootDesk/MyDesk/SkillInventory.mlua:71 | /ui/TitleGroup/SkillPanel/ScrollArea/List/SkillSlot_27/Name,플레시 미라주,Flash Mirage,閃光幻影,フラッシュミラージュ
MLUA_CARDMANAGER_053,플레시 봄버,RootDesk/MyDesk/Card/CardManager.mlua:13523 | RootDesk/MyDesk/SkillInventory.mlua:78 | /ui/TitleGroup/SkillPanel/ScrollArea/List/SkillSlot_34/Name,플레시 봄버,Flash Bomber,閃光轟炸,フラッシュボマー
MLUA_CARDMANAGER_054,보우 액셀레이션,RootDesk/MyDesk/Card/CardManager.mlua:13756 | RootDesk/MyDesk/SkillInventory.mlua:79 | /ui/TitleGroup/SkillPanel/ScrollArea/List/SkillSlot_35/Name,보우 액셀레이션,Bow Acceleration,弓術加速,ボウアクセラレーション
MLUA_CARDMANAGER_055,꿰뚫는 의지,RootDesk/MyDesk/Card/CardManager.mlua:13760 | RootDesk/MyDesk/SkillInventory.mlua:80 | /ui/TitleGroup/SkillPanel/ScrollArea/List/SkillSlot_36/Name,꿰뚫는 의지,Piercing Will,穿透意志,貫く意志
MLUA_CARDMANAGER_056,크리티컬 샷,RootDesk/MyDesk/Card/CardManager.mlua:13764 | RootDesk/MyDesk/SkillInventory.mlua:81 | /ui/TitleGroup/SkillPanel/ScrollArea/List/SkillSlot_37/Name,크리티컬 샷,Critical Shot,致命射擊,クリティカルショット
MLUA_CARDMANAGER_057,파이널 어택 : 활,RootDesk/MyDesk/Card/CardManager.mlua:13768 | RootDesk/MyDesk/SkillInventory.mlua:82 | /ui/TitleGroup/SkillPanel/ScrollArea/List/SkillSlot_38/Name,파이널 어택 : 활,Final Attack: Bow,終極攻擊：弓,ファイナルアタック：弓
MLUA_CARDMANAGER_058,연속 사격,RootDesk/MyDesk/Card/CardManager.mlua:13772 | RootDesk/MyDesk/SkillInventory.mlua:83 | /ui/TitleGroup/SkillPanel/ScrollArea/List/SkillSlot_39/Name,연속 사격,Rapid Fire,連續射擊,連続射撃
MLUA_CARDMANAGER_059,아쿠아 서지,RootDesk/MyDesk/Card/CardManager.mlua:13895,아쿠아 서지,Aqua Surge,水之湧動,アクアサージ
MLUA_CARDMANAGER_060,헤일 스톤,RootDesk/MyDesk/Card/CardManager.mlua:14022 | RootDesk/MyDesk/SkillInventory.mlua:53,헤일 스톤,Hailstone,冰雹,ヘイルストーン
MLUA_CARDMANAGER_061,썬더스톰,RootDesk/MyDesk/Card/CardManager.mlua:14049 | RootDesk/MyDesk/SkillInventory.mlua:55,썬더스톰,Thunderstorm,雷暴,サンダーストーム
MLUA_CARDMANAGER_062,아이스 스트라이크,RootDesk/MyDesk/Card/CardManager.mlua:14086 | RootDesk/MyDesk/SkillInventory.mlua:56,아이스 스트라이크,Ice Strike,冰擊,アイスストライク
MLUA_CARDMANAGER_063,체인 라이트닝,RootDesk/MyDesk/Card/CardManager.mlua:14113 | RootDesk/MyDesk/SkillInventory.mlua:57,체인 라이트닝,Chain Lightning,連環閃電,チェインライトニング
MLUA_CARDMANAGER_064,다이아가 부족합니다,RootDesk/MyDesk/Card/CardManager.mlua:15152 | RootDesk/MyDesk/Card/CardManager.mlua:23975 | RootDesk/MyDesk/Inventory/UI/UIInventory.mlua:416 | RootDesk/MyDesk/UI/DamageSkinLogic.mlua:161,다이아가 부족합니다,Not enough Diamonds,鑽石不足,ダイヤが足りません
MLUA_CARDMANAGER_065,"해금! (대미지 110, 타겟 2명, 슬로우 3초)",RootDesk/MyDesk/Card/CardManager.mlua:16351,"해금! (대미지 110, 타겟 2명, 슬로우 3초)","Unlocked! (Damage 110, 2 targets, Slow 3s)",解鎖！(傷害 110，目標 2名，緩速 3秒),解放！(ダメージ 110、ターゲット 2体、スロー 3秒)
MLUA_CARDMANAGER_066,피해량 +50,RootDesk/MyDesk/Card/CardManager.mlua:16352 | RootDesk/MyDesk/Card/CardManager.mlua:16354 | RootDesk/MyDesk/Card/CardManager.mlua:16355 | RootDesk/MyDesk/Card/CardManager.mlua:16402 | RootDesk/MyDesk/Card/CardManager.mlua:16419,피해량 +50,Damage +50,傷害 +50,ダメージ +50
MLUA_CARDMANAGER_067,공격 대상 +1,RootDesk/MyDesk/Card/CardManager.mlua:16353 | RootDesk/MyDesk/Card/CardManager.mlua:16401 | RootDesk/MyDesk/Card/CardManager.mlua:16427 | RootDesk/MyDesk/Card/CardManager.mlua:16432 | RootDesk/MyDesk/Card/CardManager.mlua:16435,공격 대상 +1,Targets +1,攻擊目標 +1,攻撃対象 +1
MLUA_CARDMANAGER_068,"해금! (대미지 90, 타겟 2명)",RootDesk/MyDesk/Card/CardManager.mlua:16359,"해금! (대미지 90, 타겟 2명)","Unlocked! (Damage 90, 2 targets)",解鎖！(傷害 90，目標 2名),解放！(ダメージ 90、ターゲット 2体)
MLUA_CARDMANAGER_069,"스턴 효과 신규 획득 (확률 25%, 지속 2초)",RootDesk/MyDesk/Card/CardManager.mlua:16360,"스턴 효과 신규 획득 (확률 25%, 지속 2초)","New: Stun effect (25% chance, 2s)",新增暈眩效果(機率 25%，持續 2秒),スタン効果を新規獲得(確率 25%、持続 2秒)
MLUA_CARDMANAGER_070,피해량 +40,RootDesk/MyDesk/Card/CardManager.mlua:16361 | RootDesk/MyDesk/Card/CardManager.mlua:16549 | RootDesk/MyDesk/Card/CardManager.mlua:16695 | RootDesk/MyDesk/Card/CardManager.mlua:16702 | RootDesk/MyDesk/Card/CardManager.mlua:16710,피해량 +40,Damage +40,傷害 +40,ダメージ +40
MLUA_CARDMANAGER_071,"공격 대상 +1, 스턴 +1초",RootDesk/MyDesk/Card/CardManager.mlua:16362,"공격 대상 +1, 스턴 +1초","Targets +1, Stun +1s",攻擊目標 +1，暈眩 +1秒,攻撃対象 +1、スタン +1秒
MLUA_CARDMANAGER_072,"피해량 +40, 스턴 확률 +5%",RootDesk/MyDesk/Card/CardManager.mlua:16363,"피해량 +40, 스턴 확률 +5%","Damage +40, Stun chance +5%",傷害 +40，暈眩機率 +5%,ダメージ +40、スタン確率 +5%
MLUA_CARDMANAGER_073,"해금! (모든 스킬 쿨타임 -5%)",RootDesk/MyDesk/Card/CardManager.mlua:16367,"해금! (모든 스킬 쿨타임 -5%)","Unlocked! (All skill cooldowns -5%)",解鎖！(所有技能冷卻時間 -5%),解放！(全スキルのクールタイム -5%)
MLUA_CARDMANAGER_074,쿨타임 감소량 +2%,RootDesk/MyDesk/Card/CardManager.mlua:16368 | RootDesk/MyDesk/Card/CardManager.mlua:16370 | RootDesk/MyDesk/Card/CardManager.mlua:16562 | RootDesk/MyDesk/Card/CardManager.mlua:16564 | RootDesk/MyDesk/Card/CardManager.mlua:16924,쿨타임 감소량 +2%,Cooldown reduction +2%,冷卻時間減少量 +2%,クールタイム減少量 +2%
MLUA_CARDMANAGER_075,쿨타임 감소량 +3%,RootDesk/MyDesk/Card/CardManager.mlua:16369 | RootDesk/MyDesk/Card/CardManager.mlua:16371 | RootDesk/MyDesk/Card/CardManager.mlua:16563 | RootDesk/MyDesk/Card/CardManager.mlua:16565 | RootDesk/MyDesk/Card/CardManager.mlua:16925,쿨타임 감소량 +3%,Cooldown reduction +3%,冷卻時間減少量 +3%,クールタイム減少量 +3%
MLUA_CARDMANAGER_076,"해금! (크리티컬 확률 10%)",RootDesk/MyDesk/Card/CardManager.mlua:16375 | RootDesk/MyDesk/Card/CardManager.mlua:16569 | RootDesk/MyDesk/Card/CardManager.mlua:16721 | RootDesk/MyDesk/Card/CardManager.mlua:16931 | RootDesk/MyDesk/Card/CardManager.mlua:17021,"해금! (크리티컬 확률 10%)","Unlocked! (Critical Rate 10%)",解鎖！(爆擊率 10%),解放！(クリティカル率 10%)
MLUA_CARDMANAGER_077,크리티컬 확률 +2%,RootDesk/MyDesk/Card/CardManager.mlua:16376 | RootDesk/MyDesk/Card/CardManager.mlua:16378 | RootDesk/MyDesk/Card/CardManager.mlua:16570 | RootDesk/MyDesk/Card/CardManager.mlua:16572 | RootDesk/MyDesk/Card/CardManager.mlua:16722,크리티컬 확률 +2%,Critical Rate +2%,爆擊率 +2%,クリティカル率 +2%
MLUA_CARDMANAGER_078,크리티컬 확률 +3%,RootDesk/MyDesk/Card/CardManager.mlua:16377 | RootDesk/MyDesk/Card/CardManager.mlua:16379 | RootDesk/MyDesk/Card/CardManager.mlua:16571 | RootDesk/MyDesk/Card/CardManager.mlua:16573 | RootDesk/MyDesk/Card/CardManager.mlua:16723,크리티컬 확률 +3%,Critical Rate +3%,爆擊率 +3%,クリティカル率 +3%
MLUA_CARDMANAGER_079,해금! (대미지 150),RootDesk/MyDesk/Card/CardManager.mlua:16383,해금! (대미지 150),Unlocked! (Damage 150),解鎖！(傷害 150),解放！(ダメージ 150)
MLUA_CARDMANAGER_080,"2연타로 강화, 피해량 대폭 증가",RootDesk/MyDesk/Card/CardManager.mlua:16384,"2연타로 강화, 피해량 대폭 증가","Upgraded to 2 hits, greatly increased damage",強化為2連擊，傷害大幅提升,2連撃に強化、ダメージ大幅増加
MLUA_CARDMANAGER_081,치명타 확률 20% 신규 획득,RootDesk/MyDesk/Card/CardManager.mlua:16385,치명타 확률 20% 신규 획득,New: 20% Critical Rate,新增 20% 爆擊率,クリティカル率 20% を新規獲得
MLUA_CARDMANAGER_082,피해량 +100,RootDesk/MyDesk/Card/CardManager.mlua:16386,피해량 +100,Damage +100,傷害 +100,ダメージ +100
MLUA_CARDMANAGER_083,명중 시 광역 폭발 피해 신규 획득,RootDesk/MyDesk/Card/CardManager.mlua:16387,명중 시 광역 폭발 피해 신규 획득,New: AoE explosion damage on hit,新增命中時範圍爆炸傷害,命中時に範囲爆発ダメージを新規獲得
MLUA_CARDMANAGER_084,"해금! (아이스 보너스 +5%/스택, 패시브)",RootDesk/MyDesk/Card/CardManager.mlua:16391,"해금! (아이스 보너스 +5%/스택, 패시브)","Unlocked! (Ice Bonus +5%/stack, passive)",解鎖！(冰凍加成 +5%/層，被動),解放！(アイスボーナス +5%/スタック、パッシブ)
MLUA_CARDMANAGER_085,아이스 보너스 +1%p,RootDesk/MyDesk/Card/CardManager.mlua:16392,아이스 보너스 +1%p,Ice Bonus +1%p,冰凍加成 +1%p,アイスボーナス +1%p
MLUA_CARDMANAGER_086,적중 시 번개 연쇄 효과 신규 획득,RootDesk/MyDesk/Card/CardManager.mlua:16393,적중 시 번개 연쇄 효과 신규 획득,New: Chain lightning on hit,新增命中時閃電連鎖效果,命中時に雷の連鎖効果を新規獲得
MLUA_CARDMANAGER_087,번개 연쇄 대상 +1마리,RootDesk/MyDesk/Card/CardManager.mlua:16394,번개 연쇄 대상 +1마리,Chain lightning targets +1,閃電連鎖目標 +1隻,雷の連鎖対象 +1体
MLUA_CARDMANAGER_088,"번개 연쇄 대상 +1마리, 5스택 시 빙결 폭발 신규 획득",RootDesk/MyDesk/Card/CardManager.mlua:16395,"번개 연쇄 대상 +1마리, 5스택 시 빙결 폭발 신규 획득","Chain lightning targets +1, New: Freeze explosion at 5 stacks",閃電連鎖目標 +1隻，新增5層時冰凍爆炸,雷の連鎖対象 +1体、5スタック時に凍結爆発を新規獲得
MLUA_CARDMANAGER_089,"해금! (대미지 110, 광역 범위, 타겟 1명)",RootDesk/MyDesk/Card/CardManager.mlua:16399,"해금! (대미지 110, 광역 범위, 타겟 1명)","Unlocked! (Damage 110, AoE, 1 target)",解鎖！(傷害 110，範圍攻擊，目標 1名),解放！(ダメージ 110、範囲攻撃、ターゲット 1体)
MLUA_CARDMANAGER_090,출혈 효과 신규 획득,RootDesk/MyDesk/Card/CardManager.mlua:16400,출혈 효과 신규 획득,New: Bleed effect,新增流血效果,出血効果を新規獲得
MLUA_CARDMANAGER_091,출혈 피해량 증가,RootDesk/MyDesk/Card/CardManager.mlua:16403,출혈 피해량 증가,Bleed damage increased,流血傷害增加,出血ダメージ増加
MLUA_CARDMANAGER_092,"해금! (대미지 300, 고정 광역)",RootDesk/MyDesk/Card/CardManager.mlua:16407,"해금! (대미지 300, 고정 광역)","Unlocked! (Damage 300, fixed AoE)",解鎖！(傷害 300，固定範圍),解放！(ダメージ 300、固定範囲)
MLUA_CARDMANAGER_093,쿨타임 감소,RootDesk/MyDesk/Card/CardManager.mlua:16408 | RootDesk/MyDesk/Card/CardManager.mlua:16434,쿨타임 감소,Cooldown reduced,冷卻時間減少,クールタイム減少
MLUA_CARDMANAGER_094,범위 증가,RootDesk/MyDesk/Card/CardManager.mlua:16409,범위 증가,Area increased,範圍增加,範囲増加
MLUA_CARDMANAGER_095,피해량 +70,RootDesk/MyDesk/Card/CardManager.mlua:16410,피해량 +70,Damage +70,傷害 +70,ダメージ +70
MLUA_CARDMANAGER_096,"쿨타임 감소, 확률적 2연타 효과 신규 획득",RootDesk/MyDesk/Card/CardManager.mlua:16411,"쿨타임 감소, 확률적 2연타 효과 신규 획득","Cooldown reduced, New: chance of 2 hits",冷卻時間減少，新增機率2連擊效果,クールタイム減少、確率で2連撃する効果を新規獲得
MLUA_CARDMANAGER_097,"해금! (대미지 100, 광역 범위, 1타)",RootDesk/MyDesk/Card/CardManager.mlua:16415,"해금! (대미지 100, 광역 범위, 1타)","Unlocked! (Damage 100, AoE, 1 hit)",解鎖！(傷害 100，範圍攻擊，1擊),解放！(ダメージ 100、範囲攻撃、1ヒット)
MLUA_CARDMANAGER_098,타격 횟수 증가,RootDesk/MyDesk/Card/CardManager.mlua:16416 | RootDesk/MyDesk/Card/CardManager.mlua:16418,타격 횟수 증가,Hit count increased,攻擊次數增加,攻撃回数増加
MLUA_CARDMANAGER_099,"피해량 +50, 넉백 효과 신규 획득",RootDesk/MyDesk/Card/CardManager.mlua:16417,"피해량 +50, 넉백 효과 신규 획득","Damage +50, New: Knockback effect",傷害 +50，新增擊退效果,ダメージ +50、ノックバック効果を新規獲得
MLUA_CARDMANAGER_100,"해금! (대미지 75, 타겟 2명, 속박 1초)",RootDesk/MyDesk/Card/CardManager.mlua:16423,"해금! (대미지 75, 타겟 2명, 속박 1초)","Unlocked! (Damage 75, 2 targets, Bind 1s)",解鎖！(傷害 75，目標 2名，束縛 1秒),解放！(ダメージ 75、ターゲット 2体、バインド 1秒)
MLUA_CARDMANAGER_101,"공격 대상 +1, 속박 지속 증가",RootDesk/MyDesk/Card/CardManager.mlua:16425,"공격 대상 +1, 속박 지속 증가","Targets +1, Bind duration increased",攻擊目標 +1，束縛持續時間增加,攻撃対象 +1、バインド持続時間増加
MLUA_CARDMANAGER_102,"해금! (대미지 120, 타겟 1명, 빙결 스택 +1)",RootDesk/MyDesk/Card/CardManager.mlua:16431,"해금! (대미지 120, 타겟 1명, 빙결 스택 +1)","Unlocked! (Damage 120, 1 target, Freeze Stack +1)",解鎖！(傷害 120，目標 1名，冰凍層數 +1),解放！(ダメージ 120、ターゲット 1体、凍結スタック +1)
MLUA_CARDMANAGER_103,"해금! (대미지 350, 광역 범위, 3연타, 스턴 40% 3초)",RootDesk/MyDesk/Card/CardManager.mlua:16439,"해금! (대미지 350, 광역 범위, 3연타, 스턴 40% 3초)","Unlocked! (Damage 350, AoE, 3 hits, Stun 40% 3s)",解鎖！(傷害 350，範圍攻擊，3連擊，暈眩 40% 3秒),解放！(ダメージ 350、範囲攻撃、3連撃、スタン 40% 3秒)
MLUA_CARDMANAGER_104,"피해량 +88, 공격 대상 +1",RootDesk/MyDesk/Card/CardManager.mlua:16440,"피해량 +88, 공격 대상 +1","Damage +88, Targets +1",傷害 +88，攻擊目標 +1,ダメージ +88、攻撃対象 +1
MLUA_CARDMANAGER_105,"피해량 +87, 스턴 확률 +10%",RootDesk/MyDesk/Card/CardManager.mlua:16441,"피해량 +87, 스턴 확률 +10%","Damage +87, Stun chance +10%",傷害 +87，暈眩機率 +10%,ダメージ +87、スタン確率 +10%
MLUA_CARDMANAGER_106,"해금! (대미지 250, 타겟 3명, 슬로우, 빙결 스택 2)",RootDesk/MyDesk/Card/CardManager.mlua:16445,"해금! (대미지 250, 타겟 3명, 슬로우, 빙결 스택 2)","Unlocked! (Damage 250, 3 targets, Slow, Freeze Stack 2)",解鎖！(傷害 250，目標 3名，緩速，冰凍層數 2),解放！(ダメージ 250、ターゲット 3体、スロー、凍結スタック 2)
MLUA_CARDMANAGER_107,"피해량 +50, 공격 대상 +1",RootDesk/MyDesk/Card/CardManager.mlua:16447 | RootDesk/MyDesk/Card/CardManager.mlua:16717 | RootDesk/MyDesk/Card/CardManager.mlua:16767,"피해량 +50, 공격 대상 +1","Damage +50, Targets +1",傷害 +50，攻擊目標 +1,ダメージ +50、攻撃対象 +1
MLUA_CARDMANAGER_108,"해금! (피격 피해 -5%)",RootDesk/MyDesk/Card/CardManager.mlua:16451,"해금! (피격 피해 -5%)","Unlocked! (Damage taken -5%)",解鎖！(受到傷害 -5%),解放！(被ダメージ -5%)
MLUA_CARDMANAGER_109,피해 감소량 +2%,RootDesk/MyDesk/Card/CardManager.mlua:16452 | RootDesk/MyDesk/Card/CardManager.mlua:16454,피해 감소량 +2%,Damage reduction +2%,傷害減免 +2%,ダメージ軽減量 +2%
MLUA_CARDMANAGER_110,피해 감소량 +3%,RootDesk/MyDesk/Card/CardManager.mlua:16453 | RootDesk/MyDesk/Card/CardManager.mlua:16455,피해 감소량 +3%,Damage reduction +3%,傷害減免 +3%,ダメージ軽減量 +3%
MLUA_CARDMANAGER_111,"해금! (대미지 300, 연쇄 3명, 치명타+20%, 마지막 착탄 +50%)",RootDesk/MyDesk/Card/CardManager.mlua:16459,"해금! (대미지 300, 연쇄 3명, 치명타+20%, 마지막 착탄 +50%)","Unlocked! (Damage 300, chains 3, Critical +20%, last strike +50%)",解鎖！(傷害 300，連鎖 3名，爆擊 +20%，最後一擊 +50%),解放！(ダメージ 300、連鎖 3体、クリティカル +20%、最後の着弾 +50%)
MLUA_CARDMANAGER_112,"피해량 +50, 연쇄 대상 +1, 마지막 착탄 보너스 +10%",RootDesk/MyDesk/Card/CardManager.mlua:16460 | RootDesk/MyDesk/Card/CardManager.mlua:16461,"피해량 +50, 연쇄 대상 +1, 마지막 착탄 보너스 +10%","Damage +50, chain targets +1, last strike bonus +10%",傷害 +50，連鎖目標 +1，最後一擊加成 +10%,ダメージ +50、連鎖対象 +1、最後の着弾ボーナス +10%
MLUA_CARDMANAGER_113,"해금! (대미지 300, 광역+관통, 출혈, 넉백)",RootDesk/MyDesk/Card/CardManager.mlua:16465,"해금! (대미지 300, 광역+관통, 출혈, 넉백)","Unlocked! (Damage 300, AoE + Pierce, Bleed, Knockback)",解鎖！(傷害 300，範圍+穿透，流血，擊退),解放！(ダメージ 300、範囲+貫通、出血、ノックバック)
MLUA_CARDMANAGER_114,"해금! (대미지 400, 고정 광역, 확률적 2연타 25%)",RootDesk/MyDesk/Card/CardManager.mlua:16471,"해금! (대미지 400, 고정 광역, 확률적 2연타 25%)","Unlocked! (Damage 400, fixed AoE, 25% chance of 2 hits)",解鎖！(傷害 400，固定範圍，25%機率 2連擊),解放！(ダメージ 400、固定範囲、25%の確率で2連撃)
MLUA_CARDMANAGER_115,"피해량 +50, 2연타 확률 +5%",RootDesk/MyDesk/Card/CardManager.mlua:16472,"피해량 +50, 2연타 확률 +5%","Damage +50, 2-hit chance +5%",傷害 +50，2連擊機率 +5%,ダメージ +50、2連撃確率 +5%
MLUA_CARDMANAGER_116,"피해량 +50, 범위 증가, 2연타 확률 +10%",RootDesk/MyDesk/Card/CardManager.mlua:16473,"피해량 +50, 범위 증가, 2연타 확률 +10%","Damage +50, Area increased, 2-hit chance +10%",傷害 +50，範圍增加，2連擊機率 +10%,ダメージ +50、範囲増加、2連撃確率 +10%
MLUA_CARDMANAGER_117,"해금! (피해량 +3%)",RootDesk/MyDesk/Card/CardManager.mlua:16477,"해금! (피해량 +3%)","Unlocked! (Damage +3%)",解鎖！(傷害 +3%),解放！(与ダメージ +3%)
MLUA_CARDMANAGER_118,피해량 증가 +3%p,RootDesk/MyDesk/Card/CardManager.mlua:16478 | RootDesk/MyDesk/Card/CardManager.mlua:16479 | RootDesk/MyDesk/Card/CardManager.mlua:16480 | RootDesk/MyDesk/Card/CardManager.mlua:16481 | RootDesk/MyDesk/Card/CardManager.mlua:16594,피해량 증가 +3%p,Damage increase +3%p,傷害增加 +3%p,与ダメージ増加 +3%p
MLUA_CARDMANAGER_119,"해금! (대미지 200, 타겟 3명, 빙결 스택+1, 추가타 대미지 60%)",RootDesk/MyDesk/Card/CardManager.mlua:16485,"해금! (대미지 200, 타겟 3명, 빙결 스택+1, 추가타 대미지 60%)","Unlocked! (Damage 200, 3 targets, Freeze Stack +1, extra hit Damage 60%)",解鎖！(傷害 200，目標 3名，冰凍層數 +1，追加攻擊傷害 60%),解放！(ダメージ 200、ターゲット 3体、凍結スタック +1、追加攻撃ダメージ 60%)
MLUA_CARDMANAGER_120,"피해량 +50, 추가타 대미지 확률 +10%",RootDesk/MyDesk/Card/CardManager.mlua:16486,"피해량 +50, 추가타 대미지 확률 +10%","Damage +50, extra hit chance +10%",傷害 +50，追加攻擊機率 +10%,ダメージ +50、追加攻撃確率 +10%
MLUA_CARDMANAGER_121,"피해량 +50, 공격 대상 +1, 추가타 대미지 확률 +10%",RootDesk/MyDesk/Card/CardManager.mlua:16487,"피해량 +50, 공격 대상 +1, 추가타 대미지 확률 +10%","Damage +50, Targets +1, extra hit chance +10%",傷害 +50，攻擊目標 +1，追加攻擊機率 +10%,ダメージ +50、攻撃対象 +1、追加攻撃確率 +10%
MLUA_CARDMANAGER_122,"해금! (대미지 200, 타겟 4명, 속박 3초, 종료 직전 추가타 50%)",RootDesk/MyDesk/Card/CardManager.mlua:16491,"해금! (대미지 200, 타겟 4명, 속박 3초, 종료 직전 추가타 50%)","Unlocked! (Damage 200, 4 targets, Bind 3s, extra hit 50% just before it ends)",解鎖！(傷害 200，目標 4名，束縛 3秒，結束前追加攻擊 50%),解放！(ダメージ 200、ターゲット 4体、バインド 3秒、終了直前に追加攻撃 50%)
MLUA_CARDMANAGER_123,"피해량 +40, 공격 대상 +1, 추가타 확률 +10%",RootDesk/MyDesk/Card/CardManager.mlua:16492 | RootDesk/MyDesk/Card/CardManager.mlua:16493,"피해량 +40, 공격 대상 +1, 추가타 확률 +10%","Damage +40, Targets +1, extra hit chance +10%",傷害 +40，攻擊目標 +1，追加攻擊機率 +10%,ダメージ +40、攻撃対象 +1、追加攻撃確率 +10%
MLUA_CARDMANAGER_124,"해금! (대미지 45, 타겟 4명)",RootDesk/MyDesk/Card/CardManager.mlua:16497,"해금! (대미지 45, 타겟 4명)","Unlocked! (Damage 45, 4 targets)",解鎖！(傷害 45，目標 4名),解放！(ダメージ 45、ターゲット 4体)
MLUA_CARDMANAGER_125,피해량 +20,RootDesk/MyDesk/Card/CardManager.mlua:16499 | RootDesk/MyDesk/Card/CardManager.mlua:16501 | RootDesk/MyDesk/Card/CardManager.mlua:16546 | RootDesk/MyDesk/Card/CardManager.mlua:16548 | RootDesk/MyDesk/Card/CardManager.mlua:16653,피해량 +20,Damage +20,傷害 +20,ダメージ +20
MLUA_CARDMANAGER_126,"해금! (대미지 120, 화살 2발)",RootDesk/MyDesk/Card/CardManager.mlua:16505,"해금! (대미지 120, 화살 2발)","Unlocked! (Damage 120, 2 arrows)",解鎖！(傷害 120，箭矢 2支),解放！(ダメージ 120、矢 2本)
MLUA_CARDMANAGER_127,강화 화살 효과 신규 획득 (확률 20%),RootDesk/MyDesk/Card/CardManager.mlua:16506,강화 화살 효과 신규 획득 (확률 20%),New: Enhanced Arrow effect (20% chance),新增強化箭矢效果(機率 20%),強化矢の効果を新規獲得(確率 20%)
MLUA_CARDMANAGER_128,"피해량 +50, 강화 화살 대미지 +10%",RootDesk/MyDesk/Card/CardManager.mlua:16507,"피해량 +50, 강화 화살 대미지 +10%","Damage +50, Enhanced Arrow Damage +10%",傷害 +50，強化箭矢傷害 +10%,ダメージ +50、強化矢ダメージ +10%
MLUA_CARDMANAGER_129,강화 화살 대미지 +20%,RootDesk/MyDesk/Card/CardManager.mlua:16508,강화 화살 대미지 +20%,Enhanced Arrow Damage +20%,強化箭矢傷害 +20%,強化矢ダメージ +20%
MLUA_CARDMANAGER_130,"피해량 +40, 강화 화살 대미지 +20%",RootDesk/MyDesk/Card/CardManager.mlua:16509,"피해량 +40, 강화 화살 대미지 +20%","Damage +40, Enhanced Arrow Damage +20%",傷害 +40，強化箭矢傷害 +20%,ダメージ +40、強化矢ダメージ +20%
MLUA_CARDMANAGER_131,"해금! (대미지 100, 착탄 1개, 슬로우 40% 2초)",RootDesk/MyDesk/Card/CardManager.mlua:16513,"해금! (대미지 100, 착탄 1개, 슬로우 40% 2초)","Unlocked! (Damage 100, 1 impact, Slow 40% 2s)",解鎖！(傷害 100，落點 1個，緩速 40% 2秒),解放！(ダメージ 100、着弾 1個、スロー 40% 2秒)
MLUA_CARDMANAGER_132,"착탄 지점 +1, 슬로우 +1초",RootDesk/MyDesk/Card/CardManager.mlua:16514 | RootDesk/MyDesk/Card/CardManager.mlua:16516,"착탄 지점 +1, 슬로우 +1초","Impacts +1, Slow +1s",落點 +1，緩速 +1秒,着弾地点 +1、スロー +1秒
MLUA_CARDMANAGER_133,"피해량 +50, 슬로우 확률 +10%",RootDesk/MyDesk/Card/CardManager.mlua:16515 | RootDesk/MyDesk/Card/CardManager.mlua:16517,"피해량 +50, 슬로우 확률 +10%","Damage +50, Slow chance +10%",傷害 +50，緩速機率 +10%,ダメージ +50、スロー確率 +10%
MLUA_CARDMANAGER_134,"해금! (대미지 100, 착탄 1개, 슬로우 대상 추가 피해 +39%)",RootDesk/MyDesk/Card/CardManager.mlua:16521,"해금! (대미지 100, 착탄 1개, 슬로우 대상 추가 피해 +39%)","Unlocked! (Damage 100, 1 impact, +39% bonus damage to Slowed)",解鎖！(傷害 100，落點 1個，對緩速目標追加傷害 +39%),解放！(ダメージ 100、着弾 1個、スロー中の敵への追加ダメージ +39%)
MLUA_CARDMANAGER_135,"착탄 지점 +1, 슬로우 대상 추가 피해",RootDesk/MyDesk/Card/CardManager.mlua:16522 | RootDesk/MyDesk/Card/CardManager.mlua:16524,"착탄 지점 +1, 슬로우 대상 추가 피해","Impacts +1, bonus damage to Slowed",落點 +1，對緩速目標追加傷害,着弾地点 +1、スロー中の敵への追加ダメージ
MLUA_CARDMANAGER_136,"피해량 +50, 슬로우 대상 추가 피해",RootDesk/MyDesk/Card/CardManager.mlua:16523 | RootDesk/MyDesk/Card/CardManager.mlua:16525,"피해량 +50, 슬로우 대상 추가 피해","Damage +50, bonus damage to Slowed",傷害 +50，對緩速目標追加傷害,ダメージ +50、スロー中の敵への追加ダメージ
MLUA_CARDMANAGER_137,"해금! (대미지 120, 유지 3초, 슬로우 대상 추가 피해 +39%)",RootDesk/MyDesk/Card/CardManager.mlua:16529,"해금! (대미지 120, 유지 3초, 슬로우 대상 추가 피해 +39%)","Unlocked! (Damage 120, lasts 3s, +39% bonus damage to Slowed)",解鎖！(傷害 120，持續 3秒，對緩速目標追加傷害 +39%),解放！(ダメージ 120、持続 3秒、スロー中の敵への追加ダメージ +39%)
MLUA_CARDMANAGER_138,"지속 +1초, 범위 증가, 슬로우 대상 추가 피해",RootDesk/MyDesk/Card/CardManager.mlua:16530,"지속 +1초, 범위 증가, 슬로우 대상 추가 피해","Duration +1s, Area increased, bonus damage to Slowed",持續 +1秒，範圍增加，對緩速目標追加傷害,持続 +1秒、範囲増加、スロー中の敵への追加ダメージ
MLUA_CARDMANAGER_139,"피해량 +30, 지속 +1초, 슬로우 대상 추가 피해",RootDesk/MyDesk/Card/CardManager.mlua:16531 | RootDesk/MyDesk/Card/CardManager.mlua:16532,"피해량 +30, 지속 +1초, 슬로우 대상 추가 피해","Damage +30, Duration +1s, bonus damage to Slowed",傷害 +30，持續 +1秒，對緩速目標追加傷害,ダメージ +30、持続 +1秒、スロー中の敵への追加ダメージ
MLUA_CARDMANAGER_140,"피해량 +50, 지속 +1초, 범위 증가, 슬로우 대상 추가 피해",RootDesk/MyDesk/Card/CardManager.mlua:16533,"피해량 +50, 지속 +1초, 범위 증가, 슬로우 대상 추가 피해","Damage +50, Duration +1s, Area increased, bonus damage to Slowed",傷害 +50，持續 +1秒，範圍增加，對緩速目標追加傷害,ダメージ +50、持続 +1秒、範囲増加、スロー中の敵への追加ダメージ
MLUA_CARDMANAGER_141,"해금! (대미지 80, 화살 2발, 관통 1회)",RootDesk/MyDesk/Card/CardManager.mlua:16537,"해금! (대미지 80, 화살 2발, 관통 1회)","Unlocked! (Damage 80, 2 arrows, Pierce 1)",解鎖！(傷害 80，箭矢 2支，穿透 1次),解放！(ダメージ 80、矢 2本、貫通 1回)
MLUA_CARDMANAGER_142,"피해량 +20, 화살 개수 +1",RootDesk/MyDesk/Card/CardManager.mlua:16538 | RootDesk/MyDesk/Card/CardManager.mlua:16540,"피해량 +20, 화살 개수 +1","Damage +20, Arrows +1",傷害 +20，箭矢數量 +1,ダメージ +20、矢の数 +1
MLUA_CARDMANAGER_143,"피해량 +20, 관통 횟수 +1",RootDesk/MyDesk/Card/CardManager.mlua:16539 | RootDesk/MyDesk/Card/CardManager.mlua:16541,"피해량 +20, 관통 횟수 +1","Damage +20, Pierce count +1",傷害 +20，穿透次數 +1,ダメージ +20、貫通回数 +1
MLUA_CARDMANAGER_144,"해금! (대미지 100, 착탄 1개, 광역)",RootDesk/MyDesk/Card/CardManager.mlua:16545,"해금! (대미지 100, 착탄 1개, 광역)","Unlocked! (Damage 100, 1 impact, AoE)",解鎖！(傷害 100，落點 1個，範圍),解放！(ダメージ 100、着弾 1個、範囲)
MLUA_CARDMANAGER_145,"피해량 +20, 착탄 지점 +1, 쿨타임 감소",RootDesk/MyDesk/Card/CardManager.mlua:16547,"피해량 +20, 착탄 지점 +1, 쿨타임 감소","Damage +20, Impacts +1, Cooldown reduced",傷害 +20，落點 +1，冷卻時間減少,ダメージ +20、着弾地点 +1、クールタイム減少
MLUA_CARDMANAGER_146,"해금! (대미지 100, 타겟 1명, 넉백, 충돌 대상 30% 대미지)",RootDesk/MyDesk/Card/CardManager.mlua:16553 | RootDesk/MyDesk/Card/CardManager.mlua:16675,"해금! (대미지 100, 타겟 1명, 넉백, 충돌 대상 30% 대미지)","Unlocked! (Damage 100, 1 target, Knockback, 30% Damage to collided)",解鎖！(傷害 100，目標 1名，擊退，碰撞目標 30% 傷害),解放！(ダメージ 100、ターゲット 1体、ノックバック、衝突した敵に 30% ダメージ)
MLUA_CARDMANAGER_147,"피해량 +40, 충돌 대미지 +10%",RootDesk/MyDesk/Card/CardManager.mlua:16555 | RootDesk/MyDesk/Card/CardManager.mlua:16557 | RootDesk/MyDesk/Card/CardManager.mlua:16677 | RootDesk/MyDesk/Card/CardManager.mlua:16679,"피해량 +40, 충돌 대미지 +10%","Damage +40, Collision Damage +10%",傷害 +40，碰撞傷害 +10%,ダメージ +40、衝突ダメージ +10%
MLUA_CARDMANAGER_148,"피해량 +20, 충돌 대미지 +10%",RootDesk/MyDesk/Card/CardManager.mlua:16556 | RootDesk/MyDesk/Card/CardManager.mlua:16678,"피해량 +20, 충돌 대미지 +10%","Damage +20, Collision Damage +10%",傷害 +20，碰撞傷害 +10%,ダメージ +20、衝突ダメージ +10%
MLUA_CARDMANAGER_149,"해금! (쿨타임 -5%)",RootDesk/MyDesk/Card/CardManager.mlua:16561 | RootDesk/MyDesk/Card/CardManager.mlua:16923 | RootDesk/MyDesk/Card/CardManager.mlua:17013,"해금! (쿨타임 -5%)","Unlocked! (Cooldown -5%)",解鎖！(冷卻時間 -5%),解放！(クールタイム -5%)
MLUA_CARDMANAGER_150,"해금! (크리티컬 대미지 +10%)",RootDesk/MyDesk/Card/CardManager.mlua:16577 | RootDesk/MyDesk/Card/CardManager.mlua:16939 | RootDesk/MyDesk/Card/CardManager.mlua:17029,"해금! (크리티컬 대미지 +10%)","Unlocked! (Critical Damage +10%)",解鎖！(爆擊傷害 +10%),解放！(クリティカルダメージ +10%)
MLUA_CARDMANAGER_151,크리티컬 대미지 +10%,RootDesk/MyDesk/Card/CardManager.mlua:16578 | RootDesk/MyDesk/Card/CardManager.mlua:16579 | RootDesk/MyDesk/Card/CardManager.mlua:16580 | RootDesk/MyDesk/Card/CardManager.mlua:16581 | RootDesk/MyDesk/Card/CardManager.mlua:16940,크리티컬 대미지 +10%,Critical Damage +10%,爆擊傷害 +10%,クリティカルダメージ +10%
MLUA_CARDMANAGER_152,"해금! (추가 공격 확률 10%, 대미지 100%)",RootDesk/MyDesk/Card/CardManager.mlua:16585,"해금! (추가 공격 확률 10%, 대미지 100%)","Unlocked! (Extra attack chance 10%, Damage 100%)",解鎖！(追加攻擊機率 10%，傷害 100%),解放！(追加攻撃確率 10%、ダメージ 100%)
MLUA_CARDMANAGER_153,"추가 공격 확률 +5%, 대미지 +20%",RootDesk/MyDesk/Card/CardManager.mlua:16586 | RootDesk/MyDesk/Card/CardManager.mlua:16587 | RootDesk/MyDesk/Card/CardManager.mlua:16588 | RootDesk/MyDesk/Card/CardManager.mlua:16589,"추가 공격 확률 +5%, 대미지 +20%","Extra attack chance +5%, Damage +20%",追加攻擊機率 +5%，傷害 +20%,追加攻撃確率 +5%、ダメージ +20%
MLUA_CARDMANAGER_154,"해금! (피해량 +5%)",RootDesk/MyDesk/Card/CardManager.mlua:16593 | RootDesk/MyDesk/Card/CardManager.mlua:16745 | RootDesk/MyDesk/Card/CardManager.mlua:17005 | RootDesk/MyDesk/Card/CardManager.mlua:17037,"해금! (피해량 +5%)","Unlocked! (Damage +5%)",解鎖！(傷害 +5%),解放！(与ダメージ +5%)
MLUA_CARDMANAGER_155,피해량 증가 +4%p,RootDesk/MyDesk/Card/CardManager.mlua:16595 | RootDesk/MyDesk/Card/CardManager.mlua:16596 | RootDesk/MyDesk/Card/CardManager.mlua:16597 | RootDesk/MyDesk/Card/CardManager.mlua:16747 | RootDesk/MyDesk/Card/CardManager.mlua:16748,피해량 증가 +4%p,Damage increase +4%p,傷害增加 +4%p,与ダメージ増加 +4%p
MLUA_CARDMANAGER_156,"해금! (대미지 200, 착탄 2개, 슬로우, 스턴 2초, 슬로우 대상 추가 피해 +120%)",RootDesk/MyDesk/Card/CardManager.mlua:16601,"해금! (대미지 200, 착탄 2개, 슬로우, 스턴 2초, 슬로우 대상 추가 피해 +120%)","Unlocked! (Damage 200, 2 impacts, Slow, Stun 2s, +120% bonus damage to Slowed)",解鎖！(傷害 200，落點 2個，緩速，暈眩 2秒，對緩速目標追加傷害 +120%),解放！(ダメージ 200、着弾 2個、スロー、スタン 2秒、スロー中の敵への追加ダメージ +120%)
MLUA_CARDMANAGER_157,"피해량 +40, 슬로우, 스턴 +1초, 슬로우 대상 추가 피해",RootDesk/MyDesk/Card/CardManager.mlua:16602,"피해량 +40, 슬로우, 스턴 +1초, 슬로우 대상 추가 피해","Damage +40, Slow, Stun +1s, bonus damage to Slowed",傷害 +40，緩速，暈眩 +1秒，對緩速目標追加傷害,ダメージ +40、スロー、スタン +1秒、スロー中の敵への追加ダメージ
MLUA_CARDMANAGER_158,"피해량 +20, 범위 증가, 슬로우, 스턴 +1초, 슬로우 대상 추가 피해",RootDesk/MyDesk/Card/CardManager.mlua:16603,"피해량 +20, 범위 증가, 슬로우, 스턴 +1초, 슬로우 대상 추가 피해","Damage +20, Area increased, Slow, Stun +1s, bonus damage to Slowed",傷害 +20，範圍增加，緩速，暈眩 +1秒，對緩速目標追加傷害,ダメージ +20、範囲増加、スロー、スタン +1秒、スロー中の敵への追加ダメージ
MLUA_CARDMANAGER_159,"해금! (대미지 300, 유지 5초, 크리티컬 10%, 슬로우 대상 추가 피해 +120%)",RootDesk/MyDesk/Card/CardManager.mlua:16607,"해금! (대미지 300, 유지 5초, 크리티컬 10%, 슬로우 대상 추가 피해 +120%)","Unlocked! (Damage 300, lasts 5s, Critical 10%, +120% bonus damage to Slowed)",解鎖！(傷害 300，持續 5秒，爆擊 10%，對緩速目標追加傷害 +120%),解放！(ダメージ 300、持続 5秒、クリティカル 10%、スロー中の敵への追加ダメージ +120%)
MLUA_CARDMANAGER_160,"피해량 +20, 지속 +1초, 크리티컬 +5%, 슬로우 대상 추가 피해",RootDesk/MyDesk/Card/CardManager.mlua:16608 | RootDesk/MyDesk/Card/CardManager.mlua:16609,"피해량 +20, 지속 +1초, 크리티컬 +5%, 슬로우 대상 추가 피해","Damage +20, Duration +1s, Critical +5%, bonus damage to Slowed",傷害 +20，持續 +1秒，爆擊 +5%，對緩速目標追加傷害,ダメージ +20、持続 +1秒、クリティカル +5%、スロー中の敵への追加ダメージ
MLUA_CARDMANAGER_161,"해금! (대미지 100, 최대 6명 연사, 추가 타격 확률 15%)",RootDesk/MyDesk/Card/CardManager.mlua:16613,"해금! (대미지 100, 최대 6명 연사, 추가 타격 확률 15%)","Unlocked! (Damage 100, rapid fire up to 6 targets, extra hit chance 15%)",解鎖！(傷害 100，最多連射 6名，追加攻擊機率 15%),解放！(ダメージ 100、最大 6体に連射、追加打撃確率 15%)
MLUA_CARDMANAGER_162,"피해량 +20, 연사 대상 +1, 추가 타격 대미지 증가",RootDesk/MyDesk/Card/CardManager.mlua:16614,"피해량 +20, 연사 대상 +1, 추가 타격 대미지 증가","Damage +20, rapid fire targets +1, extra hit damage increased",傷害 +20，連射目標 +1，追加攻擊傷害增加,ダメージ +20、連射対象 +1、追加打撃ダメージ増加
MLUA_CARDMANAGER_163,"피해량 +20, 연사 대상 +1, 추가 타격 확률 +5%, 대미지 증가",RootDesk/MyDesk/Card/CardManager.mlua:16615,"피해량 +20, 연사 대상 +1, 추가 타격 확률 +5%, 대미지 증가","Damage +20, rapid fire targets +1, extra hit chance +5%, damage increased",傷害 +20，連射目標 +1，追加攻擊機率 +5%，傷害增加,ダメージ +20、連射対象 +1、追加打撃確率 +5%、ダメージ増加
MLUA_CARDMANAGER_164,"해금! (대미지 230, 연사 3발, 강화 확률 20%, 강화 시 3연타)",RootDesk/MyDesk/Card/CardManager.mlua:16619,"해금! (대미지 230, 연사 3발, 강화 확률 20%, 강화 시 3연타)","Unlocked! (Damage 230, 3 rapid shots, enhance chance 20%, 3 hits when enhanced)",解鎖！(傷害 230，連射 3發，強化機率 20%，強化時 3連擊),解放！(ダメージ 230、連射 3発、強化確率 20%、強化時 3連撃)
MLUA_CARDMANAGER_165,"피해량 +20, 강화 확률 +5%",RootDesk/MyDesk/Card/CardManager.mlua:16620,"피해량 +20, 강화 확률 +5%","Damage +20, enhance chance +5%",傷害 +20，強化機率 +5%,ダメージ +20、強化確率 +5%
MLUA_CARDMANAGER_166,"피해량 +50, 연사 개수 +1, 강화 확률 +5%",RootDesk/MyDesk/Card/CardManager.mlua:16621,"피해량 +50, 연사 개수 +1, 강화 확률 +5%","Damage +50, rapid shots +1, enhance chance +5%",傷害 +50，連射數量 +1，強化機率 +5%,ダメージ +50、連射数 +1、強化確率 +5%
MLUA_CARDMANAGER_167,"해금! (대미지 180, 화살 5발, 관통 4회, 크리티컬 +10%)",RootDesk/MyDesk/Card/CardManager.mlua:16625,"해금! (대미지 180, 화살 5발, 관통 4회, 크리티컬 +10%)","Unlocked! (Damage 180, 5 arrows, Pierce 4, Critical +10%)",解鎖！(傷害 180，箭矢 5支，穿透 4次，爆擊 +10%),解放！(ダメージ 180、矢 5本、貫通 4回、クリティカル +10%)
MLUA_CARDMANAGER_168,"피해량 +20, 쿨타임 감소, 크리티컬 +5%",RootDesk/MyDesk/Card/CardManager.mlua:16626,"피해량 +20, 쿨타임 감소, 크리티컬 +5%","Damage +20, Cooldown reduced, Critical +5%",傷害 +20，冷卻時間減少，爆擊 +5%,ダメージ +20、クールタイム減少、クリティカル +5%
MLUA_CARDMANAGER_169,"피해량 +20, 화살 개수 +1, 크리티컬 +5%",RootDesk/MyDesk/Card/CardManager.mlua:16627,"피해량 +20, 화살 개수 +1, 크리티컬 +5%","Damage +20, Arrows +1, Critical +5%",傷害 +20，箭矢數量 +1，爆擊 +5%,ダメージ +20、矢の数 +1、クリティカル +5%
MLUA_CARDMANAGER_170,"해금! (대미지 250, 착탄 3개, 광역, 크리티컬 +10%)",RootDesk/MyDesk/Card/CardManager.mlua:16631,"해금! (대미지 250, 착탄 3개, 광역, 크리티컬 +10%)","Unlocked! (Damage 250, 3 impacts, AoE, Critical +10%)",解鎖！(傷害 250，落點 3個，範圍，爆擊 +10%),解放！(ダメージ 250、着弾 3個、範囲、クリティカル +10%)
MLUA_CARDMANAGER_171,"피해량 +50, 크리티컬 +5%",RootDesk/MyDesk/Card/CardManager.mlua:16632,"피해량 +50, 크리티컬 +5%","Damage +50, Critical +5%",傷害 +50，爆擊 +5%,ダメージ +50、クリティカル +5%
MLUA_CARDMANAGER_172,"피해량 +50, 착탄 지점 +1, 크리티컬 +5%",RootDesk/MyDesk/Card/CardManager.mlua:16633,"피해량 +50, 착탄 지점 +1, 크리티컬 +5%","Damage +50, Impacts +1, Critical +5%",傷害 +50，落點 +1，爆擊 +5%,ダメージ +50、着弾地点 +1、クリティカル +5%
MLUA_CARDMANAGER_173,"해금! (대미지 180, 타겟 2명, 넉백, 충돌 대미지 80%, 정지 시 폭발 50%)",RootDesk/MyDesk/Card/CardManager.mlua:16637,"해금! (대미지 180, 타겟 2명, 넉백, 충돌 대미지 80%, 정지 시 폭발 50%)","Unlocked! (Damage 180, 2 targets, Knockback, Collision Damage 80%, explodes on stop 50%)",解鎖！(傷害 180，目標 2名，擊退，碰撞傷害 80%，停止時爆炸 50%),解放！(ダメージ 180、ターゲット 2体、ノックバック、衝突ダメージ 80%、停止時に爆発 50%)
MLUA_CARDMANAGER_174,"피해량 +20, 충돌 대미지 증가, 폭발 대미지 증가",RootDesk/MyDesk/Card/CardManager.mlua:16638,"피해량 +20, 충돌 대미지 증가, 폭발 대미지 증가","Damage +20, Collision Damage increased, Explosion Damage increased",傷害 +20，碰撞傷害增加，爆炸傷害增加,ダメージ +20、衝突ダメージ増加、爆発ダメージ増加
MLUA_CARDMANAGER_175,"피해량 +20, 충돌 대미지 증가, 폭발 대미지 대폭 증가",RootDesk/MyDesk/Card/CardManager.mlua:16639,"피해량 +20, 충돌 대미지 증가, 폭발 대미지 대폭 증가","Damage +20, Collision Damage increased, Explosion Damage greatly increased",傷害 +20，碰撞傷害增加，爆炸傷害大幅增加,ダメージ +20、衝突ダメージ増加、爆発ダメージ大幅増加
MLUA_CARDMANAGER_176,"해금! (콤보 스택 확률 10%)",RootDesk/MyDesk/Card/CardManager.mlua:16643,"해금! (콤보 스택 확률 10%)","Unlocked! (Combo Stack chance 10%)",解鎖！(連擊層數機率 10%),解放！(コンボスタック確率 10%)
MLUA_CARDMANAGER_177,스택 확률 +5%,RootDesk/MyDesk/Card/CardManager.mlua:16644 | RootDesk/MyDesk/Card/CardManager.mlua:16645 | RootDesk/MyDesk/Card/CardManager.mlua:16647,스택 확률 +5%,Stack chance +5%,疊層機率 +5%,スタック確率 +5%
MLUA_CARDMANAGER_178,스택 확률 +10%,RootDesk/MyDesk/Card/CardManager.mlua:16646,스택 확률 +10%,Stack chance +10%,疊層機率 +10%,スタック確率 +10%
MLUA_CARDMANAGER_179,"해금! (대미지 130, 타겟 1명, 콤보스택 +1)",RootDesk/MyDesk/Card/CardManager.mlua:16651,"해금! (대미지 130, 타겟 1명, 콤보스택 +1)","Unlocked! (Damage 130, 1 target, Combo Stack +1)",解鎖！(傷害 130，目標 1名，連擊層數 +1),解放！(ダメージ 130、ターゲット 1体、コンボスタック +1)
MLUA_CARDMANAGER_180,"피해량 +20, 공격 대상 +1",RootDesk/MyDesk/Card/CardManager.mlua:16652 | RootDesk/MyDesk/Card/CardManager.mlua:16661 | RootDesk/MyDesk/Card/CardManager.mlua:16668 | RootDesk/MyDesk/Card/CardManager.mlua:16671 | RootDesk/MyDesk/Card/CardManager.mlua:16685,"피해량 +20, 공격 대상 +1","Damage +20, Targets +1",傷害 +20，攻擊目標 +1,ダメージ +20、攻撃対象 +1
MLUA_CARDMANAGER_181,피해량 +30,RootDesk/MyDesk/Card/CardManager.mlua:16654 | RootDesk/MyDesk/Card/CardManager.mlua:16772 | RootDesk/MyDesk/Card/CardManager.mlua:16853 | RootDesk/MyDesk/Card/CardManager.mlua:16855 | RootDesk/MyDesk/Card/CardManager.mlua:16919,피해량 +30,Damage +30,傷害 +30,ダメージ +30
MLUA_CARDMANAGER_182,"피해량 +40, 공격 대상 +1",RootDesk/MyDesk/Card/CardManager.mlua:16655 | RootDesk/MyDesk/Card/CardManager.mlua:16703 | RootDesk/MyDesk/Card/CardManager.mlua:16895,"피해량 +40, 공격 대상 +1","Damage +40, Targets +1",傷害 +40，攻擊目標 +1,ダメージ +40、攻撃対象 +1
MLUA_CARDMANAGER_183,"해금! (대미지 120, 타겟 1명, 콤보스택 +1)",RootDesk/MyDesk/Card/CardManager.mlua:16659,"해금! (대미지 120, 타겟 1명, 콤보스택 +1)","Unlocked! (Damage 120, 1 target, Combo Stack +1)",解鎖！(傷害 120，目標 1名，連擊層數 +1),解放！(ダメージ 120、ターゲット 1体、コンボスタック +1)
MLUA_CARDMANAGER_184,"피해량 +20, 쿨타임 감소",RootDesk/MyDesk/Card/CardManager.mlua:16660,"피해량 +20, 쿨타임 감소","Damage +20, Cooldown reduced",傷害 +20，冷卻時間減少,ダメージ +20、クールタイム減少
MLUA_CARDMANAGER_185,"해금! (대미지 120, 타겟 1명, 광역, 콤보스택 +1)",RootDesk/MyDesk/Card/CardManager.mlua:16667 | RootDesk/MyDesk/Card/CardManager.mlua:16683,"해금! (대미지 120, 타겟 1명, 광역, 콤보스택 +1)","Unlocked! (Damage 120, 1 target, AoE, Combo Stack +1)",解鎖！(傷害 120，目標 1名，範圍，連擊層數 +1),解放！(ダメージ 120、ターゲット 1体、範囲、コンボスタック +1)
MLUA_CARDMANAGER_186,"해금! (대미지 100, 타겟 1명, 일반 2연타, 확률적 4연타 10%)",RootDesk/MyDesk/Card/CardManager.mlua:16691,"해금! (대미지 100, 타겟 1명, 일반 2연타, 확률적 4연타 10%)","Unlocked! (Damage 100, 1 target, normally 2 hits, 10% chance of 4 hits)",解鎖！(傷害 100，目標 1名，一般2連擊，10%機率4連擊),解放！(ダメージ 100、ターゲット 1体、通常2連撃、10%の確率で4連撃)
MLUA_CARDMANAGER_187,"해금! (대미지 120, 타겟 1명, 속박(도약) 1초, 콤보스택 +1)",RootDesk/MyDesk/Card/CardManager.mlua:16699,"해금! (대미지 120, 타겟 1명, 속박(도약) 1초, 콤보스택 +1)","Unlocked! (Damage 120, 1 target, Bind (leap) 1s, Combo Stack +1)",解鎖！(傷害 120，目標 1名，束縛(跳躍) 1秒，連擊層數 +1),解放！(ダメージ 120、ターゲット 1体、バインド(跳躍) 1秒、コンボスタック +1)
MLUA_CARDMANAGER_188,"해금! (대미지 120, 지속 4초, 2초마다 2연타)",RootDesk/MyDesk/Card/CardManager.mlua:16707,"해금! (대미지 120, 지속 4초, 2초마다 2연타)","Unlocked! (Damage 120, lasts 4s, 2 hits every 2s)",解鎖！(傷害 120，持續 4秒，每2秒2連擊),解放！(ダメージ 120、持続 4秒、2秒ごとに2連撃)
MLUA_CARDMANAGER_189,"피해량 +20, 지속 +1초",RootDesk/MyDesk/Card/CardManager.mlua:16709 | RootDesk/MyDesk/Card/CardManager.mlua:16801 | RootDesk/MyDesk/Card/CardManager.mlua:16807,"피해량 +20, 지속 +1초","Damage +20, Duration +1s",傷害 +20，持續 +1秒,ダメージ +20、持続 +1秒
MLUA_CARDMANAGER_190,"해금! (대미지 350, 타겟 3명, 콤보스택 +2, 스턴 2초 100%)",RootDesk/MyDesk/Card/CardManager.mlua:16715,"해금! (대미지 350, 타겟 3명, 콤보스택 +2, 스턴 2초 100%)","Unlocked! (Damage 350, 3 targets, Combo Stack +2, Stun 2s 100%)",解鎖！(傷害 350，目標 3名，連擊層數 +2，暈眩 2秒 100%),解放！(ダメージ 350、ターゲット 3体、コンボスタック +2、スタン 2秒 100%)
MLUA_CARDMANAGER_191,"해금! (콤보 폭발 대미지 220%)",RootDesk/MyDesk/Card/CardManager.mlua:16729,"해금! (콤보 폭발 대미지 220%)","Unlocked! (Combo Explosion Damage 220%)",解鎖！(連擊爆炸傷害 220%),解放！(コンボ爆発ダメージ 220%)
MLUA_CARDMANAGER_192,폭발 대미지 +10%,RootDesk/MyDesk/Card/CardManager.mlua:16730 | RootDesk/MyDesk/Card/CardManager.mlua:16731 | RootDesk/MyDesk/Card/CardManager.mlua:16732 | RootDesk/MyDesk/Card/CardManager.mlua:16733,폭발 대미지 +10%,Explosion Damage +10%,爆炸傷害 +10%,爆発ダメージ +10%
MLUA_CARDMANAGER_193,"해금! (15초마다 체력 2% 회복)",RootDesk/MyDesk/Card/CardManager.mlua:16737,"해금! (15초마다 체력 2% 회복)","Unlocked! (Restores 2% HP every 15s)",解鎖！(每15秒恢復 2% 體力),解放！(15秒ごとにHPを2%回復)
MLUA_CARDMANAGER_194,회복량 +1%,RootDesk/MyDesk/Card/CardManager.mlua:16738 | RootDesk/MyDesk/Card/CardManager.mlua:16739 | RootDesk/MyDesk/Card/CardManager.mlua:16740 | RootDesk/MyDesk/Card/CardManager.mlua:16741,회복량 +1%,Recovery +1%,恢復量 +1%,回復量 +1%
MLUA_CARDMANAGER_195,"해금! (대미지 300, 타겟 3명, 광역 2타 범위공격 50%)",RootDesk/MyDesk/Card/CardManager.mlua:16753,"해금! (대미지 300, 타겟 3명, 광역 2타 범위공격 50%)","Unlocked! (Damage 300, 3 targets, AoE 2nd hit 50%)",解鎖！(傷害 300，目標 3名，範圍第2擊 50%),解放！(ダメージ 300、ターゲット 3体、範囲2撃目 50%)
MLUA_CARDMANAGER_196,"피해량 +84, 범위 2타 대미지 +10%",RootDesk/MyDesk/Card/CardManager.mlua:16754,"피해량 +84, 범위 2타 대미지 +10%","Damage +84, AoE 2nd hit Damage +10%",傷害 +84，範圍第2擊傷害 +10%,ダメージ +84、範囲2撃目ダメージ +10%
MLUA_CARDMANAGER_197,"피해량 +126, 공격 대상 +1, 범위 2타 대미지 +10%",RootDesk/MyDesk/Card/CardManager.mlua:16755,"피해량 +126, 공격 대상 +1, 범위 2타 대미지 +10%","Damage +126, Targets +1, AoE 2nd hit Damage +10%",傷害 +126，攻擊目標 +1，範圍第2擊傷害 +10%,ダメージ +126、攻撃対象 +1、範囲2撃目ダメージ +10%
MLUA_CARDMANAGER_198,"해금! (대미지 200, 넉백, 충돌 대미지 60%, 착지 시 범위 폭발 60%)",RootDesk/MyDesk/Card/CardManager.mlua:16759,"해금! (대미지 200, 넉백, 충돌 대미지 60%, 착지 시 범위 폭발 60%)","Unlocked! (Damage 200, Knockback, Collision Damage 60%, AoE explosion on landing 60%)",解鎖！(傷害 200，擊退，碰撞傷害 60%，落地時範圍爆炸 60%),解放！(ダメージ 200、ノックバック、衝突ダメージ 60%、着地時に範囲爆発 60%)
MLUA_CARDMANAGER_199,"피해량 +20, 충돌·폭발 대미지 +10%",RootDesk/MyDesk/Card/CardManager.mlua:16760,"피해량 +20, 충돌·폭발 대미지 +10%","Damage +20, Collision/Explosion Damage +10%",傷害 +20，碰撞·爆炸傷害 +10%,ダメージ +20、衝突・爆発ダメージ +10%
MLUA_CARDMANAGER_200,"피해량 +40, 충돌·폭발 대미지 +10%",RootDesk/MyDesk/Card/CardManager.mlua:16761,"피해량 +40, 충돌·폭발 대미지 +10%","Damage +40, Collision/Explosion Damage +10%",傷害 +40，碰撞·爆炸傷害 +10%,ダメージ +40、衝突・爆発ダメージ +10%
MLUA_CARDMANAGER_201,"해금! (대미지 300, 타겟 3명, 콤보스택 +2)",RootDesk/MyDesk/Card/CardManager.mlua:16765,"해금! (대미지 300, 타겟 3명, 콤보스택 +2)","Unlocked! (Damage 300, 3 targets, Combo Stack +2)",解鎖！(傷害 300，目標 3名，連擊層數 +2),解放！(ダメージ 300、ターゲット 3体、コンボスタック +2)
MLUA_CARDMANAGER_202,"해금! (대미지 230, 타겟 2명, 부채꼴 검기 4개 발사, 콤보스택 +1)",RootDesk/MyDesk/Card/CardManager.mlua:16771,"해금! (대미지 230, 타겟 2명, 부채꼴 검기 4개 발사, 콤보스택 +1)","Unlocked! (Damage 230, 2 targets, fires 4 sword waves in a fan, Combo Stack +1)",解鎖！(傷害 230，目標 2名，扇形發射劍氣 4道，連擊層數 +1),解放！(ダメージ 230、ターゲット 2体、扇状に剣気を4つ発射、コンボスタック +1)
MLUA_CARDMANAGER_203,"피해량 +40, 공격 대상 +1, 검기 개수 증가",RootDesk/MyDesk/Card/CardManager.mlua:16773,"피해량 +40, 공격 대상 +1, 검기 개수 증가","Damage +40, Targets +1, more sword waves",傷害 +40，攻擊目標 +1，劍氣數量增加,ダメージ +40、攻撃対象 +1、剣気の数増加
MLUA_CARDMANAGER_204,"해금! (대미지 280, 지속 4초, 2초마다 2연타)",RootDesk/MyDesk/Card/CardManager.mlua:16777,"해금! (대미지 280, 지속 4초, 2초마다 2연타)","Unlocked! (Damage 280, lasts 4s, 2 hits every 2s)",解鎖！(傷害 280，持續 4秒，每2秒2連擊),解放！(ダメージ 280、持続 4秒、2秒ごとに2連撃)
MLUA_CARDMANAGER_205,"피해량 +40, 지속 +1초",RootDesk/MyDesk/Card/CardManager.mlua:16779,"피해량 +40, 지속 +1초","Damage +40, Duration +1s",傷害 +40，持續 +1秒,ダメージ +40、持続 +1秒
MLUA_CARDMANAGER_206,"해금! (대미지 230, 타겟 3명, 일반 2연타, 확률적 4연타 15%)",RootDesk/MyDesk/Card/CardManager.mlua:16783,"해금! (대미지 230, 타겟 3명, 일반 2연타, 확률적 4연타 15%)","Unlocked! (Damage 230, 3 targets, normally 2 hits, 15% chance of 4 hits)",解鎖！(傷害 230，目標 3名，一般2連擊，15%機率4連擊),解放！(ダメージ 230、ターゲット 3体、通常2連撃、15%の確率で4連撃)
MLUA_CARDMANAGER_207,"피해량 +30, 4연타 확률 +5%",RootDesk/MyDesk/Card/CardManager.mlua:16784,"피해량 +30, 4연타 확률 +5%","Damage +30, 4-hit chance +5%",傷害 +30，4連擊機率 +5%,ダメージ +30、4連撃確率 +5%
MLUA_CARDMANAGER_208,"피해량 +40, 4연타 확률 +10%",RootDesk/MyDesk/Card/CardManager.mlua:16785,"피해량 +40, 4연타 확률 +10%","Damage +40, 4-hit chance +10%",傷害 +40，4連擊機率 +10%,ダメージ +40、4連撃確率 +10%
MLUA_CARDMANAGER_209,"해금! (대미지 70, 타겟 1명, 속박 1초)",RootDesk/MyDesk/Card/CardManager.mlua:16789,"해금! (대미지 70, 타겟 1명, 속박 1초)","Unlocked! (Damage 70, 1 target, Bind 1s)",解鎖！(傷害 70，目標 1名，束縛 1秒),解放！(ダメージ 70、ターゲット 1体、バインド 1秒)
MLUA_CARDMANAGER_210,"피해량 +20, 타겟 2명",RootDesk/MyDesk/Card/CardManager.mlua:16790 | RootDesk/MyDesk/Card/CardManager.mlua:16799,"피해량 +20, 타겟 2명","Damage +20, 2 targets",傷害 +20，目標 2名,ダメージ +20、ターゲット 2体
MLUA_CARDMANAGER_211,"피해량 +20, 속박 2초",RootDesk/MyDesk/Card/CardManager.mlua:16791,"피해량 +20, 속박 2초","Damage +20, Bind 2s",傷害 +20，束縛 2秒,ダメージ +20、バインド 2秒
MLUA_CARDMANAGER_212,"피해량 +20, 타겟 3명",RootDesk/MyDesk/Card/CardManager.mlua:16792,"피해량 +20, 타겟 3명","Damage +20, 3 targets",傷害 +20，目標 3名,ダメージ +20、ターゲット 3体
MLUA_CARDMANAGER_213,피해량 +10,RootDesk/MyDesk/Card/CardManager.mlua:16793,피해량 +10,Damage +10,傷害 +10,ダメージ +10
MLUA_CARDMANAGER_214,"해금! (대미지 80, 타겟 1명, 지속 2초, 범위 점차 증가)",RootDesk/MyDesk/Card/CardManager.mlua:16797,"해금! (대미지 80, 타겟 1명, 지속 2초, 범위 점차 증가)","Unlocked! (Damage 80, 1 target, lasts 2s, area grows over time)",解鎖！(傷害 80，目標 1名，持續 2秒，範圍逐漸擴大),解放！(ダメージ 80、ターゲット 1体、持続 2秒、範囲が徐々に拡大)
MLUA_CARDMANAGER_215,"조합! (대미지 180, 타겟 2명, 지속 2초, 출혈 30%/초)",RootDesk/MyDesk/Card/CardManager.mlua:16805,"조합! (대미지 180, 타겟 2명, 지속 2초, 출혈 30%/초)","Fusion! (Damage 180, 2 targets, lasts 2s, Bleed 30%/s)",組合！(傷害 180，目標 2名，持續 2秒，流血 30%/秒),組み合わせ！(ダメージ 180、ターゲット 2体、持続 2秒、出血 30%/秒)
MLUA_CARDMANAGER_216,"해금! (대미지 80, 타겟 1명, 광역)",RootDesk/MyDesk/Card/CardManager.mlua:16811,"해금! (대미지 80, 타겟 1명, 광역)","Unlocked! (Damage 80, 1 target, AoE)",解鎖！(傷害 80，目標 1名，範圍),解放！(ダメージ 80、ターゲット 1体、範囲)
MLUA_CARDMANAGER_217,"해금! (대미지 60, 3초간 추적, 경로상 적 타격)",RootDesk/MyDesk/Card/CardManager.mlua:16819,"해금! (대미지 60, 3초간 추적, 경로상 적 타격)","Unlocked! (Damage 60, homes for 3s, hits enemies in its path)",解鎖！(傷害 60，追蹤 3秒，攻擊路徑上的敵人),解放！(ダメージ 60、3秒間追尾、経路上の敵を攻撃)
MLUA_CARDMANAGER_218,"해금! (대미지 120, 타겟 1명, 분열 3개 30%)",RootDesk/MyDesk/Card/CardManager.mlua:16827,"해금! (대미지 120, 타겟 1명, 분열 3개 30%)","Unlocked! (Damage 120, 1 target, Split into 3, 30%)",解鎖！(傷害 120，目標 1名，分裂 3個 30%),解放！(ダメージ 120、ターゲット 1体、分裂 3個 30%)
MLUA_CARDMANAGER_219,"피해량 +20, 분열 대미지 +10%",RootDesk/MyDesk/Card/CardManager.mlua:16828 | RootDesk/MyDesk/Card/CardManager.mlua:16830,"피해량 +20, 분열 대미지 +10%","Damage +20, Split Damage +10%",傷害 +20，分裂傷害 +10%,ダメージ +20、分裂ダメージ +10%
MLUA_CARDMANAGER_220,"피해량 +20, 공격 대상 +1, 분열 대미지 +10%",RootDesk/MyDesk/Card/CardManager.mlua:16829,"피해량 +20, 공격 대상 +1, 분열 대미지 +10%","Damage +20, Targets +1, Split Damage +10%",傷害 +20，攻擊目標 +1，分裂傷害 +10%,ダメージ +20、攻撃対象 +1、分裂ダメージ +10%
MLUA_CARDMANAGER_221,"피해량 +40, 분열 대미지 +10%",RootDesk/MyDesk/Card/CardManager.mlua:16831,"피해량 +40, 분열 대미지 +10%","Damage +40, Split Damage +10%",傷害 +40，分裂傷害 +10%,ダメージ +40、分裂ダメージ +10%
MLUA_CARDMANAGER_222,"해금! (대미지 130, 타겟 1명, 광역)",RootDesk/MyDesk/Card/CardManager.mlua:16835,"해금! (대미지 130, 타겟 1명, 광역)","Unlocked! (Damage 130, 1 target, AoE)",解鎖！(傷害 130，目標 1名，範圍),解放！(ダメージ 130、ターゲット 1体、範囲)
MLUA_CARDMANAGER_223,"피해량 +30, 공격 대상 +1",RootDesk/MyDesk/Card/CardManager.mlua:16837 | RootDesk/MyDesk/Card/CardManager.mlua:16854 | RootDesk/MyDesk/Card/CardManager.mlua:16917,"피해량 +30, 공격 대상 +1","Damage +30, Targets +1",傷害 +30，攻擊目標 +1,ダメージ +30、攻撃対象 +1
MLUA_CARDMANAGER_224,피해량 +60,RootDesk/MyDesk/Card/CardManager.mlua:16839,피해량 +60,Damage +60,傷害 +60,ダメージ +60
MLUA_CARDMANAGER_225,"해금! (대미지 110, 타겟 1명, 관통 1마리 30%)",RootDesk/MyDesk/Card/CardManager.mlua:16843,"해금! (대미지 110, 타겟 1명, 관통 1마리 30%)","Unlocked! (Damage 110, 1 target, Pierces 1 at 30%)",解鎖！(傷害 110，目標 1名，穿透 1隻 30%),解放！(ダメージ 110、ターゲット 1体、貫通 1体 30%)
MLUA_CARDMANAGER_226,"피해량 +20, 관통 +1마리(30/20%)",RootDesk/MyDesk/Card/CardManager.mlua:16844,"피해량 +20, 관통 +1마리(30/20%)","Damage +20, Pierce +1 (30/20%)",傷害 +20，穿透 +1隻(30/20%),ダメージ +20、貫通 +1体(30/20%)
MLUA_CARDMANAGER_227,"피해량 +20, 공격 대상 +1, 관통 비율 상승(40/30%)",RootDesk/MyDesk/Card/CardManager.mlua:16845,"피해량 +20, 공격 대상 +1, 관통 비율 상승(40/30%)","Damage +20, Targets +1, higher pierce ratio (40/30%)",傷害 +20，攻擊目標 +1，穿透比例提升(40/30%),ダメージ +20、攻撃対象 +1、貫通倍率上昇(40/30%)
MLUA_CARDMANAGER_228,"피해량 +20, 관통 +1마리(40/30/20%)",RootDesk/MyDesk/Card/CardManager.mlua:16846,"피해량 +20, 관통 +1마리(40/30/20%)","Damage +20, Pierce +1 (40/30/20%)",傷害 +20，穿透 +1隻(40/30/20%),ダメージ +20、貫通 +1体(40/30/20%)
MLUA_CARDMANAGER_229,"피해량 +30, 관통 비율 상승(50/40/30%)",RootDesk/MyDesk/Card/CardManager.mlua:16847,"피해량 +30, 관통 비율 상승(50/40/30%)","Damage +30, higher pierce ratio (50/40/30%)",傷害 +30，穿透比例提升(50/40/30%),ダメージ +30、貫通倍率上昇(50/40/30%)
MLUA_CARDMANAGER_230,"해금! (대미지 100, 타겟 1명, 3연타 40/30/30%)",RootDesk/MyDesk/Card/CardManager.mlua:16851,"해금! (대미지 100, 타겟 1명, 3연타 40/30/30%)","Unlocked! (Damage 100, 1 target, 3 hits 40/30/30%)",解鎖！(傷害 100，目標 1名，3連擊 40/30/30%),解放！(ダメージ 100、ターゲット 1体、3連撃 40/30/30%)
MLUA_CARDMANAGER_231,"해금! (대미지 150, 타겟 1명, 2연타)",RootDesk/MyDesk/Card/CardManager.mlua:16859,"해금! (대미지 150, 타겟 1명, 2연타)","Unlocked! (Damage 150, 1 target, 2 hits)",解鎖！(傷害 150，目標 1名，2連擊),解放！(ダメージ 150、ターゲット 1体、2連撃)
MLUA_CARDMANAGER_232,"피해량 +54, 공격 대상 +1, 타격 강도 증가",RootDesk/MyDesk/Card/CardManager.mlua:16860,"피해량 +54, 공격 대상 +1, 타격 강도 증가","Damage +54, Targets +1, hit power increased",傷害 +54，攻擊目標 +1，打擊強度增加,ダメージ +54、攻撃対象 +1、打撃強度増加
MLUA_CARDMANAGER_233,"피해량 +76, 타격 강도 증가",RootDesk/MyDesk/Card/CardManager.mlua:16861,"피해량 +76, 타격 강도 증가","Damage +76, hit power increased",傷害 +76，打擊強度增加,ダメージ +76、打撃強度増加
MLUA_CARDMANAGER_234,"피해량 +72, 타격 강도 증가",RootDesk/MyDesk/Card/CardManager.mlua:16862,"피해량 +72, 타격 강도 증가","Damage +72, hit power increased",傷害 +72，打擊強度增加,ダメージ +72、打撃強度増加
MLUA_CARDMANAGER_235,"피해량 +116, 공격 대상 +1, 타격 강도 증가",RootDesk/MyDesk/Card/CardManager.mlua:16863,"피해량 +116, 공격 대상 +1, 타격 강도 증가","Damage +116, Targets +1, hit power increased",傷害 +116，攻擊目標 +1，打擊強度增加,ダメージ +116、攻撃対象 +1、打撃強度増加
MLUA_CARDMANAGER_236,"해금! (대미지 117, 타겟 1명, 3연타)",RootDesk/MyDesk/Card/CardManager.mlua:16867,"해금! (대미지 117, 타겟 1명, 3연타)","Unlocked! (Damage 117, 1 target, 3 hits)",解鎖！(傷害 117，目標 1名，3連擊),解放！(ダメージ 117、ターゲット 1体、3連撃)
MLUA_CARDMANAGER_237,"피해량 +33, 공격 대상 +1, 타격 강도 증가",RootDesk/MyDesk/Card/CardManager.mlua:16868,"피해량 +33, 공격 대상 +1, 타격 강도 증가","Damage +33, Targets +1, hit power increased",傷害 +33，攻擊目標 +1，打擊強度增加,ダメージ +33、攻撃対象 +1、打撃強度増加
MLUA_CARDMANAGER_238,"피해량 +84, 타격 강도 증가",RootDesk/MyDesk/Card/CardManager.mlua:16869,"피해량 +84, 타격 강도 증가","Damage +84, hit power increased",傷害 +84，打擊強度增加,ダメージ +84、打撃強度増加
MLUA_CARDMANAGER_239,"피해량 +66, 타격 강도 증가",RootDesk/MyDesk/Card/CardManager.mlua:16870,"피해량 +66, 타격 강도 증가","Damage +66, hit power increased",傷害 +66，打擊強度增加,ダメージ +66、打撃強度増加
MLUA_CARDMANAGER_240,"피해량 +114, 공격 대상 +1, 타격 강도 증가",RootDesk/MyDesk/Card/CardManager.mlua:16871,"피해량 +114, 공격 대상 +1, 타격 강도 증가","Damage +114, Targets +1, hit power increased",傷害 +114，攻擊目標 +1，打擊強度增加,ダメージ +114、攻撃対象 +1、打撃強度増加
MLUA_CARDMANAGER_241,"해금! (초당 대미지 20, 타겟 1명, 명중 -20%, 지속 3초)",RootDesk/MyDesk/Card/CardManager.mlua:16875,"해금! (초당 대미지 20, 타겟 1명, 명중 -20%, 지속 3초)","Unlocked! (Damage 20/s, 1 target, Accuracy -20%, lasts 3s)",解鎖！(每秒傷害 20，目標 1名，命中 -20%，持續 3秒),解放！(毎秒ダメージ 20、ターゲット 1体、命中 -20%、持続 3秒)
MLUA_CARDMANAGER_242,"초당 대미지 +10, 공격 대상 +1, 명중 감소 +10%",RootDesk/MyDesk/Card/CardManager.mlua:16876,"초당 대미지 +10, 공격 대상 +1, 명중 감소 +10%","Damage/s +10, Targets +1, Accuracy reduction +10%",每秒傷害 +10，攻擊目標 +1，命中降低 +10%,毎秒ダメージ +10、攻撃対象 +1、命中低下 +10%
MLUA_CARDMANAGER_243,"초당 대미지 +20, 명중 감소 +10%, 지속 +1초",RootDesk/MyDesk/Card/CardManager.mlua:16877,"초당 대미지 +20, 명중 감소 +10%, 지속 +1초","Damage/s +20, Accuracy reduction +10%, Duration +1s",每秒傷害 +20，命中降低 +10%，持續 +1秒,毎秒ダメージ +20、命中低下 +10%、持続 +1秒
MLUA_CARDMANAGER_244,"초당 대미지 +10, 명중 감소 +10%",RootDesk/MyDesk/Card/CardManager.mlua:16878,"초당 대미지 +10, 명중 감소 +10%","Damage/s +10, Accuracy reduction +10%",每秒傷害 +10，命中降低 +10%,毎秒ダメージ +10、命中低下 +10%
MLUA_CARDMANAGER_245,"초당 대미지 +30, 공격 대상 +1, 명중 감소 +10%, 지속 +1초",RootDesk/MyDesk/Card/CardManager.mlua:16879,"초당 대미지 +30, 공격 대상 +1, 명중 감소 +10%, 지속 +1초","Damage/s +30, Targets +1, Accuracy reduction +10%, Duration +1s",每秒傷害 +30，攻擊目標 +1，命中降低 +10%，持續 +1秒,毎秒ダメージ +30、攻撃対象 +1、命中低下 +10%、持続 +1秒
MLUA_CARDMANAGER_246,"해금! (대미지 130, 타겟 1명, 크리티컬 확률 +10%)",RootDesk/MyDesk/Card/CardManager.mlua:16883,"해금! (대미지 130, 타겟 1명, 크리티컬 확률 +10%)","Unlocked! (Damage 130, 1 target, Critical Rate +10%)",解鎖！(傷害 130，目標 1名，爆擊率 +10%),解放！(ダメージ 130、ターゲット 1体、クリティカル率 +10%)
MLUA_CARDMANAGER_247,"피해량 +20, 크리티컬 +5%",RootDesk/MyDesk/Card/CardManager.mlua:16884 | RootDesk/MyDesk/Card/CardManager.mlua:16886,"피해량 +20, 크리티컬 +5%","Damage +20, Critical +5%",傷害 +20，爆擊 +5%,ダメージ +20、クリティカル +5%
MLUA_CARDMANAGER_248,"피해량 +30, 공격 대상 +1, 크리티컬 +5%",RootDesk/MyDesk/Card/CardManager.mlua:16885,"피해량 +30, 공격 대상 +1, 크리티컬 +5%","Damage +30, Targets +1, Critical +5%",傷害 +30，攻擊目標 +1，爆擊 +5%,ダメージ +30、攻撃対象 +1、クリティカル +5%
MLUA_CARDMANAGER_249,"피해량 +60, 크리티컬 +5%",RootDesk/MyDesk/Card/CardManager.mlua:16887 | RootDesk/MyDesk/Card/CardManager.mlua:17073,"피해량 +60, 크리티컬 +5%","Damage +60, Critical +5%",傷害 +60，爆擊 +5%,ダメージ +60、クリティカル +5%
MLUA_CARDMANAGER_250,"해금! (대미지 100, 타겟 2명, 메소 드랍 100%, 아이템 드랍 50%)",RootDesk/MyDesk/Card/CardManager.mlua:16891,"해금! (대미지 100, 타겟 2명, 메소 드랍 100%, 아이템 드랍 50%)","Unlocked! (Damage 100, 2 targets, Meso Drop 100%, Item Drop 50%)",解鎖！(傷害 100，目標 2名，楓幣掉落 100%，道具掉落 50%),解放！(ダメージ 100、ターゲット 2体、メルドロップ 100%、アイテムドロップ 50%)
MLUA_CARDMANAGER_251,"해금! (대미지 150, 착지한 메소 전부 동시 폭발, 기본공격 시 메소 드랍 5%)",RootDesk/MyDesk/Card/CardManager.mlua:16899,"해금! (대미지 150, 착지한 메소 전부 동시 폭발, 기본공격 시 메소 드랍 5%)","Unlocked! (Damage 150, all landed Mesos explode at once, 5% Meso drop on Basic Attack)",解鎖！(傷害 150，所有落地的楓幣同時爆炸，普通攻擊時楓幣掉落 5%),解放！(ダメージ 150、落ちたメルがすべて同時に爆発、通常攻撃時メルドロップ 5%)
MLUA_CARDMANAGER_252,"피해량 +30, 메소 드랍 확률 +5%",RootDesk/MyDesk/Card/CardManager.mlua:16900 | RootDesk/MyDesk/Card/CardManager.mlua:16902 | RootDesk/MyDesk/Card/CardManager.mlua:16903,"피해량 +30, 메소 드랍 확률 +5%","Damage +30, Meso drop chance +5%",傷害 +30，楓幣掉落機率 +5%,ダメージ +30、メルドロップ確率 +5%
MLUA_CARDMANAGER_253,"피해량 +30, 범위 증가, 메소 드랍 확률 +5%",RootDesk/MyDesk/Card/CardManager.mlua:16901,"피해량 +30, 범위 증가, 메소 드랍 확률 +5%","Damage +30, Area increased, Meso drop chance +5%",傷害 +30，範圍增加，楓幣掉落機率 +5%,ダメージ +30、範囲増加、メルドロップ確率 +5%
MLUA_CARDMANAGER_254,"해금! (지속 5초, 기본공격/스킬 복사 대미지 60%, 소환 1체)",RootDesk/MyDesk/Card/CardManager.mlua:16907,"해금! (지속 5초, 기본공격/스킬 복사 대미지 60%, 소환 1체)","Unlocked! (Lasts 5s, copies Basic Attacks/Skills at 60% Damage, 1 summon)",解鎖！(持續 5秒，複製普通攻擊/技能傷害 60%，召喚 1體),解放！(持続 5秒、通常攻撃/スキルを60%のダメージでコピー、召喚 1体)
MLUA_CARDMANAGER_255,복사 대미지 +10%,RootDesk/MyDesk/Card/CardManager.mlua:16908 | RootDesk/MyDesk/Card/CardManager.mlua:16910 | RootDesk/MyDesk/Card/CardManager.mlua:16911,복사 대미지 +10%,Copy Damage +10%,複製傷害 +10%,コピーダメージ +10%
MLUA_CARDMANAGER_256,"지속 +1초, 복사 대미지 +10%",RootDesk/MyDesk/Card/CardManager.mlua:16909,"지속 +1초, 복사 대미지 +10%","Duration +1s, Copy Damage +10%",持續 +1秒，複製傷害 +10%,持続 +1秒、コピーダメージ +10%
MLUA_CARDMANAGER_257,"해금! (대미지 140, 타겟 1명, 스턴 100%, 지속 2초)",RootDesk/MyDesk/Card/CardManager.mlua:16915,"해금! (대미지 140, 타겟 1명, 스턴 100%, 지속 2초)","Unlocked! (Damage 140, 1 target, Stun 100%, lasts 2s)",解鎖！(傷害 140，目標 1名，暈眩 100%，持續 2秒),解放！(ダメージ 140、ターゲット 1体、スタン 100%、持続 2秒)
MLUA_CARDMANAGER_258,"해금! (공격 회피 3%)",RootDesk/MyDesk/Card/CardManager.mlua:16947 | RootDesk/MyDesk/Card/CardManager.mlua:17045,"해금! (공격 회피 3%)","Unlocked! (Evasion 3%)",解鎖！(迴避攻擊 3%),解放！(攻撃回避 3%)
MLUA_CARDMANAGER_259,공격 회피 +2%,RootDesk/MyDesk/Card/CardManager.mlua:16948 | RootDesk/MyDesk/Card/CardManager.mlua:16949 | RootDesk/MyDesk/Card/CardManager.mlua:16950,공격 회피 +2%,Evasion +2%,迴避攻擊 +2%,攻撃回避 +2%
MLUA_CARDMANAGER_260,공격 회피 +3%,RootDesk/MyDesk/Card/CardManager.mlua:16951,공격 회피 +3%,Evasion +3%,迴避攻擊 +3%,攻撃回避 +3%
MLUA_CARDMANAGER_261,"조합! (대미지 210, 타겟 4명, 4연타 30%, 크리 +20%)",RootDesk/MyDesk/Card/CardManager.mlua:16955,"조합! (대미지 210, 타겟 4명, 4연타 30%, 크리 +20%)","Fusion! (Damage 210, 4 targets, 4 hits 30%, Crit +20%)",組合！(傷害 210，目標 4名，4連擊 30%，爆擊 +20%),組み合わせ！(ダメージ 210、ターゲット 4体、4連撃 30%、クリティカル +20%)
MLUA_CARDMANAGER_262,"조합! (대미지 200, 2발, 관통 4마리 50/40/30/20%)",RootDesk/MyDesk/Card/CardManager.mlua:16961,"조합! (대미지 200, 2발, 관통 4마리 50/40/30/20%)","Fusion! (Damage 200, 2 shots, Pierces 4 at 50/40/30/20%)",組合！(傷害 200，2發，穿透 4隻 50/40/30/20%),組み合わせ！(ダメージ 200、2発、貫通 4体 50/40/30/20%)
MLUA_CARDMANAGER_263,"피해량 +20, 관통 비율 +10%p",RootDesk/MyDesk/Card/CardManager.mlua:16962 | RootDesk/MyDesk/Card/CardManager.mlua:16963,"피해량 +20, 관통 비율 +10%p","Damage +20, pierce ratio +10%p",傷害 +20，穿透比例 +10%p,ダメージ +20、貫通倍率 +10%p
MLUA_CARDMANAGER_264,"조합! (대미지 160, 타겟 3명, 속박 2초, 해제 시 추가타 30~100%)",RootDesk/MyDesk/Card/CardManager.mlua:16967,"조합! (대미지 160, 타겟 3명, 속박 2초, 해제 시 추가타 30~100%)","Fusion! (Damage 160, 3 targets, Bind 2s, extra hit on release 30~100%)",組合！(傷害 160，目標 3名，束縛 2秒，解除時追加攻擊 30~100%),組み合わせ！(ダメージ 160、ターゲット 3体、バインド 2秒、解除時に追加攻撃 30~100%)
MLUA_CARDMANAGER_265,"조합! (대미지 280, 타겟 2명, 스톰 2초 — 닿으면 30%)",RootDesk/MyDesk/Card/CardManager.mlua:16973,"조합! (대미지 280, 타겟 2명, 스톰 2초 — 닿으면 30%)","Fusion! (Damage 280, 2 targets, Storm 2s — 30% on contact)",組合！(傷害 280，目標 2名，風暴 2秒 — 接觸時 30%),組み合わせ！(ダメージ 280、ターゲット 2体、ストーム 2秒 — 接触時 30%)
MLUA_CARDMANAGER_266,"피해량 +20, 스톰 대미지 +10%p",RootDesk/MyDesk/Card/CardManager.mlua:16974 | RootDesk/MyDesk/Card/CardManager.mlua:16975,"피해량 +20, 스톰 대미지 +10%p","Damage +20, Storm Damage +10%p",傷害 +20，風暴傷害 +10%p,ダメージ +20、ストームダメージ +10%p
MLUA_CARDMANAGER_267,"조합! (대미지 220, 타겟 2명, 5개 분열 80%)",RootDesk/MyDesk/Card/CardManager.mlua:16979,"조합! (대미지 220, 타겟 2명, 5개 분열 80%)","Fusion! (Damage 220, 2 targets, splits into 5 at 80%)",組合！(傷害 220，目標 2名，分裂 5個 80%),組み合わせ！(ダメージ 220、ターゲット 2体、5個に分裂 80%)
MLUA_CARDMANAGER_268,"피해량 +20, 분열 대미지 +10%p",RootDesk/MyDesk/Card/CardManager.mlua:16980 | RootDesk/MyDesk/Card/CardManager.mlua:16981,"피해량 +20, 분열 대미지 +10%p","Damage +20, Split Damage +10%p",傷害 +20，分裂傷害 +10%p,ダメージ +20、分裂ダメージ +10%p
MLUA_CARDMANAGER_269,"조합! (대미지 160, 지속 3초, 소멸 시 폭발 40%)",RootDesk/MyDesk/Card/CardManager.mlua:16985,"조합! (대미지 160, 지속 3초, 소멸 시 폭발 40%)","Fusion! (Damage 160, lasts 3s, explodes on expiry 40%)",組合！(傷害 160，持續 3秒，消失時爆炸 40%),組み合わせ！(ダメージ 160、持続 3秒、消滅時に爆発 40%)
MLUA_CARDMANAGER_270,"피해량 +20, 폭발 대미지 +10%p",RootDesk/MyDesk/Card/CardManager.mlua:16986 | RootDesk/MyDesk/Card/CardManager.mlua:16987,"피해량 +20, 폭발 대미지 +10%p","Damage +20, Explosion Damage +10%p",傷害 +20，爆炸傷害 +10%p,ダメージ +20、爆発ダメージ +10%p
MLUA_CARDMANAGER_271,"조합! (대미지 220, 타겟 1명 광역, 스턴 2초 100%)",RootDesk/MyDesk/Card/CardManager.mlua:16991,"조합! (대미지 220, 타겟 1명 광역, 스턴 2초 100%)","Fusion! (Damage 220, 1 target AoE, Stun 2s 100%)",組合！(傷害 220，目標 1名範圍，暈眩 2秒 100%),組み合わせ！(ダメージ 220、ターゲット 1体・範囲、スタン 2秒 100%)
MLUA_CARDMANAGER_272,"해금! (기본 공격 10% 확률로 추가 공격 100%)",RootDesk/MyDesk/Card/CardManager.mlua:16997,"해금! (기본 공격 10% 확률로 추가 공격 100%)","Unlocked! (10% chance on Basic Attack for an extra 100% attack)",解鎖！(普通攻擊時 10%機率追加攻擊 100%),解放！(通常攻撃時 10%の確率で追加攻撃 100%)
MLUA_CARDMANAGER_273,"발동 확률 +5%, 추가 공격 대미지 +20%",RootDesk/MyDesk/Card/CardManager.mlua:16998 | RootDesk/MyDesk/Card/CardManager.mlua:16999 | RootDesk/MyDesk/Card/CardManager.mlua:17000 | RootDesk/MyDesk/Card/CardManager.mlua:17001,"발동 확률 +5%, 추가 공격 대미지 +20%","Trigger chance +5%, extra attack Damage +20%",發動機率 +5%，追加攻擊傷害 +20%,発動確率 +5%、追加攻撃ダメージ +20%
MLUA_CARDMANAGER_274,피해량 +3%,RootDesk/MyDesk/Card/CardManager.mlua:17006,피해량 +3%,Damage +3%,傷害 +3%,与ダメージ +3%
MLUA_CARDMANAGER_275,피해량 +4%,RootDesk/MyDesk/Card/CardManager.mlua:17007 | RootDesk/MyDesk/Card/CardManager.mlua:17008 | RootDesk/MyDesk/Card/CardManager.mlua:17009,피해량 +4%,Damage +4%,傷害 +4%,与ダメージ +4%
MLUA_CARDMANAGER_276,회피 확률 +2%,RootDesk/MyDesk/Card/CardManager.mlua:17046 | RootDesk/MyDesk/Card/CardManager.mlua:17047 | RootDesk/MyDesk/Card/CardManager.mlua:17048 | RootDesk/MyDesk/Skill/SkillUpgradeUI.mlua:405 | RootDesk/MyDesk/Skill/SkillUpgradeUI.mlua:428,회피 확률 +2%,Evasion chance +2%,迴避機率 +2%,回避確率 +2%
MLUA_CARDMANAGER_277,회피 확률 +3%,RootDesk/MyDesk/Card/CardManager.mlua:17049,회피 확률 +3%,Evasion chance +3%,迴避機率 +3%,回避確率 +3%
MLUA_CARDMANAGER_278,"해금! (대미지 560, 타겟 3명, 2연타)",RootDesk/MyDesk/Card/CardManager.mlua:17053,"해금! (대미지 560, 타겟 3명, 2연타)","Unlocked! (Damage 560, 3 targets, 2 hits)",解鎖！(傷害 560，目標 3名，2連擊),解放！(ダメージ 560、ターゲット 3体、2連撃)
MLUA_CARDMANAGER_279,"피해량 +100, 타격 강도 증가",RootDesk/MyDesk/Card/CardManager.mlua:17054,"피해량 +100, 타격 강도 증가","Damage +100, hit power increased",傷害 +100，打擊強度增加,ダメージ +100、打撃強度増加
MLUA_CARDMANAGER_280,"피해량 +108, 공격 대상 +1, 타격 강도 증가",RootDesk/MyDesk/Card/CardManager.mlua:17055,"피해량 +108, 공격 대상 +1, 타격 강도 증가","Damage +108, Targets +1, hit power increased",傷害 +108，攻擊目標 +1，打擊強度增加,ダメージ +108、攻撃対象 +1、打撃強度増加
MLUA_CARDMANAGER_281,"해금! (대미지 494, 타겟 4명, 5연타, 범위 공격)",RootDesk/MyDesk/Card/CardManager.mlua:17059,"해금! (대미지 494, 타겟 4명, 5연타, 범위 공격)","Unlocked! (Damage 494, 4 targets, 5 hits, AoE)",解鎖！(傷害 494，目標 4名，5連擊，範圍攻擊),解放！(ダメージ 494、ターゲット 4体、5連撃、範囲攻撃)
MLUA_CARDMANAGER_282,"피해량 +86, 타격 강도 증가",RootDesk/MyDesk/Card/CardManager.mlua:17060,"피해량 +86, 타격 강도 증가","Damage +86, hit power increased",傷害 +86，打擊強度增加,ダメージ +86、打撃強度増加
MLUA_CARDMANAGER_283,"피해량 +133, 타격 강도 증가",RootDesk/MyDesk/Card/CardManager.mlua:17061,"피해량 +133, 타격 강도 증가","Damage +133, hit power increased",傷害 +133，打擊強度增加,ダメージ +133、打撃強度増加
MLUA_CARDMANAGER_284,"해금! (초당 대미지 90, 추가 대미지 108, 타겟 3명, 지속 5초)",RootDesk/MyDesk/Card/CardManager.mlua:17065,"해금! (초당 대미지 90, 추가 대미지 108, 타겟 3명, 지속 5초)","Unlocked! (Damage 90/s, Bonus Damage 108, 3 targets, lasts 5s)",解鎖！(每秒傷害 90，追加傷害 108，目標 3名，持續 5秒),解放！(毎秒ダメージ 90、追加ダメージ 108、ターゲット 3体、持続 5秒)
MLUA_CARDMANAGER_285,"초당 대미지 +10, 추가 대미지 +32",RootDesk/MyDesk/Card/CardManager.mlua:17066,"초당 대미지 +10, 추가 대미지 +32","Damage/s +10, Bonus Damage +32",每秒傷害 +10，追加傷害 +32,毎秒ダメージ +10、追加ダメージ +32
MLUA_CARDMANAGER_286,"초당 대미지 +10, 추가 대미지 +36",RootDesk/MyDesk/Card/CardManager.mlua:17067,"초당 대미지 +10, 추가 대미지 +36","Damage/s +10, Bonus Damage +36",每秒傷害 +10，追加傷害 +36,毎秒ダメージ +10、追加ダメージ +36
MLUA_CARDMANAGER_287,"해금! (대미지 352, 타겟 2명(넉백), 크리티컬 확률 +30%, 메소·아이템 드랍)",RootDesk/MyDesk/Card/CardManager.mlua:17071,"해금! (대미지 352, 타겟 2명(넉백), 크리티컬 확률 +30%, 메소·아이템 드랍)","Unlocked! (Damage 352, 2 targets (Knockback), Critical Rate +30%, drops Meso & Items)",解鎖！(傷害 352，目標 2名(擊退)，爆擊率 +30%，掉落楓幣·道具),解放！(ダメージ 352、ターゲット 2体(ノックバック)、クリティカル率 +30%、メル・アイテムをドロップ)
MLUA_CARDMANAGER_288,"피해량 +56, 크리티컬 +5%",RootDesk/MyDesk/Card/CardManager.mlua:17072,"피해량 +56, 크리티컬 +5%","Damage +56, Critical +5%",傷害 +56，爆擊 +5%,ダメージ +56、クリティカル +5%
MLUA_CARDMANAGER_289,"해금! (대미지 300, 메소 1개당, 스턴 확률 50% 1초, 메소 드랍 30%)",RootDesk/MyDesk/Card/CardManager.mlua:17077,"해금! (대미지 300, 메소 1개당, 스턴 확률 50% 1초, 메소 드랍 30%)","Unlocked! (Damage 300 per Meso, 50% chance to Stun 1s, Meso drop 30%)",解鎖！(每個楓幣傷害 300，暈眩機率 50% 1秒，楓幣掉落 30%),解放！(メル1個ごとにダメージ 300、スタン確率 50% 1秒、メルドロップ 30%)
MLUA_CARDMANAGER_290,"피해량 +20, 스턴 확률 +10%",RootDesk/MyDesk/Card/CardManager.mlua:17078,"피해량 +20, 스턴 확률 +10%","Damage +20, Stun chance +10%",傷害 +20，暈眩機率 +10%,ダメージ +20、スタン確率 +10%
MLUA_CARDMANAGER_291,"피해량 +20, 스턴 확률 +10%, 스턴 +1초",RootDesk/MyDesk/Card/CardManager.mlua:17079,"피해량 +20, 스턴 확률 +10%, 스턴 +1초","Damage +20, Stun chance +10%, Stun +1s",傷害 +20，暈眩機率 +10%，暈眩 +1秒,ダメージ +20、スタン確率 +10%、スタン +1秒
MLUA_CARDMANAGER_292,"해금! (스킬 복사 110%, 기본공격 복사 110%, 분신 2체)",RootDesk/MyDesk/Card/CardManager.mlua:17083,"해금! (스킬 복사 110%, 기본공격 복사 110%, 분신 2체)","Unlocked! (Skill Copy 110%, Basic Attack Copy 110%, 2 clones)",解鎖！(技能複製 110%，普通攻擊複製 110%，分身 2體),解放！(スキルコピー 110%、通常攻撃コピー 110%、分身 2体)
MLUA_CARDMANAGER_293,"스킬 복사 +10%, 기본공격 복사 +20%",RootDesk/MyDesk/Card/CardManager.mlua:17084 | RootDesk/MyDesk/Card/CardManager.mlua:17085,"스킬 복사 +10%, 기본공격 복사 +20%","Skill Copy +10%, Basic Attack Copy +20%",技能複製 +10%，普通攻擊複製 +20%,スキルコピー +10%、通常攻撃コピー +20%
MLUA_CARDMANAGER_294,"해금! (초당 틱 대미지 78, 타겟 2명, 착탄 시 스턴 3초, 연무 지속 2초)",RootDesk/MyDesk/Card/CardManager.mlua:17089,"해금! (초당 틱 대미지 78, 타겟 2명, 착탄 시 스턴 3초, 연무 지속 2초)","Unlocked! (Tick Damage 78/s, 2 targets, Stun 3s on impact, Smoke lasts 2s)",解鎖！(每秒持續傷害 78，目標 2名，命中時暈眩 3秒，煙霧持續 2秒),解放！(毎秒ティックダメージ 78、ターゲット 2体、着弾時スタン 3秒、煙幕 持続 2秒)
MLUA_CARDMANAGER_295,"초당 틱 대미지 +34, 연무 +1초",RootDesk/MyDesk/Card/CardManager.mlua:17090,"초당 틱 대미지 +34, 연무 +1초","Tick Damage/s +34, Smoke +1s",每秒持續傷害 +34，煙霧 +1秒,毎秒ティックダメージ +34、煙幕 +1秒
MLUA_CARDMANAGER_296,"초당 틱 대미지 +38, 연무 +1초",RootDesk/MyDesk/Card/CardManager.mlua:17091,"초당 틱 대미지 +38, 연무 +1초","Tick Damage/s +38, Smoke +1s",每秒持續傷害 +38，煙霧 +1秒,毎秒ティックダメージ +38、煙幕 +1秒
MLUA_CARDMANAGER_297,강화),RootDesk/MyDesk/Card/CardManager.mlua:18327,강화),,,
MLUA_CARDMANAGER_298,콜드 빔 Lv.,RootDesk/MyDesk/Card/CardManager.mlua:18329,콜드 빔 Lv.,,,
MLUA_CARDMANAGER_299,썬더 볼트 Lv.,RootDesk/MyDesk/Card/CardManager.mlua:18331,썬더 볼트 Lv.,,,
MLUA_CARDMANAGER_300,매직 부스터 Lv.,RootDesk/MyDesk/Card/CardManager.mlua:18333,매직 부스터 Lv.,,,
MLUA_CARDMANAGER_301,매직 크리티컬 Lv.,RootDesk/MyDesk/Card/CardManager.mlua:18334,매직 크리티컬 Lv.,,,
MLUA_CARDMANAGER_302,대미지 :,RootDesk/MyDesk/Card/CardManager.mlua:18381 | RootDesk/MyDesk/Card/CardManager.mlua:18382 | RootDesk/MyDesk/Card/CardManager.mlua:18383 | RootDesk/MyDesk/Card/CardManager.mlua:18384 | RootDesk/MyDesk/Card/CardManager.mlua:18393,대미지 :,,,
MLUA_CARDMANAGER_303,쿨타임 -,RootDesk/MyDesk/Card/CardManager.mlua:18386 | RootDesk/MyDesk/Card/CardManager.mlua:18461 | RootDesk/MyDesk/Card/CardManager.mlua:18499 | RootDesk/MyDesk/Card/CardManager.mlua:18509,쿨타임 -,,,
MLUA_CARDMANAGER_304,%  (영구),RootDesk/MyDesk/Card/CardManager.mlua:18386 | RootDesk/MyDesk/Card/CardManager.mlua:18388 | RootDesk/MyDesk/Card/CardManager.mlua:18415 | RootDesk/MyDesk/Card/CardManager.mlua:18423 | RootDesk/MyDesk/Card/CardManager.mlua:18461,%  (영구),,,
MLUA_CARDMANAGER_305,크리티컬,RootDesk/MyDesk/Card/CardManager.mlua:18388 | RootDesk/MyDesk/Card/CardManager.mlua:18463 | RootDesk/MyDesk/Card/CardManager.mlua:18491 | RootDesk/MyDesk/Card/CardManager.mlua:18501 | RootDesk/MyDesk/Card/CardManager.mlua:18511,크리티컬,,,
MLUA_CARDMANAGER_306,아이스 보너스 : +,RootDesk/MyDesk/Card/CardManager.mlua:18395,아이스 보너스 : +,,,
MLUA_CARDMANAGER_307,%/스택,RootDesk/MyDesk/Card/CardManager.mlua:18395,%/스택,,,
MLUA_CARDMANAGER_308,피해 감소 : -,RootDesk/MyDesk/Card/CardManager.mlua:18415,피해 감소 : -,,,
MLUA_CARDMANAGER_309,대미지 증가 : +,RootDesk/MyDesk/Card/CardManager.mlua:18423 | RootDesk/MyDesk/Card/CardManager.mlua:18469,대미지 증가 : +,,,
MLUA_CARDMANAGER_310,(타격당),RootDesk/MyDesk/Card/CardManager.mlua:18437,(타격당),,,
MLUA_CARDMANAGER_311,크리티컬 대미지 +,RootDesk/MyDesk/Card/CardManager.mlua:18465 | RootDesk/MyDesk/Card/CardManager.mlua:18503 | RootDesk/MyDesk/Card/CardManager.mlua:18513,크리티컬 대미지 +,,,
MLUA_CARDMANAGER_312,추가 공격 확률,RootDesk/MyDesk/Card/CardManager.mlua:18467,추가 공격 확률,,,
MLUA_CARDMANAGER_313,스택 확률 :,RootDesk/MyDesk/Card/CardManager.mlua:18471,스택 확률 :,,,
MLUA_CARDMANAGER_314,강화 코마 대미지,RootDesk/MyDesk/Card/CardManager.mlua:18493,강화 코마 대미지,,,
MLUA_CARDMANAGER_315,초마다 체력,RootDesk/MyDesk/Card/CardManager.mlua:18495,초마다 체력,,,
MLUA_CARDMANAGER_316,% 회복  (영구),RootDesk/MyDesk/Card/CardManager.mlua:18495,% 회복  (영구),,,
MLUA_CARDMANAGER_317,피해량 증가 : +,RootDesk/MyDesk/Card/CardManager.mlua:18497 | RootDesk/MyDesk/Card/CardManager.mlua:18505 | RootDesk/MyDesk/Card/CardManager.mlua:18517,피해량 증가 : +,,,
MLUA_CARDMANAGER_318,공격 회피,RootDesk/MyDesk/Card/CardManager.mlua:18507 | RootDesk/MyDesk/Card/CardManager.mlua:18515,공격 회피,,,
MLUA_CARDMANAGER_319,추가 공격,RootDesk/MyDesk/Card/CardManager.mlua:18519,추가 공격,,,
MLUA_CARDMANAGER_320,% (대미지,RootDesk/MyDesk/Card/CardManager.mlua:18519,% (대미지,,,
MLUA_CARDMANAGER_321,%)  (영구),RootDesk/MyDesk/Card/CardManager.mlua:18519,%)  (영구),,,
MLUA_CARDMANAGER_322,(초당)  |  추가 대미지 :,RootDesk/MyDesk/Card/CardManager.mlua:18543,(초당)  |  추가 대미지 :,,,
MLUA_CARDMANAGER_323,(메소 1개당),RootDesk/MyDesk/Card/CardManager.mlua:18550,(메소 1개당),,,
MLUA_CARDMANAGER_324,스킬 복사,RootDesk/MyDesk/Card/CardManager.mlua:18552,스킬 복사,,,
MLUA_CARDMANAGER_325,%  |  기본공격 복사,RootDesk/MyDesk/Card/CardManager.mlua:18552,%  |  기본공격 복사,,,
MLUA_CARDMANAGER_326,(초당 틱),RootDesk/MyDesk/Card/CardManager.mlua:18556,(초당 틱),,,
MLUA_CARDMANAGER_327,(초당),RootDesk/MyDesk/Card/CardManager.mlua:18563,(초당),,,
MLUA_CARDMANAGER_328,패시브 스킬,RootDesk/MyDesk/Card/CardManager.mlua:18588,패시브 스킬,Passive Skill,被動技能,パッシブスキル
MLUA_CARDMANAGER_329,쿨타임 :,RootDesk/MyDesk/Card/CardManager.mlua:18588,쿨타임 :,,,
MLUA_CARDMANAGER_330,타겟 :,RootDesk/MyDesk/Card/CardManager.mlua:18603 | RootDesk/MyDesk/Card/CardManager.mlua:18605,타겟 :,,,
MLUA_CARDMANAGER_331,명,RootDesk/MyDesk/Card/CardManager.mlua:18603 | RootDesk/MyDesk/Card/CardManager.mlua:18613 | RootDesk/MyDesk/Card/CardManager.mlua:18678,명,,,
MLUA_CARDMANAGER_332,명  |  슬로우 3s,RootDesk/MyDesk/Card/CardManager.mlua:18605,명  |  슬로우 3s,,,
MLUA_CARDMANAGER_333,타겟,RootDesk/MyDesk/Card/CardManager.mlua:18611 | RootDesk/MyDesk/Card/CardManager.mlua:18613 | RootDesk/MyDesk/Card/CardManager.mlua:18640 | RootDesk/MyDesk/Card/CardManager.mlua:18653 | RootDesk/MyDesk/Card/CardManager.mlua:18655,타겟,,,
MLUA_CARDMANAGER_334,명  |  스턴,RootDesk/MyDesk/Card/CardManager.mlua:18611,명  |  스턴,,,
MLUA_CARDMANAGER_335,초(보스/엘리트,RootDesk/MyDesk/Card/CardManager.mlua:18611,초(보스/엘리트,,,
MLUA_CARDMANAGER_336,초),RootDesk/MyDesk/Card/CardManager.mlua:18611 | RootDesk/MyDesk/Card/CardManager.mlua:18795 | RootDesk/MyDesk/Card/CardManager.mlua:25749,초),,,
MLUA_CARDMANAGER_337,전체 범위  |  화염 DoT 3회,RootDesk/MyDesk/Card/CardManager.mlua:18616,전체 범위  |  화염 DoT 3회,Full Area  |  Fire DoT x3,全範圍  |  火焰持續傷害 3次,全範囲  |  炎の継続ダメージ 3回
MLUA_CARDMANAGER_338,2연타,RootDesk/MyDesk/Card/CardManager.mlua:18619,2연타,2 hits,2連擊,2連撃
MLUA_CARDMANAGER_339,치명타 20%,RootDesk/MyDesk/Card/CardManager.mlua:18622,치명타 20%,,,
MLUA_CARDMANAGER_340,광역,RootDesk/MyDesk/Card/CardManager.mlua:18626,광역,,,
MLUA_CARDMANAGER_341,연쇄 3개 (50%/35%/15%)  |  5스택 시 빙결 폭발,RootDesk/MyDesk/Card/CardManager.mlua:18631,연쇄 3개 (50%/35%/15%)  |  5스택 시 빙결 폭발,Chain 3 (50%/35%/15%)  |  Freeze explosion at 5 stacks,連鎖 3個 (50%/35%/15%)  |  5層時冰凍爆炸,連鎖 3個 (50%/35%/15%)  |  5スタックで凍結爆発
MLUA_CARDMANAGER_342,연쇄 2개 (50%/35%),RootDesk/MyDesk/Card/CardManager.mlua:18633,연쇄 2개 (50%/35%),Chain 2 (50%/35%),連鎖 2個 (50%/35%),連鎖 2個 (50%/35%)
MLUA_CARDMANAGER_343,연쇄 1개 (50%),RootDesk/MyDesk/Card/CardManager.mlua:18635,연쇄 1개 (50%),Chain 1 (50%),連鎖 1個 (50%),連鎖 1個 (50%)
MLUA_CARDMANAGER_344,명  |  범위 광역,RootDesk/MyDesk/Card/CardManager.mlua:18640,명  |  범위 광역,,,
MLUA_CARDMANAGER_345,|  출혈,RootDesk/MyDesk/Card/CardManager.mlua:18641,|  출혈,,,
MLUA_CARDMANAGER_346,%/틱 (3초),RootDesk/MyDesk/Card/CardManager.mlua:18641,%/틱 (3초),,,
MLUA_CARDMANAGER_347,고정 광역,RootDesk/MyDesk/Card/CardManager.mlua:18643,고정 광역,Fixed AoE,固定範圍,固定範囲
MLUA_CARDMANAGER_348,|  25% 확률 2연타(2타 50%),RootDesk/MyDesk/Card/CardManager.mlua:18644,|  25% 확률 2연타(2타 50%),,,
MLUA_CARDMANAGER_349,광역  |,RootDesk/MyDesk/Card/CardManager.mlua:18648,광역  |,,,
MLUA_CARDMANAGER_350,타,RootDesk/MyDesk/Card/CardManager.mlua:18648,타,,,
MLUA_CARDMANAGER_351,|  넉백,RootDesk/MyDesk/Card/CardManager.mlua:18649,|  넉백,,,
MLUA_CARDMANAGER_352,명  |  속박,RootDesk/MyDesk/Card/CardManager.mlua:18653 | RootDesk/MyDesk/Card/CardManager.mlua:18753 | RootDesk/MyDesk/Card/CardManager.mlua:18789 | RootDesk/MyDesk/Card/CardManager.mlua:18807,명  |  속박,,,
MLUA_CARDMANAGER_353,초,RootDesk/MyDesk/Card/CardManager.mlua:18653 | RootDesk/MyDesk/Card/CardManager.mlua:18659 | RootDesk/MyDesk/Card/CardManager.mlua:18687 | RootDesk/MyDesk/Card/CardManager.mlua:18757 | RootDesk/MyDesk/Card/CardManager.mlua:18839,초,s,秒,秒
MLUA_CARDMANAGER_354,명  |  빙결 스택+1,RootDesk/MyDesk/Card/CardManager.mlua:18655,명  |  빙결 스택+1,,,
MLUA_CARDMANAGER_355,명  |  3연타  |  스턴,RootDesk/MyDesk/Card/CardManager.mlua:18659,명  |  3연타  |  스턴,,,
MLUA_CARDMANAGER_356,"명  |  슬로우, 빙결 스택2",RootDesk/MyDesk/Card/CardManager.mlua:18661,"명  |  슬로우, 빙결 스택2",,,
MLUA_CARDMANAGER_357,연쇄,RootDesk/MyDesk/Card/CardManager.mlua:18664,연쇄,,,
MLUA_CARDMANAGER_358,명  |  치명타+20%  |  마지막 착탄 +,RootDesk/MyDesk/Card/CardManager.mlua:18664,명  |  치명타+20%  |  마지막 착탄 +,,,
MLUA_CARDMANAGER_359,광역  |  출혈 5%/틱  |  넉백,RootDesk/MyDesk/Card/CardManager.mlua:18666,광역  |  출혈 5%/틱  |  넉백,AoE  |  Bleed 5%/tick  |  Knockback,範圍  |  流血 5%/次  |  擊退,範囲  |  出血 5%/ティック  |  ノックバック
MLUA_CARDMANAGER_360,고정 광역  |,RootDesk/MyDesk/Card/CardManager.mlua:18670,고정 광역  |,,,
MLUA_CARDMANAGER_361,% 확률 2연타(2타 50%),RootDesk/MyDesk/Card/CardManager.mlua:18670,% 확률 2연타(2타 50%),,,
MLUA_CARDMANAGER_362,명  |  빙결 스택+1  |  추가타 대미지,RootDesk/MyDesk/Card/CardManager.mlua:18673,명  |  빙결 스택+1  |  추가타 대미지,,,
MLUA_CARDMANAGER_363,명  |  속박 3초  |  추가타 대미지,RootDesk/MyDesk/Card/CardManager.mlua:18676,명  |  속박 3초  |  추가타 대미지,,,
MLUA_CARDMANAGER_364,화살,RootDesk/MyDesk/Card/CardManager.mlua:18681 | RootDesk/MyDesk/Card/CardManager.mlua:18699 | RootDesk/MyDesk/Card/CardManager.mlua:18705,화살,,,
MLUA_CARDMANAGER_365,발,RootDesk/MyDesk/Card/CardManager.mlua:18681,발,,,
MLUA_CARDMANAGER_366,|  강화 화살,RootDesk/MyDesk/Card/CardManager.mlua:18683,|  강화 화살,,,
MLUA_CARDMANAGER_367,% 대미지),RootDesk/MyDesk/Card/CardManager.mlua:18683 | RootDesk/MyDesk/Card/CardManager.mlua:18731,% 대미지),,,
MLUA_CARDMANAGER_368,착탄,RootDesk/MyDesk/Card/CardManager.mlua:18687 | RootDesk/MyDesk/Card/CardManager.mlua:18693 | RootDesk/MyDesk/Card/CardManager.mlua:18701 | RootDesk/MyDesk/Card/CardManager.mlua:18709 | RootDesk/MyDesk/Card/CardManager.mlua:18720,착탄,,,
MLUA_CARDMANAGER_369,개  |  광역  |  슬로우,RootDesk/MyDesk/Card/CardManager.mlua:18687,개  |  광역  |  슬로우,,,
MLUA_CARDMANAGER_370,개  |  광역  |  슬로우 대상 +,RootDesk/MyDesk/Card/CardManager.mlua:18693,개  |  광역  |  슬로우 대상 +,,,
MLUA_CARDMANAGER_371,% 대미지,RootDesk/MyDesk/Card/CardManager.mlua:18693 | RootDesk/MyDesk/Card/CardManager.mlua:18697 | RootDesk/MyDesk/Card/CardManager.mlua:18714 | RootDesk/MyDesk/Card/CardManager.mlua:18716 | RootDesk/MyDesk/Card/CardManager.mlua:18720,% 대미지,,,
MLUA_CARDMANAGER_372,유지,RootDesk/MyDesk/Card/CardManager.mlua:18697 | RootDesk/MyDesk/Card/CardManager.mlua:18725 | RootDesk/MyDesk/Inventory/UI/UIComposePopup.mlua:689,유지,,,
MLUA_CARDMANAGER_373,초  |  광역  |  슬로우 대상 +,RootDesk/MyDesk/Card/CardManager.mlua:18697,초  |  광역  |  슬로우 대상 +,,,
MLUA_CARDMANAGER_374,발  |  관통,RootDesk/MyDesk/Card/CardManager.mlua:18699 | RootDesk/MyDesk/Card/CardManager.mlua:18705 | RootDesk/MyDesk/Card/CardManager.mlua:18804,발  |  관통,,,
MLUA_CARDMANAGER_375,회,RootDesk/MyDesk/Card/CardManager.mlua:18699,회,,,
MLUA_CARDMANAGER_376,개  |  광역,RootDesk/MyDesk/Card/CardManager.mlua:18701,개  |  광역,,,
MLUA_CARDMANAGER_377,회  |  크리티컬 +,RootDesk/MyDesk/Card/CardManager.mlua:18705,회  |  크리티컬 +,,,
MLUA_CARDMANAGER_378,개  |  광역  |  크리티컬 +,RootDesk/MyDesk/Card/CardManager.mlua:18709,개  |  광역  |  크리티컬 +,,,
MLUA_CARDMANAGER_379,타겟 2명  |  넉백  |  타격 유닛,RootDesk/MyDesk/Card/CardManager.mlua:18714,타겟 2명  |  넉백  |  타격 유닛,,,
MLUA_CARDMANAGER_380,%  |  광역,RootDesk/MyDesk/Card/CardManager.mlua:18714 | RootDesk/MyDesk/Card/CardManager.mlua:18848,%  |  광역,,,
MLUA_CARDMANAGER_381,명  |  넉백  |  충돌 대상,RootDesk/MyDesk/Card/CardManager.mlua:18716,명  |  넉백  |  충돌 대상,,,
MLUA_CARDMANAGER_382,"개  |  광역  |  슬로우, 스턴",RootDesk/MyDesk/Card/CardManager.mlua:18720,"개  |  광역  |  슬로우, 스턴",,,
MLUA_CARDMANAGER_383,초  |  슬로우 대상,RootDesk/MyDesk/Card/CardManager.mlua:18720,초  |  슬로우 대상,,,
MLUA_CARDMANAGER_384,초  |  광역  |  크리티컬,RootDesk/MyDesk/Card/CardManager.mlua:18725,초  |  광역  |  크리티컬,,,
MLUA_CARDMANAGER_385,%  |  슬로우 대상,RootDesk/MyDesk/Card/CardManager.mlua:18725,%  |  슬로우 대상,,,
MLUA_CARDMANAGER_386,최대,RootDesk/MyDesk/Card/CardManager.mlua:18731,최대,,,
MLUA_CARDMANAGER_387,명 연사  |  추가 타격,RootDesk/MyDesk/Card/CardManager.mlua:18731,명 연사  |  추가 타격,,,
MLUA_CARDMANAGER_388,연사,RootDesk/MyDesk/Card/CardManager.mlua:18737,연사,,,
MLUA_CARDMANAGER_389,발  |  강화 확률(화살마다),RootDesk/MyDesk/Card/CardManager.mlua:18737,발  |  강화 확률(화살마다),,,
MLUA_CARDMANAGER_390,%  |  강화 시,RootDesk/MyDesk/Card/CardManager.mlua:18737,%  |  강화 시,,,
MLUA_CARDMANAGER_391,연타(,RootDesk/MyDesk/Card/CardManager.mlua:18737,연타(,,,
MLUA_CARDMANAGER_392,초 간격),RootDesk/MyDesk/Card/CardManager.mlua:18737,초 간격),,,
MLUA_CARDMANAGER_393,추가 공격 대미지,RootDesk/MyDesk/Card/CardManager.mlua:18739,추가 공격 대미지,,,
MLUA_CARDMANAGER_394,명  |  콤보스택 +1,RootDesk/MyDesk/Card/CardManager.mlua:18741 | RootDesk/MyDesk/Card/CardManager.mlua:18743,명  |  콤보스택 +1,,,
MLUA_CARDMANAGER_395,명  |  광역  |  콤보스택 +1,RootDesk/MyDesk/Card/CardManager.mlua:18745 | RootDesk/MyDesk/Card/CardManager.mlua:18749,명  |  광역  |  콤보스택 +1,,,
MLUA_CARDMANAGER_396,명  |  넉백  |  타격 유닛,RootDesk/MyDesk/Card/CardManager.mlua:18747,명  |  넉백  |  타격 유닛,,,
MLUA_CARDMANAGER_397,명  |  2연타(70%/50%)  |,RootDesk/MyDesk/Card/CardManager.mlua:18751 | RootDesk/MyDesk/Card/CardManager.mlua:18770,명  |  2연타(70%/50%)  |,,,
MLUA_CARDMANAGER_398,% 확률 4연타(60/50/40/30%),RootDesk/MyDesk/Card/CardManager.mlua:18751 | RootDesk/MyDesk/Card/CardManager.mlua:18770,% 확률 4연타(60/50/40/30%),,,
MLUA_CARDMANAGER_399,초  |  콤보스택 +1,RootDesk/MyDesk/Card/CardManager.mlua:18753,초  |  콤보스택 +1,,,
MLUA_CARDMANAGER_400,지속,RootDesk/MyDesk/Card/CardManager.mlua:18755 | RootDesk/MyDesk/Card/CardManager.mlua:18768 | RootDesk/MyDesk/Card/CardManager.mlua:18780 | RootDesk/MyDesk/Card/CardManager.mlua:18782 | RootDesk/MyDesk/Card/CardManager.mlua:18833,지속,,,
MLUA_CARDMANAGER_401,초  |  2연타(50%/50%)  |  광역,RootDesk/MyDesk/Card/CardManager.mlua:18755 | RootDesk/MyDesk/Card/CardManager.mlua:18768,초  |  2연타(50%/50%)  |  광역,,,
MLUA_CARDMANAGER_402,명  |  콤보스택 +2  |  스턴,RootDesk/MyDesk/Card/CardManager.mlua:18757,명  |  콤보스택 +2  |  스턴,,,
MLUA_CARDMANAGER_403,명  |  광역  |  2타 대미지,RootDesk/MyDesk/Card/CardManager.mlua:18759,명  |  광역  |  2타 대미지,,,
MLUA_CARDMANAGER_404,%  |  콤보스택 +1,RootDesk/MyDesk/Card/CardManager.mlua:18759,%  |  콤보스택 +1,,,
MLUA_CARDMANAGER_405,넉백  |  타격 유닛,RootDesk/MyDesk/Card/CardManager.mlua:18762,넉백  |  타격 유닛,,,
MLUA_CARDMANAGER_406,%  |  광역 대미지,RootDesk/MyDesk/Card/CardManager.mlua:18762,%  |  광역 대미지,,,
MLUA_CARDMANAGER_407,명  |  콤보스택 +2,RootDesk/MyDesk/Card/CardManager.mlua:18764,명  |  콤보스택 +2,,,
MLUA_CARDMANAGER_408,명  |  검기,RootDesk/MyDesk/Card/CardManager.mlua:18766,명  |  검기,,,
MLUA_CARDMANAGER_409,개  |  콤보스택 +1,RootDesk/MyDesk/Card/CardManager.mlua:18766,개  |  콤보스택 +1,,,
MLUA_CARDMANAGER_410,명  |  광역,RootDesk/MyDesk/Card/CardManager.mlua:18772,명  |  광역,,,
MLUA_CARDMANAGER_411,명  |  분열,RootDesk/MyDesk/Card/CardManager.mlua:18775 | RootDesk/MyDesk/Card/CardManager.mlua:18778,명  |  분열,,,
MLUA_CARDMANAGER_412,개(,RootDesk/MyDesk/Card/CardManager.mlua:18775 | RootDesk/MyDesk/Card/CardManager.mlua:18778,개(,,,
MLUA_CARDMANAGER_413,초  |  추적  |  경로상 적 타격,RootDesk/MyDesk/Card/CardManager.mlua:18780,초  |  추적  |  경로상 적 타격,,,
MLUA_CARDMANAGER_414,초  |  추적  |  경로상 적 타격  |  소멸 시 폭발,RootDesk/MyDesk/Card/CardManager.mlua:18782,초  |  추적  |  경로상 적 타격  |  소멸 시 폭발,,,
MLUA_CARDMANAGER_415,%(광역),RootDesk/MyDesk/Card/CardManager.mlua:18782,%(광역),,,
MLUA_CARDMANAGER_416,타겟 1명  |  광역,RootDesk/MyDesk/Card/CardManager.mlua:18784,타겟 1명  |  광역,Targets 1  |  AoE,目標 1名  |  範圍,ターゲット 1体  |  範囲
MLUA_CARDMANAGER_417,타겟 1명  |  광역  |  스턴,RootDesk/MyDesk/Card/CardManager.mlua:18786,타겟 1명  |  광역  |  스턴,,,
MLUA_CARDMANAGER_418,초(,RootDesk/MyDesk/Card/CardManager.mlua:18786,초(,,,
MLUA_CARDMANAGER_419,초(100%)  |  보스·엘리트 지속 1/2,RootDesk/MyDesk/Card/CardManager.mlua:18789,초(100%)  |  보스·엘리트 지속 1/2,,,
MLUA_CARDMANAGER_420,명  |  지속,RootDesk/MyDesk/Card/CardManager.mlua:18792 | RootDesk/MyDesk/Card/CardManager.mlua:18795,명  |  지속,,,
MLUA_CARDMANAGER_421,초  |  설치 광역(범위 점차 증가),RootDesk/MyDesk/Card/CardManager.mlua:18792,초  |  설치 광역(범위 점차 증가),,,
MLUA_CARDMANAGER_422,초  |  설치 광역(범위 점차 증가)  |  출혈,RootDesk/MyDesk/Card/CardManager.mlua:18795,초  |  설치 광역(범위 점차 증가)  |  출혈,,,
MLUA_CARDMANAGER_423,%/초(,RootDesk/MyDesk/Card/CardManager.mlua:18795,%/초(,,,
MLUA_CARDMANAGER_424,명  |  관통,RootDesk/MyDesk/Card/CardManager.mlua:18798,명  |  관통,,,
MLUA_CARDMANAGER_425,마리,RootDesk/MyDesk/Card/CardManager.mlua:18798,마리,,,
MLUA_CARDMANAGER_426,명  |  4연타(,RootDesk/MyDesk/Card/CardManager.mlua:18800,명  |  4연타(,,,
MLUA_CARDMANAGER_427,% × 4)  |  크리 +,RootDesk/MyDesk/Card/CardManager.mlua:18800,% × 4)  |  크리 +,,,
MLUA_CARDMANAGER_428,마리(,RootDesk/MyDesk/Card/CardManager.mlua:18804,마리(,,,
MLUA_CARDMANAGER_429,초(100%)  |  해제 시 추가타,RootDesk/MyDesk/Card/CardManager.mlua:18807,초(100%)  |  해제 시 추가타,,,
MLUA_CARDMANAGER_430,%  |  보스·엘리트 지속 1/2,RootDesk/MyDesk/Card/CardManager.mlua:18807,%  |  보스·엘리트 지속 1/2,,,
MLUA_CARDMANAGER_431,명  |  광역  |  스톰,RootDesk/MyDesk/Card/CardManager.mlua:18810,명  |  광역  |  스톰,,,
MLUA_CARDMANAGER_432,초 추적(닿으면,RootDesk/MyDesk/Card/CardManager.mlua:18810,초 추적(닿으면,,,
MLUA_CARDMANAGER_433,"%, 같은 대상",RootDesk/MyDesk/Card/CardManager.mlua:18810,"%, 같은 대상",,,
MLUA_CARDMANAGER_434,초당 1회),RootDesk/MyDesk/Card/CardManager.mlua:18810,초당 1회),,,
MLUA_CARDMANAGER_435,명  |  3연타(40/30/30%),RootDesk/MyDesk/Card/CardManager.mlua:18813,명  |  3연타(40/30/30%),,,
MLUA_CARDMANAGER_436,명  |  2연타(,RootDesk/MyDesk/Card/CardManager.mlua:18816 | RootDesk/MyDesk/Card/CardManager.mlua:18819,명  |  2연타(,,,
MLUA_CARDMANAGER_437,명  |  5연타(각,RootDesk/MyDesk/Card/CardManager.mlua:18822,명  |  5연타(각,,,
MLUA_CARDMANAGER_438,%)  |  광역,RootDesk/MyDesk/Card/CardManager.mlua:18822,%)  |  광역,,,
MLUA_CARDMANAGER_439,명  |  명중 -,RootDesk/MyDesk/Card/CardManager.mlua:18825 | RootDesk/MyDesk/Card/CardManager.mlua:18845,명  |  명중 -,,,
MLUA_CARDMANAGER_440,%(보스/엘리트 절반)  |  지속,RootDesk/MyDesk/Card/CardManager.mlua:18825 | RootDesk/MyDesk/Card/CardManager.mlua:18845,%(보스/엘리트 절반)  |  지속,,,
MLUA_CARDMANAGER_441,초  |  광역  |  추가 대미지,RootDesk/MyDesk/Card/CardManager.mlua:18825,초  |  광역  |  추가 대미지,,,
MLUA_CARDMANAGER_442,타겟 2명  |  크리티컬 확률 +,RootDesk/MyDesk/Card/CardManager.mlua:18828,타겟 2명  |  크리티컬 확률 +,,,
MLUA_CARDMANAGER_443,%  |  광역  |  메소 100%/아이템 50%,RootDesk/MyDesk/Card/CardManager.mlua:18828,%  |  광역  |  메소 100%/아이템 50%,,,
MLUA_CARDMANAGER_444,메소 폭발  |  2연타(50/50%)  |  스턴,RootDesk/MyDesk/Card/CardManager.mlua:18831,메소 폭발  |  2연타(50/50%)  |  스턴,,,
MLUA_CARDMANAGER_445,% 확률,RootDesk/MyDesk/Card/CardManager.mlua:18831,% 확률,,,
MLUA_CARDMANAGER_446,초  |  기본 공격 시 30% 확률 메소 드랍,RootDesk/MyDesk/Card/CardManager.mlua:18831,초  |  기본 공격 시 30% 확률 메소 드랍,,,
MLUA_CARDMANAGER_447,초  |  분신 소환 대미지  |  스킬,RootDesk/MyDesk/Card/CardManager.mlua:18833,초  |  분신 소환 대미지  |  스킬,,,
MLUA_CARDMANAGER_448,%  |  기본공격,RootDesk/MyDesk/Card/CardManager.mlua:18833,%  |  기본공격,,,
MLUA_CARDMANAGER_449,개  |  스턴,RootDesk/MyDesk/Card/CardManager.mlua:18839 | RootDesk/MyDesk/Card/CardManager.mlua:18857,개  |  스턴,,,
MLUA_CARDMANAGER_450,명  |  3연타(,RootDesk/MyDesk/Card/CardManager.mlua:18842,명  |  3연타(,,,
MLUA_CARDMANAGER_451,초  |  광역,RootDesk/MyDesk/Card/CardManager.mlua:18845,초  |  광역,,,
MLUA_CARDMANAGER_452,명  |  크리티컬 확률 +,RootDesk/MyDesk/Card/CardManager.mlua:18848,명  |  크리티컬 확률 +,,,
MLUA_CARDMANAGER_453,명  |  메소 드랍 100%  |  아이템 드랍,RootDesk/MyDesk/Card/CardManager.mlua:18850,명  |  메소 드랍 100%  |  아이템 드랍,,,
MLUA_CARDMANAGER_454,메소 폭발  |  광역  |  기본 공격 시,RootDesk/MyDesk/Card/CardManager.mlua:18853,메소 폭발  |  광역  |  기본 공격 시,,,
MLUA_CARDMANAGER_455,% 확률로 메소 드랍,RootDesk/MyDesk/Card/CardManager.mlua:18853,% 확률로 메소 드랍,,,
MLUA_CARDMANAGER_456,초  |  분신 소환 대미지,RootDesk/MyDesk/Card/CardManager.mlua:18855,초  |  분신 소환 대미지,,,
MLUA_CARDMANAGER_457,툴팁:,[LOG] RootDesk/MyDesk/Card/CardManager.mlua:18885,툴팁:,,,
MLUA_CARDMANAGER_458,) — 안전망 타이머가 연출을 대신 정리 중,[LOG] RootDesk/MyDesk/Card/CardManager.mlua:19470,) — 안전망 타이머가 연출을 대신 정리 중,,,
MLUA_CARDMANAGER_459,FreezeExplosion: 빙결 폭발! x=,[LOG] RootDesk/MyDesk/Card/CardManager.mlua:21863,FreezeExplosion: 빙결 폭발! x=,,,
MLUA_CARDMANAGER_460,지속회복,RootDesk/MyDesk/Card/CardManager.mlua:22970,지속회복,Regeneration,持續恢復,持続回復
MLUA_CARDMANAGER_461,기본공격,RootDesk/MyDesk/Card/CardManager.mlua:22971 | RootDesk/MyDesk/Card/CardManager.mlua:22972 | RootDesk/MyDesk/Card/CardManager.mlua:22973 | RootDesk/MyDesk/Card/CardManager.mlua:22974 | RootDesk/MyDesk/Card/CardManager.mlua:22975,기본공격,Basic Attack,普通攻擊,通常攻撃
MLUA_CARDMANAGER_462,다단타격,RootDesk/MyDesk/Card/CardManager.mlua:22976,다단타격,Multi-hit,多段攻擊,多段攻撃
MLUA_CARDMANAGER_463,"관통,둔화",RootDesk/MyDesk/Card/CardManager.mlua:22977,"관통,둔화","Pierce,Slow","穿透,緩速","貫通,スロー"
MLUA_CARDMANAGER_464,"관통,스턴",RootDesk/MyDesk/Card/CardManager.mlua:22978,"관통,스턴","Pierce,Stun","穿透,暈眩","貫通,スタン"
MLUA_CARDMANAGER_465,"광역,화상",RootDesk/MyDesk/Card/CardManager.mlua:22979,"광역,화상","AoE,Burn","範圍,燒傷","範囲,火傷"
MLUA_CARDMANAGER_466,쿨감버프,RootDesk/MyDesk/Card/CardManager.mlua:22980,쿨감버프,Cooldown Buff,冷卻增益,クールタイムバフ
MLUA_CARDMANAGER_467,크리티컬버프,RootDesk/MyDesk/Card/CardManager.mlua:22981,크리티컬버프,Critical Buff,爆擊增益,クリティカルバフ
MLUA_CARDMANAGER_468,"관통,연쇄",RootDesk/MyDesk/Card/CardManager.mlua:22982,"관통,연쇄","Pierce,Chain","穿透,連鎖","貫通,連鎖"
MLUA_CARDMANAGER_469,"빙결,연쇄",RootDesk/MyDesk/Card/CardManager.mlua:22983,"빙결,연쇄","Freeze,Chain","冰凍,連鎖","凍結,連鎖"
MLUA_CARDMANAGER_470,"광역,출혈",RootDesk/MyDesk/Card/CardManager.mlua:22984,"광역,출혈","AoE,Bleed","範圍,流血","範囲,出血"
MLUA_CARDMANAGER_471,"고정,광역",RootDesk/MyDesk/Card/CardManager.mlua:22985,"고정,광역","Fixed,AoE","固定,範圍","固定,範囲"
MLUA_CARDMANAGER_472,"광역,넉백",RootDesk/MyDesk/Card/CardManager.mlua:22986 | RootDesk/MyDesk/Card/CardRegistry.mlua:232,"광역,넉백","AoE,Knockback","範圍,擊退","範囲,ノックバック"
MLUA_CARDMANAGER_473,"다중,속박",RootDesk/MyDesk/Card/CardManager.mlua:22987,"다중,속박","Multi-target,Bind","多目標,束縛","複数対象,バインド"
MLUA_CARDMANAGER_474,"다중,빙결",RootDesk/MyDesk/Card/CardManager.mlua:22988,"다중,빙결","Multi-target,Freeze","多目標,冰凍","複数対象,凍結"
MLUA_CARDMANAGER_475,"광역,스턴,3연타",RootDesk/MyDesk/Card/CardManager.mlua:22989,"광역,스턴,3연타","AoE,Stun,3 hits","範圍,暈眩,3連擊","範囲,スタン,3連撃"
MLUA_CARDMANAGER_476,"다중,슬로우,빙결",RootDesk/MyDesk/Card/CardManager.mlua:22990,"다중,슬로우,빙결","Multi-target,Slow,Freeze","多目標,緩速,冰凍","複数対象,スロー,凍結"
MLUA_CARDMANAGER_477,"패시브,피해감소",RootDesk/MyDesk/Card/CardManager.mlua:22991,"패시브,피해감소","Passive,Damage Reduction","被動,傷害減免","パッシブ,ダメージ軽減"
MLUA_CARDMANAGER_478,"연쇄,치명타",RootDesk/MyDesk/Card/CardManager.mlua:22992,"연쇄,치명타","Chain,Critical","連鎖,爆擊","連鎖,クリティカル"
MLUA_CARDMANAGER_479,"광역,관통,출혈,넉백",RootDesk/MyDesk/Card/CardManager.mlua:22993,"광역,관통,출혈,넉백","AoE,Pierce,Bleed,Knockback","範圍,穿透,流血,擊退","範囲,貫通,出血,ノックバック"
MLUA_CARDMANAGER_480,"고정,광역,확률2연타",RootDesk/MyDesk/Card/CardManager.mlua:22994,"고정,광역,확률2연타","Fixed,AoE,Chance of 2 hits","固定,範圍,機率2連擊","固定,範囲,確率2連撃"
MLUA_CARDMANAGER_481,"패시브,피해증가",RootDesk/MyDesk/Card/CardManager.mlua:22995 | RootDesk/MyDesk/Card/CardManager.mlua:23017 | RootDesk/MyDesk/Card/CardRegistry.mlua:133 | RootDesk/MyDesk/Card/CardRegistry.mlua:292 | RootDesk/MyDesk/Card/CardRegistry.mlua:481,"패시브,피해증가","Passive,Damage Increase","被動,傷害增加","パッシブ,ダメージ増加"
MLUA_CARDMANAGER_482,"다중,빙결,범위",RootDesk/MyDesk/Card/CardManager.mlua:22996,"다중,빙결,범위","Multi-target,Freeze,Area","多目標,冰凍,範圍","複数対象,凍結,範囲"
MLUA_CARDMANAGER_483,"다중,속박,추가타",RootDesk/MyDesk/Card/CardManager.mlua:22997,"다중,속박,추가타","Multi-target,Bind,Extra hit","多目標,束縛,追加攻擊","複数対象,バインド,追加攻撃"
MLUA_CARDMANAGER_484,"다중,관통",RootDesk/MyDesk/Card/CardManager.mlua:22998,"다중,관통","Multi-target,Pierce","多目標,穿透","複数対象,貫通"
MLUA_CARDMANAGER_485,"단일,확률강화",RootDesk/MyDesk/Card/CardManager.mlua:22999,"단일,확률강화","Single,Chance Enhance","單體,機率強化","単体,確率強化"
MLUA_CARDMANAGER_486,"광역,다중,슬로우",RootDesk/MyDesk/Card/CardManager.mlua:23000,"광역,다중,슬로우","AoE,Multi-target,Slow","範圍,多目標,緩速","範囲,複数対象,スロー"
MLUA_CARDMANAGER_487,"광역,다중,슬로우대상추가딜",RootDesk/MyDesk/Card/CardManager.mlua:23001,"광역,다중,슬로우대상추가딜","AoE,Multi-target,Bonus vs Slowed","範圍,多目標,對緩速目標追加傷害","範囲,複数対象,スロー中の敵に追加ダメージ"
MLUA_CARDMANAGER_488,"소환,광역,지속딜,슬로우대상추가딜",RootDesk/MyDesk/Card/CardManager.mlua:23002,"소환,광역,지속딜,슬로우대상추가딜","Summon,AoE,Damage over time,Bonus vs Slowed","召喚,範圍,持續傷害,對緩速目標追加傷害","召喚,範囲,継続ダメージ,スロー中の敵に追加ダメージ"
MLUA_CARDMANAGER_489,"횡,관통,다중",RootDesk/MyDesk/Card/CardManager.mlua:23003,"횡,관통,다중","Horizontal,Pierce,Multi-target","橫向,穿透,多目標","横方向,貫通,複数対象"
MLUA_CARDMANAGER_490,"종,범위,다중",RootDesk/MyDesk/Card/CardManager.mlua:23004,"종,범위,다중","Vertical,Area,Multi-target","縱向,範圍,多目標","縦方向,範囲,複数対象"
MLUA_CARDMANAGER_491,"횡,관통,크리티컬",RootDesk/MyDesk/Card/CardManager.mlua:23005,"횡,관통,크리티컬","Horizontal,Pierce,Critical","橫向,穿透,爆擊","横方向,貫通,クリティカル"
MLUA_CARDMANAGER_492,"종,범위,크리티컬",RootDesk/MyDesk/Card/CardManager.mlua:23006,"종,범위,크리티컬","Vertical,Area,Critical","縱向,範圍,爆擊","縦方向,範囲,クリティカル"
MLUA_CARDMANAGER_493,"넉백,충돌,폭발",RootDesk/MyDesk/Card/CardManager.mlua:23007,"넉백,충돌,폭발","Knockback,Collision,Explosion","擊退,碰撞,爆炸","ノックバック,衝突,爆発"
MLUA_CARDMANAGER_494,"단일,넉백",RootDesk/MyDesk/Card/CardManager.mlua:23008,"단일,넉백","Single,Knockback","單體,擊退","単体,ノックバック"
MLUA_CARDMANAGER_495,"광역,다중,슬로우,스턴,추가딜",RootDesk/MyDesk/Card/CardManager.mlua:23009,"광역,다중,슬로우,스턴,추가딜","AoE,Multi-target,Slow,Stun,Bonus damage","範圍,多目標,緩速,暈眩,追加傷害","範囲,複数対象,スロー,スタン,追加ダメージ"
MLUA_CARDMANAGER_496,"소환,광역,2단히트,크리티컬",RootDesk/MyDesk/Card/CardManager.mlua:23010,"소환,광역,2단히트,크리티컬","Summon,AoE,2-stage hit,Critical","召喚,範圍,2段攻擊,爆擊","召喚,範囲,2段ヒット,クリティカル"
MLUA_CARDMANAGER_497,"다중,연타,확률추가타",RootDesk/MyDesk/Card/CardManager.mlua:23011,"다중,연타,확률추가타","Multi-target,Multi-hit,Chance extra hit","多目標,連擊,機率追加攻擊","複数対象,連撃,確率追加攻撃"
MLUA_CARDMANAGER_498,"단일,연사,확률강화,3연타",RootDesk/MyDesk/Card/CardManager.mlua:23012,"단일,연사,확률강화,3연타","Single,Rapid fire,Chance Enhance,3 hits","單體,連射,機率強化,3連擊","単体,連射,確率強化,3連撃"
MLUA_CARDMANAGER_499,"패시브,쿨감",RootDesk/MyDesk/Card/CardManager.mlua:23013,"패시브,쿨감","Passive,Cooldown Reduction","被動,冷卻減少","パッシブ,クールタイム減少"
MLUA_CARDMANAGER_500,"패시브,크리티컬",RootDesk/MyDesk/Card/CardManager.mlua:23014 | RootDesk/MyDesk/Card/CardRegistry.mlua:110 | RootDesk/MyDesk/Card/CardRegistry.mlua:280 | RootDesk/MyDesk/Card/CardRegistry.mlua:463,"패시브,크리티컬","Passive,Critical","被動,爆擊","パッシブ,クリティカル"
MLUA_CARDMANAGER_501,"패시브,크리티컬대미지",RootDesk/MyDesk/Card/CardManager.mlua:23015 | RootDesk/MyDesk/Card/CardRegistry.mlua:286 | RootDesk/MyDesk/Card/CardRegistry.mlua:469,"패시브,크리티컬대미지","Passive,Critical Damage","被動,爆擊傷害","パッシブ,クリティカルダメージ"
MLUA_CARDMANAGER_502,"패시브,확률추가공격",RootDesk/MyDesk/Card/CardManager.mlua:23016,"패시브,확률추가공격","Passive,Chance extra attack","被動,機率追加攻擊","パッシブ,確率追加攻撃"
MLUA_CARDMANAGER_503,빨간 포션,RootDesk/MyDesk/Card/CardManager.mlua:23041,빨간 포션,Red Potion,紅色藥水,赤いポーション
MLUA_CARDMANAGER_504,하얀 포션,RootDesk/MyDesk/Card/CardManager.mlua:23041,하얀 포션,White Potion,白色藥水,白いポーション
MLUA_CARDMANAGER_505,장어구이,RootDesk/MyDesk/Card/CardManager.mlua:23041,장어구이,Grilled Eel,烤鰻魚,うなぎの蒲焼
MLUA_CARDMANAGER_506,쭈쭈바,RootDesk/MyDesk/Card/CardManager.mlua:23041,쭈쭈바,Ice Pop,冰棒,アイスキャンディー
MLUA_CARDMANAGER_507,엘릭서,RootDesk/MyDesk/Card/CardManager.mlua:23041,엘릭서,Elixir,萬能藥水,エリクサー
MLUA_CARDMANAGER_508,카드,RootDesk/MyDesk/Card/CardManager.mlua:23898,카드,,,
MLUA_CARDMANAGER_509,무료,RootDesk/MyDesk/Card/CardManager.mlua:23955,무료,Free,免費,無料
MLUA_CARDMANAGER_510,중복 스킬을 획득해 골드 500을 얻었습니다!,RootDesk/MyDesk/Card/CardManager.mlua:24153,중복 스킬을 획득해 골드 500을 얻었습니다!,Got a duplicate skill — received 500 Gold!,獲得重複技能，得到了500金幣！,重複スキルを獲得し、ゴールド500を手に入れました！
MLUA_CARDMANAGER_511,중복 스킬을 획득해,RootDesk/MyDesk/Card/CardManager.mlua:24155,중복 스킬을 획득해,,,
MLUA_CARDMANAGER_512,스킬의 레벨이 올랐습니다!,RootDesk/MyDesk/Card/CardManager.mlua:24155,스킬의 레벨이 올랐습니다!,,,
MLUA_CARDMANAGER_513,영구 활성,[LOG] RootDesk/MyDesk/Card/CardManager.mlua:24179,영구 활성,,,
MLUA_CARDMANAGER_514,% 영구 활성,[LOG] RootDesk/MyDesk/Card/CardManager.mlua:24192,% 영구 활성,,,
MLUA_CARDMANAGER_515,EnergyBolt Lv3: 치명타 +20% 적용,[LOG] RootDesk/MyDesk/Card/CardManager.mlua:24210,EnergyBolt Lv3: 치명타 +20% 적용,,,
MLUA_CARDMANAGER_516,(쿨타임 -,[LOG] RootDesk/MyDesk/Card/CardManager.mlua:24512 | RootDesk/MyDesk/Card/CardManager.mlua:25594 | RootDesk/MyDesk/Card/CardManager.mlua:25656,(쿨타임 -,,,
MLUA_CARDMANAGER_517,(크리티컬,[LOG] RootDesk/MyDesk/Card/CardManager.mlua:24524 | RootDesk/MyDesk/Card/CardManager.mlua:24986 | RootDesk/MyDesk/Card/CardManager.mlua:25606 | RootDesk/MyDesk/Card/CardManager.mlua:25667,(크리티컬,,,
MLUA_CARDMANAGER_518,(크리티컬 대미지 +,[LOG] RootDesk/MyDesk/Card/CardManager.mlua:24536 | RootDesk/MyDesk/Card/CardManager.mlua:25618 | RootDesk/MyDesk/Card/CardManager.mlua:25678,(크리티컬 대미지 +,,,
MLUA_CARDMANAGER_519,(확률,[LOG] RootDesk/MyDesk/Card/CardManager.mlua:24548 | RootDesk/MyDesk/Card/CardManager.mlua:25840,(확률,,,
MLUA_CARDMANAGER_520,(데미지 +,[LOG] RootDesk/MyDesk/Card/CardManager.mlua:24560 | RootDesk/MyDesk/Card/CardManager.mlua:25023,(데미지 +,,,
MLUA_CARDMANAGER_521,활성,[LOG] RootDesk/MyDesk/Card/CardManager.mlua:24572,활성,,,
MLUA_CARDMANAGER_522,활성 (피해,[LOG] RootDesk/MyDesk/Card/CardManager.mlua:24584,활성 (피해,,,
MLUA_CARDMANAGER_523,% 감소),[LOG] RootDesk/MyDesk/Card/CardManager.mlua:24584,% 감소),,,
MLUA_CARDMANAGER_524,활성 (데미지,[LOG] RootDesk/MyDesk/Card/CardManager.mlua:24596,활성 (데미지,,,
MLUA_CARDMANAGER_525,% 증가),[LOG] RootDesk/MyDesk/Card/CardManager.mlua:24596,% 증가),,,
MLUA_CARDMANAGER_526,Card1(파이어샷) upgrade: count=,[LOG] RootDesk/MyDesk/Card/CardManager.mlua:24887,Card1(파이어샷) upgrade: count=,,,
MLUA_CARDMANAGER_527,Card25(애로우샷) upgrade: count=,[LOG] RootDesk/MyDesk/Card/CardManager.mlua:24907,Card25(애로우샷) upgrade: count=,,,
MLUA_CARDMANAGER_528,Card150(레이온 기본공격) upgrade: count=,[LOG] RootDesk/MyDesk/Card/CardManager.mlua:24926,Card150(레이온 기본공격) upgrade: count=,,,
MLUA_CARDMANAGER_529,Card172(쉐이드 기본공격) upgrade: count=,[LOG] RootDesk/MyDesk/Card/CardManager.mlua:24945 | RootDesk/MyDesk/Card/CardManager.mlua:24962,Card172(쉐이드 기본공격) upgrade: count=,,,
MLUA_CARDMANAGER_530,(스택 확률,[LOG] RootDesk/MyDesk/Card/CardManager.mlua:24974,(스택 확률,,,
MLUA_CARDMANAGER_531,(폭발 배율,[LOG] RootDesk/MyDesk/Card/CardManager.mlua:24998,(폭발 배율,,,
MLUA_CARDMANAGER_532,초마다,[LOG] RootDesk/MyDesk/Card/CardManager.mlua:25011,초마다,,,
MLUA_CARDMANAGER_533,% 회복),[LOG] RootDesk/MyDesk/Card/CardManager.mlua:25011,% 회복),,,
MLUA_CARDMANAGER_534,s 출혈,[LOG] RootDesk/MyDesk/Card/CardManager.mlua:25284,s 출혈,,,
MLUA_CARDMANAGER_535,%/초),[LOG] RootDesk/MyDesk/Card/CardManager.mlua:25284,%/초),,,
MLUA_CARDMANAGER_536,(피해량 +,[LOG] RootDesk/MyDesk/Card/CardManager.mlua:25630 | RootDesk/MyDesk/Card/CardManager.mlua:25851,(피해량 +,,,
MLUA_CARDMANAGER_537,(회피,[LOG] RootDesk/MyDesk/Card/CardManager.mlua:25642 | RootDesk/MyDesk/Card/CardManager.mlua:25689,(회피,,,
MLUA_CARDMANAGER_538,4연타,[LOG] RootDesk/MyDesk/Card/CardManager.mlua:25709,4연타,,,
MLUA_CARDMANAGER_539,관통,[LOG] RootDesk/MyDesk/Card/CardManager.mlua:25729,관통,,,
MLUA_CARDMANAGER_540,마리),[LOG] RootDesk/MyDesk/Card/CardManager.mlua:25729,마리),,,
MLUA_CARDMANAGER_541,속박,[LOG] RootDesk/MyDesk/Card/CardManager.mlua:25749,속박,,,
MLUA_CARDMANAGER_542,스톰,[LOG] RootDesk/MyDesk/Card/CardManager.mlua:25769,스톰,,,
MLUA_CARDMANAGER_543,분열,[LOG] RootDesk/MyDesk/Card/CardManager.mlua:25789,분열,,,
MLUA_CARDMANAGER_544,초 폭발,[LOG] RootDesk/MyDesk/Card/CardManager.mlua:25809,초 폭발,,,
MLUA_CARDMANAGER_545,스턴,[LOG] RootDesk/MyDesk/Card/CardManager.mlua:25829,스턴,,,
MLUA_CARDREGISTRY_001,콤보 어택,RootDesk/MyDesk/Card/CardRegistry.mlua:16 | RootDesk/MyDesk/SkillInventory.mlua:102 | /ui/TitleGroup/SkillPanel/ScrollArea/List/SkillSlot_55/Name,콤보 어택,Combo Attack,鬥氣集中,コンボアタック
MLUA_CARDREGISTRY_002,"패시브,확률스택",RootDesk/MyDesk/Card/CardRegistry.mlua:18,"패시브,확률스택","Passive,Chance Stack","被動,機率疊層","パッシブ,確率スタック"
MLUA_CARDREGISTRY_003,슬래시,RootDesk/MyDesk/Card/CardRegistry.mlua:25 | RootDesk/MyDesk/SkillInventory.mlua:87 | /ui/TitleGroup/SkillPanel/ScrollArea/List/SkillSlot_40/Name,슬래시,Slash,斬擊,スラッシュ
MLUA_CARDREGISTRY_004,"다중타격,콤보스택",RootDesk/MyDesk/Card/CardRegistry.mlua:27 | RootDesk/MyDesk/Card/CardRegistry.mlua:35 | RootDesk/MyDesk/Card/CardRegistry.mlua:141 | RootDesk/MyDesk/Card/CardRegistry.mlua:157,"다중타격,콤보스택","Multi-hit,Combo Stack","多段攻擊,連擊層數","多段攻撃,コンボスタック"
MLUA_CARDREGISTRY_005,브랜디쉬,RootDesk/MyDesk/Card/CardRegistry.mlua:33 | RootDesk/MyDesk/SkillInventory.mlua:88 | /ui/TitleGroup/SkillPanel/ScrollArea/List/SkillSlot_41/Name,브랜디쉬,Brandish,狂暴攻擊,ブランディッシュ
MLUA_CARDREGISTRY_006,플래시 슬래시,RootDesk/MyDesk/Card/CardRegistry.mlua:43 | RootDesk/MyDesk/SkillInventory.mlua:89 | /ui/TitleGroup/SkillPanel/ScrollArea/List/SkillSlot_42/Name,플래시 슬래시,Flash Slash,閃光斬,フラッシュスラッシュ
MLUA_CARDREGISTRY_007,"관통이동,콤보스택",RootDesk/MyDesk/Card/CardRegistry.mlua:45 | RootDesk/MyDesk/Card/CardRegistry.mlua:66 | RootDesk/MyDesk/Card/CardRegistry.mlua:167,"관통이동,콤보스택","Piercing dash,Combo Stack","穿透移動,連擊層數","貫通移動,コンボスタック"
MLUA_CARDREGISTRY_008,돌진,RootDesk/MyDesk/Card/CardRegistry.mlua:53 | RootDesk/MyDesk/SkillInventory.mlua:90 | /ui/TitleGroup/SkillPanel/ScrollArea/List/SkillSlot_43/Name,돌진,Rush,突進,突進
MLUA_CARDREGISTRY_009,"넉백,충돌피해",RootDesk/MyDesk/Card/CardRegistry.mlua:55,"넉백,충돌피해","Knockback,Collision Damage","擊退,碰撞傷害","ノックバック,衝突ダメージ"
MLUA_CARDREGISTRY_010,오라 블레이드,RootDesk/MyDesk/Card/CardRegistry.mlua:64 | RootDesk/MyDesk/SkillInventory.mlua:91 | /ui/TitleGroup/SkillPanel/ScrollArea/List/SkillSlot_44/Name,오라 블레이드,Aura Blade,靈氣之刃,オーラブレード
MLUA_CARDREGISTRY_011,레이징 블로우,RootDesk/MyDesk/Card/CardRegistry.mlua:73 | RootDesk/MyDesk/SkillInventory.mlua:92 | /ui/TitleGroup/SkillPanel/ScrollArea/List/SkillSlot_45/Name,레이징 블로우,Raging Blow,憤怒之擊,レイジングブロー
MLUA_CARDREGISTRY_012,다중타격,RootDesk/MyDesk/Card/CardRegistry.mlua:75 | RootDesk/MyDesk/Card/CardRegistry.mlua:205 | RootDesk/MyDesk/Card/CardRegistry.mlua:214,다중타격,Multi-hit,多段攻擊,多段攻撃
MLUA_CARDREGISTRY_013,리프 어택,RootDesk/MyDesk/Card/CardRegistry.mlua:81 | RootDesk/MyDesk/SkillInventory.mlua:93 | /ui/TitleGroup/SkillPanel/ScrollArea/List/SkillSlot_46/Name,리프 어택,Leap Attack,跳躍攻擊,リープアタック
MLUA_CARDREGISTRY_014,"속박,콤보스택",RootDesk/MyDesk/Card/CardRegistry.mlua:83,"속박,콤보스택","Bind,Combo Stack","束縛,連擊層數","バインド,コンボスタック"
MLUA_CARDREGISTRY_015,"소환수,단일타격",RootDesk/MyDesk/Card/CardRegistry.mlua:92 | RootDesk/MyDesk/Card/CardRegistry.mlua:178,"소환수,단일타격","Summon,Single hit","召喚獸,單體攻擊","召喚獣,単体攻撃"
MLUA_CARDREGISTRY_016,브레이브 슬래시,RootDesk/MyDesk/Card/CardRegistry.mlua:100 | RootDesk/MyDesk/SkillInventory.mlua:95 | /ui/TitleGroup/SkillPanel/ScrollArea/List/SkillSlot_48/Name,브레이브 슬래시,Brave Slash,勇氣斬擊,ブレイブスラッシュ
MLUA_CARDREGISTRY_017,"다중타격,콤보스택,스턴",RootDesk/MyDesk/Card/CardRegistry.mlua:102,"다중타격,콤보스택,스턴","Multi-hit,Combo Stack,Stun","多段攻擊,連擊層數,暈眩","多段攻撃,コンボスタック,スタン"
MLUA_CARDREGISTRY_018,찬스 어택,RootDesk/MyDesk/Card/CardRegistry.mlua:108 | RootDesk/MyDesk/SkillInventory.mlua:103 | /ui/TitleGroup/SkillPanel/ScrollArea/List/SkillSlot_56/Name,찬스 어택,Chance Attack,機會攻擊,チャンスアタック
MLUA_CARDREGISTRY_019,코마,RootDesk/MyDesk/Card/CardRegistry.mlua:117 | RootDesk/MyDesk/SkillInventory.mlua:104 | /ui/TitleGroup/SkillPanel/ScrollArea/List/SkillSlot_57/Name,코마,Coma,昏迷,コーマ
MLUA_CARDREGISTRY_020,"패시브,폭발강화",RootDesk/MyDesk/Card/CardRegistry.mlua:119,"패시브,폭발강화","Passive,Explosion Boost","被動,爆炸強化","パッシブ,爆発強化"
MLUA_CARDREGISTRY_021,셀프 리커버리,RootDesk/MyDesk/Card/CardRegistry.mlua:124 | RootDesk/MyDesk/SkillInventory.mlua:105 | /ui/TitleGroup/SkillPanel/ScrollArea/List/SkillSlot_58/Name,셀프 리커버리,Self Recovery,自我恢復,セルフリカバリー
MLUA_CARDREGISTRY_022,"패시브,회복",RootDesk/MyDesk/Card/CardRegistry.mlua:126,"패시브,회복","Passive,Recovery","被動,恢復","パッシブ,回復"
MLUA_CARDREGISTRY_023,워리어 마스터리,RootDesk/MyDesk/Card/CardRegistry.mlua:131 | RootDesk/MyDesk/SkillInventory.mlua:106 | /ui/TitleGroup/SkillPanel/ScrollArea/List/SkillSlot_100/Name | /ui/TitleGroup/SkillPanel/ScrollArea/List/SkillSlot_101/Name | /ui/TitleGroup/SkillPanel/ScrollArea/List/SkillSlot_59/Name,워리어 마스터리,Warrior Mastery,戰士精通,ウォーリアーマスタリー
MLUA_CARDREGISTRY_024,스피릿 블레이드,RootDesk/MyDesk/Card/CardRegistry.mlua:139 | RootDesk/MyDesk/SkillInventory.mlua:96 | /ui/TitleGroup/SkillPanel/ScrollArea/List/SkillSlot_49/Name,스피릿 블레이드,Spirit Blade,靈魂之刃,スピリットブレード
MLUA_CARDREGISTRY_025,버닝 러시,RootDesk/MyDesk/Card/CardRegistry.mlua:147 | RootDesk/MyDesk/SkillInventory.mlua:97 | /ui/TitleGroup/SkillPanel/ScrollArea/List/SkillSlot_50/Name,버닝 러시,Burning Rush,燃燒衝刺,バーニングラッシュ
MLUA_CARDREGISTRY_026,"넉백,충돌피해,범위폭발",RootDesk/MyDesk/Card/CardRegistry.mlua:149,"넉백,충돌피해,범위폭발","Knockback,Collision Damage,AoE Explosion","擊退,碰撞傷害,範圍爆炸","ノックバック,衝突ダメージ,範囲爆発"
MLUA_CARDREGISTRY_027,슬래시 스톰,RootDesk/MyDesk/Card/CardRegistry.mlua:155 | RootDesk/MyDesk/SkillInventory.mlua:98 | /ui/TitleGroup/SkillPanel/ScrollArea/List/SkillSlot_51/Name,슬래시 스톰,Slash Storm,斬擊風暴,スラッシュストーム
MLUA_CARDREGISTRY_028,솔라 블레이드,RootDesk/MyDesk/Card/CardRegistry.mlua:165 | RootDesk/MyDesk/SkillInventory.mlua:99 | /ui/TitleGroup/SkillPanel/ScrollArea/List/SkillSlot_52/Name,솔라 블레이드,Solar Blade,太陽之刃,ソーラーブレード
MLUA_CARDREGISTRY_029,스카링 블레이드,RootDesk/MyDesk/Card/CardRegistry.mlua:176 | RootDesk/MyDesk/SkillInventory.mlua:100 | /ui/TitleGroup/SkillPanel/ScrollArea/List/SkillSlot_53/Name,스카링 블레이드,Scaring Blade,恐懼之刃,スケアリングブレード
MLUA_CARDREGISTRY_030,퓨리어스 블로우,RootDesk/MyDesk/Card/CardRegistry.mlua:186 | RootDesk/MyDesk/SkillInventory.mlua:101 | /ui/TitleGroup/SkillPanel/ScrollArea/List/SkillSlot_54/Name,퓨리어스 블로우,Furious Blow,狂怒之擊,フューリアスブロー
MLUA_CARDREGISTRY_031,"다중타격,확률강화",RootDesk/MyDesk/Card/CardRegistry.mlua:188,"다중타격,확률강화","Multi-hit,Chance Enhance","多段攻擊,機率強化","多段攻撃,確率強化"
MLUA_CARDREGISTRY_032,더블 스탭,RootDesk/MyDesk/Card/CardRegistry.mlua:203 | RootDesk/MyDesk/SkillInventory.mlua:110,더블 스탭,Double Stab,雙重刺擊,ダブルスタッブ
MLUA_CARDREGISTRY_033,새비지 블로우,RootDesk/MyDesk/Card/CardRegistry.mlua:212 | RootDesk/MyDesk/SkillInventory.mlua:111,새비지 블로우,Savage Blow,野蠻打擊,サベージブロー
MLUA_CARDREGISTRY_034,연막탄,RootDesk/MyDesk/Card/CardRegistry.mlua:221 | RootDesk/MyDesk/SkillInventory.mlua:112,연막탄,Smoke Bomb,煙霧彈,スモークボム
MLUA_CARDREGISTRY_035,"광역,디버프,지속피해",RootDesk/MyDesk/Card/CardRegistry.mlua:223,"광역,디버프,지속피해","AoE,Debuff,Damage over time","範圍,減益,持續傷害","範囲,デバフ,継続ダメージ"
MLUA_CARDREGISTRY_036,스틸,RootDesk/MyDesk/Card/CardRegistry.mlua:238 | RootDesk/MyDesk/SkillInventory.mlua:114,스틸,Steal,神偷,スティール
MLUA_CARDREGISTRY_037,"다중타격,드랍",RootDesk/MyDesk/Card/CardRegistry.mlua:240,"다중타격,드랍","Multi-hit,Drop","多段攻擊,掉落","多段攻撃,ドロップ"
MLUA_CARDREGISTRY_038,메소 익스플로젼,RootDesk/MyDesk/Card/CardRegistry.mlua:246 | RootDesk/MyDesk/SkillInventory.mlua:115,메소 익스플로젼,Meso Explosion,楓幣炸彈,メルエクスプロージョン
MLUA_CARDREGISTRY_039,"범위,드랍연계",RootDesk/MyDesk/Card/CardRegistry.mlua:248,"범위,드랍연계","Area,Drop combo","範圍,掉落連動","範囲,ドロップ連携"
MLUA_CARDREGISTRY_040,쉐도우 파트너,RootDesk/MyDesk/Card/CardRegistry.mlua:254 | RootDesk/MyDesk/SkillInventory.mlua:116,쉐도우 파트너,Shadow Partner,影分身,シャドーパートナー
MLUA_CARDREGISTRY_041,"소환,모방",RootDesk/MyDesk/Card/CardRegistry.mlua:256,"소환,모방","Summon,Mimic","召喚,模仿","召喚,模倣"
MLUA_CARDREGISTRY_042,다크 플레어,RootDesk/MyDesk/Card/CardRegistry.mlua:262 | RootDesk/MyDesk/SkillInventory.mlua:117,다크 플레어,Dark Flare,黑暗之焰,ダークフレア
MLUA_CARDREGISTRY_043,"스턴,다중타격",RootDesk/MyDesk/Card/CardRegistry.mlua:264,"스턴,다중타격","Stun,Multi-hit","暈眩,多段攻擊","スタン,多段攻撃"
MLUA_CARDREGISTRY_044,대거 액셀레이션,RootDesk/MyDesk/Card/CardRegistry.mlua:272 | RootDesk/MyDesk/SkillInventory.mlua:125,대거 액셀레이션,Dagger Acceleration,匕首加速,ダガーアクセラレーション
MLUA_CARDREGISTRY_045,"패시브,쿨타임감소",RootDesk/MyDesk/Card/CardRegistry.mlua:274 | RootDesk/MyDesk/Card/CardRegistry.mlua:457,"패시브,쿨타임감소","Passive,Cooldown Reduction","被動,冷卻減少","パッシブ,クールタイム減少"
MLUA_CARDREGISTRY_046,크리티컬 엣지,RootDesk/MyDesk/Card/CardRegistry.mlua:278 | RootDesk/MyDesk/SkillInventory.mlua:126,크리티컬 엣지,Critical Edge,致命之刃,クリティカルエッジ
MLUA_CARDREGISTRY_047,카르마,RootDesk/MyDesk/Card/CardRegistry.mlua:284 | RootDesk/MyDesk/SkillInventory.mlua:127,카르마,Karma,業力,カルマ
MLUA_CARDREGISTRY_048,피지컬 트레이닝,RootDesk/MyDesk/Card/CardRegistry.mlua:290 | RootDesk/MyDesk/SkillInventory.mlua:129,피지컬 트레이닝,Physical Training,體能訓練,フィジカルトレーニング
MLUA_CARDREGISTRY_049,다크 사이트,RootDesk/MyDesk/Card/CardRegistry.mlua:299 | RootDesk/MyDesk/SkillInventory.mlua:128,다크 사이트,Dark Sight,隱身術,ダークサイト
MLUA_CARDREGISTRY_050,"패시브,회피",RootDesk/MyDesk/Card/CardRegistry.mlua:301 | RootDesk/MyDesk/Card/CardRegistry.mlua:475,"패시브,회피","Passive,Evasion","被動,迴避","パッシブ,回避"
MLUA_CARDREGISTRY_051,암살,RootDesk/MyDesk/Card/CardRegistry.mlua:309 | RootDesk/MyDesk/SkillInventory.mlua:118,암살,Assassinate,暗殺,暗殺
MLUA_CARDREGISTRY_052,"다중타격,조합",RootDesk/MyDesk/Card/CardRegistry.mlua:311 | RootDesk/MyDesk/Card/CardRegistry.mlua:321 | RootDesk/MyDesk/Card/CardRegistry.mlua:331,"다중타격,조합","Multi-hit,Fusion","多段攻擊,組合","多段攻撃,組み合わせ"
MLUA_CARDREGISTRY_053,소닉 블로우,RootDesk/MyDesk/Card/CardRegistry.mlua:319 | RootDesk/MyDesk/SkillInventory.mlua:119,소닉 블로우,Sonic Blow,音速衝擊,ソニックブロウ
MLUA_CARDREGISTRY_054,연막난무,RootDesk/MyDesk/Card/CardRegistry.mlua:329 | RootDesk/MyDesk/SkillInventory.mlua:120,연막난무,Smoke Frenzy,煙霧亂舞,煙幕乱舞
MLUA_CARDREGISTRY_055,아주르 엣지,RootDesk/MyDesk/Card/CardRegistry.mlua:339 | RootDesk/MyDesk/SkillInventory.mlua:121,아주르 엣지,Azure Edge,蒼藍之刃,アジュールエッジ
MLUA_CARDREGISTRY_056,"넉백,광역,조합",RootDesk/MyDesk/Card/CardRegistry.mlua:341,"넉백,광역,조합","Knockback,AoE,Fusion","擊退,範圍,組合","ノックバック,範囲,組み合わせ"
MLUA_CARDREGISTRY_057,메소 데토네이션,RootDesk/MyDesk/Card/CardRegistry.mlua:350 | RootDesk/MyDesk/SkillInventory.mlua:122,메소 데토네이션,Meso Detonation,楓幣引爆,メルデトネーション
MLUA_CARDREGISTRY_058,"범위,스턴,조합",RootDesk/MyDesk/Card/CardRegistry.mlua:352,"범위,스턴,조합","Area,Stun,Fusion","範圍,暈眩,組合","範囲,スタン,組み合わせ"
MLUA_CARDREGISTRY_059,듀얼 쉐도우 파트너,RootDesk/MyDesk/Card/CardRegistry.mlua:360 | RootDesk/MyDesk/SkillInventory.mlua:123,듀얼 쉐도우 파트너,Dual Shadow Partner,雙重影分身,デュアルシャドーパートナー
MLUA_CARDREGISTRY_060,"소환수,조합",RootDesk/MyDesk/Card/CardRegistry.mlua:362,"소환수,조합","Summon,Fusion","召喚獸,組合","召喚獣,組み合わせ"
MLUA_CARDREGISTRY_061,어비설 플레어,RootDesk/MyDesk/Card/CardRegistry.mlua:370 | RootDesk/MyDesk/SkillInventory.mlua:124,어비설 플레어,Abyssal Flare,深淵之焰,アビサルフレア
MLUA_CARDREGISTRY_062,"범위,지속피해,조합",RootDesk/MyDesk/Card/CardRegistry.mlua:372,"범위,지속피해,조합","Area,Damage over time,Fusion","範圍,持續傷害,組合","範囲,継続ダメージ,組み合わせ"
MLUA_CARDREGISTRY_063,"기본공격,발사체",RootDesk/MyDesk/Card/CardRegistry.mlua:394,"기본공격,발사체","Basic Attack,Projectile","普通攻擊,投射物","通常攻撃,投射物"
MLUA_CARDREGISTRY_064,"다중타격,낙하",RootDesk/MyDesk/Card/CardRegistry.mlua:401,"다중타격,낙하","Multi-hit,Falling","多段攻擊,墜落","多段攻撃,落下"
MLUA_CARDREGISTRY_065,"관통,다중타격",RootDesk/MyDesk/Card/CardRegistry.mlua:407,"관통,다중타격","Pierce,Multi-hit","穿透,多段攻擊","貫通,多段攻撃"
MLUA_CARDREGISTRY_066,"광역,투사체",RootDesk/MyDesk/Card/CardRegistry.mlua:413,"광역,투사체","AoE,Projectile","範圍,投射物","範囲,投射物"
MLUA_CARDREGISTRY_067,"분열,투사체",RootDesk/MyDesk/Card/CardRegistry.mlua:420,"분열,투사체","Split,Projectile","分裂,投射物","分裂,投射物"
MLUA_CARDREGISTRY_068,"추적,지속",RootDesk/MyDesk/Card/CardRegistry.mlua:427,"추적,지속","Homing,Lasting","追蹤,持續","追尾,持続"
MLUA_CARDREGISTRY_069,"광역,즉발",RootDesk/MyDesk/Card/CardRegistry.mlua:434,"광역,즉발","AoE,Instant","範圍,瞬發","範囲,即時"
MLUA_CARDREGISTRY_070,"설치,지속,광역",RootDesk/MyDesk/Card/CardRegistry.mlua:441,"설치,지속,광역","Placed,Lasting,AoE","設置,持續,範圍","設置,持続,範囲"
MLUA_CARDREGISTRY_071,"속박,즉발",RootDesk/MyDesk/Card/CardRegistry.mlua:448,"속박,즉발","Bind,Instant","束縛,瞬發","バインド,即時"
MLUA_CARDREGISTRY_072,스로잉 액셀레이션,RootDesk/MyDesk/Card/CardRegistry.mlua:455 | RootDesk/MyDesk/SkillInventory.mlua:150,스로잉 액셀레이션,Throwing Acceleration,投擲加速,スローイングアクセラレーション
MLUA_CARDREGISTRY_073,자벨린 마스터리,RootDesk/MyDesk/Card/CardRegistry.mlua:461 | RootDesk/MyDesk/SkillInventory.mlua:151,자벨린 마스터리,Javelin Mastery,標槍精通,ジャベリンマスタリー
MLUA_CARDREGISTRY_074,스피릿 자벨린,RootDesk/MyDesk/Card/CardRegistry.mlua:467 | RootDesk/MyDesk/SkillInventory.mlua:152,스피릿 자벨린,Spirit Javelin,靈魂標槍,スピリットジャベリン
MLUA_CARDREGISTRY_075,래디컬 다크니스,RootDesk/MyDesk/Card/CardRegistry.mlua:473 | RootDesk/MyDesk/SkillInventory.mlua:155,래디컬 다크니스,Radical Darkness,極致黑暗,ラディカルダークネス
MLUA_CARDREGISTRY_076,시프 커닝,RootDesk/MyDesk/Card/CardRegistry.mlua:479 | RootDesk/MyDesk/SkillInventory.mlua:154,시프 커닝,Thief's Cunning,盜賊的狡詐,シーフカニング
MLUA_CARDREGISTRY_077,표창술,RootDesk/MyDesk/Card/CardRegistry.mlua:488 | RootDesk/MyDesk/SkillInventory.mlua:153,표창술,Shuriken Mastery,飛鏢精通,手裏剣術
MLUA_CARDREGISTRY_078,"패시브,추가공격",RootDesk/MyDesk/Card/CardRegistry.mlua:490,"패시브,추가공격","Passive,Extra Attack","被動,追加攻擊","パッシブ,追加攻撃"
MLUA_CARDREGISTRY_079,"조합,다중타격,낙하",RootDesk/MyDesk/Card/CardRegistry.mlua:500,"조합,다중타격,낙하","Fusion,Multi-hit,Falling","組合,多段攻擊,墜落","組み合わせ,多段攻撃,落下"
MLUA_CARDREGISTRY_080,"조합,관통,다중타격",RootDesk/MyDesk/Card/CardRegistry.mlua:511,"조합,관통,다중타격","Fusion,Pierce,Multi-hit","組合,穿透,多段攻擊","組み合わせ,貫通,多段攻撃"
MLUA_CARDREGISTRY_081,"조합,속박,추가타",RootDesk/MyDesk/Card/CardRegistry.mlua:521,"조합,속박,추가타","Fusion,Bind,Extra hit","組合,束縛,追加攻擊","組み合わせ,バインド,追加攻撃"
MLUA_CARDREGISTRY_082,"조합,광역,지속피해",RootDesk/MyDesk/Card/CardRegistry.mlua:532,"조합,광역,지속피해","Fusion,AoE,Damage over time","組合,範圍,持續傷害","組み合わせ,範囲,継続ダメージ"
MLUA_CARDREGISTRY_083,"조합,분열,투사체",RootDesk/MyDesk/Card/CardRegistry.mlua:542,"조합,분열,투사체","Fusion,Split,Projectile","組合,分裂,投射物","組み合わせ,分裂,投射物"
MLUA_CARDREGISTRY_084,"조합,추적,광역폭발",RootDesk/MyDesk/Card/CardRegistry.mlua:552,"조합,추적,광역폭발","Fusion,Homing,AoE Explosion","組合,追蹤,範圍爆炸","組み合わせ,追尾,範囲爆発"
MLUA_CARDREGISTRY_085,"조합,광역,스턴",RootDesk/MyDesk/Card/CardRegistry.mlua:561,"조합,광역,스턴","Fusion,AoE,Stun","組合,範圍,暈眩","組み合わせ,範囲,スタン"
MLUA_CARDREGISTRY_086,"조합,설치광역,출혈",RootDesk/MyDesk/Card/CardRegistry.mlua:570,"조합,설치광역,출혈","Fusion,Placed AoE,Bleed","組合,設置範圍,流血","組み合わせ,設置範囲,出血"
MLUA_EP2MAP1CHESTEASTEREGGLOGIC_001,열쇠가 필요합니다!,RootDesk/MyDesk/Ep2Map1ChestEasterEggLogic.mlua:19,열쇠가 필요합니다!,You need a key!,需要鑰匙！,鍵が必要です！
MLUA_EP2MAP2ARENALOGIC_001,전투가 시작됩니다! 승리를 거머쥘 몬스터를 선택하세요!,RootDesk/MyDesk/Ep2Map2ArenaLogic.mlua:154 | /ui/GalleryArenaUI/Banner,전투가 시작됩니다! 승리를 거머쥘 몬스터를 선택하세요!,The battle begins! Pick the monster that will claim victory!,戰鬥開始了！請選擇將獲得勝利的怪物！,戦闘開始！勝ちそうなモンスターを選ぼう！
MLUA_EP2MAP2ARENALOGIC_002,곧 전투가 시작됩니다!,RootDesk/MyDesk/Ep2Map2ArenaLogic.mlua:186,곧 전투가 시작됩니다!,The battle is about to begin!,戰鬥即將開始！,まもなく戦闘が始まります！
MLUA_EP2MAP2ARENALOGIC_003,다시하기 (무료),RootDesk/MyDesk/Ep2Map2ArenaLogic.mlua:508 | /ui/GalleryArenaUI/ResultGroup/RetryButton,다시하기 (무료),Retry (Free),重試 (免費),リトライ (無料)
MLUA_EP2MAP2ARENALOGIC_004,다시하기 (-,RootDesk/MyDesk/Ep2Map2ArenaLogic.mlua:510,다시하기 (-,,,
MLUA_EP2MAP2ARENALOGIC_005,우승! 레이온은 이미 해금되어 있습니다,RootDesk/MyDesk/Ep2Map2ArenaLogic.mlua:555,우승! 레이온은 이미 해금되어 있습니다,Victory! Leion is already unlocked,獲勝！雷昂已經解鎖了,優勝！レイオンはすでに解放されています
MLUA_EP2MAP2ARENALOGIC_006,레이온,RootDesk/MyDesk/Ep2Map2ArenaLogic.mlua:559 | RootDesk/MyDesk/UI/WorldCharacterSelectUI.mlua:299 | /ui/TitleGroup/SkillPanel/CharacterFilterList/btnCharReion,레이온,Leion,雷昂,レイオン
MLUA_EP2MAP2ARENALOGIC_007,"적중할수록 강해지는 전사.
승부의 흐름을 읽고 결정적인 순간에
강력한 일격을 꽂아 넣는다.",RootDesk/MyDesk/Ep2Map2ArenaLogic.mlua:559,"적중할수록 강해지는 전사.
승부의 흐름을 읽고 결정적인 순간에
강력한 일격을 꽂아 넣는다.","A warrior who grows stronger with every hit.
Reading the flow of battle, at the decisive moment
he drives home a mighty blow.","越是命中就越強大的戰士。
看穿勝負的走向，在關鍵時刻
打出強力的一擊。","攻撃を当てるほど強くなる戦士。
勝負の流れを読み、決定的な瞬間に
強烈な一撃を叩き込む。"
MLUA_EP2MAP2ARENALOGIC_008,재화가 부족합니다,RootDesk/MyDesk/Ep2Map2ArenaLogic.mlua:569,재화가 부족합니다,Not enough currency,貨幣不足,通貨が足りません
MLUA_EP2MAP2SKILLCHESTLOGIC_001,스킬을 얻었다!,RootDesk/MyDesk/Ep2Map2SkillChestLogic.mlua:24,스킬을 얻었다!,Got a skill!,獲得了技能！,スキルを手に入れた！
MLUA_EP2MAP2SKILLCHESTLOGIC_002,회복 포션을 얻었다!,RootDesk/MyDesk/Ep2Map2SkillChestLogic.mlua:26,회복 포션을 얻었다!,Got a Recovery Potion!,獲得了恢復藥水！,回復ポーションを手に入れた！
MLUA_EP3MAP3PUNKOEASTEREGGLOGIC_001,푼코 무리가 나타났다!,RootDesk/MyDesk/Ep3Map3PunkoEasterEggLogic.mlua:119 | RootDesk/MyDesk/Ep3Map4PunkoEasterEggLogic.mlua:94,푼코 무리가 나타났다!,A pack of Punkos has appeared!,普寇群出現了！,プンコの群れが現れた！
MLUA_EP3MAP4ESTER1PORTALLOGIC_001,자격의 증표를 사용했습니다,RootDesk/MyDesk/Ep3Map4Ester1PortalLogic.mlua:56,자격의 증표를 사용했습니다,You used the Token of Qualification,使用了資格的證明,資格の証を使用しました
MLUA_EP3MAP4ESTER1PORTALLOGIC_002,숨겨진 포탈이 나타났다!,RootDesk/MyDesk/Ep3Map4Ester1PortalLogic.mlua:58,숨겨진 포탈이 나타났다!,A hidden portal has appeared!,隱藏的傳送門出現了！,隠されたポータルが現れた！
MLUA_EP3MAP4ESTER1PORTALLOGIC_003,제한시간이 종료되어 원래 위치로 돌아갑니다,RootDesk/MyDesk/Ep3Map4Ester1PortalLogic.mlua:60,제한시간이 종료되어 원래 위치로 돌아갑니다,Time's up. Returning you to your original location,限制時間已結束，將返回原本的位置,制限時間が終了したため、元の位置に戻ります
MLUA_EPISODEREWARDLOGIC_001,분 생존!,RootDesk/MyDesk/EpisodeReward/EpisodeRewardLogic.mlua:87 | RootDesk/MyDesk/EpisodeReward/EpisodeRewardUI.mlua:180,분 생존!,,,
MLUA_EPISODEREWARDLOGIC_002,분 생존 시 열림,RootDesk/MyDesk/EpisodeReward/EpisodeRewardLogic.mlua:119,분 생존 시 열림,,,
MLUA_EPISODEREWARDLOGIC_003,방어구,RootDesk/MyDesk/EpisodeReward/EpisodeRewardLogic.mlua:215 | RootDesk/MyDesk/Inventory/Core/Logic/InventoryExpandLogic.mlua:112 | RootDesk/MyDesk/PlayerLevel/LevelRewardLogic.mlua:194 | /ui/EquipmentGroup/Inventory/ComposePopup/Panel/RightPanel/TabHolder/Armor/Background/UIText | /ui/EquipmentGroup/Inventory/Panel/InventoryPanel/TabHolder/Armor/Background/UIText,방어구,Armor,防具,防具
MLUA_EPISODEREWARDLOGIC_004,무기,RootDesk/MyDesk/EpisodeReward/EpisodeRewardLogic.mlua:216 | RootDesk/MyDesk/Inventory/Core/Logic/InventoryExpandLogic.mlua:111 | RootDesk/MyDesk/PlayerLevel/LevelRewardLogic.mlua:105 | RootDesk/MyDesk/PlayerLevel/LevelRewardLogic.mlua:195 | /ui/EquipmentGroup/Inventory/ComposePopup/Panel/RightPanel/TabHolder/Weapon/Background/UIText,무기,Weapon,武器,武器
MLUA_EPISODEREWARDUI_001,모두 받음,RootDesk/MyDesk/EpisodeReward/EpisodeRewardUI.mlua:222 | RootDesk/MyDesk/PlayerLevel/LevelRewardUI.mlua:293,모두 받음,Claimed,全部領取,受取済み
MLUA_EPISODEREWARDUI_002,모든 에피소드 보상을 받았어요!,RootDesk/MyDesk/EpisodeReward/EpisodeRewardUI.mlua:224,모든 에피소드 보상을 받았어요!,You've claimed all episode rewards!,已領取所有章節獎勵！,すべてのエピソード報酬を受け取りました！
MLUA_EPISODEREWARDUI_003,받기,RootDesk/MyDesk/EpisodeReward/EpisodeRewardUI.mlua:228 | RootDesk/MyDesk/IdleReward/IdleRewardUI.mlua:262 | RootDesk/MyDesk/PlayerLevel/LevelRewardUI.mlua:297 | /ui/AchievementGroup/Panel/List/Grid/RowTemplate/BtnClaim | /ui/EpisodeRewardGroup/Panel/BtnClaim,받기,Claim,領取,受け取る
MLUA_EPISODEREWARDUI_004,달성! 보상을 받으세요,RootDesk/MyDesk/EpisodeReward/EpisodeRewardUI.mlua:231,달성! 보상을 받으세요,,,
MLUA_EPISODEREWARDUI_005,에서 한 판,RootDesk/MyDesk/EpisodeReward/EpisodeRewardUI.mlua:234,에서 한 판,,,
MLUA_EPISODEREWARDUI_006,분을 버티면 받을 수 있어요 (타임어택·무제한 모두),RootDesk/MyDesk/EpisodeReward/EpisodeRewardUI.mlua:234,분을 버티면 받을 수 있어요 (타임어택·무제한 모두),,,
MLUA_EPISODEREWARDUI_007,에서,RootDesk/MyDesk/EpisodeReward/EpisodeRewardUI.mlua:255,에서,,,
MLUA_EPISODEREWARDUI_008,분을 버텨야 받을 수 있어요,RootDesk/MyDesk/EpisodeReward/EpisodeRewardUI.mlua:255,분을 버텨야 받을 수 있어요,,,
MLUA_EPISODEREWARDUI_009,칸이 가득 찼어요! 정리한 뒤 다시 받아주세요,RootDesk/MyDesk/EpisodeReward/EpisodeRewardUI.mlua:314 | RootDesk/MyDesk/PlayerLevel/LevelRewardUI.mlua:362,칸이 가득 찼어요! 정리한 뒤 다시 받아주세요,,,
MLUA_GACHAUI_001,식신,RootDesk/MyDesk/GachaUI.mlua:295,식신,,,
MLUA_GACHAUI_002,가디언 엔젤 슬라임,RootDesk/MyDesk/GachaUI.mlua:312 | RootDesk/MyDesk/GameManager.mlua:903,가디언 엔젤 슬라임,,,
MLUA_GACHAUI_003,스킬,RootDesk/MyDesk/GachaUI.mlua:459 | RootDesk/MyDesk/SkillInventory.mlua:312 | /ui/GachaGroup/Panel/TabRail/BtnTabSkill | /ui/TitleGroup/SkillPanel/ScrollArea/List/SkillSlot_18/Name | /ui/TitleGroup/SkillPanel/ScrollArea/List/SkillSlot_19/Name,스킬,Skill,技能,スキル
MLUA_GACHAUI_004,유물,RootDesk/MyDesk/GachaUI.mlua:460 | RootDesk/MyDesk/UI/RelicUI.mlua:97 | /ui/GachaGroup/Panel/TabRail/BtnTabRelic | /ui/TitleGroup/RelicPanel/Title | /ui/TitleGroup/TabBar/BtnRelicLabel,유물,Relic,遺物,遺物
MLUA_GACHAUI_005,뽑기,RootDesk/MyDesk/GachaUI.mlua:478,뽑기,,,
MLUA_GACHAUI_006,획득한,RootDesk/MyDesk/GachaUI.mlua:480,획득한,,,
MLUA_GACHAUI_007,뽑기 X1,RootDesk/MyDesk/GachaUI.mlua:481,뽑기 X1,,,
MLUA_GACHAUI_008,뽑기 X10,RootDesk/MyDesk/GachaUI.mlua:482,뽑기 X10,,,
MLUA_GACHAUI_009,무료 (,RootDesk/MyDesk/GachaUI.mlua:498,무료 (,,,
MLUA_GACHAUI_010,레어,RootDesk/MyDesk/GachaUI.mlua:775 | RootDesk/MyDesk/Inventory/Core/Enums/GearGradeEnum.mlua:71 | /ui/TitleGroup/SkillPanel/GradeFilterList/btnGradeRare,레어,Rare,稀有,レア
MLUA_GACHAUI_011,매직,RootDesk/MyDesk/GachaUI.mlua:776 | RootDesk/MyDesk/Inventory/Core/Enums/GearGradeEnum.mlua:70 | /ui/TitleGroup/SkillPanel/GradeFilterList/btnGradeMagic,매직,Magic,魔法,マジック
MLUA_GACHAUI_012,일반,RootDesk/MyDesk/GachaUI.mlua:778 | /ui/TitleGroup/SkillPanel/GradeFilterList/btnGradeNormal,일반,Common,一般,一般
MLUA_GACHAUI_013,스킬 획득 확률,RootDesk/MyDesk/GachaUI.mlua:787,스킬 획득 확률,Skill Drop Rates,技能獲得機率,スキル獲得確率
MLUA_GACHAUI_014,유물 획득 확률,RootDesk/MyDesk/GachaUI.mlua:788,유물 획득 확률,Relic Drop Rates,遺物獲得機率,遺物獲得確率
MLUA_GACHAUI_015,GachaUI: 확률 공시 누락! 항목,[LOG] RootDesk/MyDesk/GachaUI.mlua:847,GachaUI: 확률 공시 누락! 항목,,,
MLUA_GACHAUI_016,개 중,RootDesk/MyDesk/GachaUI.mlua:848,개 중,,,
MLUA_GACHAUI_017,개만 표시됨 — GachaGroup.ui 의 Row_N 을 늘릴 것,RootDesk/MyDesk/GachaUI.mlua:848,개만 표시됨 — GachaGroup.ui 의 Row_N 을 늘릴 것,,,
MLUA_GACHAUI_018,거주 지역 정책에 따라 유료 뽑기를 이용할 수 없습니다,RootDesk/MyDesk/GachaUI.mlua:956 | /ui/GachaGroup/Panel/PolicyNotice,거주 지역 정책에 따라 유료 뽑기를 이용할 수 없습니다,Paid draws are unavailable due to the policy of your region,依據所在地區的政策，無法使用付費抽取,地域の規定により有料ガチャはご利用いただけません
MLUA_GAMEMANAGER_001,블루 머쉬맘,RootDesk/MyDesk/GameManager.mlua:833,블루 머쉬맘,,,
MLUA_GAMEMANAGER_002,파란버섯,RootDesk/MyDesk/GameManager.mlua:879,파란버섯,,,
MLUA_GAMEMANAGER_003,스텀피,RootDesk/MyDesk/GameManager.mlua:945,스텀피,,,
MLUA_GAMEMANAGER_004,지하실 박쥐,RootDesk/MyDesk/GameManager.mlua:995,지하실 박쥐,,,
MLUA_GAMEMANAGER_005,다일,RootDesk/MyDesk/GameManager.mlua:1017,다일,,,
MLUA_GAMEMANAGER_006,버섯 샹들리에,RootDesk/MyDesk/GameManager.mlua:1100,버섯 샹들리에,,,
MLUA_GAMEMANAGER_007,오징어 노예간수,RootDesk/MyDesk/GameManager.mlua:1126,오징어 노예간수,,,
MLUA_GAMEMANAGER_008,푸른 샘의 정령,RootDesk/MyDesk/GameManager.mlua:1155,푸른 샘의 정령,,,
MLUA_GAMEMANAGER_009,블랙 나이트,RootDesk/MyDesk/GameManager.mlua:1184,블랙 나이트,,,
MLUA_GAMEMANAGER_010,도둑 까마귀,RootDesk/MyDesk/GameManager.mlua:1258,도둑 까마귀,,,
MLUA_GAMEMANAGER_011,목마른 유령,RootDesk/MyDesk/GameManager.mlua:1289,목마른 유령,,,
MLUA_GAMEMANAGER_012,가고일 나이트,RootDesk/MyDesk/GameManager.mlua:1316,가고일 나이트,,,
MLUA_GAMEMANAGER_013,심연의 마스터 레쉬,RootDesk/MyDesk/GameManager.mlua:1347,심연의 마스터 레쉬,,,
MLUA_GAMEMANAGER_014,호브 헥터,RootDesk/MyDesk/GameManager.mlua:1410,호브 헥터,,,
MLUA_GAMEMANAGER_015,정예 핀호브,RootDesk/MyDesk/GameManager.mlua:1438,정예 핀호브,,,
MLUA_GAMEMANAGER_016,흉폭한 호브,RootDesk/MyDesk/GameManager.mlua:1464,흉폭한 호브,,,
MLUA_GAMEMANAGER_017,헹키,RootDesk/MyDesk/GameManager.mlua:1491,헹키,,,
MLUA_GAMEMANAGER_018,픽시맘,RootDesk/MyDesk/GameManager.mlua:1580,픽시맘,,,
MLUA_GAMEMANAGER_019,파파픽시,RootDesk/MyDesk/GameManager.mlua:1625,파파픽시,,,
MLUA_GAMEMANAGER_020,엘리쟈,RootDesk/MyDesk/GameManager.mlua:1646,엘리쟈,,,
MLUA_GAMEMANAGER_021,다크 엘리쟈,RootDesk/MyDesk/GameManager.mlua:1707,다크 엘리쟈,,,
MLUA_GAMEMANAGER_022,의식에 휘말린 망치병,RootDesk/MyDesk/GameManager.mlua:1733,의식에 휘말린 망치병,,,
MLUA_GAMEMANAGER_023,크세르크세스,RootDesk/MyDesk/GameManager.mlua:1784,크세르크세스,,,
MLUA_GAMEMANAGER_024,사랑에 빠진 크세르크세스,RootDesk/MyDesk/GameManager.mlua:1827,사랑에 빠진 크세르크세스,,,
MLUA_GAMEMANAGER_025,설산의 마녀,RootDesk/MyDesk/GameManager.mlua:1894,설산의 마녀,,,
MLUA_GAMEMANAGER_026,얼어붙은 레프 보병,RootDesk/MyDesk/GameManager.mlua:1943,얼어붙은 레프 보병,,,
MLUA_GAMEMANAGER_027,골드예티와 페페킹,RootDesk/MyDesk/GameManager.mlua:1964,골드예티와 페페킹,,,
MLUA_GAMEMANAGER_028,베어울프,RootDesk/MyDesk/GameManager.mlua:1997,베어울프,,,
MLUA_GAMEMANAGER_029,구미호,RootDesk/MyDesk/GameManager.mlua:2032 | RootDesk/MyDesk/UI/DamageSkinLogic.mlua:54,구미호,Nine-Tailed Fox,九尾狐,九尾狐
MLUA_GAMEMANAGER_030,삼미호,RootDesk/MyDesk/GameManager.mlua:2083,삼미호,,,
MLUA_GAMEMANAGER_031,하이레프 리더,RootDesk/MyDesk/GameManager.mlua:2106,하이레프 리더,,,
MLUA_GAMEMANAGER_032,얼어붙은 레프 법사,RootDesk/MyDesk/GameManager.mlua:2167,얼어붙은 레프 법사,,,
MLUA_GAMEMANAGER_033,익스트림 빅풋,RootDesk/MyDesk/GameManager.mlua:2189,익스트림 빅풋,,,
MLUA_GAMEMANAGER_034,모든 적 빙결!,RootDesk/MyDesk/GameManager.mlua:7657,모든 적 빙결!,All enemies frozen!,所有敵人冰凍！,すべての敵を凍結！
MLUA_GAMEMANAGER_035,허수아비 소환!,RootDesk/MyDesk/GameManager.mlua:7821,허수아비 소환!,Scarecrow summoned!,召喚稻草人！,かかしを召喚！
MLUA_GAMEMANAGER_036,토네이도 발생!,RootDesk/MyDesk/GameManager.mlua:7983,토네이도 발생!,Tornado unleashed!,龍捲風發生！,竜巻発生！
MLUA_GAMEMANAGER_037,"SpawnDespairBlade: 절망의 칼날 등장, 타임어택 오버타임 시작",[LOG] RootDesk/MyDesk/GameManager.mlua:8226,"SpawnDespairBlade: 절망의 칼날 등장, 타임어택 오버타임 시작",,,
MLUA_IDLEREWARDLOGIC_001,구름정원,RootDesk/MyDesk/IdleReward/IdleRewardLogic.mlua:128 | RootDesk/MyDesk/UI/WorldCharacterSelectUI.mlua:79,구름정원,Cloud Garden,雲之庭園,雲の庭園
MLUA_IDLEREWARDLOGIC_002,엘라스 산맥,RootDesk/MyDesk/IdleReward/IdleRewardLogic.mlua:129 | RootDesk/MyDesk/UI/WorldCharacterSelectUI.mlua:81,엘라스 산맥,El Nath Mountains,冰原雪域山脈,エルナス山脈
MLUA_IDLEREWARDLOGIC_003,태초의 마을,RootDesk/MyDesk/IdleReward/IdleRewardLogic.mlua:130 | RootDesk/MyDesk/UI/WorldCharacterSelectUI.mlua:77 | /ui/IdleRewardGroup/Panel/ChapterRow/Name | /ui/WorldCharacterSelectGroup/Panel/WorldNameText,태초의 마을,Village of Beginnings,起源之村,はじまりの村
MLUA_IDLEREWARDUI_001,%d시간 %02d분 %02d초,RootDesk/MyDesk/IdleReward/IdleRewardUI.mlua:126,%d시간 %02d분 %02d초,%dh %02dm %02ds,%d小時 %02d分 %02d秒,%d時間 %02d分 %02d秒
MLUA_IDLEREWARDUI_002,%02d분 %02d초,RootDesk/MyDesk/IdleReward/IdleRewardUI.mlua:127,%02d분 %02d초,%02dm %02ds,%02d分 %02d秒,%02d分 %02d秒
MLUA_IDLEREWARDUI_003,자동 시간 :,RootDesk/MyDesk/IdleReward/IdleRewardUI.mlua:195,자동 시간 :,,,
MLUA_IDLEREWARDUI_004,(최대 24시간,RootDesk/MyDesk/IdleReward/IdleRewardUI.mlua:197,(최대 24시간,(Max 24 hr,(最多24小時,(最大24時間
MLUA_IDLEREWARDUI_005,· 진행 보너스 +,RootDesk/MyDesk/IdleReward/IdleRewardUI.mlua:198,· 진행 보너스 +,,,
MLUA_IDLEREWARDUI_006,— 가득 찼어요!),RootDesk/MyDesk/IdleReward/IdleRewardUI.mlua:200,— 가득 찼어요!),,,
MLUA_IDLEREWARDUI_007,장비는,RootDesk/MyDesk/IdleReward/IdleRewardUI.mlua:250,장비는,,,
MLUA_IDLEREWARDUI_008,"시간마다 1개씩 쌓여요
(다음 장비까지",RootDesk/MyDesk/IdleReward/IdleRewardUI.mlua:250,"시간마다 1개씩 쌓여요
(다음 장비까지",,,
MLUA_IDLEREWARDUI_009,최소,RootDesk/MyDesk/IdleReward/IdleRewardUI.mlua:291 | RootDesk/MyDesk/IdleReward/IdleRewardUI.mlua:405,최소,,,
MLUA_IDLEREWARDUI_010,분은 방치해야 받을 수 있어요,RootDesk/MyDesk/IdleReward/IdleRewardUI.mlua:291 | RootDesk/MyDesk/IdleReward/IdleRewardUI.mlua:405,분은 방치해야 받을 수 있어요,,,
MLUA_IDLEREWARDUI_011,장비 인벤토리가 가득 찼어요! 자리가 없는 장비,RootDesk/MyDesk/IdleReward/IdleRewardUI.mlua:329,장비 인벤토리가 가득 찼어요! 자리가 없는 장비,,,
MLUA_IDLEREWARDUI_012,개는 사라질 수 있어요,RootDesk/MyDesk/IdleReward/IdleRewardUI.mlua:329,개는 사라질 수 있어요,,,
MLUA_IDLEREWARDUI_013,자리가 없는 장비,RootDesk/MyDesk/IdleReward/IdleRewardUI.mlua:333,자리가 없는 장비,,,
MLUA_IDLEREWARDUI_014,"개는 사라져요.
그래도 받을까요?",RootDesk/MyDesk/IdleReward/IdleRewardUI.mlua:333,"개는 사라져요.
그래도 받을까요?",,,
MLUA_IDLEREWARDUI_015,장비를 넣지 못했어요. 잠시 후 다시 시도해 주세요,RootDesk/MyDesk/IdleReward/IdleRewardUI.mlua:403,장비를 넣지 못했어요. 잠시 후 다시 시도해 주세요,Couldn't add the equipment. Please try again in a moment,無法放入裝備，請稍後再試,装備を入れられませんでした。しばらくしてからもう一度お試しください
MLUA_CHARACTERUNLOCKLOGIC_001,쉐이드,RootDesk/MyDesk/Inventory/CharacterUnlockLogic.mlua:184 | RootDesk/MyDesk/UI/WorldCharacterSelectUI.mlua:98 | RootDesk/MyDesk/UI/WorldCharacterSelectUI.mlua:315 | /ui/TitleGroup/SkillPanel/CharacterFilterList/btnCharShade,쉐이드,Shade,夏德,シェイド
MLUA_CHARACTERUNLOCKLOGIC_002,어둠 속에서 날카로운 단도로 적을 처단하는 도적,RootDesk/MyDesk/Inventory/CharacterUnlockLogic.mlua:184 | RootDesk/MyDesk/UI/WorldCharacterSelectUI.mlua:98 | RootDesk/MyDesk/UI/WorldCharacterSelectUI.mlua:316,어둠 속에서 날카로운 단도로 적을 처단하는 도적,A thief who cuts down enemies from the shadows with a razor-sharp dagger,在黑暗中以鋒利短刀制裁敵人的盜賊,闇の中から鋭い短刀で敵を仕留める盗賊
MLUA_CHARACTERUNLOCKLOGIC_003,린,RootDesk/MyDesk/Inventory/CharacterUnlockLogic.mlua:196 | RootDesk/MyDesk/UI/WorldCharacterSelectUI.mlua:102 | RootDesk/MyDesk/UI/WorldCharacterSelectUI.mlua:329 | /ui/TitleGroup/SkillPanel/CharacterFilterList/btnCharRin,린,Rin,琳,リン
MLUA_CHARACTERUNLOCKLOGIC_004,쏟아지는 표창으로 적을 압도하는 표창의 달인,RootDesk/MyDesk/Inventory/CharacterUnlockLogic.mlua:196 | RootDesk/MyDesk/UI/WorldCharacterSelectUI.mlua:102 | RootDesk/MyDesk/UI/WorldCharacterSelectUI.mlua:330,쏟아지는 표창으로 적을 압도하는 표창의 달인,A shuriken master who overwhelms enemies with a storm of throwing stars,以傾瀉而下的飛鏢壓制敵人的飛鏢達人,降り注ぐ手裏剣で敵を圧倒する手裏剣の達人
MLUA_ERRORCODEENUM_001,일시적인 오류가 발생했어요.,RootDesk/MyDesk/Inventory/Core/Enums/ErrorCodeEnum.mlua:180,일시적인 오류가 발생했어요.,A temporary error occurred.,發生暫時性錯誤。,一時的なエラーが発生しました。
MLUA_ERRORCODEENUM_002,잘못된 요청이에요.,RootDesk/MyDesk/Inventory/Core/Enums/ErrorCodeEnum.mlua:181 | RootDesk/MyDesk/Inventory/Core/Enums/ErrorCodeEnum.mlua:182 | RootDesk/MyDesk/Inventory/Core/Enums/ErrorCodeEnum.mlua:183 | RootDesk/MyDesk/Inventory/Core/Enums/ErrorCodeEnum.mlua:184 | RootDesk/MyDesk/Inventory/Core/Enums/ErrorCodeEnum.mlua:185,잘못된 요청이에요.,Invalid request.,錯誤的請求。,不正なリクエストです。
MLUA_ERRORCODEENUM_003,지금 위치에서는 할 수 없어요.,RootDesk/MyDesk/Inventory/Core/Enums/ErrorCodeEnum.mlua:186,지금 위치에서는 할 수 없어요.,You can't do that here.,目前位置無法執行。,現在の位置ではできません。
MLUA_ERRORCODEENUM_004,아직 사용할 수 없는 직업이에요.,RootDesk/MyDesk/Inventory/Core/Enums/ErrorCodeEnum.mlua:187,아직 사용할 수 없는 직업이에요.,This job is not available yet.,尚無法使用的職業。,まだ使用できない職業です。
MLUA_ERRORCODEENUM_005,잠시 후 다시 시도해 주세요.,RootDesk/MyDesk/Inventory/Core/Enums/ErrorCodeEnum.mlua:188,잠시 후 다시 시도해 주세요.,Please try again in a moment.,請稍後再試。,しばらくしてからもう一度お試しください。
MLUA_ERRORCODEENUM_006,유저 정보를 찾을 수 없어요.,RootDesk/MyDesk/Inventory/Core/Enums/ErrorCodeEnum.mlua:189,유저 정보를 찾을 수 없어요.,User information not found.,找不到使用者資訊。,ユーザー情報が見つかりません。
MLUA_ERRORCODEENUM_007,데이터를 불러오는 중이에요. 잠시 후 다시 시도해 주세요.,RootDesk/MyDesk/Inventory/Core/Enums/ErrorCodeEnum.mlua:190,데이터를 불러오는 중이에요. 잠시 후 다시 시도해 주세요.,Loading data. Please try again in a moment.,正在讀取資料，請稍後再試。,データを読み込み中です。しばらくしてからもう一度お試しください。
MLUA_ERRORCODEENUM_008,이용이 제한된 계정이에요.,RootDesk/MyDesk/Inventory/Core/Enums/ErrorCodeEnum.mlua:191,이용이 제한된 계정이에요.,This account is restricted.,此帳號已被限制使用。,利用が制限されたアカウントです。
MLUA_ERRORCODEENUM_009,데이터를 불러오지 못했어요.,RootDesk/MyDesk/Inventory/Core/Enums/ErrorCodeEnum.mlua:192 | RootDesk/MyDesk/Inventory/Core/Enums/ErrorCodeEnum.mlua:193 | RootDesk/MyDesk/Inventory/Core/Enums/ErrorCodeEnum.mlua:194 | RootDesk/MyDesk/Inventory/Core/Enums/ErrorCodeEnum.mlua:195 | RootDesk/MyDesk/Inventory/Core/Enums/ErrorCodeEnum.mlua:196,데이터를 불러오지 못했어요.,Failed to load data.,無法讀取資料。,データを読み込めませんでした。
MLUA_ERRORCODEENUM_010,인벤토리를 불러오지 못했어요.,RootDesk/MyDesk/Inventory/Core/Enums/ErrorCodeEnum.mlua:197,인벤토리를 불러오지 못했어요.,Failed to load inventory.,無法讀取背包。,インベントリを読み込めませんでした。
MLUA_ERRORCODEENUM_011,아이템을 찾을 수 없어요.,RootDesk/MyDesk/Inventory/Core/Enums/ErrorCodeEnum.mlua:198,아이템을 찾을 수 없어요.,Item not found.,找不到道具。,アイテムが見つかりません。
MLUA_ERRORCODEENUM_012,사용할 수 없는 아이템이에요.,RootDesk/MyDesk/Inventory/Core/Enums/ErrorCodeEnum.mlua:199 | RootDesk/MyDesk/Inventory/Core/Enums/ErrorCodeEnum.mlua:200 | RootDesk/MyDesk/Inventory/Core/Enums/ErrorCodeEnum.mlua:216 | RootDesk/MyDesk/Inventory/Core/Enums/ErrorCodeEnum.mlua:218,사용할 수 없는 아이템이에요.,This item can't be used.,無法使用的道具。,使用できないアイテムです。
MLUA_ERRORCODEENUM_013,사용할 수 없는 장비예요.,RootDesk/MyDesk/Inventory/Core/Enums/ErrorCodeEnum.mlua:201 | RootDesk/MyDesk/Inventory/Core/Enums/ErrorCodeEnum.mlua:212,사용할 수 없는 장비예요.,This equipment can't be used.,無法使用的裝備。,使用できない装備です。
MLUA_ERRORCODEENUM_014,잠긴 아이템이에요.,RootDesk/MyDesk/Inventory/Core/Enums/ErrorCodeEnum.mlua:202,잠긴 아이템이에요.,This item is locked.,已鎖定的道具。,ロックされたアイテムです。
MLUA_ERRORCODEENUM_015,착용 중인 장비예요.,RootDesk/MyDesk/Inventory/Core/Enums/ErrorCodeEnum.mlua:203,착용 중인 장비예요.,This equipment is currently equipped.,正在穿戴的裝備。,装備中の装備です。
MLUA_ERRORCODEENUM_016,이미 사라진 아이템이에요.,RootDesk/MyDesk/Inventory/Core/Enums/ErrorCodeEnum.mlua:204,이미 사라진 아이템이에요.,This item no longer exists.,已經消失的道具。,すでに消えたアイテムです。
MLUA_ERRORCODEENUM_017,버릴 수 없는 아이템이에요.,RootDesk/MyDesk/Inventory/Core/Enums/ErrorCodeEnum.mlua:205 | RootDesk/MyDesk/Inventory/Core/Enums/ErrorCodeEnum.mlua:214,버릴 수 없는 아이템이에요.,This item can't be discarded.,無法丟棄的道具。,捨てられないアイテムです。
MLUA_ERRORCODEENUM_018,기간이 만료된 아이템이에요.,RootDesk/MyDesk/Inventory/Core/Enums/ErrorCodeEnum.mlua:206,기간이 만료된 아이템이에요.,This item has expired.,已過期的道具。,期限切れのアイテムです。
MLUA_ERRORCODEENUM_019,레벨이 부족해요.,RootDesk/MyDesk/Inventory/Core/Enums/ErrorCodeEnum.mlua:207,레벨이 부족해요.,Your level is too low.,等級不足。,レベルが足りません。
MLUA_ERRORCODEENUM_020,이 직업은 착용할 수 없어요.,RootDesk/MyDesk/Inventory/Core/Enums/ErrorCodeEnum.mlua:208,이 직업은 착용할 수 없어요.,This job can't equip this item.,此職業無法穿戴。,この職業は装備できません。
MLUA_ERRORCODEENUM_021,이미 착용 중이에요.,RootDesk/MyDesk/Inventory/Core/Enums/ErrorCodeEnum.mlua:209,이미 착용 중이에요.,Already equipped.,已經穿戴中。,すでに装備中です。
MLUA_ERRORCODEENUM_022,해제할 장비가 없어요.,RootDesk/MyDesk/Inventory/Core/Enums/ErrorCodeEnum.mlua:210,해제할 장비가 없어요.,No equipment to unequip.,沒有可卸下的裝備。,外す装備がありません。
MLUA_ERRORCODEENUM_023,착용할 수 있는 칸이 없어요.,RootDesk/MyDesk/Inventory/Core/Enums/ErrorCodeEnum.mlua:211,착용할 수 있는 칸이 없어요.,No slot available to equip.,沒有可穿戴的欄位。,装備できる枠がありません。
MLUA_ERRORCODEENUM_024,아이템 개수가 부족해요.,RootDesk/MyDesk/Inventory/Core/Enums/ErrorCodeEnum.mlua:213 | RootDesk/MyDesk/Inventory/Core/Enums/ErrorCodeEnum.mlua:215,아이템 개수가 부족해요.,Not enough items.,道具數量不足。,アイテムの数が足りません。
MLUA_ERRORCODEENUM_025,잠글 수 없는 아이템이에요.,RootDesk/MyDesk/Inventory/Core/Enums/ErrorCodeEnum.mlua:217,잠글 수 없는 아이템이에요.,This item can't be locked.,無法鎖定的道具。,ロックできないアイテムです。
MLUA_ERRORCODEENUM_026,같은 종류의 효과가 이미 적용 중이에요.,RootDesk/MyDesk/Inventory/Core/Enums/ErrorCodeEnum.mlua:219,같은 종류의 효과가 이미 적용 중이에요.,An effect of the same type is already active.,同類型的效果已在作用中。,同じ種類の効果がすでに適用中です。
MLUA_ERRORCODEENUM_027,아이템을 받지 못했어요.,RootDesk/MyDesk/Inventory/Core/Enums/ErrorCodeEnum.mlua:220 | RootDesk/MyDesk/Inventory/Core/Enums/ErrorCodeEnum.mlua:221 | RootDesk/MyDesk/Inventory/Core/Enums/ErrorCodeEnum.mlua:222 | RootDesk/MyDesk/Inventory/Core/Enums/ErrorCodeEnum.mlua:223,아이템을 받지 못했어요.,Failed to receive the item.,無法領取道具。,アイテムを受け取れませんでした。
MLUA_ERRORCODEENUM_028,아이템을 삭제하지 못했어요.,RootDesk/MyDesk/Inventory/Core/Enums/ErrorCodeEnum.mlua:224,아이템을 삭제하지 못했어요.,Failed to delete the item.,無法刪除道具。,アイテムを削除できませんでした。
MLUA_ERRORCODEENUM_029,장비창이 가득 찼어요.,RootDesk/MyDesk/Inventory/Core/Enums/ErrorCodeEnum.mlua:225,장비창이 가득 찼어요.,Equipment inventory is full.,裝備欄已滿。,装備欄がいっぱいです。
MLUA_ERRORCODEENUM_030,이미 최고 등급이라 합성할 수 없어요.,RootDesk/MyDesk/Inventory/Core/Enums/ErrorCodeEnum.mlua:226,이미 최고 등급이라 합성할 수 없어요.,"Already at the highest grade, so it can't be synthesized.",已是最高等級，無法合成。,すでに最高等級のため合成できません。
MLUA_ERRORCODEENUM_031,합성할 수 없는 재료예요.,RootDesk/MyDesk/Inventory/Core/Enums/ErrorCodeEnum.mlua:227,합성할 수 없는 재료예요.,This material can't be used for synthesis.,無法用於合成的材料。,合成できない素材です。
MLUA_ERRORCODEENUM_032,합성 재료 개수가 맞지 않아요.,RootDesk/MyDesk/Inventory/Core/Enums/ErrorCodeEnum.mlua:228,합성 재료 개수가 맞지 않아요.,The number of synthesis materials is incorrect.,合成材料數量不符。,合成素材の数が合いません。
MLUA_ERRORCODEENUM_033,착용 중인 장비는 재료로 쓸 수 없어요.,RootDesk/MyDesk/Inventory/Core/Enums/ErrorCodeEnum.mlua:229,착용 중인 장비는 재료로 쓸 수 없어요.,Equipped items can't be used as materials.,穿戴中的裝備無法作為材料。,装備中の装備は素材として使えません。
MLUA_ERRORCODEENUM_034,이미 최대 강화 단계예요.,RootDesk/MyDesk/Inventory/Core/Enums/ErrorCodeEnum.mlua:230,이미 최대 강화 단계예요.,Already at the max enhancement level.,已達最大強化階段。,すでに最大強化段階です。
MLUA_ERRORCODEENUM_035,골드가 부족해요.,RootDesk/MyDesk/Inventory/Core/Enums/ErrorCodeEnum.mlua:231,골드가 부족해요.,Not enough Gold.,金幣不足。,ゴールドが足りません。
MLUA_ERRORCODEENUM_036,요청을 처리하지 못했어요. (코드 %d),RootDesk/MyDesk/Inventory/Core/Enums/ErrorCodeEnum.mlua:235,요청을 처리하지 못했어요. (코드 %d),Couldn't process the request. (Code %d),無法處理請求。(代碼 %d),リクエストを処理できませんでした。(コード %d)
MLUA_GEARGRADEENUM_001,노말,RootDesk/MyDesk/Inventory/Core/Enums/GearGradeEnum.mlua:69,노말,Normal,普通,ノーマル
MLUA_GEARGRADEENUM_002,에픽,RootDesk/MyDesk/Inventory/Core/Enums/GearGradeEnum.mlua:72,에픽,Epic,史詩,エピック
MLUA_GEARGRADEENUM_003,유니크,RootDesk/MyDesk/Inventory/Core/Enums/GearGradeEnum.mlua:73,유니크,Unique,獨特,ユニーク
MLUA_GEARGRADEENUM_004,레전더리,RootDesk/MyDesk/Inventory/Core/Enums/GearGradeEnum.mlua:74,레전더리,Legendary,傳說,レジェンダリー
MLUA_GEAREFFECTLOGIC_001,GearEffect: 슈트B 에픽 피해 무효화 발동,[LOG] RootDesk/MyDesk/Inventory/Core/Logic/GearEffectLogic.mlua:565,GearEffect: 슈트B 에픽 피해 무효화 발동,,,
MLUA_GEAREFFECTLOGIC_002,GearEffect: 보호막이,[LOG] RootDesk/MyDesk/Inventory/Core/Logic/GearEffectLogic.mlua:582,GearEffect: 보호막이,,,
MLUA_GEAREFFECTLOGIC_003,흡수 (잔량,[LOG] RootDesk/MyDesk/Inventory/Core/Logic/GearEffectLogic.mlua:582,흡수 (잔량,,,
MLUA_GEAREFFECTLOGIC_004,GearEffect: 보호막,[LOG] RootDesk/MyDesk/Inventory/Core/Logic/GearEffectLogic.mlua:586,GearEffect: 보호막,,,
MLUA_GEAREFFECTLOGIC_005,소진,[LOG] RootDesk/MyDesk/Inventory/Core/Logic/GearEffectLogic.mlua:586,소진,,,
MLUA_GEAREFFECTLOGIC_006,GearEffect: 얼티밋 슈트 5초 무적 발동,[LOG] RootDesk/MyDesk/Inventory/Core/Logic/GearEffectLogic.mlua:595,GearEffect: 얼티밋 슈트 5초 무적 발동,,,
MLUA_GEAREFFECTLOGIC_007,GearEffect: 10주년 블랙 슈트 긴급 회복,[LOG] RootDesk/MyDesk/Inventory/Core/Logic/GearEffectLogic.mlua:615,GearEffect: 10주년 블랙 슈트 긴급 회복,,,
MLUA_GEAREFFECTLOGIC_008,GearEffect: 자쿰의 투구 쿨타임 감소 해금,[LOG] RootDesk/MyDesk/Inventory/Core/Logic/GearEffectLogic.mlua:668,GearEffect: 자쿰의 투구 쿨타임 감소 해금,,,
MLUA_INVENTORYEXPANDLOGIC_001,기타,RootDesk/MyDesk/Inventory/Core/Logic/InventoryExpandLogic.mlua:113 | /ui/DefaultGroup/DpsMeter/Board/Line1/EtcLabel | /ui/DefaultGroup/DpsMeter/Board/Line2/EtcLabel | /ui/DefaultGroup/DpsMeter/Board/Line3/EtcLabel | /ui/DefaultGroup/DpsMeter/Board/Line4/EtcLabel,기타,Etc,其他,その他
MLUA_INVENTORYEXPANDLOGIC_002,인벤토리,RootDesk/MyDesk/Inventory/Core/Logic/InventoryExpandLogic.mlua:114 | /ui/EquipmentGroup/Inventory/Panel/Title | /ui/InventoryGroup/Panel/TitleBar/Title,인벤토리,Inventory,背包,インベントリ
MLUA_WEAPONTIERDATALOGIC_001,공격력 {P}% 증가,RootDesk/MyDesk/Inventory/Core/Logic/WeaponTierDataLogic.mlua:99,공격력 {P}% 증가,ATK +{P}%,攻擊力增加 {P}%,攻撃力 {P}%増加
MLUA_WEAPONTIERDATALOGIC_002,치명타 확률 {P}% 증가,RootDesk/MyDesk/Inventory/Core/Logic/WeaponTierDataLogic.mlua:100 | RootDesk/MyDesk/Inventory/Core/Logic/WeaponTierDataLogic.mlua:456 | RootDesk/MyDesk/Inventory/Core/Logic/WeaponTierDataLogic.mlua:459,치명타 확률 {P}% 증가,Critical Rate +{P}%,爆擊率增加 {P}%,クリティカル率 {P}%増加
MLUA_WEAPONTIERDATALOGIC_003,치명타 피해 {P}% 증가,RootDesk/MyDesk/Inventory/Core/Logic/WeaponTierDataLogic.mlua:101 | RootDesk/MyDesk/Inventory/Core/Logic/WeaponTierDataLogic.mlua:458,치명타 피해 {P}% 증가,Critical Damage +{P}%,爆擊傷害增加 {P}%,クリティカルダメージ {P}%増加
MLUA_WEAPONTIERDATALOGIC_004,최대 체력 {P}% 증가,RootDesk/MyDesk/Inventory/Core/Logic/WeaponTierDataLogic.mlua:102,최대 체력 {P}% 증가,Max HP +{P}%,最大體力增加 {P}%,最大HP {P}%増加
MLUA_WEAPONTIERDATALOGIC_005,스킬 쿨타임 {P}% 감소,RootDesk/MyDesk/Inventory/Core/Logic/WeaponTierDataLogic.mlua:103 | RootDesk/MyDesk/Inventory/Core/Logic/WeaponTierDataLogic.mlua:439,스킬 쿨타임 {P}% 감소,Skill Cooldown -{P}%,技能冷卻時間減少 {P}%,スキルクールタイム {P}%減少
MLUA_WEAPONTIERDATALOGIC_006,나뭇가지보단 조금 더 쓸 만하다.,RootDesk/MyDesk/Inventory/Core/Logic/WeaponTierDataLogic.mlua:158,나뭇가지보단 조금 더 쓸 만하다.,A little more useful than a tree branch.,比樹枝稍微好用一點。,木の枝よりは少し役に立つ。
MLUA_WEAPONTIERDATALOGIC_007,이제 마법사다운 무기를 들었다.,RootDesk/MyDesk/Inventory/Core/Logic/WeaponTierDataLogic.mlua:159,이제 마법사다운 무기를 들었다.,"Finally, a weapon worthy of a mage.",終於拿到像樣的魔法師武器了。,ようやく魔法使いらしい武器を手にした。
MLUA_WEAPONTIERDATALOGIC_008,보기만 해도 왠지 강해 보인다.,RootDesk/MyDesk/Inventory/Core/Logic/WeaponTierDataLogic.mlua:160,보기만 해도 왠지 강해 보인다.,It somehow looks strong just by looking at it.,光是看著就覺得很強。,見ているだけでなんだか強そうだ。
MLUA_WEAPONTIERDATALOGIC_009,마법사라면 한 번쯤 탐내는 스태프.,RootDesk/MyDesk/Inventory/Core/Logic/WeaponTierDataLogic.mlua:161,마법사라면 한 번쯤 탐내는 스태프.,A staff every mage covets at least once.,每個魔法師都曾想擁有的法杖。,魔法使いなら一度は欲しくなる杖。
MLUA_WEAPONTIERDATALOGIC_010,드래곤의 힘이 깃들었다고 한다. 진짜인지는 모른다.,RootDesk/MyDesk/Inventory/Core/Logic/WeaponTierDataLogic.mlua:162,드래곤의 힘이 깃들었다고 한다. 진짜인지는 모른다.,"They say it holds the power of a dragon. Whether that's true, no one knows.",據說寄宿著龍的力量。是真是假就不知道了。,ドラゴンの力が宿っているらしい。本当かどうかはわからない。
MLUA_WEAPONTIERDATALOGIC_011,이 정도면 스태프가 마법을 쓰는 것 같다.,RootDesk/MyDesk/Inventory/Core/Logic/WeaponTierDataLogic.mlua:163,이 정도면 스태프가 마법을 쓰는 것 같다.,"At this point, it feels like the staff is casting the magic.",到了這種程度，簡直像是法杖自己在施法。,ここまで来ると、杖が魔法を使っているようだ。
MLUA_WEAPONTIERDATALOGIC_012,활은 역시 멀리서 쏘는 게 제맛이다.,RootDesk/MyDesk/Inventory/Core/Logic/WeaponTierDataLogic.mlua:168,활은 역시 멀리서 쏘는 게 제맛이다.,The best thing about a bow is shooting from afar.,弓果然還是要從遠處射才過癮。,弓はやっぱり遠くから撃つのが醍醐味だ。
MLUA_WEAPONTIERDATALOGIC_013,독사는 아니지만 꽤 날카롭다.,RootDesk/MyDesk/Inventory/Core/Logic/WeaponTierDataLogic.mlua:169,독사는 아니지만 꽤 날카롭다.,"Not a viper, but quite sharp.",雖然不是毒蛇，但相當鋒利。,毒蛇ではないが、かなり鋭い。
MLUA_WEAPONTIERDATALOGIC_014,봉황도 탐낼 만큼 멋진 활.,RootDesk/MyDesk/Inventory/Core/Logic/WeaponTierDataLogic.mlua:170,봉황도 탐낼 만큼 멋진 활.,A bow so fine even a phoenix would want it.,帥到連鳳凰都想要的弓。,鳳凰も欲しがるほど見事な弓。
MLUA_WEAPONTIERDATALOGIC_015,금빛이라 화살보다 눈에 띈다.,RootDesk/MyDesk/Inventory/Core/Logic/WeaponTierDataLogic.mlua:171,금빛이라 화살보다 눈에 띈다.,So golden it stands out more than the arrows.,金光閃閃，比箭還要顯眼。,金色なので矢よりも目立つ。
MLUA_WEAPONTIERDATALOGIC_016,당기는 순간 제법 긴장된다.,RootDesk/MyDesk/Inventory/Core/Logic/WeaponTierDataLogic.mlua:172,당기는 순간 제법 긴장된다.,Drawing it makes you pretty tense.,拉弓的瞬間相當緊張。,引いた瞬間、かなり緊張する。
MLUA_WEAPONTIERDATALOGIC_017,비싸 보인다. 실제로도 비싸다.,RootDesk/MyDesk/Inventory/Core/Logic/WeaponTierDataLogic.mlua:173,비싸 보인다. 실제로도 비싸다.,Looks expensive. It actually is.,看起來很貴。實際上也很貴。,高そうに見える。実際に高い。
MLUA_WEAPONTIERDATALOGIC_018,무겁다. 하지만 멋있다.,RootDesk/MyDesk/Inventory/Core/Logic/WeaponTierDataLogic.mlua:178,무겁다. 하지만 멋있다.,Heavy. But cool.,很重。但是很帥。,重い。でもかっこいい。
MLUA_WEAPONTIERDATALOGIC_019,한 번 휘두르면 팔이 먼저 놀란다.,RootDesk/MyDesk/Inventory/Core/Logic/WeaponTierDataLogic.mlua:179,한 번 휘두르면 팔이 먼저 놀란다.,Swing it once and your arm is the first to be surprised.,揮一下，手臂先嚇了一跳。,一振りすると、腕のほうが先に驚く。
MLUA_WEAPONTIERDATALOGIC_020,묵직함 하나는 확실하다.,RootDesk/MyDesk/Inventory/Core/Logic/WeaponTierDataLogic.mlua:180,묵직함 하나는 확실하다.,"It's heavy, that's for sure.",沉重感是無庸置疑的。,重みだけは確かだ。
MLUA_WEAPONTIERDATALOGIC_021,전사가 들면 제법 그럴듯하다.,RootDesk/MyDesk/Inventory/Core/Logic/WeaponTierDataLogic.mlua:181,전사가 들면 제법 그럴듯하다.,Looks pretty convincing in a warrior's hands.,戰士拿起來還挺像樣的。,戦士が持つとなかなか様になる。
MLUA_WEAPONTIERDATALOGIC_022,푸른 검신이 시선을 사로잡는다.,RootDesk/MyDesk/Inventory/Core/Logic/WeaponTierDataLogic.mlua:182,푸른 검신이 시선을 사로잡는다.,The blue blade catches the eye.,藍色的劍身吸引了目光。,青い刀身が目を奪う。
MLUA_WEAPONTIERDATALOGIC_023,베지 못할 것은 없어 보인다.,RootDesk/MyDesk/Inventory/Core/Logic/WeaponTierDataLogic.mlua:183,베지 못할 것은 없어 보인다.,Looks like there's nothing it can't cut.,看起來沒有砍不斷的東西。,斬れないものはなさそうだ。
MLUA_WEAPONTIERDATALOGIC_024,날이 삼각형이라 더 무섭다.,RootDesk/MyDesk/Inventory/Core/Logic/WeaponTierDataLogic.mlua:188,날이 삼각형이라 더 무섭다.,The triangular blade makes it even scarier.,刀刃是三角形的，更顯可怕。,刃が三角形なので、なおさら怖い。
MLUA_WEAPONTIERDATALOGIC_025,부채처럼 보이지만 절대 부채가 아니다.,RootDesk/MyDesk/Inventory/Core/Logic/WeaponTierDataLogic.mlua:189,부채처럼 보이지만 절대 부채가 아니다.,"Looks like a fan, but it's definitely not a fan.",看起來像扇子，但絕對不是扇子。,扇子のように見えるが、決して扇子ではない。
MLUA_WEAPONTIERDATALOGIC_026,작고 가볍지만 무시하면 큰일 난다.,RootDesk/MyDesk/Inventory/Core/Logic/WeaponTierDataLogic.mlua:190,작고 가볍지만 무시하면 큰일 난다.,"Small and light, but underestimate it at your peril.",雖然又小又輕，但小看它可就糟了。,小さくて軽いが、侮ると大変なことになる。
MLUA_WEAPONTIERDATALOGIC_027,이름은 주먹인데 어째서 단검일까?,RootDesk/MyDesk/Inventory/Core/Logic/WeaponTierDataLogic.mlua:191,이름은 주먹인데 어째서 단검일까?,"It's named a fist, so why is it a dagger?",名字是拳頭，為什麼卻是短劍？,名前はこぶしなのに、なぜ短剣なのだろう？
MLUA_WEAPONTIERDATALOGIC_028,조용히 들고 다니기 좋은 단검.,RootDesk/MyDesk/Inventory/Core/Logic/WeaponTierDataLogic.mlua:192,조용히 들고 다니기 좋은 단검.,A dagger that's easy to carry quietly.,適合悄悄隨身攜帶的短劍。,こっそり持ち歩くのにちょうどいい短剣。
MLUA_WEAPONTIERDATALOGIC_029,피를 좋아할 것처럼 생겼다.,RootDesk/MyDesk/Inventory/Core/Logic/WeaponTierDataLogic.mlua:193,피를 좋아할 것처럼 생겼다.,It looks like it would enjoy blood.,看起來像是喜歡鮮血的樣子。,血を好みそうな見た目をしている。
MLUA_WEAPONTIERDATALOGIC_030,제복을 입으면 왠지 강해진 기분이 든다.,RootDesk/MyDesk/Inventory/Core/Logic/WeaponTierDataLogic.mlua:200,제복을 입으면 왠지 강해진 기분이 든다.,Wearing a uniform somehow makes you feel stronger.,穿上制服就莫名覺得自己變強了。,制服を着ると、なんだか強くなった気がする。
MLUA_WEAPONTIERDATALOGIC_031,어둠 속에서도 존재감이 확실하다.,RootDesk/MyDesk/Inventory/Core/Logic/WeaponTierDataLogic.mlua:201,어둠 속에서도 존재감이 확실하다.,Its presence is unmistakable even in the dark.,即使在黑暗中也存在感十足。,暗闇の中でも存在感は確かだ。
MLUA_WEAPONTIERDATALOGIC_032,수련기사의 첫걸음을 함께하는 로브.,RootDesk/MyDesk/Inventory/Core/Logic/WeaponTierDataLogic.mlua:202,수련기사의 첫걸음을 함께하는 로브.,A robe that accompanies a knight-in-training's first steps.,陪伴見習騎士踏出第一步的長袍。,見習い騎士の第一歩を共にするローブ。
MLUA_WEAPONTIERDATALOGIC_033,이름부터 이미 훌륭하다.,RootDesk/MyDesk/Inventory/Core/Logic/WeaponTierDataLogic.mlua:203,이름부터 이미 훌륭하다.,Even the name is already impressive.,光是名字就已經很出色了。,名前からしてすでに立派だ。
MLUA_WEAPONTIERDATALOGIC_034,보기만 해도 조금 추워진다.,RootDesk/MyDesk/Inventory/Core/Logic/WeaponTierDataLogic.mlua:204,보기만 해도 조금 추워진다.,Just looking at it makes you a little cold.,光是看著就覺得有點冷。,見ているだけで少し寒くなる。
MLUA_WEAPONTIERDATALOGIC_035,이름부터 최종병기 느낌이다.,RootDesk/MyDesk/Inventory/Core/Logic/WeaponTierDataLogic.mlua:205,이름부터 최종병기 느낌이다.,Even the name sounds like an ultimate weapon.,光聽名字就有終極兵器的感覺。,名前からして最終兵器っぽい。
MLUA_WEAPONTIERDATALOGIC_036,기사단에 들어가면 제일 먼저 받는 옷.,RootDesk/MyDesk/Inventory/Core/Logic/WeaponTierDataLogic.mlua:212,기사단에 들어가면 제일 먼저 받는 옷.,The first outfit you get when you join the Knights.,加入騎士團後最先拿到的衣服。,騎士団に入ると最初にもらう服。
MLUA_WEAPONTIERDATALOGIC_037,특별한 날에만 입는 옷 같다.,RootDesk/MyDesk/Inventory/Core/Logic/WeaponTierDataLogic.mlua:213,특별한 날에만 입는 옷 같다.,Looks like something you'd wear only on special days.,像是只有特別的日子才會穿的衣服。,特別な日にだけ着る服のようだ。
MLUA_WEAPONTIERDATALOGIC_038,푸른 보석이 은근히 고급스럽다.,RootDesk/MyDesk/Inventory/Core/Logic/WeaponTierDataLogic.mlua:214,푸른 보석이 은근히 고급스럽다.,The blue gem is subtly luxurious.,藍色寶石低調而高貴。,青い宝石がさりげなく上品だ。
MLUA_WEAPONTIERDATALOGIC_039,베릴보다 비싸 보인다. 실제로도 그렇다.,RootDesk/MyDesk/Inventory/Core/Logic/WeaponTierDataLogic.mlua:215,베릴보다 비싸 보인다. 실제로도 그렇다.,Looks pricier than Beryl. And it is.,看起來比綠柱石還貴。實際上也是。,ベリルより高そうに見える。実際にそうだ。
MLUA_WEAPONTIERDATALOGIC_040,입는 순간 격이 달라 보인다.,RootDesk/MyDesk/Inventory/Core/Logic/WeaponTierDataLogic.mlua:216,입는 순간 격이 달라 보인다.,"The moment you put it on, you look a class above.",一穿上就顯得格調不同。,着た瞬間、格が違って見える。
MLUA_WEAPONTIERDATALOGIC_041,검은색은 언제나 강해 보인다.,RootDesk/MyDesk/Inventory/Core/Logic/WeaponTierDataLogic.mlua:217,검은색은 언제나 강해 보인다.,Black always looks strong.,黑色總是看起來很強。,黒はいつだって強そうに見える。
MLUA_WEAPONTIERDATALOGIC_042,급하게 만든 것치고는 제법 쓸 만하다.,RootDesk/MyDesk/Inventory/Core/Logic/WeaponTierDataLogic.mlua:223,급하게 만든 것치고는 제법 쓸 만하다.,Pretty useful for something made in a hurry.,以匆忙做成的來說還挺好用的。,急いで作ったわりにはなかなか使える。
MLUA_WEAPONTIERDATALOGIC_043,뼈를 뒤집어썼다. 꽤 무섭다.,RootDesk/MyDesk/Inventory/Core/Logic/WeaponTierDataLogic.mlua:224,뼈를 뒤집어썼다. 꽤 무섭다.,Covered in bones. Quite scary.,披著骨頭。相當可怕。,骨をかぶっている。かなり怖い。
MLUA_WEAPONTIERDATALOGIC_044,자쿰의 힘을 머리에 얹었다.,RootDesk/MyDesk/Inventory/Core/Logic/WeaponTierDataLogic.mlua:225,자쿰의 힘을 머리에 얹었다.,"Zakum's power, worn on your head.",把殘暴炎魔的力量戴在頭上。,ジャクムの力を頭にのせた。
MLUA_WEAPONTIERDATALOGIC_045,해적의 멋을 조금 빌려왔다.,RootDesk/MyDesk/Inventory/Core/Logic/WeaponTierDataLogic.mlua:226,해적의 멋을 조금 빌려왔다.,Borrows a little pirate style.,借用了一點海盜的帥氣。,海賊のかっこよさを少し借りてきた。
MLUA_WEAPONTIERDATALOGIC_046,별빛과 깃털이 제법 잘 어울린다.,RootDesk/MyDesk/Inventory/Core/Logic/WeaponTierDataLogic.mlua:227,별빛과 깃털이 제법 잘 어울린다.,Starlight and feathers go surprisingly well together.,星光和羽毛意外地很搭。,星の光と羽がなかなかよく似合う。
MLUA_WEAPONTIERDATALOGIC_047,머리 위에 벨룸을 얹은 기분이다.,RootDesk/MyDesk/Inventory/Core/Logic/WeaponTierDataLogic.mlua:228,머리 위에 벨룸을 얹은 기분이다.,Feels like wearing Vellum on your head.,感覺像是把貝倫戴在頭上。,頭の上にベルムをのせた気分だ。
MLUA_WEAPONTIERDATALOGIC_048,일단 끼면 뭐든 할 수 있을 것 같다.,RootDesk/MyDesk/Inventory/Core/Logic/WeaponTierDataLogic.mlua:234,일단 끼면 뭐든 할 수 있을 것 같다.,"Once you put them on, you feel like you can do anything.",只要戴上，感覺什麼都做得到。,はめてしまえば、何でもできそうな気がする。
MLUA_WEAPONTIERDATALOGIC_049,손끝까지 날렵해지는 느낌이다.,RootDesk/MyDesk/Inventory/Core/Logic/WeaponTierDataLogic.mlua:235,손끝까지 날렵해지는 느낌이다.,You feel nimble right down to your fingertips.,連指尖都變得靈巧的感覺。,指先まで身軽になる感じがする。
MLUA_WEAPONTIERDATALOGIC_050,평범하지만 기본은 확실하다.,RootDesk/MyDesk/Inventory/Core/Logic/WeaponTierDataLogic.mlua:236,평범하지만 기본은 확실하다.,"Ordinary, but solid on the basics.",雖然普通，但基本功很紮實。,平凡だが、基本はしっかりしている。
MLUA_WEAPONTIERDATALOGIC_051,함장이라면 이 정도는 껴줘야 한다.,RootDesk/MyDesk/Inventory/Core/Logic/WeaponTierDataLogic.mlua:237,함장이라면 이 정도는 껴줘야 한다.,A captain ought to wear at least this much.,身為艦長，至少要戴這種程度的。,艦長ならこれくらいははめないと。
MLUA_WEAPONTIERDATALOGIC_052,무공이 사용했다는 전설의 장갑.,RootDesk/MyDesk/Inventory/Core/Logic/WeaponTierDataLogic.mlua:238,무공이 사용했다는 전설의 장갑.,Legendary gloves said to have been used by Mu Gong.,傳說中武公使用過的手套。,武公が使ったという伝説の手袋。
MLUA_WEAPONTIERDATALOGIC_053,이름은 귀엽지만 장갑은 강력하다.,RootDesk/MyDesk/Inventory/Core/Logic/WeaponTierDataLogic.mlua:239,이름은 귀엽지만 장갑은 강력하다.,"The name is cute, but the gloves are powerful.",名字很可愛，但手套很強大。,名前はかわいいが、手袋は強力だ。
MLUA_WEAPONTIERDATALOGIC_054,누가 만들었는지도 모를 밋밋한 은반지.,RootDesk/MyDesk/Inventory/Core/Logic/WeaponTierDataLogic.mlua:244,누가 만들었는지도 모를 밋밋한 은반지.,A plain silver ring. No one knows who made it.,不知是誰打造的平凡銀戒指。,誰が作ったのかもわからない、素朴な銀の指輪。
MLUA_WEAPONTIERDATALOGIC_055,새벽빛을 한 조각 떼어 박아 넣었다고 한다.,RootDesk/MyDesk/Inventory/Core/Logic/WeaponTierDataLogic.mlua:245,새벽빛을 한 조각 떼어 박아 넣었다고 한다.,They say a sliver of dawn light was set into it.,據說鑲入了一片黎明之光。,夜明けの光をひとかけら埋め込んだという。
MLUA_WEAPONTIERDATALOGIC_056,겨울에 피는 꽃을 그대로 굳혀 놓은 듯하다.,RootDesk/MyDesk/Inventory/Core/Logic/WeaponTierDataLogic.mlua:246,겨울에 피는 꽃을 그대로 굳혀 놓은 듯하다.,"Like a flower that blooms in winter, frozen in place.",彷彿將冬天綻放的花朵原封不動地凝固起來。,冬に咲く花をそのまま固めたかのようだ。
MLUA_WEAPONTIERDATALOGIC_057,지켜주겠다는 약속이 반지 모양으로 남았다.,RootDesk/MyDesk/Inventory/Core/Logic/WeaponTierDataLogic.mlua:247,지켜주겠다는 약속이 반지 모양으로 남았다.,"A promise to protect, left behind in the shape of a ring.",守護的承諾化作了戒指的形狀留了下來。,守るという約束が指輪の形で残った。
MLUA_WEAPONTIERDATALOGIC_058,요정 여왕이 흘린 눈물이라기엔 너무 단단하다.,RootDesk/MyDesk/Inventory/Core/Logic/WeaponTierDataLogic.mlua:248,요정 여왕이 흘린 눈물이라기엔 너무 단단하다.,Too hard to be a tear shed by the Fairy Queen.,說是妖精女王流下的眼淚，未免也太堅硬了。,妖精の女王が流した涙にしては硬すぎる。
MLUA_WEAPONTIERDATALOGIC_059,들여다보면 저쪽에서도 이쪽을 보고 있다.,RootDesk/MyDesk/Inventory/Core/Logic/WeaponTierDataLogic.mlua:249,들여다보면 저쪽에서도 이쪽을 보고 있다.,"Stare into it, and something stares back.",凝視它時，另一邊也在看著你。,のぞき込むと、向こうもこちらを見ている。
MLUA_WEAPONTIERDATALOGIC_060,낡았지만 없는 것보단 낫다.,RootDesk/MyDesk/Inventory/Core/Logic/WeaponTierDataLogic.mlua:254,낡았지만 없는 것보단 낫다.,"Worn out, but better than nothing.",雖然老舊，但總比沒有好。,古いが、ないよりはましだ。
MLUA_WEAPONTIERDATALOGIC_061,보기만 해도 마음이 조금 편안해진다.,RootDesk/MyDesk/Inventory/Core/Logic/WeaponTierDataLogic.mlua:255,보기만 해도 마음이 조금 편안해진다.,Just looking at it puts your mind a little at ease.,光是看著就讓人稍微安心。,見ているだけで少し心が落ち着く。
MLUA_WEAPONTIERDATALOGIC_062,하늘을 날 수 있을 것 같지만 못 난다.,RootDesk/MyDesk/Inventory/Core/Logic/WeaponTierDataLogic.mlua:256,하늘을 날 수 있을 것 같지만 못 난다.,"Looks like it could let you fly, but it can't.",看起來好像能飛上天，但其實不能。,空を飛べそうだが、飛べない。
MLUA_WEAPONTIERDATALOGIC_063,검은색이라 어디에나 잘 어울린다.,RootDesk/MyDesk/Inventory/Core/Logic/WeaponTierDataLogic.mlua:257,검은색이라 어디에나 잘 어울린다.,"It's black, so it goes with anything.",是黑色的，所以百搭。,黒なので何にでもよく合う。
MLUA_WEAPONTIERDATALOGIC_064,붉은 날개를 두른 듯한 망토.,RootDesk/MyDesk/Inventory/Core/Logic/WeaponTierDataLogic.mlua:258,붉은 날개를 두른 듯한 망토.,A cape that seems wrapped in crimson wings.,彷彿披著紅色羽翼的披風。,赤い翼をまとったようなマント。
MLUA_WEAPONTIERDATALOGIC_065,푸른색이라 제법 시원해 보인다.,RootDesk/MyDesk/Inventory/Core/Logic/WeaponTierDataLogic.mlua:259,푸른색이라 제법 시원해 보인다.,"It's blue, so it looks rather cool.",是藍色的，看起來挺涼爽的。,青いので、なかなか涼しげに見える。
MLUA_WEAPONTIERDATALOGIC_066,나무 스태프,RootDesk/MyDesk/Inventory/Core/Logic/WeaponTierDataLogic.mlua:287,나무 스태프,Wooden Staff,木製法杖,木の杖
MLUA_WEAPONTIERDATALOGIC_067,아크 스태프,RootDesk/MyDesk/Inventory/Core/Logic/WeaponTierDataLogic.mlua:306,아크 스태프,Arc Staff,弧光法杖,アークスタッフ
MLUA_WEAPONTIERDATALOGIC_068,공격력,RootDesk/MyDesk/Inventory/Core/Logic/WeaponTierDataLogic.mlua:308 | RootDesk/MyDesk/Inventory/Core/Logic/WeaponTierDataLogic.mlua:343 | RootDesk/MyDesk/UI/WorldCharacterSelectUI.mlua:206,공격력,ATK,攻擊力,攻撃力
MLUA_WEAPONTIERDATALOGIC_069,이블윙즈,RootDesk/MyDesk/Inventory/Core/Logic/WeaponTierDataLogic.mlua:321,이블윙즈,Evil Wings,邪惡之翼,イビルウィングス
MLUA_WEAPONTIERDATALOGIC_070,적 100마리 처치 시 Lv.3 썬더 볼트,RootDesk/MyDesk/Inventory/Core/Logic/WeaponTierDataLogic.mlua:333,적 100마리 처치 시 Lv.3 썬더 볼트,Lv.3 Thunder Bolt after defeating 100 enemies,擊敗100個敵人後獲得 Lv.3 雷電術,敵を100体倒すと Lv.3 サンダーボルト
MLUA_WEAPONTIERDATALOGIC_071,적 100마리 처치 시 Lv.3 썬더 커터,RootDesk/MyDesk/Inventory/Core/Logic/WeaponTierDataLogic.mlua:334,적 100마리 처치 시 Lv.3 썬더 커터,Lv.3 Thunder Cutter after defeating 100 enemies,擊敗100個敵人後獲得 Lv.3 雷刃,敵を100体倒すと Lv.3 サンダーカッター
MLUA_WEAPONTIERDATALOGIC_072,적 100마리 처치 시 Lv.3 에너지 볼트,RootDesk/MyDesk/Inventory/Core/Logic/WeaponTierDataLogic.mlua:335,적 100마리 처치 시 Lv.3 에너지 볼트,Lv.3 Energy Bolt after defeating 100 enemies,擊敗100個敵人後獲得 Lv.3 能量彈,敵を100体倒すと Lv.3 エナジーボルト
MLUA_WEAPONTIERDATALOGIC_073,적 100마리 처치 시 Lv.3 페페,RootDesk/MyDesk/Inventory/Core/Logic/WeaponTierDataLogic.mlua:336,적 100마리 처치 시 Lv.3 페페,Lv.3 Pepe after defeating 100 enemies,擊敗100個敵人後獲得 Lv.3 佩佩,敵を100体倒すと Lv.3 ペペ
MLUA_WEAPONTIERDATALOGIC_074,케이그,RootDesk/MyDesk/Inventory/Core/Logic/WeaponTierDataLogic.mlua:341,케이그,Kage,影杖,ケイグ
MLUA_WEAPONTIERDATALOGIC_075,드래곤 스태프,RootDesk/MyDesk/Inventory/Core/Logic/WeaponTierDataLogic.mlua:356,드래곤 스태프,Dragon Staff,龍之法杖,ドラゴンスタッフ
MLUA_WEAPONTIERDATALOGIC_076,쿨타임,RootDesk/MyDesk/Inventory/Core/Logic/WeaponTierDataLogic.mlua:358,쿨타임,Cooldown,冷卻時間,クールタイム
MLUA_WEAPONTIERDATALOGIC_077,쟈이힌 스태프,RootDesk/MyDesk/Inventory/Core/Logic/WeaponTierDataLogic.mlua:371,쟈이힌 스태프,Jaihin Staff,賈伊欣法杖,ジャイヒンスタッフ
MLUA_WEAPONTIERDATALOGIC_078,Lv.5 썬더 볼트,RootDesk/MyDesk/Inventory/Core/Logic/WeaponTierDataLogic.mlua:388,Lv.5 썬더 볼트,Lv.5 Thunder Bolt,Lv.5 雷電術,Lv.5 サンダーボルト
MLUA_WEAPONTIERDATALOGIC_079,Lv.5 썬더 커터,RootDesk/MyDesk/Inventory/Core/Logic/WeaponTierDataLogic.mlua:389,Lv.5 썬더 커터,Lv.5 Thunder Cutter,Lv.5 雷刃,Lv.5 サンダーカッター
MLUA_WEAPONTIERDATALOGIC_080,Lv.5 에너지 볼트,RootDesk/MyDesk/Inventory/Core/Logic/WeaponTierDataLogic.mlua:390,Lv.5 에너지 볼트,Lv.5 Energy Bolt,Lv.5 能量彈,Lv.5 エナジーボルト
MLUA_WEAPONTIERDATALOGIC_081,Lv.5 페페,RootDesk/MyDesk/Inventory/Core/Logic/WeaponTierDataLogic.mlua:391,Lv.5 페페,Lv.5 Pepe,Lv.5 佩佩,Lv.5 ペペ
MLUA_WEAPONTIERDATALOGIC_082,무명의 은반지,RootDesk/MyDesk/Inventory/Core/Logic/WeaponTierDataLogic.mlua:419,무명의 은반지,Nameless Silver Ring,無名的銀戒指,名もなき銀の指輪
MLUA_WEAPONTIERDATALOGIC_083,여명의 금반지,RootDesk/MyDesk/Inventory/Core/Logic/WeaponTierDataLogic.mlua:421,여명의 금반지,Golden Ring of Dawn,黎明的金戒指,夜明けの金の指輪
MLUA_WEAPONTIERDATALOGIC_084,서리꽃 반지,RootDesk/MyDesk/Inventory/Core/Logic/WeaponTierDataLogic.mlua:423,서리꽃 반지,Frostflower Ring,霜花戒指,霜花の指輪
MLUA_WEAPONTIERDATALOGIC_085,천사의 맹세,RootDesk/MyDesk/Inventory/Core/Logic/WeaponTierDataLogic.mlua:425,천사의 맹세,Angel's Oath,天使的誓言,天使の誓い
MLUA_WEAPONTIERDATALOGIC_086,페어리퀸의 눈물,RootDesk/MyDesk/Inventory/Core/Logic/WeaponTierDataLogic.mlua:427,페어리퀸의 눈물,Fairy Queen's Tear,妖精女王的眼淚,妖精女王の涙
MLUA_WEAPONTIERDATALOGIC_087,심연의 눈동자,RootDesk/MyDesk/Inventory/Core/Logic/WeaponTierDataLogic.mlua:429,심연의 눈동자,Eye of the Abyss,深淵之瞳,深淵の瞳
MLUA_WEAPONTIERDATALOGIC_088,워 보우,RootDesk/MyDesk/Inventory/Core/Logic/WeaponTierDataLogic.mlua:435,워 보우,War Bow,戰鬥之弓,ウォーボウ
MLUA_WEAPONTIERDATALOGIC_089,레드 바이퍼,RootDesk/MyDesk/Inventory/Core/Logic/WeaponTierDataLogic.mlua:436,레드 바이퍼,Red Viper,赤色毒蛇,レッドバイパー
MLUA_WEAPONTIERDATALOGIC_090,기본 공격 피해량 {P}% 증가,RootDesk/MyDesk/Inventory/Core/Logic/WeaponTierDataLogic.mlua:436 | RootDesk/MyDesk/Inventory/Core/Logic/WeaponTierDataLogic.mlua:438,기본 공격 피해량 {P}% 증가,Basic Attack Damage +{P}%,普通攻擊傷害增加 {P}%,通常攻撃ダメージ {P}%増加
MLUA_WEAPONTIERDATALOGIC_091,봉황위궁,RootDesk/MyDesk/Inventory/Core/Logic/WeaponTierDataLogic.mlua:437,봉황위궁,Phoenix Bow,鳳凰衛弓,鳳凰衛弓
MLUA_WEAPONTIERDATALOGIC_092,적 10마리 처치 시 추가 기본 공격,RootDesk/MyDesk/Inventory/Core/Logic/WeaponTierDataLogic.mlua:437,적 10마리 처치 시 추가 기본 공격,Extra Basic Attack after defeating 10 enemies,擊敗10個敵人後追加普通攻擊,敵を10体倒すと通常攻撃を追加
MLUA_WEAPONTIERDATALOGIC_093,골든 아룬드,RootDesk/MyDesk/Inventory/Core/Logic/WeaponTierDataLogic.mlua:438,골든 아룬드,Golden Arund,黃金阿倫德,ゴールデンアルンド
MLUA_WEAPONTIERDATALOGIC_094,메투스,RootDesk/MyDesk/Inventory/Core/Logic/WeaponTierDataLogic.mlua:439,메투스,Metus,梅圖斯,メトゥス
MLUA_WEAPONTIERDATALOGIC_095,골든 니스록,RootDesk/MyDesk/Inventory/Core/Logic/WeaponTierDataLogic.mlua:440,골든 니스록,Golden Nisrock,黃金尼斯洛克,ゴールデンニスロック
MLUA_WEAPONTIERDATALOGIC_096,기본 공격 시 {P}% 확률로 추가 공격 1회 발동,RootDesk/MyDesk/Inventory/Core/Logic/WeaponTierDataLogic.mlua:440,기본 공격 시 {P}% 확률로 추가 공격 1회 발동,{P}% chance on Basic Attack to trigger 1 extra attack,普通攻擊時有 {P}% 機率發動1次追加攻擊,通常攻撃時に{P}%の確率で追加攻撃が1回発動
MLUA_WEAPONTIERDATALOGIC_097,양손검,RootDesk/MyDesk/Inventory/Core/Logic/WeaponTierDataLogic.mlua:445,양손검,Two-Handed Sword,雙手劍,両手剣
MLUA_WEAPONTIERDATALOGIC_098,하이랜더,RootDesk/MyDesk/Inventory/Core/Logic/WeaponTierDataLogic.mlua:446,하이랜더,Highlander,高地人,ハイランダー
MLUA_WEAPONTIERDATALOGIC_099,공격력 {P}%,RootDesk/MyDesk/Inventory/Core/Logic/WeaponTierDataLogic.mlua:446 | RootDesk/MyDesk/Inventory/Core/Logic/WeaponTierDataLogic.mlua:448,공격력 {P}%,ATK {P}%,攻擊力 {P}%,攻撃力 {P}%
MLUA_WEAPONTIERDATALOGIC_100,그리스,RootDesk/MyDesk/Inventory/Core/Logic/WeaponTierDataLogic.mlua:447,그리스,Gris,葛利斯,グリス
MLUA_WEAPONTIERDATALOGIC_101,적 30마리 처치 시 HP {P}% 회복,RootDesk/MyDesk/Inventory/Core/Logic/WeaponTierDataLogic.mlua:447,적 30마리 처치 시 HP {P}% 회복,Restore {P}% HP after defeating 30 enemies,擊敗30個敵人後恢復 {P}% HP,敵を30体倒すとHPを{P}%回復
MLUA_WEAPONTIERDATALOGIC_102,그륜힐,RootDesk/MyDesk/Inventory/Core/Logic/WeaponTierDataLogic.mlua:448,그륜힐,Gryunhil,古倫希爾,グリュンヒル
MLUA_WEAPONTIERDATALOGIC_103,청운검,RootDesk/MyDesk/Inventory/Core/Logic/WeaponTierDataLogic.mlua:449,청운검,Cloud Blade,青雲劍,青雲剣
MLUA_WEAPONTIERDATALOGIC_104,받는 피해 {P}% 감소,RootDesk/MyDesk/Inventory/Core/Logic/WeaponTierDataLogic.mlua:449 | RootDesk/MyDesk/Inventory/Core/Logic/WeaponTierDataLogic.mlua:470,받는 피해 {P}% 감소,Damage taken -{P}%,受到傷害減少 {P}%,被ダメージ {P}%減少
MLUA_WEAPONTIERDATALOGIC_105,참화도,RootDesk/MyDesk/Inventory/Core/Logic/WeaponTierDataLogic.mlua:450,참화도,Calamity Blade,慘禍刀,惨禍刀
MLUA_WEAPONTIERDATALOGIC_106,HP 30% 이하 시 공격력 {P}% 증가,RootDesk/MyDesk/Inventory/Core/Logic/WeaponTierDataLogic.mlua:450,HP 30% 이하 시 공격력 {P}% 증가,ATK +{P}% when HP is 30% or less,HP 30%以下時攻擊力增加 {P}%,HP30%以下のとき攻撃力 {P}%増加
MLUA_WEAPONTIERDATALOGIC_107,삼각 자마다르,RootDesk/MyDesk/Inventory/Core/Logic/WeaponTierDataLogic.mlua:455,삼각 자마다르,Triangular Jamadhar,三角拳刃,三角ジャマダハル
MLUA_WEAPONTIERDATALOGIC_108,태극부채,RootDesk/MyDesk/Inventory/Core/Logic/WeaponTierDataLogic.mlua:456,태극부채,Taeguk Fan,太極扇,太極扇
MLUA_WEAPONTIERDATALOGIC_109,게타,RootDesk/MyDesk/Inventory/Core/Logic/WeaponTierDataLogic.mlua:457,게타,Geta,木屐,ゲタ
MLUA_WEAPONTIERDATALOGIC_110,"몬스터 30마리 처치 시 치명타 확률 {P}% 증가(10초), 지속시간동안 갱신X",RootDesk/MyDesk/Inventory/Core/Logic/WeaponTierDataLogic.mlua:457,"몬스터 30마리 처치 시 치명타 확률 {P}% 증가(10초), 지속시간동안 갱신X",Critical Rate +{P}% for 10s after defeating 30 monsters (doesn't refresh while active),擊敗30隻怪物後爆擊率增加 {P}%(10秒)，持續期間內不會刷新,モンスターを30体倒すとクリティカル率 {P}%増加(10秒)、持続中は更新されない
MLUA_WEAPONTIERDATALOGIC_111,용천권,RootDesk/MyDesk/Inventory/Core/Logic/WeaponTierDataLogic.mlua:458,용천권,Dragon Fist,龍泉拳,竜泉拳
MLUA_WEAPONTIERDATALOGIC_112,바키트,RootDesk/MyDesk/Inventory/Core/Logic/WeaponTierDataLogic.mlua:459,바키트,Bakit,巴基特,バキット
MLUA_WEAPONTIERDATALOGIC_113,블러드 대거,RootDesk/MyDesk/Inventory/Core/Logic/WeaponTierDataLogic.mlua:460,블러드 대거,Blood Dagger,鮮血匕首,ブラッドダガー
MLUA_WEAPONTIERDATALOGIC_114,"기본 공격시 {C}% 확률 치명타 피해 {P}% 증가(10초), 지속시간동안 갱신X",RootDesk/MyDesk/Inventory/Core/Logic/WeaponTierDataLogic.mlua:460,"기본 공격시 {C}% 확률 치명타 피해 {P}% 증가(10초), 지속시간동안 갱신X",{C}% chance on Basic Attack: Critical Damage +{P}% for 10s (doesn't refresh while active),普通攻擊時有 {C}% 機率爆擊傷害增加 {P}%(10秒)，持續期間內不會刷新,通常攻撃時に{C}%の確率でクリティカルダメージ {P}%増加(10秒)、持続中は更新されない
MLUA_WEAPONTIERDATALOGIC_115,드라카즈 제복,RootDesk/MyDesk/Inventory/Core/Logic/WeaponTierDataLogic.mlua:465,드라카즈 제복,Drakaz Uniform,德拉卡茲制服,ドラカズの制服
MLUA_WEAPONTIERDATALOGIC_116,다크 오로라 로브,RootDesk/MyDesk/Inventory/Core/Logic/WeaponTierDataLogic.mlua:466,다크 오로라 로브,Dark Aurora Robe,黑暗極光長袍,ダークオーロラローブ
MLUA_WEAPONTIERDATALOGIC_117,전투 시작 시 최대 HP의 {P}% 보호막 획득,RootDesk/MyDesk/Inventory/Core/Logic/WeaponTierDataLogic.mlua:466 | RootDesk/MyDesk/Inventory/Core/Logic/WeaponTierDataLogic.mlua:478,전투 시작 시 최대 HP의 {P}% 보호막 획득,Gain a shield equal to {P}% of Max HP at the start of battle,戰鬥開始時獲得最大HP {P}% 的護盾,戦闘開始時に最大HPの{P}%のシールドを獲得
MLUA_WEAPONTIERDATALOGIC_118,빛의 수련기사 로브,RootDesk/MyDesk/Inventory/Core/Logic/WeaponTierDataLogic.mlua:467,빛의 수련기사 로브,Robe of the Knight-in-Training of Light,光之見習騎士長袍,光の見習い騎士のローブ
MLUA_WEAPONTIERDATALOGIC_119,몬스터 50마리 처치 시 HP {P}% 회복,RootDesk/MyDesk/Inventory/Core/Logic/WeaponTierDataLogic.mlua:467 | RootDesk/MyDesk/Inventory/Core/Logic/WeaponTierDataLogic.mlua:479,몬스터 50마리 처치 시 HP {P}% 회복,Restore {P}% HP after defeating 50 monsters,擊敗50隻怪物後恢復 {P}% HP,モンスターを50体倒すとHPを{P}%回復
MLUA_WEAPONTIERDATALOGIC_120,여제의 쓸만한 로브,RootDesk/MyDesk/Inventory/Core/Logic/WeaponTierDataLogic.mlua:470,여제의 쓸만한 로브,Empress's Handy Robe,女皇的實用長袍,女帝の使えるローブ
MLUA_WEAPONTIERDATALOGIC_121,템페스트 후드로브,RootDesk/MyDesk/Inventory/Core/Logic/WeaponTierDataLogic.mlua:471,템페스트 후드로브,Tempest Hooded Robe,暴風連帽長袍,テンペストフードローブ
MLUA_WEAPONTIERDATALOGIC_122,HP 30% 이하일 때 받는 피해 {P}% 감소,RootDesk/MyDesk/Inventory/Core/Logic/WeaponTierDataLogic.mlua:471 | RootDesk/MyDesk/Inventory/Core/Logic/WeaponTierDataLogic.mlua:481,HP 30% 이하일 때 받는 피해 {P}% 감소,Damage taken -{P}% when HP is 30% or less,HP 30%以下時受到傷害減少 {P}%,HP30%以下のとき被ダメージ {P}%減少
MLUA_WEAPONTIERDATALOGIC_123,얼티밋 슈트,RootDesk/MyDesk/Inventory/Core/Logic/WeaponTierDataLogic.mlua:472,얼티밋 슈트,Ultimate Suit,究極套裝,アルティメットスーツ
MLUA_WEAPONTIERDATALOGIC_124,치명적인 피해를 받을 때 5초 무적(전투당 1회),RootDesk/MyDesk/Inventory/Core/Logic/WeaponTierDataLogic.mlua:472,치명적인 피해를 받을 때 5초 무적(전투당 1회),5s of invincibility when taking fatal damage (once per battle),受到致命傷害時無敵5秒(每場戰鬥1次),致命的なダメージを受けたとき5秒間無敵(戦闘ごとに1回)
MLUA_WEAPONTIERDATALOGIC_125,기사단 제복,RootDesk/MyDesk/Inventory/Core/Logic/WeaponTierDataLogic.mlua:477,기사단 제복,Knights' Uniform,騎士團制服,騎士団の制服
MLUA_WEAPONTIERDATALOGIC_126,10주년 화이트 슈트,RootDesk/MyDesk/Inventory/Core/Logic/WeaponTierDataLogic.mlua:478,10주년 화이트 슈트,10th Anniversary White Suit,10週年白色套裝,10周年ホワイトスーツ
MLUA_WEAPONTIERDATALOGIC_127,메이플 베릴 리센느,RootDesk/MyDesk/Inventory/Core/Logic/WeaponTierDataLogic.mlua:479,메이플 베릴 리센느,Maple Beryl Ricenne,楓葉綠柱石禮服,メイプルベリルリセンヌ
MLUA_WEAPONTIERDATALOGIC_128,메이플 래티넘 리센느,RootDesk/MyDesk/Inventory/Core/Logic/WeaponTierDataLogic.mlua:480,메이플 래티넘 리센느,Maple Platinum Ricenne,楓葉白金禮服,メイプルプラチナムリセンヌ
MLUA_WEAPONTIERDATALOGIC_129,피격 시 {P}% 확률로 피해 무효화,RootDesk/MyDesk/Inventory/Core/Logic/WeaponTierDataLogic.mlua:480,피격 시 {P}% 확률로 피해 무효화,{P}% chance to nullify damage when hit,受到攻擊時有 {P}% 機率使傷害無效,被弾時に{P}%の確率でダメージを無効化
MLUA_WEAPONTIERDATALOGIC_130,메이플 이올렛 슈트,RootDesk/MyDesk/Inventory/Core/Logic/WeaponTierDataLogic.mlua:481,메이플 이올렛 슈트,Maple Iolite Suit,楓葉堇青石套裝,メイプルアイオライトスーツ
MLUA_WEAPONTIERDATALOGIC_131,10주년 블랙 슈트,RootDesk/MyDesk/Inventory/Core/Logic/WeaponTierDataLogic.mlua:482,10주년 블랙 슈트,10th Anniversary Black Suit,10週年黑色套裝,10周年ブラックスーツ
MLUA_WEAPONTIERDATALOGIC_132,HP가 20% 이하가 되면 즉시 HP {P}% 회복(전투당 1회),RootDesk/MyDesk/Inventory/Core/Logic/WeaponTierDataLogic.mlua:482,HP가 20% 이하가 되면 즉시 HP {P}% 회복(전투당 1회),Instantly restore {P}% HP when HP drops to 20% or less (once per battle),HP降至20%以下時立即恢復 {P}% HP(每場戰鬥1次),HPが20%以下になると即座にHPを{P}%回復(戦闘ごとに1回)
MLUA_WEAPONTIERDATALOGIC_133,신문지 투구,RootDesk/MyDesk/Inventory/Core/Logic/WeaponTierDataLogic.mlua:487,신문지 투구,Newspaper Helmet,報紙頭盔,新聞紙のかぶと
MLUA_WEAPONTIERDATALOGIC_134,본 헬름,RootDesk/MyDesk/Inventory/Core/Logic/WeaponTierDataLogic.mlua:488,본 헬름,Bone Helm,骨製頭盔,ボーンヘルム
MLUA_WEAPONTIERDATALOGIC_135,공격력 +{P}%,RootDesk/MyDesk/Inventory/Core/Logic/WeaponTierDataLogic.mlua:488 | RootDesk/MyDesk/Inventory/Core/Logic/WeaponTierDataLogic.mlua:490,공격력 +{P}%,ATK +{P}%,攻擊力 +{P}%,攻撃力 +{P}%
MLUA_WEAPONTIERDATALOGIC_136,자쿰의 투구,RootDesk/MyDesk/Inventory/Core/Logic/WeaponTierDataLogic.mlua:489,자쿰의 투구,Zakum Helmet,殘暴炎魔頭盔,ジャクムの兜
MLUA_WEAPONTIERDATALOGIC_137,몬스터 50마리 처치 시 모든 스킬 쿨타임 {P}% 감소,RootDesk/MyDesk/Inventory/Core/Logic/WeaponTierDataLogic.mlua:489,몬스터 50마리 처치 시 모든 스킬 쿨타임 {P}% 감소,All skill cooldowns -{P}% after defeating 50 monsters,擊敗50隻怪物後所有技能冷卻時間減少 {P}%,モンスターを50体倒すと全スキルのクールタイム {P}%減少
MLUA_WEAPONTIERDATALOGIC_138,데비존의 모자,RootDesk/MyDesk/Inventory/Core/Logic/WeaponTierDataLogic.mlua:490,데비존의 모자,Davy Jones's Hat,戴維瓊斯的帽子,デイヴィ・ジョーンズの帽子
MLUA_WEAPONTIERDATALOGIC_139,템페스트 깃털모자,RootDesk/MyDesk/Inventory/Core/Logic/WeaponTierDataLogic.mlua:493,템페스트 깃털모자,Tempest Feather Hat,暴風羽毛帽,テンペストの羽根帽子
MLUA_WEAPONTIERDATALOGIC_140,스킬 사용 시 다음 기본 공격의 대미지 {P}% 증가 (10초),RootDesk/MyDesk/Inventory/Core/Logic/WeaponTierDataLogic.mlua:493,스킬 사용 시 다음 기본 공격의 대미지 {P}% 증가 (10초),Using a skill increases your next Basic Attack's Damage by {P}% (10s),使用技能時，下一次普通攻擊的傷害增加 {P}%(10秒),スキル使用時、次の通常攻撃のダメージが{P}%増加(10秒)
MLUA_WEAPONTIERDATALOGIC_141,벨룸의 헬름,RootDesk/MyDesk/Inventory/Core/Logic/WeaponTierDataLogic.mlua:494,벨룸의 헬름,Vellum's Helm,貝倫的頭盔,ベルムのヘルム
MLUA_WEAPONTIERDATALOGIC_142,스킬 사용 후 다음 스킬의 대미지 {P}% 증가 (10초),RootDesk/MyDesk/Inventory/Core/Logic/WeaponTierDataLogic.mlua:494,스킬 사용 후 다음 스킬의 대미지 {P}% 증가 (10초),"After using a skill, your next skill's Damage +{P}% (10s)",使用技能後，下一個技能的傷害增加 {P}%(10秒),スキル使用後、次のスキルのダメージが{P}%増加(10秒)
MLUA_WEAPONTIERDATALOGIC_143,노가다 목장갑,RootDesk/MyDesk/Inventory/Core/Logic/WeaponTierDataLogic.mlua:499,노가다 목장갑,Work Gloves,工作手套,軍手
MLUA_WEAPONTIERDATALOGIC_144,알타이르 글러브,RootDesk/MyDesk/Inventory/Core/Logic/WeaponTierDataLogic.mlua:500,알타이르 글러브,Altair Gloves,牛郎星手套,アルタイルグローブ
MLUA_WEAPONTIERDATALOGIC_145,기본 공격 대미지 +{P}%,RootDesk/MyDesk/Inventory/Core/Logic/WeaponTierDataLogic.mlua:500,기본 공격 대미지 +{P}%,Basic Attack Damage +{P}%,普通攻擊傷害 +{P}%,通常攻撃ダメージ +{P}%
MLUA_WEAPONTIERDATALOGIC_146,하드레더 글로브,RootDesk/MyDesk/Inventory/Core/Logic/WeaponTierDataLogic.mlua:502,하드레더 글로브,Hard Leather Gloves,硬皮手套,ハードレザーグローブ
MLUA_WEAPONTIERDATALOGIC_147,기본 공격 20회마다 다음 기본 공격의 치명타 확률 +{P}% 증가 (5초),RootDesk/MyDesk/Inventory/Core/Logic/WeaponTierDataLogic.mlua:502,기본 공격 20회마다 다음 기본 공격의 치명타 확률 +{P}% 증가 (5초),"Every 20 Basic Attacks, your next Basic Attack's Critical Rate +{P}% (5s)",每進行20次普通攻擊，下一次普通攻擊的爆擊率增加 {P}%(5秒),通常攻撃20回ごとに、次の通常攻撃のクリティカル率が{P}%増加(5秒)
MLUA_WEAPONTIERDATALOGIC_148,해군 함장의 장갑,RootDesk/MyDesk/Inventory/Core/Logic/WeaponTierDataLogic.mlua:503,해군 함장의 장갑,Navy Captain's Gloves,海軍艦長的手套,海軍艦長の手袋
MLUA_WEAPONTIERDATALOGIC_149,기본 공격 30회마다 다음 기본 공격의 대미지 {P}% 증가,RootDesk/MyDesk/Inventory/Core/Logic/WeaponTierDataLogic.mlua:503,기본 공격 30회마다 다음 기본 공격의 대미지 {P}% 증가,"Every 30 Basic Attacks, your next Basic Attack's Damage +{P}%",每進行30次普通攻擊，下一次普通攻擊的傷害增加 {P}%,通常攻撃30回ごとに、次の通常攻撃のダメージが{P}%増加
MLUA_WEAPONTIERDATALOGIC_150,무공의 장갑,RootDesk/MyDesk/Inventory/Core/Logic/WeaponTierDataLogic.mlua:504,무공의 장갑,Mu Gong's Gloves,武公的手套,武公の手袋
MLUA_WEAPONTIERDATALOGIC_151,기본 공격으로 적 처치 시 다음 기본 공격의 대미지 {P}% 증가,RootDesk/MyDesk/Inventory/Core/Logic/WeaponTierDataLogic.mlua:504,기본 공격으로 적 처치 시 다음 기본 공격의 대미지 {P}% 증가,Defeating an enemy with a Basic Attack increases your next Basic Attack's Damage by {P}%,以普通攻擊擊敗敵人時，下一次普通攻擊的傷害增加 {P}%,通常攻撃で敵を倒すと、次の通常攻撃のダメージが{P}%増加
MLUA_WEAPONTIERDATALOGIC_152,소공의 장갑,RootDesk/MyDesk/Inventory/Core/Logic/WeaponTierDataLogic.mlua:505,소공의 장갑,So Gong's Gloves,小公的手套,小公の手袋
MLUA_WEAPONTIERDATALOGIC_153,기본 공격 10회마다 강화 공격 발동 (기본 공격 대미지의 200%),RootDesk/MyDesk/Inventory/Core/Logic/WeaponTierDataLogic.mlua:505,기본 공격 10회마다 강화 공격 발동 (기본 공격 대미지의 200%),"Every 10 Basic Attacks, triggers an Enhanced Attack (200% of Basic Attack Damage)",每進行10次普通攻擊發動強化攻擊(普通攻擊傷害的200%),通常攻撃10回ごとに強化攻撃が発動(通常攻撃ダメージの200%)
MLUA_WEAPONTIERDATALOGIC_154,허름한 망토,RootDesk/MyDesk/Inventory/Core/Logic/WeaponTierDataLogic.mlua:510,허름한 망토,Shabby Cape,破舊的披風,みすぼらしいマント
MLUA_WEAPONTIERDATALOGIC_155,온화의 망토,RootDesk/MyDesk/Inventory/Core/Logic/WeaponTierDataLogic.mlua:511,온화의 망토,Cape of Serenity,溫和的披風,温和のマント
MLUA_WEAPONTIERDATALOGIC_156,피해량 +{P}%,RootDesk/MyDesk/Inventory/Core/Logic/WeaponTierDataLogic.mlua:511,피해량 +{P}%,Damage +{P}%,傷害 +{P}%,与ダメージ +{P}%
MLUA_WEAPONTIERDATALOGIC_157,이카루스 망토,RootDesk/MyDesk/Inventory/Core/Logic/WeaponTierDataLogic.mlua:513,이카루스 망토,Icarus Cape,伊卡洛斯披風,イカロスのマント
MLUA_WEAPONTIERDATALOGIC_158,몬스터 50마리 처치 시 피해량 +{P}% (10초),RootDesk/MyDesk/Inventory/Core/Logic/WeaponTierDataLogic.mlua:513,몬스터 50마리 처치 시 피해량 +{P}% (10초),Damage +{P}% for 10s after defeating 50 monsters,擊敗50隻怪物後傷害 +{P}%(10秒),モンスターを50体倒すと与ダメージ +{P}%(10秒)
MLUA_WEAPONTIERDATALOGIC_159,검은색 가이아의 망토,RootDesk/MyDesk/Inventory/Core/Logic/WeaponTierDataLogic.mlua:514,검은색 가이아의 망토,Black Gaia Cape,黑色蓋亞披風,黒いガイアのマント
MLUA_WEAPONTIERDATALOGIC_160,엘리트/보스 몬스터에게 주는 피해량 +{P}%,RootDesk/MyDesk/Inventory/Core/Logic/WeaponTierDataLogic.mlua:514 | RootDesk/MyDesk/Inventory/Core/Logic/WeaponTierDataLogic.mlua:516,엘리트/보스 몬스터에게 주는 피해량 +{P}%,Damage to Elite/Boss monsters +{P}%,對菁英/首領怪物造成的傷害 +{P}%,エリート/ボスモンスターへのダメージ +{P}%
MLUA_WEAPONTIERDATALOGIC_161,빨간색 세라프의 망토,RootDesk/MyDesk/Inventory/Core/Logic/WeaponTierDataLogic.mlua:515,빨간색 세라프의 망토,Red Seraph Cape,紅色熾天使披風,赤いセラフのマント
MLUA_WEAPONTIERDATALOGIC_162,체력 +{P}%,RootDesk/MyDesk/Inventory/Core/Logic/WeaponTierDataLogic.mlua:515,체력 +{P}%,HP +{P}%,體力 +{P}%,HP +{P}%
MLUA_WEAPONTIERDATALOGIC_163,파란색 자일즈의 망토,RootDesk/MyDesk/Inventory/Core/Logic/WeaponTierDataLogic.mlua:516,파란색 자일즈의 망토,Blue Giles Cape,藍色賈爾斯披風,青いジャイルズのマント
MLUA_WEAPONTIERDATALOGIC_164,기본 공격시 %s%% 확률 %s,RootDesk/MyDesk/Inventory/Core/Logic/WeaponTierDataLogic.mlua:929,기본 공격시 %s%% 확률 %s,%s%% chance on Basic Attack: %s,普通攻擊時有 %s%% 機率%s,通常攻撃時に%s%%の確率で%s
MLUA_PKGPLAYERINVENTORY_001,강화 주문서가 부족합니다!,RootDesk/MyDesk/Inventory/Core/PkgPlayerInventory.mlua:1035,강화 주문서가 부족합니다!,Not enough Enhancement Scrolls!,強化卷軸不足！,強化の書が足りません！
MLUA_PKGPLAYERINVENTORY_002,골드가 부족합니다!,RootDesk/MyDesk/Inventory/Core/PkgPlayerInventory.mlua:1039,골드가 부족합니다!,Not enough Gold!,金幣不足！,ゴールドが足りません！
MLUA_PKGPLAYERINVENTORY_003,이미 최대 레벨입니다,RootDesk/MyDesk/Inventory/Core/PkgPlayerInventory.mlua:1043,이미 최대 레벨입니다,Already at max level,已達最高等級,すでに最大レベルです
MLUA_PKGPLAYERINVENTORY_004,강화할 수 없는 장비입니다,RootDesk/MyDesk/Inventory/Core/PkgPlayerInventory.mlua:1047,강화할 수 없는 장비입니다,This equipment can't be enhanced,無法強化的裝備,強化できない装備です
MLUA_PKGPLAYERINVENTORY_005,강화에 실패했습니다,RootDesk/MyDesk/Inventory/Core/PkgPlayerInventory.mlua:1050,강화에 실패했습니다,Enhancement failed,強化失敗,強化に失敗しました
MLUA_UICOMPOSEPOPUP_001,(최고 등급),RootDesk/MyDesk/Inventory/UI/UIComposePopup.mlua:667,(최고 등급),(Max Grade),,
MLUA_UICOMPOSEPOPUP_002,품질 S 유지,RootDesk/MyDesk/Inventory/UI/UIComposePopup.mlua:686,품질 S 유지,Quality S kept,維持品質 S,品質 S 維持
MLUA_UICOMPOSEPOPUP_003,품질,RootDesk/MyDesk/Inventory/UI/UIComposePopup.mlua:689 | RootDesk/MyDesk/Inventory/UI/UIComposePopup.mlua:690,품질,,,
MLUA_UICOMPOSEPOPUP_004,승급,RootDesk/MyDesk/Inventory/UI/UIComposePopup.mlua:690,승급,,,
MLUA_UICOMPOSEPOPUP_005,이미 사용된 장비예요. 다시 선택해 주세요.,RootDesk/MyDesk/Inventory/UI/UIComposePopup.mlua:811,이미 사용된 장비예요. 다시 선택해 주세요.,This equipment is already in use. Please choose again.,此裝備已被使用，請重新選擇。,すでに使用された装備です。もう一度選んでください。
MLUA_UICOMPOSEPOPUP_006,합성 성공!,RootDesk/MyDesk/Inventory/UI/UIComposePopup.mlua:1014,합성 성공!,Synthesis successful!,合成成功！,合成成功！
MLUA_UIEQUIPPOPUP_001,아이템 설명이 아직 등록되지 않았습니다.,RootDesk/MyDesk/Inventory/UI/UIEquipPopup.mlua:270 | RootDesk/MyDesk/Inventory/UI/UIEquipPopup.mlua:279,아이템 설명이 아직 등록되지 않았습니다.,No item description has been added yet.,尚未登錄道具說明。,アイテムの説明はまだ登録されていません。
MLUA_UIEQUIPPOPUP_002,장착 해제,RootDesk/MyDesk/Inventory/UI/UIEquipPopup.mlua:315 | /ui/EquipmentGroup/Inventory/EquipPopup/Panel/ButtonEquip/Label,장착 해제,Unequip,卸下,装備解除
MLUA_UIEQUIPPOPUP_003,장착,RootDesk/MyDesk/Inventory/UI/UIEquipPopup.mlua:315,장착,Equip,穿戴,装備
MLUA_UIEQUIPPOPUP_004,버튼 클릭 — 준비중(디자인 확정 전),[LOG] RootDesk/MyDesk/Inventory/UI/UIEquipPopup.mlua:628,버튼 클릭 — 준비중(디자인 확정 전),,,
MLUA_UIINVENTORY_001,판매하기,RootDesk/MyDesk/Inventory/UI/UIInventory.mlua:280,판매하기,Sell,販售,売却する
MLUA_UIINVENTORY_002,판매,RootDesk/MyDesk/Inventory/UI/UIInventory.mlua:283 | /ui/EquipmentGroup/Inventory/EquipPopup/Panel/LeftColumn/SellButton/Label | /ui/EquipmentGroup/Inventory/Panel/InventoryPanel/ButtonSell,판매,Sell,販售,売却
MLUA_UIINVENTORY_003,정말 판매하시겠습니까?,RootDesk/MyDesk/Inventory/UI/UIInventory.mlua:369 | /ui/EquipmentGroup/Inventory/SellConfirm/Panel/Message,정말 판매하시겠습니까?,Are you sure you want to sell?,確定要販售嗎？,本当に売却しますか？
MLUA_UIINVENTORY_004,"선택한 장비 %d개를 판매하고
%s골드를 받습니다.
판매한 장비는 되돌릴 수 없습니다.",RootDesk/MyDesk/Inventory/UI/UIInventory.mlua:371,"선택한 장비 %d개를 판매하고
%s골드를 받습니다.
판매한 장비는 되돌릴 수 없습니다.","Sell %d selected item(s)
and receive %s Gold.
Sold equipment can't be recovered.","販售選擇的 %d 件裝備，
獲得 %s 金幣。
販售的裝備無法復原。","選択した装備%d個を売却し、
%sゴールドを受け取ります。
売却した装備は元に戻せません。"
MLUA_UIINVENTORY_005,"%s 칸을 5칸 늘리려면 다이아 %s개가
필요합니다.
현재 보유: %s개",RootDesk/MyDesk/Inventory/UI/UIInventory.mlua:418,"%s 칸을 5칸 늘리려면 다이아 %s개가
필요합니다.
현재 보유: %s개","Expanding the %s tab by 5 slots
requires %s Diamonds.
Owned: %s","將 %s 欄位增加5格
需要 %s 個鑽石。
目前持有：%s 個","%s欄を5枠拡張するにはダイヤ%s個が
必要です。
現在の所持数：%s個"
MLUA_UIINVENTORY_006,인벤토리를 확장하시겠습니까?,RootDesk/MyDesk/Inventory/UI/UIInventory.mlua:428,인벤토리를 확장하시겠습니까?,Expand your inventory?,確定要擴充背包嗎？,インベントリを拡張しますか？
MLUA_UIINVENTORY_007,"다이아 %s개를 사용해 %s 칸을 5칸 늘립니다.
확장한 칸은 되돌릴 수 없습니다.",RootDesk/MyDesk/Inventory/UI/UIInventory.mlua:430,"다이아 %s개를 사용해 %s 칸을 5칸 늘립니다.
확장한 칸은 되돌릴 수 없습니다.","Use %s Diamonds to expand the %s tab by 5 slots.
Expanded slots can't be undone.","使用 %s 個鑽石將 %s 欄位增加5格。
擴充的欄位無法復原。","ダイヤ%s個を使って%s欄を5枠拡張します。
拡張した枠は元に戻せません。"
MLUA_UIUSEPOPUP_001,아이템 사용,RootDesk/MyDesk/Inventory/UI/UIUsePopup.mlua:20,아이템 사용,Use Item,使用道具,アイテム使用
MLUA_UIUSEPOPUP_002,사용하시겠습니까?,RootDesk/MyDesk/Inventory/UI/UIUsePopup.mlua:31,사용하시겠습니까?,Use this item?,確定要使用嗎？,使用しますか？
MLUA_UIUSEPOPUP_003,사용,RootDesk/MyDesk/Inventory/UI/UIUsePopup.mlua:36,사용,Use,使用,使用
MLUA_UIUSEPOPUP_004,취소,RootDesk/MyDesk/Inventory/UI/UIUsePopup.mlua:41 | /ui/EquipmentGroup/Inventory/Panel/InventoryPanel/ButtonSellCancel | /ui/EquipmentGroup/Inventory/UsePopup/Panel/ButtonCancel | /ui/IdleRewardGroup/ConfirmPanel/BtnNo | /ui/PopupGroup/PopupBack/PopupPanel/PopupBtnCancel,취소,Cancel,取消,キャンセル
MLUA_BUFFPOTIONLOGIC_001,흡혈 포션! 때릴 때마다 체력을 회복,RootDesk/MyDesk/Item/BuffPotionLogic.mlua:116,흡혈 포션! 때릴 때마다 체력을 회복,Vampire Potion! Restore HP with every hit,吸血藥水！每次攻擊都會恢復體力,吸血ポーション！攻撃するたびにHPを回復
MLUA_BUFFPOTIONLOGIC_002,크리티컬 포션! 크리티컬 확률 100%,RootDesk/MyDesk/Item/BuffPotionLogic.mlua:120,크리티컬 포션! 크리티컬 확률 100%,Critical Potion! 100% Critical Rate,爆擊藥水！爆擊率100%,クリティカルポーション！クリティカル率100%
MLUA_BUFFPOTIONLOGIC_003,파워 포션! 공격력 50% 증가,RootDesk/MyDesk/Item/BuffPotionLogic.mlua:124,파워 포션! 공격력 50% 증가,Power Potion! ATK +50%,力量藥水！攻擊力提升50%,パワーポーション！攻撃力50%上昇
MLUA_MAPMANAGER_001,빠른 이동으로 몬스터가 빨라집니다!,RootDesk/MyDesk/Map/MapManager.mlua:1316,빠른 이동으로 몬스터가 빨라집니다!,Moving fast makes the monsters faster!,快速移動使怪物變快了！,素早く移動したため、モンスターが速くなります！
MLUA_MAPMANAGER_002,빠른 이동으로 몬스터가 강해집니다!,RootDesk/MyDesk/Map/MapManager.mlua:1318,빠른 이동으로 몬스터가 강해집니다!,Moving fast makes the monsters stronger!,快速移動使怪物變強了！,素早く移動したため、モンスターが強くなります！
MLUA_MAPMANAGER_003,빠른 이동으로 「절망의 칼날」이 소환되었습니다.,RootDesk/MyDesk/Map/MapManager.mlua:1320,빠른 이동으로 「절망의 칼날」이 소환되었습니다.,"Moving fast has summoned the ""Blade of Despair"".",快速移動召喚了「絕望之刃」。,素早く移動したため、「絶望の刃」が召喚されました。
MLUA_MAPMOVEUI_001,"가운데에 답이 있고, 오른쪽에 길이 있으며, 왼쪽에 끝이 있다",RootDesk/MyDesk/MapMoveUI.mlua:156,"가운데에 답이 있고, 오른쪽에 길이 있으며, 왼쪽에 끝이 있다","The answer lies in the middle, the path to the right, and the end to the left",答案在中間，道路在右邊，終點在左邊,真ん中に答えがあり、右に道があり、左に終わりがある
MLUA_MAPTAXILOGIC_001,티켓이 없습니다!,RootDesk/MyDesk/MapTaxiLogic.mlua:31,티켓이 없습니다!,You don't have a ticket!,沒有車票！,チケットがありません！
MLUA_MONSTERSPAWNER_001,CHEAT: boss spawn failed (몬스터 없는 존이거나 맵을 못 찾음),[LOG] RootDesk/MyDesk/MonsterSpawner.mlua:645,CHEAT: boss spawn failed (몬스터 없는 존이거나 맵을 못 찾음),,,
MLUA_MONSTERSPAWNER_002,CHEAT: 살아있는 보스가 없다,[LOG] RootDesk/MyDesk/MonsterSpawner.mlua:654,CHEAT: 살아있는 보스가 없다,,,
MLUA_MONSTERSPAWNER_003,CHEAT: elite spawn failed (맵을 못 찾음),[LOG] RootDesk/MyDesk/MonsterSpawner.mlua:705,CHEAT: elite spawn failed (맵을 못 찾음),,,
MLUA_MONSTERSPAWNER_004,CHEAT: elite spawn failed (몬스터 없는 존),[LOG] RootDesk/MyDesk/MonsterSpawner.mlua:710,CHEAT: elite spawn failed (몬스터 없는 존),,,
MLUA_MONSTERSPAWNER_005,보스가 등장합니다!,RootDesk/MyDesk/MonsterSpawner.mlua:1262,보스가 등장합니다!,A Boss is appearing!,首領即將登場！,ボスが登場します！
MLUA_MONSTERSPAWNER_006,검투사가 등장했습니다,RootDesk/MyDesk/MonsterSpawner.mlua:1655,검투사가 등장했습니다,A Gladiator has appeared,劍鬥士登場了,剣闘士が登場しました
MLUA_MONSTERSPAWNER_007,MonsterSpawner: TiredKnight(검투사) spawned on zone,[LOG] RootDesk/MyDesk/MonsterSpawner.mlua:1656,MonsterSpawner: TiredKnight(검투사) spawned on zone,,,
MLUA_MONSTERSPAWNER_008,뜻밖의 행운! 발록이 등장했습니다!,RootDesk/MyDesk/MonsterSpawner.mlua:2408,뜻밖의 행운! 발록이 등장했습니다!,What luck! Balrog has appeared!,意外的幸運！巴洛古登場了！,思わぬ幸運！バルログが登場しました！
MLUA_OPTIONUI_001,[ 전투는 자동입니다 ],RootDesk/MyDesk/OptionUI.mlua:143,[ 전투는 자동입니다 ],[ Combat is automatic ],[ 戰鬥為自動進行 ],[ 戦闘はオートです ]
MLUA_OPTIONUI_002,캐릭터가 알아서 몬스터를 공격합니다.,RootDesk/MyDesk/OptionUI.mlua:144,캐릭터가 알아서 몬스터를 공격합니다.,Your character attacks monsters on its own.,角色會自動攻擊怪物。,キャラクターが自動でモンスターを攻撃します。
MLUA_OPTIONUI_003,화면에서 몬스터를 한 번 누르면 그 몬스터를 먼저 노립니다.,RootDesk/MyDesk/OptionUI.mlua:145,화면에서 몬스터를 한 번 누르면 그 몬스터를 먼저 노립니다.,Tap a monster on screen once to target it first.,在畫面上點一下怪物，就會優先攻擊該怪物。,画面上のモンスターを1回タップすると、そのモンスターを優先して狙います。
MLUA_OPTIONUI_004,[ 레벨업하면 카드를 고릅니다 ],RootDesk/MyDesk/OptionUI.mlua:147,[ 레벨업하면 카드를 고릅니다 ],[ Choose a card when you level up ],[ 升級時選擇卡片 ],[ レベルアップするとカードを選びます ]
MLUA_OPTIONUI_005,경험치가 가득 차면 화면 오른쪽에 카드 세 장이 나타납니다.,RootDesk/MyDesk/OptionUI.mlua:148,경험치가 가득 차면 화면 오른쪽에 카드 세 장이 나타납니다.,"When your EXP bar fills up, three cards appear on the right side of the screen.",經驗值滿了之後，畫面右側會出現三張卡片。,経験値がいっぱいになると、画面右側にカードが3枚表示されます。
MLUA_OPTIONUI_006,한 장을 골라 새 스킬을 배우거나 가진 스킬을 강화하세요.,RootDesk/MyDesk/OptionUI.mlua:149,한 장을 골라 새 스킬을 배우거나 가진 스킬을 강화하세요.,Pick one to learn a new skill or upgrade a skill you have.,選擇一張來學習新技能或強化已有的技能。,1枚選んで新しいスキルを覚えるか、所持スキルを強化しましょう。
MLUA_OPTIONUI_007,카드를 길게 누르고 있으면 어떤 효과인지 미리 볼 수 있습니다.,RootDesk/MyDesk/OptionUI.mlua:150,카드를 길게 누르고 있으면 어떤 효과인지 미리 볼 수 있습니다.,Press and hold a card to preview its effect.,長按卡片即可預覽效果。,カードを長押しすると、効果をプレビューできます。
MLUA_OPTIONUI_008,[ 같은 스킬을 모으면 강해집니다 ],RootDesk/MyDesk/OptionUI.mlua:152,[ 같은 스킬을 모으면 강해집니다 ],[ Collect the same skill to grow stronger ],[ 收集相同技能就會變強 ],[ 同じスキルを集めると強くなります ]
MLUA_OPTIONUI_009,같은 카드를 여러 번 고르면 스킬 레벨이 올라갑니다.,RootDesk/MyDesk/OptionUI.mlua:153,같은 카드를 여러 번 고르면 스킬 레벨이 올라갑니다.,Picking the same card several times raises that skill's level.,多次選擇同一張卡片，技能等級就會提升。,同じカードを何度も選ぶとスキルレベルが上がります。
MLUA_OPTIONUI_010,특정 스킬을 함께 갖추면 더 강한 조합 스킬로 바뀌기도 합니다.,RootDesk/MyDesk/OptionUI.mlua:154,특정 스킬을 함께 갖추면 더 강한 조합 스킬로 바뀌기도 합니다.,Owning certain skills together can turn them into a stronger Fusion Skill.,同時擁有特定技能時，有時會轉變為更強的組合技能。,特定のスキルを一緒にそろえると、より強力な組み合わせスキルに変わることもあります。
MLUA_OPTIONUI_011,"어떤 조합이 있는지는 옵션의 ""조합식""에서 확인하세요.",RootDesk/MyDesk/OptionUI.mlua:155,"어떤 조합이 있는지는 옵션의 ""조합식""에서 확인하세요.","Check the available combinations under ""Fusion Recipes"" in Options.",可在選項的「組合表」中確認有哪些組合。,どんな組み合わせがあるかは、オプションの「組み合わせ表」で確認しましょう。
MLUA_OPTIONUI_012,[ 좌우 화살표로 구역을 옮깁니다 ],RootDesk/MyDesk/OptionUI.mlua:157,[ 좌우 화살표로 구역을 옮깁니다 ],[ Use the left/right arrows to change zones ],[ 使用左右箭頭移動區域 ],[ 左右の矢印でエリアを移動します ]
MLUA_OPTIONUI_013,화면 양옆의 화살표를 누르면 다음 구역으로 넘어갑니다.,RootDesk/MyDesk/OptionUI.mlua:158,화면 양옆의 화살표를 누르면 다음 구역으로 넘어갑니다.,Tap the arrows on either side of the screen to move to the next zone.,點擊畫面兩側的箭頭，即可前往下一個區域。,画面両側の矢印を押すと、次のエリアに進みます。
MLUA_OPTIONUI_014,자물쇠가 걸린 길은 그 구역의 보스를 쓰러뜨려야 열립니다.,RootDesk/MyDesk/OptionUI.mlua:159,자물쇠가 걸린 길은 그 구역의 보스를 쓰러뜨려야 열립니다.,Locked paths open only after you defeat that zone's Boss.,上鎖的道路必須擊敗該區域的首領才會開啟。,鍵のかかった道は、そのエリアのボスを倒すと開きます。
MLUA_OPTIONUI_015,[ 쓰러져도 끝이 아닙니다 ],RootDesk/MyDesk/OptionUI.mlua:161,[ 쓰러져도 끝이 아닙니다 ],[ Falling isn't the end ],[ 倒下並不是結束 ],[ 倒れても終わりではありません ]
MLUA_OPTIONUI_016,다이아를 쓰면 쓰러진 자리에서 바로 이어할 수 있습니다.,RootDesk/MyDesk/OptionUI.mlua:162,다이아를 쓰면 쓰러진 자리에서 바로 이어할 수 있습니다.,Spend Diamonds to continue right where you fell.,使用鑽石即可在倒下的地方立即繼續。,ダイヤを使うと、倒れた場所からすぐにコンティニューできます。
MLUA_OPTIONUI_017,처음부터 다시 시작하면 이번 판에 모은 잡템이 골드로 바뀝니다.,RootDesk/MyDesk/OptionUI.mlua:163,처음부터 다시 시작하면 이번 판에 모은 잡템이 골드로 바뀝니다.,"If you start over, the loot you collected this run turns into Gold.",若從頭開始，本場收集的雜物會轉換為金幣。,最初からやり直すと、今回のプレイで集めた戦利品がゴールドに変わります。
MLUA_OPTIONUI_018,[ 판이 끝나도 남는 것 ],RootDesk/MyDesk/OptionUI.mlua:165,[ 판이 끝나도 남는 것 ],[ What stays after a run ],[ 一場結束後留下的東西 ],[ プレイが終わっても残るもの ]
MLUA_OPTIONUI_019,"장비와 유물, 스킬 강화는 로비에 그대로 남습니다.",RootDesk/MyDesk/OptionUI.mlua:166,"장비와 유물, 스킬 강화는 로비에 그대로 남습니다.","Equipment, Relics, and skill upgrades stay with you in the Lobby.",裝備、遺物和技能強化會保留在大廳。,装備、遺物、スキル強化はロビーにそのまま残ります。
MLUA_OPTIONUI_020,"인벤토리에서 장비를 장착하고, 합성하고, 필요 없는 것은 팔 수 있습니다.",RootDesk/MyDesk/OptionUI.mlua:167,"인벤토리에서 장비를 장착하고, 합성하고, 필요 없는 것은 팔 수 있습니다.","In the Inventory you can equip, synthesize, and sell items you don't need.",在背包中可以穿戴裝備、合成，並販售不需要的東西。,インベントリで装備の装着・合成ができ、不要なものは売却できます。
MLUA_OPTIONUI_021,한 번,RootDesk/MyDesk/OptionUI.mlua (스킬 선택 토글 - 한 번 터치로 선택),한 번,1 Tap,單擊,1回
MLUA_OPTIONUI_022,두 번,RootDesk/MyDesk/OptionUI.mlua (스킬 선택 토글 - 같은 카드를 두 번 터치해야 선택),두 번,2 Taps,雙擊,2回
MLUA_PLAYERINVENTORY_001,수상한 점액,RootDesk/MyDesk/PlayerInventory.mlua:134,수상한 점액,Strange Goo,可疑的黏液,怪しい粘液
MLUA_PLAYERINVENTORY_002,낡은 가죽,RootDesk/MyDesk/PlayerInventory.mlua:135,낡은 가죽,Worn Leather,破舊的皮革,古びた革
MLUA_PLAYERINVENTORY_003,이블아이의 꼬리,RootDesk/MyDesk/PlayerInventory.mlua:138,이블아이의 꼬리,Evil Eye Tail,邪眼的尾巴,イビルアイのしっぽ
MLUA_PLAYERINVENTORY_004,커즈아이의 꼬리,RootDesk/MyDesk/PlayerInventory.mlua:139,커즈아이의 꼬리,Curse Eye Tail,詛咒之眼的尾巴,カースアイのしっぽ
MLUA_PLAYERINVENTORY_005,달팽이의 껍질,RootDesk/MyDesk/PlayerInventory.mlua:142,달팽이의 껍질,Snail Shell,蝸牛殼,カタツムリの殻
MLUA_PLAYERINVENTORY_006,변형된 달팽이의 껍질,RootDesk/MyDesk/PlayerInventory.mlua:143,변형된 달팽이의 껍질,Mutated Snail Shell,變異的蝸牛殼,変異したカタツムリの殻
MLUA_PLAYERINVENTORY_007,버섯의 포자,RootDesk/MyDesk/PlayerInventory.mlua:144,버섯의 포자,Mushroom Spore,蘑菇孢子,キノコの胞子
MLUA_PLAYERINVENTORY_008,빨간 달팽이의 껍질,RootDesk/MyDesk/PlayerInventory.mlua:145,빨간 달팽이의 껍질,Red Snail Shell,紅蝸牛殼,赤いカタツムリの殻
MLUA_PLAYERINVENTORY_009,돼지의 꼬리,RootDesk/MyDesk/PlayerInventory.mlua:146,돼지의 꼬리,Pig's Tail,豬尾巴,ブタのしっぽ
MLUA_PLAYERINVENTORY_010,주니어 부기의 뿔,RootDesk/MyDesk/PlayerInventory.mlua:147,주니어 부기의 뿔,Jr. Boogie's Horn,小布奇的角,ジュニアブーギーの角
MLUA_PLAYERINVENTORY_011,스텀프의 눈물,RootDesk/MyDesk/PlayerInventory.mlua:148,스텀프의 눈물,Stump's Tear,木妖的眼淚,スタンプの涙
MLUA_PLAYERINVENTORY_012,옥토퍼스의 다리,RootDesk/MyDesk/PlayerInventory.mlua:149,옥토퍼스의 다리,Octopus Leg,章魚的腳,オクトパスの足
MLUA_PLAYERINVENTORY_013,리본,RootDesk/MyDesk/PlayerInventory.mlua:150,리본,Ribbon,緞帶,リボン
MLUA_PLAYERINVENTORY_014,음흉한 여우의 꼬리,RootDesk/MyDesk/PlayerInventory.mlua:153,음흉한 여우의 꼬리,Sly Fox's Tail,狡猾狐狸的尾巴,ずる賢いキツネのしっぽ
MLUA_PLAYERINVENTORY_015,주황버섯의 갓,RootDesk/MyDesk/PlayerInventory.mlua:154,주황버섯의 갓,Orange Mushroom Cap,菇菇寶貝的蘑菇蓋,オレンジマッシュルームのかさ
MLUA_PLAYERINVENTORY_016,로랑의 집게발,RootDesk/MyDesk/PlayerInventory.mlua:157,로랑의 집게발,Lorang's Claw,洛朗的鉗子,ロランのハサミ
MLUA_PLAYERINVENTORY_017,엄티의 등껍질,RootDesk/MyDesk/PlayerInventory.mlua:158,엄티의 등껍질,Tortie's Shell,烏龜的甲殼,トーティーの甲羅
MLUA_PLAYERINVENTORY_018,클랑의 집게발,RootDesk/MyDesk/PlayerInventory.mlua:159,클랑의 집게발,Clang's Claw,克朗的鉗子,クランのハサミ
MLUA_PLAYERINVENTORY_019,날치,RootDesk/MyDesk/PlayerInventory.mlua:162,날치,Flying Fish,飛魚,トビウオ
MLUA_PLAYERINVENTORY_020,조개껍데기,RootDesk/MyDesk/PlayerInventory.mlua:163,조개껍데기,Seashell,貝殼,貝殻
MLUA_PLAYERINVENTORY_021,노란 불가사리의 다리,RootDesk/MyDesk/PlayerInventory.mlua:164,노란 불가사리의 다리,Yellow Starfish Leg,黃色海星的腳,黄色いヒトデの足
MLUA_PLAYERINVENTORY_022,뿔버섯의 갓,RootDesk/MyDesk/PlayerInventory.mlua:167,뿔버섯의 갓,Horny Mushroom Cap,刺菇的蘑菇蓋,ツノキノコのかさ
MLUA_PLAYERINVENTORY_023,좀비 머쉬맘의 포자,RootDesk/MyDesk/PlayerInventory.mlua:168,좀비 머쉬맘의 포자,Zombie Mushmom Spore,殭屍菇菇王的孢子,ゾンビマッシュママの胞子
MLUA_PLAYERINVENTORY_024,빛나는 박쥐 날개,RootDesk/MyDesk/PlayerInventory.mlua:171,빛나는 박쥐 날개,Glowing Bat Wing,發光的蝙蝠翅膀,光るコウモリの翼
MLUA_PLAYERINVENTORY_025,스톤골렘의 돌조각,RootDesk/MyDesk/PlayerInventory.mlua:174,스톤골렘의 돌조각,Stone Golem Rubble,石巨人的碎石,ストーンゴーレムの石のかけら
MLUA_PLAYERINVENTORY_026,다크 스톤골렘의 돌조각,RootDesk/MyDesk/PlayerInventory.mlua:175,다크 스톤골렘의 돌조각,Dark Stone Golem Rubble,黑石巨人的碎石,ダークストーンゴーレムの石のかけら
MLUA_PLAYERINVENTORY_027,믹스골렘의 조각,RootDesk/MyDesk/PlayerInventory.mlua:176,믹스골렘의 조각,Mixed Golem Fragment,混合石巨人的碎片,ミックスゴーレムのかけら
MLUA_PLAYERINVENTORY_028,아이스 믹스골렘의 조각,RootDesk/MyDesk/PlayerInventory.mlua:177,아이스 믹스골렘의 조각,Ice Mixed Golem Fragment,冰混合石巨人的碎片,アイスミックスゴーレムのかけら
MLUA_PLAYERINVENTORY_029,페어리의 더듬이,RootDesk/MyDesk/PlayerInventory.mlua:178,페어리의 더듬이,Fairy Antenna,妖精的觸角,フェアリーの触角
MLUA_PLAYERINVENTORY_030,로얄페어리의 날개,RootDesk/MyDesk/PlayerInventory.mlua:179,로얄페어리의 날개,Royal Fairy Wing,皇家妖精的翅膀,ロイヤルフェアリーの羽
MLUA_PLAYERINVENTORY_031,그레이의 촉수,RootDesk/MyDesk/PlayerInventory.mlua:182,그레이의 촉수,Grey's Tentacle,格雷的觸手,グレイの触手
MLUA_PLAYERINVENTORY_032,반딧불 슬라임의 방울,RootDesk/MyDesk/PlayerInventory.mlua:185,반딧불 슬라임의 방울,Firefly Slime Bubble,螢火蟲史萊姆的水滴,ホタルスライムのしずく
MLUA_PLAYERINVENTORY_033,페어리 슬라임의 방울,RootDesk/MyDesk/PlayerInventory.mlua:186,페어리 슬라임의 방울,Fairy Slime Bubble,妖精史萊姆的水滴,フェアリースライムのしずく
MLUA_PLAYERINVENTORY_034,워터 엘리먼트의 정수,RootDesk/MyDesk/PlayerInventory.mlua:187,워터 엘리먼트의 정수,Water Elemental Essence,水之元素的精髓,ウォーターエレメントのエッセンス
MLUA_PLAYERINVENTORY_035,트리 엘리먼트의 나뭇잎,RootDesk/MyDesk/PlayerInventory.mlua:188,트리 엘리먼트의 나뭇잎,Tree Elemental Leaf,樹之元素的葉子,ツリーエレメントの葉
MLUA_PLAYERINVENTORY_036,미스틱 위습의 신비한 가루,RootDesk/MyDesk/PlayerInventory.mlua:189,미스틱 위습의 신비한 가루,Mystic Wisp's Mysterious Powder,神秘鬼火的神秘粉末,ミスティックウィスプの神秘の粉
MLUA_PLAYERINVENTORY_037,하급 마법책,RootDesk/MyDesk/PlayerInventory.mlua:190,하급 마법책,Lesser Spellbook,初級魔法書,下級魔法書
MLUA_PLAYERINVENTORY_038,루팡의 바나나,RootDesk/MyDesk/PlayerInventory.mlua:193,루팡의 바나나,Lupin's Banana,猴子的香蕉,ルパンのバナナ
MLUA_PLAYERINVENTORY_039,재규어의 발톱,RootDesk/MyDesk/PlayerInventory.mlua:194,재규어의 발톱,Jaguar Claw,美洲豹的爪子,ジャガーの爪
MLUA_PLAYERINVENTORY_040,바나나 갈매기의 깃털,RootDesk/MyDesk/PlayerInventory.mlua:195,바나나 갈매기의 깃털,Banana Gull Feather,香蕉海鷗的羽毛,バナナカモメの羽
MLUA_PLAYERINVENTORY_041,좀비루팡이 남긴 바나나 껍질,RootDesk/MyDesk/PlayerInventory.mlua:196,좀비루팡이 남긴 바나나 껍질,Banana Peel Left by a Zombie Lupin,殭屍猴子留下的香蕉皮,ゾンビルパンが残したバナナの皮
MLUA_PLAYERINVENTORY_042,주니어 네키의 가죽,RootDesk/MyDesk/PlayerInventory.mlua:199,주니어 네키의 가죽,Jr. Necki Skin,小青蛇的皮,ジュニアネッキーの皮
MLUA_PLAYERINVENTORY_043,리게이터의 가죽,RootDesk/MyDesk/PlayerInventory.mlua:200,리게이터의 가죽,Ligator Skin,鱷魚的皮,リゲーターの皮
MLUA_PLAYERINVENTORY_044,크로코의 가죽,RootDesk/MyDesk/PlayerInventory.mlua:201,크로코의 가죽,Croco Skin,克羅克的皮,クロコの皮
MLUA_PLAYERINVENTORY_045,늪진흙괴물의 진흙,RootDesk/MyDesk/PlayerInventory.mlua:202,늪진흙괴물의 진흙,Swamp Mudmonster's Mud,沼澤泥怪的泥巴,沼泥モンスターの泥
MLUA_PLAYERINVENTORY_046,새싹진흙괴물의 새싹,RootDesk/MyDesk/PlayerInventory.mlua:203,새싹진흙괴물의 새싹,Sprout Mudmonster's Sprout,新芽泥怪的新芽,新芽泥モンスターの新芽
MLUA_PLAYERINVENTORY_047,멜러디의 빗자루,RootDesk/MyDesk/PlayerInventory.mlua:204,멜러디의 빗자루,Mellody's Broom,梅洛蒂的掃帚,メロディのほうき
MLUA_PLAYERINVENTORY_048,스티지의 날개,RootDesk/MyDesk/PlayerInventory.mlua:205,스티지의 날개,Stirge Wing,吸血蝙蝠的翅膀,スタージの翼
MLUA_PLAYERINVENTORY_049,주니어 레이스의 뼈,RootDesk/MyDesk/PlayerInventory.mlua:208,주니어 레이스의 뼈,Jr. Wraith's Bone,小幽靈的骨頭,ジュニアレイスの骨
MLUA_PLAYERINVENTORY_050,레이스의 뼈,RootDesk/MyDesk/PlayerInventory.mlua:209,레이스의 뼈,Wraith's Bone,幽靈的骨頭,レイスの骨
MLUA_PLAYERINVENTORY_051,스켈독의 뼈,RootDesk/MyDesk/PlayerInventory.mlua:210,스켈독의 뼈,Skeledog's Bone,骷髏狗的骨頭,スケルドッグの骨
MLUA_PLAYERINVENTORY_052,머미독의 붕대,RootDesk/MyDesk/PlayerInventory.mlua:211,머미독의 붕대,Mummydog's Bandage,木乃伊狗的繃帶,マミードッグの包帯
MLUA_PLAYERINVENTORY_053,쉐도우 듀어러의 결정,RootDesk/MyDesk/PlayerInventory.mlua:215,쉐도우 듀어러의 결정,Shadow Dueler's Crystal,暗影決鬥者的結晶,シャドウデュエラーの結晶
MLUA_PLAYERINVENTORY_054,자이언트 쉐도우의 파편,RootDesk/MyDesk/PlayerInventory.mlua:216,자이언트 쉐도우의 파편,Giant Shadow's Shard,巨大暗影的碎片,ジャイアントシャドウの破片
MLUA_PLAYERINVENTORY_055,쉐도우 블레이드의 그림자 구슬,RootDesk/MyDesk/PlayerInventory.mlua:217,쉐도우 블레이드의 그림자 구슬,Shadow Blade's Shadow Orb,暗影之刃的暗影珠,シャドウブレードの影の玉
MLUA_PLAYERINVENTORY_056,오다군 정찰병의 철판,RootDesk/MyDesk/PlayerInventory.mlua:218,오다군 정찰병의 철판,Oda Army Scout's Iron Plate,織田軍偵察兵的鐵板,織田軍偵察兵の鉄板
MLUA_PLAYERINVENTORY_057,스타픽시의 별조각,RootDesk/MyDesk/PlayerInventory.mlua:225,스타픽시의 별조각,Star Pixie's Star Fragment,星光精靈的星星碎片,スターピクシーの星のかけら
MLUA_PLAYERINVENTORY_058,루나픽시의 달조각,RootDesk/MyDesk/PlayerInventory.mlua:226,루나픽시의 달조각,Luna Pixie's Moon Fragment,月光精靈的月亮碎片,ルナピクシーの月のかけら
MLUA_PLAYERINVENTORY_059,네펜데스의 씨앗,RootDesk/MyDesk/PlayerInventory.mlua:227,네펜데스의 씨앗,Nependeath Seed,奈本德斯的種子,ネペンデスの種
MLUA_PLAYERINVENTORY_060,러스터픽시의 빛나는 날개,RootDesk/MyDesk/PlayerInventory.mlua:228,러스터픽시의 빛나는 날개,Luster Pixie's Shining Wing,光輝精靈的閃亮翅膀,ラスターピクシーの輝く羽
MLUA_PLAYERINVENTORY_061,고스트픽시의 투명한 조각,RootDesk/MyDesk/PlayerInventory.mlua:229,고스트픽시의 투명한 조각,Ghost Pixie's Translucent Fragment,幽靈精靈的透明碎片,ゴーストピクシーの透明なかけら
MLUA_PLAYERINVENTORY_062,다크네펜데스의 씨앗,RootDesk/MyDesk/PlayerInventory.mlua:230,다크네펜데스의 씨앗,Dark Nependeath Seed,黑暗奈本德斯的種子,ダークネペンデスの種
MLUA_PLAYERINVENTORY_063,거대네펜데스의 씨앗,RootDesk/MyDesk/PlayerInventory.mlua:234,거대네펜데스의 씨앗,Giant Nependeath Seed,巨大奈本德斯的種子,巨大ネペンデスの種
MLUA_PLAYERINVENTORY_064,샐리온의 꼬리,RootDesk/MyDesk/PlayerInventory.mlua:241,샐리온의 꼬리,Salion's Tail,沙里昂的尾巴,サリオンのしっぽ
MLUA_PLAYERINVENTORY_065,라이오너의 꼬리,RootDesk/MyDesk/PlayerInventory.mlua:242,라이오너의 꼬리,Lioner's Tail,萊奧納的尾巴,ライオナーのしっぽ
MLUA_PLAYERINVENTORY_066,루이넬의 꼬리,RootDesk/MyDesk/PlayerInventory.mlua:243,루이넬의 꼬리,Luinel's Tail,盧伊內爾的尾巴,ルイネルのしっぽ
MLUA_PLAYERINVENTORY_067,저빌의 치아,RootDesk/MyDesk/PlayerInventory.mlua:244,저빌의 치아,Gerbil's Tooth,沙鼠的牙齒,ジャービルの歯
MLUA_PLAYERINVENTORY_068,골든 저빌의 망토,RootDesk/MyDesk/PlayerInventory.mlua:245,골든 저빌의 망토,Golden Gerbil's Cape,黃金沙鼠的披風,ゴールデンジャービルのマント
MLUA_PLAYERINVENTORY_069,페넥의 창,RootDesk/MyDesk/PlayerInventory.mlua:246,페넥의 창,Fennec's Spear,耳廓狐的長槍,フェネックの槍
MLUA_PLAYERINVENTORY_070,골든 페넥의 방패,RootDesk/MyDesk/PlayerInventory.mlua:247,골든 페넥의 방패,Golden Fennec's Shield,黃金耳廓狐的盾牌,ゴールデンフェネックの盾
MLUA_PLAYERINVENTORY_071,스코피의 투구,RootDesk/MyDesk/PlayerInventory.mlua:248,스코피의 투구,Scorpie's Helmet,蠍子的頭盔,スコーピーの兜
MLUA_PLAYERINVENTORY_072,골든 스코피의 투구,RootDesk/MyDesk/PlayerInventory.mlua:249,골든 스코피의 투구,Golden Scorpie's Helmet,黃金蠍子的頭盔,ゴールデンスコーピーの兜
MLUA_PLAYERINVENTORY_073,맘무트의 꼬리,RootDesk/MyDesk/PlayerInventory.mlua:250,맘무트의 꼬리,Mammoth's Tail,猛獁象的尾巴,マンモスのしっぽ
MLUA_PLAYERINVENTORY_074,골든 맘무트의 상아,RootDesk/MyDesk/PlayerInventory.mlua:251,골든 맘무트의 상아,Golden Mammoth's Tusk,黃金猛獁象的象牙,ゴールデンマンモスの牙
MLUA_PLAYERINVENTORY_075,주니어 샐리온의 불꽃 구슬,RootDesk/MyDesk/PlayerInventory.mlua:254,주니어 샐리온의 불꽃 구슬,Jr. Salion's Flame Orb,小沙里昂的火焰珠,ジュニアサリオンの炎の玉
MLUA_PLAYERINVENTORY_076,주니어 라이오너의 번개 주화,RootDesk/MyDesk/PlayerInventory.mlua:255,주니어 라이오너의 번개 주화,Jr. Lioner's Lightning Coin,小萊奧納的閃電硬幣,ジュニアライオナーの雷のコイン
MLUA_PLAYERINVENTORY_077,주니어 그류핀의 얼음 돌,RootDesk/MyDesk/PlayerInventory.mlua:256,주니어 그류핀의 얼음 돌,Jr. Grupin's Ice Stone,小格魯平的冰石,ジュニアグリュピンの氷の石
MLUA_PLAYERINVENTORY_078,주니어 루이넬의 보랏빛 주화,RootDesk/MyDesk/PlayerInventory.mlua:257,주니어 루이넬의 보랏빛 주화,Jr. Luinel's Violet Coin,小盧伊內爾的紫色硬幣,ジュニアルイネルの紫のコイン
MLUA_PLAYERINVENTORY_079,트라고스의 돌조각,RootDesk/MyDesk/PlayerInventory.mlua:258,트라고스의 돌조각,Tragos's Stone Fragment,特拉戈斯的碎石,トラゴスの石のかけら
MLUA_PLAYERINVENTORY_080,캐피바라의 황금 결정,RootDesk/MyDesk/PlayerInventory.mlua:259,캐피바라의 황금 결정,Capybara's Golden Crystal,水豚的黃金結晶,カピバラの黄金の結晶
MLUA_PLAYERINVENTORY_081,발광 박쥐의 날개,RootDesk/MyDesk/PlayerInventory.mlua:263,발광 박쥐의 날개,Luminous Bat Wing,發光蝙蝠的翅膀,発光コウモリの翼
MLUA_PLAYERINVENTORY_082,불안정한 에르다스의 정수,RootDesk/MyDesk/PlayerInventory.mlua:267,불안정한 에르다스의 정수,Unstable Erdas Essence,不穩定的艾爾達斯精髓,不安定なエルダスのエッセンス
MLUA_PLAYERINVENTORY_083,알 수 없는 티켓,RootDesk/MyDesk/PlayerInventory.mlua:269 | RootDesk/MyDesk/UI/ShadowShopUI.mlua:40 | /ui/ShadowShopGroup/Panel/List/Item2/NameText,알 수 없는 티켓,Unknown Ticket,未知的票券,謎のチケット
MLUA_PLAYERINVENTORY_084,알 수 없는 열쇠,RootDesk/MyDesk/PlayerInventory.mlua:273,알 수 없는 열쇠,Unknown Key,未知的鑰匙,謎の鍵
MLUA_PLAYERINVENTORY_085,알 수 없는 메달,RootDesk/MyDesk/PlayerInventory.mlua:278,알 수 없는 메달,Unknown Medal,未知的勳章,謎のメダル
MLUA_PLAYERINVENTORY_086,검투사의 증표,RootDesk/MyDesk/PlayerInventory.mlua:285,검투사의 증표,Gladiator's Token,劍鬥士的證明,剣闘士の証
MLUA_PLAYERINVENTORY_087,리티의 털뭉치,RootDesk/MyDesk/PlayerInventory.mlua:293,리티의 털뭉치,Leatty's Fur Ball,雪球怪的毛球,リーティの毛玉
MLUA_PLAYERINVENTORY_088,다크 리티의 털뭉치,RootDesk/MyDesk/PlayerInventory.mlua:294,다크 리티의 털뭉치,Dark Leatty's Fur Ball,黑暗雪球怪的毛球,ダークリーティの毛玉
MLUA_PLAYERINVENTORY_089,뻣뻣한 깃털,RootDesk/MyDesk/PlayerInventory.mlua:295,뻣뻣한 깃털,Stiff Feather,硬挺的羽毛,硬い羽
MLUA_PLAYERINVENTORY_090,눈덩이,RootDesk/MyDesk/PlayerInventory.mlua:296,눈덩이,Snowball,雪球,雪玉
MLUA_PLAYERINVENTORY_091,다크 주니어 예티의 가죽,RootDesk/MyDesk/PlayerInventory.mlua:297,다크 주니어 예티의 가죽,Dark Jr. Yeti's Skin,黑暗小雪人的皮,ダークジュニアイエティの皮
MLUA_PLAYERINVENTORY_092,페페 코인,RootDesk/MyDesk/PlayerInventory.mlua:298,페페 코인,Pepe Coin,佩佩硬幣,ペペコイン
MLUA_PLAYERINVENTORY_093,다크 페페의 부리,RootDesk/MyDesk/PlayerInventory.mlua:299,다크 페페의 부리,Dark Pepe's Beak,黑暗佩佩的嘴喙,ダークペペのくちばし
MLUA_PLAYERINVENTORY_094,헥터의 꼬리,RootDesk/MyDesk/PlayerInventory.mlua:300,헥터의 꼬리,Hector's Tail,赫克托的尾巴,ヘクターのしっぽ
MLUA_PLAYERINVENTORY_095,화이트팽의 꼬리,RootDesk/MyDesk/PlayerInventory.mlua:301,화이트팽의 꼬리,White Fang's Tail,白牙的尾巴,ホワイトファングのしっぽ
MLUA_PLAYERINVENTORY_096,생크림,RootDesk/MyDesk/PlayerInventory.mlua:302,생크림,Whipped Cream,鮮奶油,生クリーム
MLUA_PLAYERINVENTORY_097,젤라틴,RootDesk/MyDesk/PlayerInventory.mlua:309,젤라틴,Gelatin,明膠,ゼラチン
MLUA_PLAYERINVENTORY_098,예티의 뿔,RootDesk/MyDesk/PlayerInventory.mlua:310,예티의 뿔,Yeti's Horn,雪人的角,イエティの角
MLUA_PLAYERINVENTORY_099,다크 예티의 뿔,RootDesk/MyDesk/PlayerInventory.mlua:311,다크 예티의 뿔,Dark Yeti's Horn,黑暗雪人的角,ダークイエティの角
MLUA_PLAYERINVENTORY_100,얼음 조각,RootDesk/MyDesk/PlayerInventory.mlua:312,얼음 조각,Ice Shard,冰塊,氷のかけら
MLUA_PLAYERINVENTORY_101,차가운 얼음조각,RootDesk/MyDesk/PlayerInventory.mlua:313,차가운 얼음조각,Frigid Ice Shard,冰冷的冰塊,冷たい氷のかけら
MLUA_PLAYERINVENTORY_102,웨어울프의 발톱,RootDesk/MyDesk/PlayerInventory.mlua:319,웨어울프의 발톱,Werewolf's Claw,狼人的爪子,ウェアウルフの爪
MLUA_PLAYERINVENTORY_103,라이칸스로프의 발톱,RootDesk/MyDesk/PlayerInventory.mlua:320,라이칸스로프의 발톱,Lycanthrope's Claw,狼化人的爪子,ライカンスロープの爪
MLUA_PLAYERINVENTORY_104,눈송이 결정,RootDesk/MyDesk/PlayerInventory.mlua:321,눈송이 결정,Snowflake Crystal,雪花結晶,雪の結晶
MLUA_PLAYERINVENTORY_105,플라이아이의 눈알,RootDesk/MyDesk/PlayerInventory.mlua:322,플라이아이의 눈알,Flyeye's Eyeball,飛眼怪的眼珠,フライアイの目玉
MLUA_PLAYERINVENTORY_106,레인디어의 뿔,RootDesk/MyDesk/PlayerInventory.mlua:328,레인디어의 뿔,Reindeer's Antler,馴鹿的鹿角,トナカイの角
MLUA_PLAYERINVENTORY_107,블러드 레인디어의 방울,RootDesk/MyDesk/PlayerInventory.mlua:329,블러드 레인디어의 방울,Blood Reindeer's Bell,血色馴鹿的鈴鐺,ブラッドトナカイの鈴
MLUA_PLAYERINVENTORY_108,좀비의 잃어버린 어금니,RootDesk/MyDesk/PlayerInventory.mlua:335,좀비의 잃어버린 어금니,Zombie's Lost Molar,殭屍遺失的臼齒,ゾンビがなくした奥歯
MLUA_PLAYERINVENTORY_109,좀비의 잃어버린 금니,RootDesk/MyDesk/PlayerInventory.mlua:336,좀비의 잃어버린 금니,Zombie's Lost Gold Tooth,殭屍遺失的金牙,ゾンビがなくした金歯
MLUA_PLAYERINVENTORY_110,미믹의 유리병,RootDesk/MyDesk/PlayerInventory.mlua:338,미믹의 유리병,Mimic's Glass Bottle,擬態怪的玻璃瓶,ミミックのガラス瓶
MLUA_PLAYERINVENTORY_111,초대권,RootDesk/MyDesk/PlayerInventory.mlua:344,초대권,Invitation,邀請函,招待状
MLUA_PLAYERINVENTORY_112,자격의 증표,RootDesk/MyDesk/PlayerInventory.mlua:348,자격의 증표,Token of Qualification,資格的證明,資格の証
MLUA_LEVELREWARDLOGIC_001,골드,RootDesk/MyDesk/PlayerLevel/LevelRewardLogic.mlua:100,골드,Gold,金幣,ゴールド
MLUA_LEVELREWARDLOGIC_002,다이아,RootDesk/MyDesk/PlayerLevel/LevelRewardLogic.mlua:101 | RootDesk/MyDesk/UI/ShopUI.mlua:135 | /ui/TitleGroup/ShopPanel/Tabs/TabDiamond/Label,다이아,Diamonds,鑽石,ダイヤ
MLUA_LEVELREWARDLOGIC_003,유물 뽑기권,RootDesk/MyDesk/PlayerLevel/LevelRewardLogic.mlua:102 | RootDesk/MyDesk/Puzzle/Map24TreasureChestLogic.mlua:109,유물 뽑기권,Relic Draw Ticket,遺物抽取券,遺物ガチャチケット
MLUA_LEVELREWARDLOGIC_004,스킬 뽑기권,RootDesk/MyDesk/PlayerLevel/LevelRewardLogic.mlua:103,스킬 뽑기권,Skill Draw Ticket,技能抽取券,スキルガチャチケット
MLUA_LEVELREWARDLOGIC_005,장비,RootDesk/MyDesk/PlayerLevel/LevelRewardLogic.mlua:106,장비,,,
MLUA_LEVELREWARDLOGIC_006,레벨,RootDesk/MyDesk/PlayerLevel/LevelRewardLogic.mlua:111 | RootDesk/MyDesk/PlayerLevel/LevelRewardUI.mlua:313,레벨,,,
MLUA_LEVELREWARDLOGIC_007,보상,RootDesk/MyDesk/PlayerLevel/LevelRewardLogic.mlua:111,보상,,,
MLUA_LEVELREWARDUI_001,모든 보상을 받았어요!,RootDesk/MyDesk/PlayerLevel/LevelRewardUI.mlua:280,모든 보상을 받았어요!,You've claimed all rewards!,已領取所有獎勵！,すべての報酬を受け取りました！
MLUA_LEVELREWARDUI_002,이 되면 받을 수 있어요,RootDesk/MyDesk/PlayerLevel/LevelRewardUI.mlua:313,이 되면 받을 수 있어요,,,
MLUA_POLICYGATELOGIC_001,"PolicyGateLogic: 출시 환경이 아님(Maker) -> 정책 조회 생략, 유료 뽑기 허용",[LOG] RootDesk/MyDesk/Policy/PolicyGateLogic.mlua:44,"PolicyGateLogic: 출시 환경이 아님(Maker) -> 정책 조회 생략, 유료 뽑기 허용",,,
MLUA_POLICYGATELOGIC_002,PolicyGateLogic: policy info = nil (Maker 또는 조회 실패) -> 유료 뽑기 허용,[LOG] RootDesk/MyDesk/Policy/PolicyGateLogic.mlua:53,PolicyGateLogic: policy info = nil (Maker 또는 조회 실패) -> 유료 뽑기 허용,,,
MLUA_EP1ZONE2MANOLOGIC_001,마노가 나타났다!,RootDesk/MyDesk/Puzzle/Ep1Zone2ManoLogic.mlua:23,마노가 나타났다!,Mano has appeared!,紅蝸牛王出現了！,マノが現れた！
MLUA_EP2MAP2STATUEPUZZLELOGIC_001,맵 어딘가에 변화가 생겼습니다,RootDesk/MyDesk/Puzzle/Ep2Map2StatuePuzzleLogic.mlua:21 | RootDesk/MyDesk/Puzzle/Ep2Map4PiecePuzzleLogic.mlua:162,맵 어딘가에 변화가 생겼습니다,Something has changed somewhere on the map,地圖的某處發生了變化,マップのどこかに変化が起きました
MLUA_EP2MAP2STATUEPUZZLELOGIC_002,석상이 반응하지 않습니다,RootDesk/MyDesk/Puzzle/Ep2Map2StatuePuzzleLogic.mlua:22,석상이 반응하지 않습니다,The statue does not respond,石像沒有反應,石像が反応しません
MLUA_EP2MAP4CENTAURLOGIC_001,켄타우로스 무리가 나타났습니다!,RootDesk/MyDesk/Puzzle/Ep2Map4CentaurLogic.mlua:69,켄타우로스 무리가 나타났습니다!,A herd of Centaurs has appeared!,半人馬群出現了！,ケンタウロスの群れが現れました！
MLUA_EP2MAP4GALLERYPORTALTRIGGER_001,가 부족합니다 (,RootDesk/MyDesk/Puzzle/Ep2Map4GalleryPortalTrigger.mlua:47,가 부족합니다 (,,,
MLUA_EP2MINIBEANEASTEREGGLOGIC_001,미니빈이 출현했다!,RootDesk/MyDesk/Puzzle/Ep2MiniBeanEasterEggLogic.mlua:124,미니빈이 출현했다!,Mini Bean has appeared!,迷你豆出現了！,ミニビーンが出現した！
MLUA_EP3MAP1INVITATIONEASTEREGGLOGIC_001,맵 어딘가에 변화가 생겼습니다!,RootDesk/MyDesk/Puzzle/Ep3Map1InvitationEasterEggLogic.mlua:37,맵 어딘가에 변화가 생겼습니다!,Something has changed somewhere on the map!,地圖的某處發生了變化！,マップのどこかに変化が起きました！
MLUA_EP3MAP1MUSHROOMLOGIC_001,한겨울의 주황버섯이 나타났다!,RootDesk/MyDesk/Puzzle/Ep3Map1MushroomLogic.mlua:35,한겨울의 주황버섯이 나타났다!,A Midwinter Orange Mushroom has appeared!,隆冬的菇菇寶貝出現了！,真冬のオレンジマッシュルームが現れた！
MLUA_EP3MAP2BONUSBOSSLOGIC_001,이미 입장했습니다!,RootDesk/MyDesk/Puzzle/Ep3Map2BonusBossLogic.mlua:63,이미 입장했습니다!,You've already entered!,已經進入過了！,すでに入場しました！
MLUA_EP3MAP2BONUSBOSSLOGIC_002,곧 다른 맵으로 이동합니다!,RootDesk/MyDesk/Puzzle/Ep3Map2BonusBossLogic.mlua:64,곧 다른 맵으로 이동합니다!,Moving to another map soon!,即將移動到其他地圖！,まもなく別のマップへ移動します！
MLUA_EP3MAP2LOSTRUDOLPHLOGIC_001,길잃은 루돌프가 등장했다! 터치해보자!,RootDesk/MyDesk/Puzzle/Ep3Map2LostRudolphLogic.mlua:19,길잃은 루돌프가 등장했다! 터치해보자!,A lost Rudolph has appeared! Try touching it!,迷路的魯道夫出現了！試著觸碰看看吧！,迷子のルドルフが現れた！タッチしてみよう！
MLUA_EP3MAP2LOSTRUDOLPHLOGIC_002,앗..! 멈춰있을 때 다시 시도해 보자!,RootDesk/MyDesk/Puzzle/Ep3Map2LostRudolphLogic.mlua:20,앗..! 멈춰있을 때 다시 시도해 보자!,Oops..! Try again when it stops moving!,哎呀..！等牠停下來再試一次吧！,あっ..！止まっているときにもう一度試してみよう！
MLUA_EP3MAP2LOSTRUDOLPHLOGIC_003,산타에게 말을 걸어보자!,RootDesk/MyDesk/Puzzle/Ep3Map2LostRudolphLogic.mlua:21,산타에게 말을 걸어보자!,Go talk to Santa!,去和聖誕老人說話吧！,サンタに話しかけてみよう！
MLUA_EP3MAP2LOSTRUDOLPHLOGIC_004,"Ep3Map2LostRudolph: caught successfully, no reward (유저 지정)",[LOG] RootDesk/MyDesk/Puzzle/Ep3Map2LostRudolphLogic.mlua:97,"Ep3Map2LostRudolph: caught successfully, no reward (유저 지정)",,,
MLUA_MAP21RELICEASTEREGG_001,실피드,RootDesk/MyDesk/Puzzle/Map21RelicEasterEgg.mlua:115 | RootDesk/MyDesk/UI/CharacterUnlockUI.mlua:52 | RootDesk/MyDesk/UI/WorldCharacterSelectUI.mlua:283 | /ui/CharacterUnlockGroup/Panel/NameText | /ui/TitleGroup/SkillPanel/CharacterFilterList/btnCharSylph,실피드,Sylphid,希爾菲德,シルフィード
MLUA_MAP21RELICEASTEREGG_002,"바람과 함께 전장을 누비는 신비로운 궁수.
빠른 화살로 적의 약점을 꿰뚫고, 거센
바람으로 전장을 지배한다.",RootDesk/MyDesk/Puzzle/Map21RelicEasterEgg.mlua:115 | /ui/CharacterUnlockGroup/Panel/OptionBox/OptionText,"바람과 함께 전장을 누비는 신비로운 궁수.
빠른 화살로 적의 약점을 꿰뚫고, 거센
바람으로 전장을 지배한다.","A mysterious archer who sweeps across the battlefield with the wind.
Swift arrows pierce the enemy's weak points, and fierce
winds let her rule the battlefield.","與風一同穿梭戰場的神秘弓箭手。
以迅捷的箭矢貫穿敵人的弱點，並以猛烈的
強風支配戰場。","風とともに戦場を駆ける神秘的な弓使い。
素早い矢で敵の弱点を射抜き、激しい
風で戦場を支配する。"
MLUA_MAP23ERDASEASTEREGGLOGIC_001,정수가 부족합니다,RootDesk/MyDesk/Puzzle/Map23ErdasEasterEggLogic.mlua:29,정수가 부족합니다,Not enough Essence,精髓不足,エッセンスが足りません
MLUA_MAP23ERDASEASTEREGGLOGIC_002,에르다스가 소환되었다.,RootDesk/MyDesk/Puzzle/Map23ErdasEasterEggLogic.mlua:118,에르다스가 소환되었다.,,,
MLUA_MAP23ERDASEASTEREGGLOGIC_003,첫번째,RootDesk/MyDesk/Puzzle/Map23ErdasEasterEggLogic.mlua:123,첫번째,The first,第一個,1体目
MLUA_MAP23ERDASEASTEREGGLOGIC_004,두번째,RootDesk/MyDesk/Puzzle/Map23ErdasEasterEggLogic.mlua:124,두번째,The second,第二個,2体目
MLUA_MAP23ERDASEASTEREGGLOGIC_005,세번째,RootDesk/MyDesk/Puzzle/Map23ErdasEasterEggLogic.mlua:126,세번째,The third,第三個,3体目
MLUA_MAP23ERDASEASTEREGGLOGIC_006,어딘가에 포탈이 활성화되었다!,RootDesk/MyDesk/Puzzle/Map23ErdasEasterEggLogic.mlua:152,어딘가에 포탈이 활성화되었다!,A portal has been activated somewhere!,某處的傳送門被啟動了！,どこかでポータルが起動した！
MLUA_MAP24TREASURECHESTLOGIC_001,장 획득!,RootDesk/MyDesk/Puzzle/Map24TreasureChestLogic.mlua:109,장 획득!,,,
MLUA_NINJASTATUEPUZZLELOGIC_001,얄미운 미니무르가 등장했다!,RootDesk/MyDesk/Puzzle/NinjaStatuePuzzleLogic.mlua:79,얄미운 미니무르가 등장했다!,A pesky Minimur has appeared!,可惡的米尼穆爾登場了！,憎たらしいミニムルが登場した！
MLUA_RAIDLOGIC_001,캐릭터들이 부활했어요! 다시 보스를 공격합니다,RootDesk/MyDesk/Raid/RaidLogic.mlua:410,캐릭터들이 부활했어요! 다시 보스를 공격합니다,Your characters have revived! Attacking the Boss again,角色們復活了！再次攻擊首領,キャラクターが復活しました！再びボスを攻撃します
MLUA_RAIDLOGIC_002,주간 레이드,RootDesk/MyDesk/Raid/RaidLogic.mlua:728,주간 레이드,,,
MLUA_RAIDLOGIC_003,등급 보상 + 반지 강화 주문서,RootDesk/MyDesk/Raid/RaidLogic.mlua:728,등급 보상 + 반지 강화 주문서,,,
MLUA_RAIDLOGIC_004,장을 받았어요!,RootDesk/MyDesk/Raid/RaidLogic.mlua:729,장을 받았어요!,,,
MLUA_RAIDLOGIC_005,지금은 받을 수 있는 레이드 보상이 없어요,RootDesk/MyDesk/Raid/RaidLogic.mlua:731,지금은 받을 수 있는 레이드 보상이 없어요,No raid rewards to claim right now,目前沒有可領取的突襲獎勵,現在受け取れるレイド報酬はありません
MLUA_RAIDLOGIC_006,장비창이 가득 찼습니다!,RootDesk/MyDesk/Raid/RaidLogic.mlua GrantReward,장비창이 가득 찼습니다!,Your inventory is full!,裝備欄已滿！,装備欄がいっぱいです！
MLUA_RAIDLOGIC_007,보상 지급에 실패했어요. 잠시 후 다시 시도해 주세요,RootDesk/MyDesk/Raid/RaidLogic.mlua GrantReward,보상 지급에 실패했어요. 잠시 후 다시 시도해 주세요,Failed to grant the reward. Please try again shortly.,獎勵發放失敗，請稍後再試。,報酬の受け取りに失敗しました。しばらくしてからもう一度お試しください。
MLUA_RAIDTUTORIALUI_001,레이드가 생성되었습니다!,RootDesk/MyDesk/Raid/RaidTutorialUI.mlua:70 | /ui/TitleGroup/RaidUnlockBanner,레이드가 생성되었습니다!,A raid has been created!,突襲已建立！,レイドが作成されました！
MLUA_RAIDUI_001,보스 체력,RootDesk/MyDesk/Raid/RaidUI.mlua:275 | /ui/RaidGroup/HpBack/HpText,보스 체력,Boss HP,首領體力,ボスHP
MLUA_RAIDUI_002,정산 중,RootDesk/MyDesk/Raid/RaidUI.mlua:286,정산 중,Settling,結算中,精算中
MLUA_RAIDUI_003,최고 등급이에요!,RootDesk/MyDesk/Raid/RaidUI.mlua RefreshRewardBox,최고 등급이에요!,Top grade reached!,已達最高等級！,最高等級です！
MLUA_RAIDUI_004,보상 목록,RootDesk/MyDesk/Raid/RaidUI.mlua RefreshClaim,보상 목록,Reward List,獎勵一覽,報酬一覧
MLUA_RELICINVENTORY_001,시그너스의 손수건,RootDesk/MyDesk/Relic/RelicInventory.mlua:56 | /ui/TitleGroup/RelicPanel/ScrollArea/List/RelicSlot_0/Name,시그너스의 손수건,Cygnus's Handkerchief,西格諾斯的手帕,シグナスのハンカチ
MLUA_RELICINVENTORY_002,만년설화,RootDesk/MyDesk/Relic/RelicInventory.mlua:56 | /ui/TitleGroup/RelicPanel/ScrollArea/List/RelicSlot_1/Name,만년설화,Everlasting Snowflower,萬年雪花,万年雪の花
MLUA_RELICINVENTORY_003,시몬수의자,RootDesk/MyDesk/Relic/RelicInventory.mlua:56 | /ui/TitleGroup/RelicPanel/ScrollArea/List/RelicSlot_2/Name,시몬수의자,Simon's Chair,賽門的椅子,サイモンの椅子
MLUA_RELICINVENTORY_004,룬,RootDesk/MyDesk/Relic/RelicInventory.mlua:56 | /ui/TitleGroup/RelicPanel/ScrollArea/List/RelicSlot_3/Name,룬,Rune,符文,ルーン
MLUA_RELICINVENTORY_005,봉인된 오브,RootDesk/MyDesk/Relic/RelicInventory.mlua:56 | /ui/TitleGroup/RelicPanel/ScrollArea/List/RelicSlot_4/Name,봉인된 오브,Sealed Orb,被封印的寶珠,封印されたオーブ
MLUA_RELICINVENTORY_006,지혜의 항아리,RootDesk/MyDesk/Relic/RelicInventory.mlua:56 | /ui/TitleGroup/RelicPanel/ScrollArea/List/RelicSlot_5/Name,지혜의 항아리,Jar of Wisdom,智慧之壺,知恵の壺
MLUA_RELICINVENTORY_007,에오스의 돌,RootDesk/MyDesk/Relic/RelicInventory.mlua:57 | /ui/TitleGroup/RelicPanel/ScrollArea/List/RelicSlot_6/Name,에오스의 돌,Stone of Eos,艾歐斯之石,エオスの石
MLUA_RELICINVENTORY_008,황금 카드,RootDesk/MyDesk/Relic/RelicInventory.mlua:57 | /ui/TitleGroup/RelicPanel/ScrollArea/List/RelicSlot_7/Name,황금 카드,Golden Card,黃金卡片,黄金のカード
MLUA_RELICINVENTORY_009,성배,RootDesk/MyDesk/Relic/RelicInventory.mlua:57 | /ui/TitleGroup/RelicPanel/ScrollArea/List/RelicSlot_8/Name,성배,Holy Grail,聖杯,聖杯
MLUA_RELICINVENTORY_010,힘의 마법석,RootDesk/MyDesk/Relic/RelicInventory.mlua:57 | /ui/TitleGroup/RelicPanel/ScrollArea/List/RelicSlot_9/Name,힘의 마법석,Magic Stone of Power,力量魔法石,力の魔法石
MLUA_RELICINVENTORY_011,수리검,RootDesk/MyDesk/Relic/RelicInventory.mlua:57 | /ui/TitleGroup/RelicPanel/ScrollArea/List/RelicSlot_10/Name,수리검,Shuriken,手裏劍,手裏剣
MLUA_RELICINVENTORY_012,낡은 피아노,RootDesk/MyDesk/Relic/RelicInventory.mlua:57 | /ui/TitleGroup/RelicPanel/ScrollArea/List/RelicSlot_11/Name,낡은 피아노,Old Piano,老舊的鋼琴,古いピアノ
MLUA_RELICINVENTORY_013,무닌,RootDesk/MyDesk/Relic/RelicInventory.mlua:58 | /ui/TitleGroup/RelicPanel/ScrollArea/List/RelicSlot_12/Name,무닌,Munin,穆寧,ムニン
MLUA_RELICINVENTORY_014,자수정,RootDesk/MyDesk/Relic/RelicInventory.mlua:58 | /ui/TitleGroup/RelicPanel/ScrollArea/List/RelicSlot_13/Name,자수정,Amethyst,紫水晶,アメジスト
MLUA_RELICINVENTORY_015,소행성,RootDesk/MyDesk/Relic/RelicInventory.mlua:58 | /ui/TitleGroup/RelicPanel/ScrollArea/List/RelicSlot_14/Name,소행성,Asteroid,小行星,小惑星
MLUA_RELICINVENTORY_016,팬더 허수아비,RootDesk/MyDesk/Relic/RelicInventory.mlua:58 | /ui/TitleGroup/RelicPanel/ScrollArea/List/RelicSlot_15/Name,팬더 허수아비,Panda Scarecrow,熊貓稻草人,パンダかかし
MLUA_RELICINVENTORY_017,복주머니,RootDesk/MyDesk/Relic/RelicInventory.mlua:58 | /ui/TitleGroup/RelicPanel/ScrollArea/List/RelicSlot_16/Name,복주머니,Lucky Pouch,福袋,福袋
MLUA_RELICINVENTORY_018,검은 방패,RootDesk/MyDesk/Relic/RelicInventory.mlua:58 | /ui/TitleGroup/RelicPanel/ScrollArea/List/RelicSlot_17/Name,검은 방패,Black Shield,黑色盾牌,黒い盾
MLUA_RELICINVENTORY_019,기본 공격력,RootDesk/MyDesk/Relic/RelicInventory.mlua:313,기본 공격력,Base ATK,基本攻擊力,基本攻撃力
MLUA_RELICINVENTORY_020,기본 공격 속도,RootDesk/MyDesk/Relic/RelicInventory.mlua:314,기본 공격 속도,Base Attack Speed,基本攻擊速度,基本攻撃速度
MLUA_RELICINVENTORY_021,상태이상 지속 시간,RootDesk/MyDesk/Relic/RelicInventory.mlua:315,상태이상 지속 시간,Status Effect Duration,異常狀態持續時間,状態異常の持続時間
MLUA_RELICINVENTORY_022,보스에게 가하는 피해,RootDesk/MyDesk/Relic/RelicInventory.mlua:316,보스에게 가하는 피해,Damage to Bosses,對首領造成的傷害,ボスへのダメージ
MLUA_RELICINVENTORY_023,스킬 피해량,RootDesk/MyDesk/Relic/RelicInventory.mlua:317,스킬 피해량,Skill Damage,技能傷害,スキルダメージ
MLUA_RELICINVENTORY_024,스킬 쿨타임 감소,RootDesk/MyDesk/Relic/RelicInventory.mlua:318,스킬 쿨타임 감소,Skill Cooldown Reduction,技能冷卻時間減少,スキルクールタイム減少
MLUA_RELICINVENTORY_025,적 이동 속도 감소,RootDesk/MyDesk/Relic/RelicInventory.mlua:319,적 이동 속도 감소,Enemy Movement Speed Reduction,敵人移動速度降低,敵の移動速度低下
MLUA_RELICINVENTORY_026,보스 스킬 드롭율,RootDesk/MyDesk/Relic/RelicInventory.mlua:320,보스 스킬 드롭율,Boss Skill Drop Rate,首領技能掉落率,ボススキルドロップ率
MLUA_RELICINVENTORY_027,골드 획득,RootDesk/MyDesk/Relic/RelicInventory.mlua:321,골드 획득,Gold Gain,金幣獲得量,ゴールド獲得量
MLUA_RELICINVENTORY_028,상태이상 적에게 주는 피해,RootDesk/MyDesk/Relic/RelicInventory.mlua:322,상태이상 적에게 주는 피해,Damage to Enemies with Status Effects,對異常狀態敵人造成的傷害,状態異常の敵へのダメージ
MLUA_RELICINVENTORY_029,치명타 시 2배 코인 확률,RootDesk/MyDesk/Relic/RelicInventory.mlua:323,치명타 시 2배 코인 확률,Chance of 2x Coins on Critical,爆擊時雙倍金幣機率,クリティカル時にコイン2倍の確率
MLUA_RELICINVENTORY_030,경험치 획득,RootDesk/MyDesk/Relic/RelicInventory.mlua:324,경험치 획득,EXP Gain,經驗值獲得量,経験値獲得量
MLUA_RELICINVENTORY_031,크리티컬 피해,RootDesk/MyDesk/Relic/RelicInventory.mlua:325,크리티컬 피해,Critical Damage,爆擊傷害,クリティカルダメージ
MLUA_RELICINVENTORY_032,크리티컬 확률,RootDesk/MyDesk/Relic/RelicInventory.mlua:326,크리티컬 확률,Critical Rate,爆擊率,クリティカル率
MLUA_RELICINVENTORY_033,포션 회복량,RootDesk/MyDesk/Relic/RelicInventory.mlua:327,포션 회복량,Potion Recovery,藥水恢復量,ポーション回復量
MLUA_RELICINVENTORY_034,체력 10% 미만 시 무적,RootDesk/MyDesk/Relic/RelicInventory.mlua:328,체력 10% 미만 시 무적,Invincible when HP is below 10%,體力低於10%時無敵,HP10%未満で無敵
MLUA_RELICINVENTORY_035,포션 드롭율,RootDesk/MyDesk/Relic/RelicInventory.mlua:329,포션 드롭율,Potion Drop Rate,藥水掉落率,ポーションドロップ率
MLUA_RELICINVENTORY_036,몬스터에게 입는 피해 감소,RootDesk/MyDesk/Relic/RelicInventory.mlua:330,몬스터에게 입는 피해 감소,Damage Taken from Monsters Reduced,受到怪物的傷害減少,モンスターから受けるダメージ減少
MLUA_RELICINVENTORY_037,알 수 없는 효과,RootDesk/MyDesk/Relic/RelicInventory.mlua:331,알 수 없는 효과,Unknown Effect,未知的效果,謎の効果
MLUA_RELICUPGRADEUI_001,보유 시,RootDesk/MyDesk/Relic/RelicUpgradeUI.mlua:86,보유 시,,,
MLUA_RELICUPGRADEUI_002,— 아직 보유하지 않은 유물입니다,RootDesk/MyDesk/Relic/RelicUpgradeUI.mlua:86,— 아직 보유하지 않은 유물입니다,,,
MLUA_RELICUPGRADEUI_003,최대 레벨입니다,RootDesk/MyDesk/Relic/RelicUpgradeUI.mlua:96 | RootDesk/MyDesk/Skill/SkillUpgradeUI.mlua:103,최대 레벨입니다,Max level,已達最高等級,最大レベルです
MLUA_RELICUPGRADEUI_004,다음 레벨:,RootDesk/MyDesk/Relic/RelicUpgradeUI.mlua:109,다음 레벨:,,,
MLUA_RELICUPGRADEUI_005,코인,RootDesk/MyDesk/Relic/RelicUpgradeUI.mlua:110 | RootDesk/MyDesk/Skill/SkillUpgradeUI.mlua:116,코인,,,
MLUA_SKILLUPGRADEUI_001,다음 레벨: Lv.,RootDesk/MyDesk/Skill/SkillUpgradeUI.mlua:115,다음 레벨: Lv.,,,
MLUA_SKILLUPGRADEUI_002,다음 효과 상승 구간(Lv3/6/9)까지의 축적 단계 (효과 없음),RootDesk/MyDesk/Skill/SkillUpgradeUI.mlua:133,다음 효과 상승 구간(Lv3/6/9)까지의 축적 단계 (효과 없음),Build-up step toward the next boost tier (Lv3/6/9) (no effect),累積到下一個效果提升區間(Lv3/6/9)的階段(無效果),次の効果上昇区間(Lv3/6/9)までの蓄積段階(効果なし)
MLUA_SKILLUPGRADEUI_003,전체 쿨타임 2% 감소,RootDesk/MyDesk/Skill/SkillUpgradeUI.mlua:136,전체 쿨타임 2% 감소,All cooldowns -2%,全部冷卻時間減少 2%,全体クールタイム 2%減少
MLUA_SKILLUPGRADEUI_004,전체 쿨타임 4% 감소,RootDesk/MyDesk/Skill/SkillUpgradeUI.mlua:137,전체 쿨타임 4% 감소,All cooldowns -4%,全部冷卻時間減少 4%,全体クールタイム 4%減少
MLUA_SKILLUPGRADEUI_005,전체 쿨타임 6% 감소,RootDesk/MyDesk/Skill/SkillUpgradeUI.mlua:138,전체 쿨타임 6% 감소,All cooldowns -6%,全部冷卻時間減少 6%,全体クールタイム 6%減少
MLUA_SKILLUPGRADEUI_006,회복량 5% 증가,RootDesk/MyDesk/Skill/SkillUpgradeUI.mlua:140 | RootDesk/MyDesk/Skill/SkillUpgradeUI.mlua:374,회복량 5% 증가,Recovery +5%,恢復量增加 5%,回復量 5%増加
MLUA_SKILLUPGRADEUI_007,회복량 7% 증가,RootDesk/MyDesk/Skill/SkillUpgradeUI.mlua:141 | RootDesk/MyDesk/Skill/SkillUpgradeUI.mlua:375,회복량 7% 증가,Recovery +7%,恢復量增加 7%,回復量 7%増加
MLUA_SKILLUPGRADEUI_008,회복량 9% 증가,RootDesk/MyDesk/Skill/SkillUpgradeUI.mlua:142 | RootDesk/MyDesk/Skill/SkillUpgradeUI.mlua:376,회복량 9% 증가,Recovery +9%,恢復量增加 9%,回復量 9%増加
MLUA_SKILLUPGRADEUI_009,받는 피해 3% 감소,RootDesk/MyDesk/Skill/SkillUpgradeUI.mlua:144,받는 피해 3% 감소,Damage taken -3%,受到傷害減少 3%,被ダメージ 3%減少
MLUA_SKILLUPGRADEUI_010,받는 피해 6% 감소,RootDesk/MyDesk/Skill/SkillUpgradeUI.mlua:145,받는 피해 6% 감소,Damage taken -6%,受到傷害減少 6%,被ダメージ 6%減少
MLUA_SKILLUPGRADEUI_011,받는 피해 9% 감소,RootDesk/MyDesk/Skill/SkillUpgradeUI.mlua:146,받는 피해 9% 감소,Damage taken -9%,受到傷害減少 9%,被ダメージ 9%減少
MLUA_SKILLUPGRADEUI_012,대미지 10% 증가,RootDesk/MyDesk/Skill/SkillUpgradeUI.mlua:148 | RootDesk/MyDesk/Skill/SkillUpgradeUI.mlua:152 | RootDesk/MyDesk/Skill/SkillUpgradeUI.mlua:156 | RootDesk/MyDesk/Skill/SkillUpgradeUI.mlua:160 | RootDesk/MyDesk/Skill/SkillUpgradeUI.mlua:164,대미지 10% 증가,Damage +10%,傷害增加 10%,ダメージ 10%増加
MLUA_SKILLUPGRADEUI_013,스턴 지속시간 1초 증가,RootDesk/MyDesk/Skill/SkillUpgradeUI.mlua:149,스턴 지속시간 1초 증가,Stun duration +1s,暈眩持續時間增加 1秒,スタン持続時間 1秒増加
MLUA_SKILLUPGRADEUI_014,스턴 확률 10% 증가,RootDesk/MyDesk/Skill/SkillUpgradeUI.mlua:150 | RootDesk/MyDesk/Skill/SkillUpgradeUI.mlua:194,스턴 확률 10% 증가,Stun chance +10%,暈眩機率增加 10%,スタン確率 10%増加
MLUA_SKILLUPGRADEUI_015,쿨타임 5% 감소,RootDesk/MyDesk/Skill/SkillUpgradeUI.mlua:153 | RootDesk/MyDesk/Skill/SkillUpgradeUI.mlua:157 | RootDesk/MyDesk/Skill/SkillUpgradeUI.mlua:161 | RootDesk/MyDesk/Skill/SkillUpgradeUI.mlua:165 | RootDesk/MyDesk/Skill/SkillUpgradeUI.mlua:181,쿨타임 5% 감소,Cooldown -5%,冷卻時間減少 5%,クールタイム 5%減少
MLUA_SKILLUPGRADEUI_016,20% 확률로 빙결 스택 +1,RootDesk/MyDesk/Skill/SkillUpgradeUI.mlua:154,20% 확률로 빙결 스택 +1,20% chance for Freeze Stack +1,20%機率冰凍層數 +1,20%の確率で凍結スタック +1
MLUA_SKILLUPGRADEUI_017,출혈 대미지 2% 증가,RootDesk/MyDesk/Skill/SkillUpgradeUI.mlua:158,출혈 대미지 2% 증가,Bleed Damage +2%,流血傷害增加 2%,出血ダメージ 2%増加
MLUA_SKILLUPGRADEUI_018,크리티컬 확률 5% 증가,RootDesk/MyDesk/Skill/SkillUpgradeUI.mlua:162 | RootDesk/MyDesk/Skill/SkillUpgradeUI.mlua:166 | RootDesk/MyDesk/Skill/SkillUpgradeUI.mlua:190,크리티컬 확률 5% 증가,Critical Rate +5%,爆擊率增加 5%,クリティカル率 5%増加
MLUA_SKILLUPGRADEUI_019,크리티컬 확률 +4%,RootDesk/MyDesk/Skill/SkillUpgradeUI.mlua:169 | RootDesk/MyDesk/Skill/SkillUpgradeUI.mlua:285 | RootDesk/MyDesk/Skill/SkillUpgradeUI.mlua:367,크리티컬 확률 +4%,Critical Rate +4%,爆擊率 +4%,クリティカル率 +4%
MLUA_SKILLUPGRADEUI_020,크리티컬 확률 +6%,RootDesk/MyDesk/Skill/SkillUpgradeUI.mlua:170 | RootDesk/MyDesk/Skill/SkillUpgradeUI.mlua:286 | RootDesk/MyDesk/Skill/SkillUpgradeUI.mlua:368 | RootDesk/MyDesk/Skill/SkillUpgradeUI.mlua:403 | RootDesk/MyDesk/Skill/SkillUpgradeUI.mlua:424,크리티컬 확률 +6%,Critical Rate +6%,爆擊率 +6%,クリティカル率 +6%
MLUA_SKILLUPGRADEUI_021,빙결 스택당 보너스대미지 +3%,RootDesk/MyDesk/Skill/SkillUpgradeUI.mlua:172,빙결 스택당 보너스대미지 +3%,Bonus Damage per Freeze Stack +3%,每層冰凍的加成傷害 +3%,凍結スタックごとのボーナスダメージ +3%
MLUA_SKILLUPGRADEUI_022,빙결 스택당 보너스대미지 +6%,RootDesk/MyDesk/Skill/SkillUpgradeUI.mlua:173,빙결 스택당 보너스대미지 +6%,Bonus Damage per Freeze Stack +6%,每層冰凍的加成傷害 +6%,凍結スタックごとのボーナスダメージ +6%
MLUA_SKILLUPGRADEUI_023,빙결 스택당 보너스대미지 +9%,RootDesk/MyDesk/Skill/SkillUpgradeUI.mlua:174,빙결 스택당 보너스대미지 +9%,Bonus Damage per Freeze Stack +9%,每層冰凍的加成傷害 +9%,凍結スタックごとのボーナスダメージ +9%
MLUA_SKILLUPGRADEUI_024,전체 스킬 피해량 2% 증가,RootDesk/MyDesk/Skill/SkillUpgradeUI.mlua:176,전체 스킬 피해량 2% 증가,All Skill Damage +2%,全部技能傷害增加 2%,全スキルダメージ 2%増加
MLUA_SKILLUPGRADEUI_025,전체 스킬 피해량 4% 증가,RootDesk/MyDesk/Skill/SkillUpgradeUI.mlua:177,전체 스킬 피해량 4% 증가,All Skill Damage +4%,全部技能傷害增加 4%,全スキルダメージ 4%増加
MLUA_SKILLUPGRADEUI_026,전체 스킬 피해량 6% 증가,RootDesk/MyDesk/Skill/SkillUpgradeUI.mlua:178,전체 스킬 피해량 6% 증가,All Skill Damage +6%,全部技能傷害增加 6%,全スキルダメージ 6%増加
MLUA_SKILLUPGRADEUI_027,2연타 확률 +5%,RootDesk/MyDesk/Skill/SkillUpgradeUI.mlua:182,2연타 확률 +5%,2-hit chance +5%,2連擊機率 +5%,2連撃確率 +5%
MLUA_SKILLUPGRADEUI_028,10% 확률로 빙결 스택 +1,RootDesk/MyDesk/Skill/SkillUpgradeUI.mlua:186,10% 확률로 빙결 스택 +1,10% chance for Freeze Stack +1,10%機率冰凍層數 +1,10%の確率で凍結スタック +1
MLUA_SKILLUPGRADEUI_029,10% 확률로 빙결 스택 +2,RootDesk/MyDesk/Skill/SkillUpgradeUI.mlua:198,10% 확률로 빙결 스택 +2,10% chance for Freeze Stack +2,10%機率冰凍層數 +2,10%の確率で凍結スタック +2
MLUA_SKILLUPGRADEUI_030,크리티컬 확률 10% 추가,RootDesk/MyDesk/Skill/SkillUpgradeUI.mlua:202 | RootDesk/MyDesk/Skill/SkillUpgradeUI.mlua:206,크리티컬 확률 10% 추가,Critical Rate +10% extra,額外爆擊率 10%,クリティカル率 10%追加
MLUA_SKILLUPGRADEUI_031,2연타 확률 +10%,RootDesk/MyDesk/Skill/SkillUpgradeUI.mlua:210,2연타 확률 +10%,2-hit chance +10%,2連擊機率 +10%,2連撃確率 +10%
MLUA_SKILLUPGRADEUI_032,10% 확률로 빙결 스택 +3,RootDesk/MyDesk/Skill/SkillUpgradeUI.mlua:214,10% 확률로 빙결 스택 +3,10% chance for Freeze Stack +3,10%機率冰凍層數 +3,10%の確率で凍結スタック +3
MLUA_SKILLUPGRADEUI_033,추가 타격 +1,RootDesk/MyDesk/Skill/SkillUpgradeUI.mlua:222 | RootDesk/MyDesk/Skill/SkillUpgradeUI.mlua:226,추가 타격 +1,Extra hits +1,追加攻擊 +1,追加打撃 +1
MLUA_SKILLUPGRADEUI_034,슬로우 확률 +10%,RootDesk/MyDesk/Skill/SkillUpgradeUI.mlua:230,슬로우 확률 +10%,Slow chance +10%,緩速機率 +10%,スロー確率 +10%
MLUA_SKILLUPGRADEUI_035,슬로우 상태 적 추가 대미지 +10%,RootDesk/MyDesk/Skill/SkillUpgradeUI.mlua:234,슬로우 상태 적 추가 대미지 +10%,Bonus Damage to Slowed enemies +10%,對緩速敵人追加傷害 +10%,スロー状態の敵への追加ダメージ +10%
MLUA_SKILLUPGRADEUI_036,유지시간 +1초,RootDesk/MyDesk/Skill/SkillUpgradeUI.mlua:238 | RootDesk/MyDesk/Skill/SkillUpgradeUI.mlua:258,유지시간 +1초,Duration +1s,持續時間 +1秒,持続時間 +1秒
MLUA_SKILLUPGRADEUI_037,크리티컬 확률 +5%,RootDesk/MyDesk/Skill/SkillUpgradeUI.mlua:242 | RootDesk/MyDesk/Skill/SkillUpgradeUI.mlua:246 | RootDesk/MyDesk/Skill/SkillUpgradeUI.mlua:387 | RootDesk/MyDesk/Skill/SkillUpgradeUI.mlua:388 | RootDesk/MyDesk/Skill/SkillUpgradeUI.mlua:389,크리티컬 확률 +5%,Critical Rate +5%,爆擊率 +5%,クリティカル率 +5%
MLUA_SKILLUPGRADEUI_038,충돌 대미지 +15%,RootDesk/MyDesk/Skill/SkillUpgradeUI.mlua:250,충돌 대미지 +15%,Collision Damage +15%,碰撞傷害 +15%,衝突ダメージ +15%
MLUA_SKILLUPGRADEUI_039,쿨타임 8% 감소,RootDesk/MyDesk/Skill/SkillUpgradeUI.mlua:253 | RootDesk/MyDesk/Skill/SkillUpgradeUI.mlua:257 | RootDesk/MyDesk/Skill/SkillUpgradeUI.mlua:261 | RootDesk/MyDesk/Skill/SkillUpgradeUI.mlua:265 | RootDesk/MyDesk/Skill/SkillUpgradeUI.mlua:269,쿨타임 8% 감소,Cooldown -8%,冷卻時間減少 8%,クールタイム 8%減少
MLUA_SKILLUPGRADEUI_040,스턴 시간 +1초,RootDesk/MyDesk/Skill/SkillUpgradeUI.mlua:254,스턴 시간 +1초,Stun time +1s,暈眩時間 +1秒,スタン時間 +1秒
MLUA_SKILLUPGRADEUI_041,대미지 15% 증가,RootDesk/MyDesk/Skill/SkillUpgradeUI.mlua:256 | RootDesk/MyDesk/Skill/SkillUpgradeUI.mlua:260 | RootDesk/MyDesk/Skill/SkillUpgradeUI.mlua:264 | RootDesk/MyDesk/Skill/SkillUpgradeUI.mlua:268 | RootDesk/MyDesk/Skill/SkillUpgradeUI.mlua:272,대미지 15% 증가,Damage +15%,傷害增加 15%,ダメージ 15%増加
MLUA_SKILLUPGRADEUI_042,추가 타격 +2,RootDesk/MyDesk/Skill/SkillUpgradeUI.mlua:262 | RootDesk/MyDesk/Skill/SkillUpgradeUI.mlua:266,추가 타격 +2,Extra hits +2,追加攻擊 +2,追加打撃 +2
MLUA_SKILLUPGRADEUI_043,크리티컬 확률 +8%,RootDesk/MyDesk/Skill/SkillUpgradeUI.mlua:270 | RootDesk/MyDesk/Skill/SkillUpgradeUI.mlua:274 | RootDesk/MyDesk/Skill/SkillUpgradeUI.mlua:278 | RootDesk/MyDesk/Skill/SkillUpgradeUI.mlua:395 | RootDesk/MyDesk/Skill/SkillUpgradeUI.mlua:396,크리티컬 확률 +8%,Critical Rate +8%,爆擊率 +8%,クリティカル率 +8%
MLUA_SKILLUPGRADEUI_044,쿨타임 2% 감소,RootDesk/MyDesk/Skill/SkillUpgradeUI.mlua:280 | RootDesk/MyDesk/Skill/SkillUpgradeUI.mlua:402 | RootDesk/MyDesk/Skill/SkillUpgradeUI.mlua:423,쿨타임 2% 감소,Cooldown -2%,冷卻時間減少 2%,クールタイム 2%減少
MLUA_SKILLUPGRADEUI_045,쿨타임 4% 감소,RootDesk/MyDesk/Skill/SkillUpgradeUI.mlua:281 | RootDesk/MyDesk/Skill/SkillUpgradeUI.mlua:402 | RootDesk/MyDesk/Skill/SkillUpgradeUI.mlua:423,쿨타임 4% 감소,Cooldown -4%,冷卻時間減少 4%,クールタイム 4%減少
MLUA_SKILLUPGRADEUI_046,쿨타임 6% 감소,RootDesk/MyDesk/Skill/SkillUpgradeUI.mlua:282 | RootDesk/MyDesk/Skill/SkillUpgradeUI.mlua:402 | RootDesk/MyDesk/Skill/SkillUpgradeUI.mlua:423,쿨타임 6% 감소,Cooldown -6%,冷卻時間減少 6%,クールタイム 6%減少
MLUA_SKILLUPGRADEUI_047,크리티컬 대미지 +3%,RootDesk/MyDesk/Skill/SkillUpgradeUI.mlua:288 | RootDesk/MyDesk/Skill/SkillUpgradeUI.mlua:404 | RootDesk/MyDesk/Skill/SkillUpgradeUI.mlua:425,크리티컬 대미지 +3%,Critical Damage +3%,爆擊傷害 +3%,クリティカルダメージ +3%
MLUA_SKILLUPGRADEUI_048,크리티컬 대미지 +6%,RootDesk/MyDesk/Skill/SkillUpgradeUI.mlua:289 | RootDesk/MyDesk/Skill/SkillUpgradeUI.mlua:404 | RootDesk/MyDesk/Skill/SkillUpgradeUI.mlua:425,크리티컬 대미지 +6%,Critical Damage +6%,爆擊傷害 +6%,クリティカルダメージ +6%
MLUA_SKILLUPGRADEUI_049,크리티컬 대미지 +9%,RootDesk/MyDesk/Skill/SkillUpgradeUI.mlua:290 | RootDesk/MyDesk/Skill/SkillUpgradeUI.mlua:404 | RootDesk/MyDesk/Skill/SkillUpgradeUI.mlua:425,크리티컬 대미지 +9%,Critical Damage +9%,爆擊傷害 +9%,クリティカルダメージ +9%
MLUA_SKILLUPGRADEUI_050,추가 공격 확률 +3%,RootDesk/MyDesk/Skill/SkillUpgradeUI.mlua:292 | RootDesk/MyDesk/Skill/SkillUpgradeUI.mlua:426,추가 공격 확률 +3%,Extra Attack chance +3%,追加攻擊機率 +3%,追加攻撃確率 +3%
MLUA_SKILLUPGRADEUI_051,추가 공격 확률 +6%,RootDesk/MyDesk/Skill/SkillUpgradeUI.mlua:293 | RootDesk/MyDesk/Skill/SkillUpgradeUI.mlua:426,추가 공격 확률 +6%,Extra Attack chance +6%,追加攻擊機率 +6%,追加攻撃確率 +6%
MLUA_SKILLUPGRADEUI_052,추가 공격 확률 +9%,RootDesk/MyDesk/Skill/SkillUpgradeUI.mlua:294 | RootDesk/MyDesk/Skill/SkillUpgradeUI.mlua:426,추가 공격 확률 +9%,Extra Attack chance +9%,追加攻擊機率 +9%,追加攻撃確率 +9%
MLUA_SKILLUPGRADEUI_053,피해량 2% 증가,RootDesk/MyDesk/Skill/SkillUpgradeUI.mlua:296 | RootDesk/MyDesk/Skill/SkillUpgradeUI.mlua:378 | RootDesk/MyDesk/Skill/SkillUpgradeUI.mlua:406 | RootDesk/MyDesk/Skill/SkillUpgradeUI.mlua:427,피해량 2% 증가,Damage +2%,傷害增加 2%,与ダメージ 2%増加
MLUA_SKILLUPGRADEUI_054,피해량 4% 증가,RootDesk/MyDesk/Skill/SkillUpgradeUI.mlua:297 | RootDesk/MyDesk/Skill/SkillUpgradeUI.mlua:379 | RootDesk/MyDesk/Skill/SkillUpgradeUI.mlua:406 | RootDesk/MyDesk/Skill/SkillUpgradeUI.mlua:427,피해량 4% 증가,Damage +4%,傷害增加 4%,与ダメージ 4%増加
MLUA_SKILLUPGRADEUI_055,피해량 6% 증가,RootDesk/MyDesk/Skill/SkillUpgradeUI.mlua:298 | RootDesk/MyDesk/Skill/SkillUpgradeUI.mlua:380 | RootDesk/MyDesk/Skill/SkillUpgradeUI.mlua:406 | RootDesk/MyDesk/Skill/SkillUpgradeUI.mlua:427,피해량 6% 증가,Damage +6%,傷害增加 6%,与ダメージ 6%増加
MLUA_SKILLUPGRADEUI_056,추가 콤보 발동 확률 +50%,RootDesk/MyDesk/Skill/SkillUpgradeUI.mlua:304 | RootDesk/MyDesk/Skill/SkillUpgradeUI.mlua:308 | RootDesk/MyDesk/Skill/SkillUpgradeUI.mlua:312 | RootDesk/MyDesk/Skill/SkillUpgradeUI.mlua:320 | RootDesk/MyDesk/Skill/SkillUpgradeUI.mlua:328,추가 콤보 발동 확률 +50%,Extra combo trigger chance +50%,追加連擊發動機率 +50%,追加コンボ発動確率 +50%
MLUA_SKILLUPGRADEUI_057,충돌 대미지 20% 증가,RootDesk/MyDesk/Skill/SkillUpgradeUI.mlua:316,충돌 대미지 20% 증가,Collision Damage +20%,碰撞傷害增加 20%,衝突ダメージ 20%増加
MLUA_SKILLUPGRADEUI_058,강화 타격 확률 +10%,RootDesk/MyDesk/Skill/SkillUpgradeUI.mlua:324 | RootDesk/MyDesk/Skill/SkillUpgradeUI.mlua:360,강화 타격 확률 +10%,Enhanced hit chance +10%,強化打擊機率 +10%,強化打撃確率 +10%
MLUA_SKILLUPGRADEUI_059,소환수 대미지 10% 증가,RootDesk/MyDesk/Skill/SkillUpgradeUI.mlua:332,소환수 대미지 10% 증가,Summon Damage +10%,召喚獸傷害增加 10%,召喚獣ダメージ 10%増加
MLUA_SKILLUPGRADEUI_060,스턴 지속시간 +1초,RootDesk/MyDesk/Skill/SkillUpgradeUI.mlua:336,스턴 지속시간 +1초,Stun duration +1s,暈眩持續時間 +1秒,スタン持続時間 +1秒
MLUA_SKILLUPGRADEUI_061,2타 대미지 +10%,RootDesk/MyDesk/Skill/SkillUpgradeUI.mlua:340,2타 대미지 +10%,2nd hit Damage +10%,第2擊傷害 +10%,2撃目ダメージ +10%
MLUA_SKILLUPGRADEUI_062,충돌·착지 대미지 15% 증가,RootDesk/MyDesk/Skill/SkillUpgradeUI.mlua:344,충돌·착지 대미지 15% 증가,Collision/Landing Damage +15%,碰撞·落地傷害增加 15%,衝突・着地ダメージ 15%増加
MLUA_SKILLUPGRADEUI_063,콤보 폭발 대미지 15% 증가,RootDesk/MyDesk/Skill/SkillUpgradeUI.mlua:348,콤보 폭발 대미지 15% 증가,Combo Explosion Damage +15%,連擊爆炸傷害增加 15%,コンボ爆発ダメージ 15%増加
MLUA_SKILLUPGRADEUI_064,검기 대미지 15% 증가,RootDesk/MyDesk/Skill/SkillUpgradeUI.mlua:352,검기 대미지 15% 증가,Sword Wave Damage +15%,劍氣傷害增加 15%,剣気ダメージ 15%増加
MLUA_SKILLUPGRADEUI_065,소환수 대미지 15% 증가,RootDesk/MyDesk/Skill/SkillUpgradeUI.mlua:356,소환수 대미지 15% 증가,Summon Damage +15%,召喚獸傷害增加 15%,召喚獣ダメージ 15%増加
MLUA_SKILLUPGRADEUI_066,콤보 발동 확률 +3%,RootDesk/MyDesk/Skill/SkillUpgradeUI.mlua:362,콤보 발동 확률 +3%,Combo trigger chance +3%,連擊發動機率 +3%,コンボ発動確率 +3%
MLUA_SKILLUPGRADEUI_067,콤보 발동 확률 +6%,RootDesk/MyDesk/Skill/SkillUpgradeUI.mlua:363,콤보 발동 확률 +6%,Combo trigger chance +6%,連擊發動機率 +6%,コンボ発動確率 +6%
MLUA_SKILLUPGRADEUI_068,콤보 발동 확률 +9%,RootDesk/MyDesk/Skill/SkillUpgradeUI.mlua:364,콤보 발동 확률 +9%,Combo trigger chance +9%,連擊發動機率 +9%,コンボ発動確率 +9%
MLUA_SKILLUPGRADEUI_069,콤보 폭발 대미지 +5%,RootDesk/MyDesk/Skill/SkillUpgradeUI.mlua:370,콤보 폭발 대미지 +5%,Combo Explosion Damage +5%,連擊爆炸傷害 +5%,コンボ爆発ダメージ +5%
MLUA_SKILLUPGRADEUI_070,콤보 폭발 대미지 +10%,RootDesk/MyDesk/Skill/SkillUpgradeUI.mlua:371,콤보 폭발 대미지 +10%,Combo Explosion Damage +10%,連擊爆炸傷害 +10%,コンボ爆発ダメージ +10%
MLUA_SKILLUPGRADEUI_071,콤보 폭발 대미지 +15%,RootDesk/MyDesk/Skill/SkillUpgradeUI.mlua:372,콤보 폭발 대미지 +15%,Combo Explosion Damage +15%,連擊爆炸傷害 +15%,コンボ爆発ダメージ +15%
MLUA_SKILLUPGRADEUI_072,지속시간 +1초,RootDesk/MyDesk/Skill/SkillUpgradeUI.mlua:393 | RootDesk/MyDesk/Skill/SkillUpgradeUI.mlua:420,지속시간 +1초,Duration +1s,持續時間 +1秒,持続時間 +1秒
MLUA_SKILLUPGRADEUI_073,대미지 5% 증가,RootDesk/MyDesk/Skill/SkillUpgradeUI.mlua:394 | RootDesk/MyDesk/Skill/SkillUpgradeUI.mlua:413,대미지 5% 증가,Damage +5%,傷害增加 5%,ダメージ 5%増加
MLUA_SKILLUPGRADEUI_074,지속시간 +2초,RootDesk/MyDesk/Skill/SkillUpgradeUI.mlua:400,지속시간 +2초,Duration +2s,持續時間 +2秒,持続時間 +2秒
MLUA_SKILLUPGRADEUI_075,크리티컬 확률 +9%,RootDesk/MyDesk/Skill/SkillUpgradeUI.mlua:403 | RootDesk/MyDesk/Skill/SkillUpgradeUI.mlua:424,크리티컬 확률 +9%,Critical Rate +9%,爆擊率 +9%,クリティカル率 +9%
MLUA_SKILLUPGRADEUI_076,회피 확률 +4%,RootDesk/MyDesk/Skill/SkillUpgradeUI.mlua:405 | RootDesk/MyDesk/Skill/SkillUpgradeUI.mlua:428,회피 확률 +4%,Evasion chance +4%,迴避機率 +4%,回避確率 +4%
MLUA_SKILLUPGRADEUI_077,회피 확률 +6%,RootDesk/MyDesk/Skill/SkillUpgradeUI.mlua:405 | RootDesk/MyDesk/Skill/SkillUpgradeUI.mlua:428,회피 확률 +6%,Evasion chance +6%,迴避機率 +6%,回避確率 +6%
MLUA_SKILLINVENTORY_001,포션,RootDesk/MyDesk/SkillInventory.mlua:42,포션,Potion,藥水,ポーション
MLUA_SKILLINVENTORY_002,에로우 일루전,RootDesk/MyDesk/SkillInventory.mlua:72 | /ui/TitleGroup/SkillPanel/ScrollArea/List/SkillSlot_28/Name,에로우 일루전,Arrow Illusion,幻影箭,アローイリュージョン
MLUA_DAMAGESKINLOGIC_001,기본,RootDesk/MyDesk/UI/DamageSkinLogic.mlua:40,기본,Basic,基本,ベーシック
MLUA_DAMAGESKINLOGIC_002,젤리빈,RootDesk/MyDesk/UI/DamageSkinLogic.mlua:42,젤리빈,Jelly Bean,雷根糖,ジェリービーン
MLUA_DAMAGESKINLOGIC_003,고스트,RootDesk/MyDesk/UI/DamageSkinLogic.mlua:44,고스트,Ghost,幽靈,ゴースト
MLUA_DAMAGESKINLOGIC_004,스타플래닛,RootDesk/MyDesk/UI/DamageSkinLogic.mlua:46,스타플래닛,Star Planet,星球,スタープラネット
MLUA_DAMAGESKINLOGIC_005,블랙로즈,RootDesk/MyDesk/UI/DamageSkinLogic.mlua:48,블랙로즈,Black Rose,黑玫瑰,ブラックローズ
MLUA_DAMAGESKINLOGIC_006,전설의 Ver.2,RootDesk/MyDesk/UI/DamageSkinLogic.mlua:50,전설의 Ver.2,Legendary Ver.2,傳說 Ver.2,伝説 Ver.2
MLUA_DAMAGESKINLOGIC_007,보안관,RootDesk/MyDesk/UI/DamageSkinLogic.mlua:52,보안관,Sheriff,警長,保安官
MLUA_DIASHOPUI_001,상품 준비 중입니다,RootDesk/MyDesk/UI/DiaShopUI.mlua:249 | RootDesk/MyDesk/UI/ShopUI.mlua:332,상품 준비 중입니다,Products coming soon,商品準備中,商品準備中です
MLUA_DPSMETERUI_001,DPS 접기,RootDesk/MyDesk/UI/DpsMeterUI.mlua:35 | /ui/DefaultGroup/DpsMeter/Toggle,DPS 접기,Hide DPS,收起DPS,DPSを閉じる
MLUA_DPSMETERUI_002,DPS 보기,RootDesk/MyDesk/UI/DpsMeterUI.mlua:36,DPS 보기,Show DPS,顯示DPS,DPSを表示
MLUA_GAMEOVERUI_001,점,RootDesk/MyDesk/UI/GameOverUI.mlua:125,점,pts,,
MLUA_GAMEOVERUI_002,이어하기,RootDesk/MyDesk/UI/GameOverUI.mlua:159 | /ui/GameOverGroup/GameOverBack/GameOverPanel/BtnContinue/Label,이어하기,Continue,繼續,コンティニュー
MLUA_RANKUI_001,기록 없음,RootDesk/MyDesk/UI/RankUI.mlua:229,기록 없음,No record,沒有紀錄,記録なし
MLUA_RANKUI_002,위 밖,RootDesk/MyDesk/UI/RankUI.mlua:245,위 밖,,,
MLUA_RANKUI_003,집계 중,RootDesk/MyDesk/UI/RankUI.mlua:247,집계 중,Tallying,統計中,集計中
MLUA_RANKUI_004,모험가,RootDesk/MyDesk/UI/RankUI.mlua:287,모험가,Adventurer,冒險家,冒険者
MLUA_RELICUI_001,미보유,RootDesk/MyDesk/UI/RelicUI.mlua:140,미보유,Not Owned,未持有,未所持
MLUA_RUNSTARTCONFIRMUI_001,인벤토리가 가득 찼어요!,RootDesk/MyDesk/UI/RunStartConfirmUI.mlua:79,인벤토리가 가득 찼어요!,,,
MLUA_RUNSTARTCONFIRMUI_002,"자리가 없는 아이템은 사라져요.
그래도 시작할까요?",RootDesk/MyDesk/UI/RunStartConfirmUI.mlua:80 | /ui/RunStartConfirmGroup/Panel/SubMessage,"자리가 없는 아이템은 사라져요.
그래도 시작할까요?","Items without space will be lost.
Start anyway?","沒有空位的道具將會消失。
仍要開始嗎？","空きのないアイテムは消えます。
それでも開始しますか？"
MLUA_SHADOWSHOPUI_001,엘릭서 포션,RootDesk/MyDesk/UI/ShadowShopUI.mlua:39 | /ui/ShadowShopGroup/Panel/List/Item1/NameText,엘릭서 포션,Elixir Potion,萬能藥水,エリクサー
MLUA_SHADOWSHOPUI_002,스킬 레벨이 최대치입니다!,RootDesk/MyDesk/UI/ShadowShopUI.mlua:54,스킬 레벨이 최대치입니다!,Skill level is already at max!,技能等級已達上限！,スキルレベルが最大です！
MLUA_SHADOWSHOPUI_003,매진,RootDesk/MyDesk/UI/ShadowShopUI.mlua:310 | RootDesk/MyDesk/UI/ShadowShopUI.mlua:331,매진,Sold Out,售罄,売り切れ
MLUA_SHADOWSHOPUI_004,구매 완료!,RootDesk/MyDesk/UI/ShadowShopUI.mlua:786 | /ui/ShadowShopGroup/Panel/PurchaseToastText,구매 완료!,Purchase complete!,購買完成！,購入完了！
MLUA_SHOPPURCHASELOGIC_001,스타터 패키지,RootDesk/MyDesk/UI/ShopPurchaseLogic.mlua:30 | /ui/GameOverGroup/DiaShop/Panel/ScrollArea/List/ProductCard_0/NameText | /ui/TitleGroup/ShopPanel/ScrollArea/List/ProductCard_0/NameText,스타터 패키지,Starter Package,新手禮包,スターターパック
MLUA_SHOPPURCHASELOGIC_002,"다이아 500
구미호 대미지 스킨",RootDesk/MyDesk/UI/ShopPurchaseLogic.mlua:30,"다이아 500
구미호 대미지 스킨","500 Diamonds
Nine-Tailed Fox Damage Skin","鑽石 500
九尾狐傷害字型","ダイヤ 500
九尾狐ダメージスキン"
MLUA_SHOPPURCHASELOGIC_003,160 코인,RootDesk/MyDesk/UI/ShopPurchaseLogic.mlua:30,160 코인,160 Coins,160 硬幣,160 コイン
MLUA_SHOPPURCHASELOGIC_004,1회 한정,RootDesk/MyDesk/UI/ShopPurchaseLogic.mlua:30 | /ui/GameOverGroup/DiaShop/Panel/ScrollArea/List/ProductCard_0/BonusBadge/BadgeText | /ui/TitleGroup/ShopPanel/ScrollArea/List/ProductCard_0/BonusBadge/BadgeText,1회 한정,Limit 1,限購1次,1回限定
MLUA_SHOPPURCHASELOGIC_005,다이아 300,RootDesk/MyDesk/UI/ShopPurchaseLogic.mlua:31 | /ui/GameOverGroup/DiaShop/Panel/ScrollArea/List/ProductCard_1/NameText | /ui/TitleGroup/ShopPanel/ScrollArea/List/ProductCard_1/NameText,다이아 300,300 Diamonds,鑽石 300,ダイヤ 300
MLUA_SHOPPURCHASELOGIC_006,440 코인,RootDesk/MyDesk/UI/ShopPurchaseLogic.mlua:31,440 코인,440 Coins,440 硬幣,440 コイン
MLUA_SHOPPURCHASELOGIC_007,다이아 600,RootDesk/MyDesk/UI/ShopPurchaseLogic.mlua:32 | /ui/GameOverGroup/DiaShop/Panel/ScrollArea/List/ProductCard_2/NameText | /ui/TitleGroup/ShopPanel/ScrollArea/List/ProductCard_2/NameText,다이아 600,600 Diamonds,鑽石 600,ダイヤ 600
MLUA_SHOPPURCHASELOGIC_008,880 코인,RootDesk/MyDesk/UI/ShopPurchaseLogic.mlua:32,880 코인,880 Coins,880 硬幣,880 コイン
MLUA_SHOPPURCHASELOGIC_009,"다이아 1,300",RootDesk/MyDesk/UI/ShopPurchaseLogic.mlua:33 | /ui/GameOverGroup/DiaShop/Panel/ScrollArea/List/ProductCard_3/NameText | /ui/TitleGroup/ShopPanel/ScrollArea/List/ProductCard_3/NameText,"다이아 1,300","1,300 Diamonds","鑽石 1,300","ダイヤ 1,300"
MLUA_SHOPPURCHASELOGIC_010,보너스 100 포함,RootDesk/MyDesk/UI/ShopPurchaseLogic.mlua:33 | /ui/GameOverGroup/DiaShop/Panel/ScrollArea/List/ProductCard_3/DescText | /ui/TitleGroup/ShopPanel/ScrollArea/List/ProductCard_3/DescText,보너스 100 포함,Includes 100 Bonus,含贈送 100,ボーナス100含む
MLUA_SHOPPURCHASELOGIC_011,"1,760 코인",RootDesk/MyDesk/UI/ShopPurchaseLogic.mlua:33,"1,760 코인","1,760 Coins","1,760 硬幣","1,760 コイン"
MLUA_SHOPPURCHASELOGIC_012,"다이아 2,800",RootDesk/MyDesk/UI/ShopPurchaseLogic.mlua:34 | /ui/GameOverGroup/DiaShop/Panel/ScrollArea/List/ProductCard_4/NameText | /ui/TitleGroup/ShopPanel/ScrollArea/List/ProductCard_4/NameText,"다이아 2,800","2,800 Diamonds","鑽石 2,800","ダイヤ 2,800"
MLUA_SHOPPURCHASELOGIC_013,보너스 300 포함,RootDesk/MyDesk/UI/ShopPurchaseLogic.mlua:34 | /ui/GameOverGroup/DiaShop/Panel/ScrollArea/List/ProductCard_4/DescText | /ui/TitleGroup/ShopPanel/ScrollArea/List/ProductCard_4/DescText,보너스 300 포함,Includes 300 Bonus,含贈送 300,ボーナス300含む
MLUA_SHOPPURCHASELOGIC_014,"3,480 코인",RootDesk/MyDesk/UI/ShopPurchaseLogic.mlua:34,"3,480 코인","3,480 Coins","3,480 硬幣","3,480 コイン"
MLUA_SHOPPURCHASELOGIC_015,"다이아 6,500",RootDesk/MyDesk/UI/ShopPurchaseLogic.mlua:35 | /ui/GameOverGroup/DiaShop/Panel/ScrollArea/List/ProductCard_5/NameText | /ui/GameOverGroup/DiaShop/Panel/ScrollArea/List/ProductCard_6/NameText | /ui/TitleGroup/ShopPanel/ScrollArea/List/ProductCard_5/NameText | /ui/TitleGroup/ShopPanel/ScrollArea/List/ProductCard_6/NameText,"다이아 6,500","6,500 Diamonds","鑽石 6,500","ダイヤ 6,500"
MLUA_SHOPPURCHASELOGIC_016,"보너스 1,100 포함",RootDesk/MyDesk/UI/ShopPurchaseLogic.mlua:35 | /ui/GameOverGroup/DiaShop/Panel/ScrollArea/List/ProductCard_5/DescText | /ui/GameOverGroup/DiaShop/Panel/ScrollArea/List/ProductCard_6/DescText | /ui/TitleGroup/ShopPanel/ScrollArea/List/ProductCard_5/DescText | /ui/TitleGroup/ShopPanel/ScrollArea/List/ProductCard_6/DescText,"보너스 1,100 포함","Includes 1,100 Bonus","含贈送 1,100","ボーナス1,100含む"
MLUA_SHOPPURCHASELOGIC_017,"7,880 코인",RootDesk/MyDesk/UI/ShopPurchaseLogic.mlua:35,"7,880 코인","7,880 Coins","7,880 硬幣","7,880 コイン"
MLUA_SHOPPURCHASELOGIC_018,"다이아 8,500",RootDesk/MyDesk/UI/ShopPurchaseLogic.mlua:39,"다이아 8,500","8,500 Diamonds","鑽石 8,500","ダイヤ 8,500"
MLUA_SHOPPURCHASELOGIC_019,"보너스 1,700 포함",RootDesk/MyDesk/UI/ShopPurchaseLogic.mlua:39,"보너스 1,700 포함","Includes 1,700 Bonus","含贈送 1,700","ボーナス1,700含む"
MLUA_SHOPPURCHASELOGIC_020,"10,000 코인",RootDesk/MyDesk/UI/ShopPurchaseLogic.mlua:39,"10,000 코인","10,000 Coins","10,000 硬幣","10,000 コイン"
MLUA_SHOPUI_001,장착중,RootDesk/MyDesk/UI/ShopUI.mlua:127 | RootDesk/MyDesk/UIItemSlot.mlua:301,장착중,Equipped,使用中,装着中
MLUA_SHOPUI_002,장착하기,RootDesk/MyDesk/UI/ShopUI.mlua:130,장착하기,Equip,使用,装着する
MLUA_SHOPUI_003,스타터팩 전용,RootDesk/MyDesk/UI/ShopUI.mlua:132,스타터팩 전용,Starter Pack only,新手禮包限定,スターターパック専用
MLUA_SHOPUI_004,스타터 패키지에서만 얻을 수 있어요,RootDesk/MyDesk/UI/ShopUI.mlua:166,스타터 패키지에서만 얻을 수 있어요,Only available from the Starter Package,只能從新手禮包獲得,スターターパッケージでのみ入手できます
MLUA_SHOPUI_005,이미 구매한 상품입니다,RootDesk/MyDesk/UI/ShopUI.mlua:341,이미 구매한 상품입니다,Already purchased,已購買的商品,すでに購入した商品です
MLUA_TUTORIALGUIDEUI_001,"다가오는 몬스터를 처치하세요!
몬스터를 터치하면 해당 몬스터를 우선 공격합니다.",RootDesk/MyDesk/UI/TutorialGuideUI.mlua:33,"다가오는 몬스터를 처치하세요!
몬스터를 터치하면 해당 몬스터를 우선 공격합니다.","Defeat the approaching monsters!
Touch a monster to attack it first.","擊敗逼近的怪物！
觸碰怪物即可優先攻擊該怪物。","迫ってくるモンスターを倒しましょう！
モンスターをタッチすると、そのモンスターを優先して攻撃します。"
MLUA_TUTORIALGUIDEUI_002,몬스터를 잡아서 레벨을 올려보세요!,RootDesk/MyDesk/UI/TutorialGuideUI.mlua:69,몬스터를 잡아서 레벨을 올려보세요!,Defeat monsters to level up!,擊敗怪物來提升等級吧！,モンスターを倒してレベルを上げましょう！
MLUA_TUTORIALGUIDEUI_003,카드를 눌러 스킬을 배워보세요!,RootDesk/MyDesk/UI/TutorialGuideUI.mlua:71,카드를 눌러 스킬을 배워보세요!,Tap a card to learn a skill!,點擊卡片來學習技能吧！,カードを押してスキルを覚えましょう！
MLUA_TUTORIALGUIDEUI_004,"레벨업하며 다양한 스킬을 조합하고 몰려오는 몬스터를 물리치세요!
맵 곳곳에 숨겨진 이스터에그도 놓치지 마세요!",RootDesk/MyDesk/UI/TutorialGuideUI.mlua:75,"레벨업하며 다양한 스킬을 조합하고 몰려오는 몬스터를 물리치세요!
맵 곳곳에 숨겨진 이스터에그도 놓치지 마세요!","Level up, combine different skills, and fight off the swarming monsters!
Don't miss the Easter Eggs hidden all over the map!","一邊升級一邊組合各種技能，擊退蜂擁而至的怪物吧！
也別錯過藏在地圖各處的彩蛋！","レベルアップしながら様々なスキルを組み合わせ、押し寄せるモンスターを撃退しましょう！
マップのあちこちに隠されたイースターエッグもお見逃しなく！"
MLUA_TUTORIALGUIDEUI_005,맵 곳곳에 숨겨진 다양한 이스터에그를 찾아보세요!,RootDesk/MyDesk/UI/TutorialGuideUI.mlua:81,맵 곳곳에 숨겨진 다양한 이스터에그를 찾아보세요!,Find the many Easter Eggs hidden all over the map!,尋找藏在地圖各處的各種彩蛋吧！,マップのあちこちに隠された様々なイースターエッグを探してみましょう！
MLUA_WORLDCHARACTERSELECTUI_001,아르카나,RootDesk/MyDesk/UI/WorldCharacterSelectUI.mlua:88 | /ui/TitleGroup/SkillPanel/CharacterFilterList/btnCharArcana,아르카나,Arcana,阿爾卡納,アルカナ
MLUA_WORLDCHARACTERSELECTUI_002,번개와 얼음을 자유자재로 다루는 살짝 어벙한 마법사,RootDesk/MyDesk/UI/WorldCharacterSelectUI.mlua:88,번개와 얼음을 자유자재로 다루는 살짝 어벙한 마법사,A slightly clumsy mage who wields lightning and ice at will,能自由操控雷電與冰霜、有點迷糊的魔法師,雷と氷を自在に操る、ちょっと抜けた魔法使い
MLUA_WORLDCHARACTERSELECTUI_003,장비 250개를 획득하세요!,RootDesk/MyDesk/UI/WorldCharacterSelectUI.mlua:98 | RootDesk/MyDesk/UI/WorldCharacterSelectUI.mlua:319,장비 250개를 획득하세요!,Obtain 250 pieces of equipment!,請獲得250件裝備！,装備を250個獲得しましょう！
MLUA_WORLDCHARACTERSELECTUI_004,"아무 몬스터 100,000마리를 처치하세요!",RootDesk/MyDesk/UI/WorldCharacterSelectUI.mlua:102 | RootDesk/MyDesk/UI/WorldCharacterSelectUI.mlua:333,"아무 몬스터 100,000마리를 처치하세요!","Defeat 100,000 monsters of any kind!","請擊敗任意怪物100,000隻！","どんなモンスターでもいいので100,000体倒しましょう！"
MLUA_WORLDCHARACTERSELECTUI_005,"%
체력",RootDesk/MyDesk/UI/WorldCharacterSelectUI.mlua:206,"%
체력",,,
MLUA_WORLDCHARACTERSELECTUI_006,폭풍을 머금은 화살로 전장을 휩쓰는 궁수,RootDesk/MyDesk/UI/WorldCharacterSelectUI.mlua:284,폭풍을 머금은 화살로 전장을 휩쓰는 궁수,An archer who sweeps the battlefield with storm-charged arrows,以蘊含暴風的箭矢橫掃戰場的弓箭手,嵐をはらんだ矢で戦場を席巻する弓使い
MLUA_WORLDCHARACTERSELECTUI_007,태초의 마을에 숨겨진 봉인을 찾아 해제하세요!,RootDesk/MyDesk/UI/WorldCharacterSelectUI.mlua:288,태초의 마을에 숨겨진 봉인을 찾아 해제하세요!,Find and break the seal hidden in the Village of Beginnings!,找出並解除隱藏在起源之村的封印！,はじまりの村に隠された封印を見つけて解除しましょう！
MLUA_WORLDCHARACTERSELECTUI_008,강인한 육체와 엄청난 힘으로 적을 압도하는 전사,RootDesk/MyDesk/UI/WorldCharacterSelectUI.mlua:300,강인한 육체와 엄청난 힘으로 적을 압도하는 전사,A warrior who overwhelms enemies with a tough body and tremendous strength,以強健的體魄與驚人的力量壓制敵人的戰士,強靭な肉体と凄まじい力で敵を圧倒する戦士
MLUA_WORLDCHARACTERSELECTUI_009,구름정원 콜로세움에서 1위를 차지하세요!,RootDesk/MyDesk/UI/WorldCharacterSelectUI.mlua:304,구름정원 콜로세움에서 1위를 차지하세요!,Take 1st place in the Cloud Garden Colosseum!,在雲之庭園競技場奪得第一名！,雲の庭園のコロシアムで1位を獲得しましょう！
MLUA_WORLDCHARACTERSELECTUI_010,준비 중인 캐릭터입니다.,RootDesk/MyDesk/UI/WorldCharacterSelectUI.mlua:378,준비 중인 캐릭터입니다.,This character is coming soon.,準備中的角色。,準備中のキャラクターです。
MLUA_WORLDCHARACTERSELECTUI_011,"장비
(",RootDesk/MyDesk/UI/WorldCharacterSelectUI.mlua:382,"장비
(",,,
MLUA_WORLDCHARACTERSELECTUI_012,"몬스터 처치
(",RootDesk/MyDesk/UI/WorldCharacterSelectUI.mlua:384,"몬스터 처치
(",,,
MLUA_UIEQUIPPEDGEARPANEL_001,UIEquippedGearPanel: comingSoonText 바인딩 없음,[LOG] RootDesk/MyDesk/UIEquippedGearPanel.mlua:83,UIEquippedGearPanel: comingSoonText 바인딩 없음,,,
MLUA_UIEQUIPPEDGEARPANEL_002,UIEquippedGearPanel: 하의 칸(잠김) 클릭 -> Coming Soon 표시,[LOG] RootDesk/MyDesk/UIEquippedGearPanel.mlua:111,UIEquippedGearPanel: 하의 칸(잠김) 클릭 -> Coming Soon 표시,,,
MLUA_UIEQUIPPEDGEARPANEL_003,캐시 아이템,RootDesk/MyDesk/UIEquippedGearPanel.mlua:209 | /ui/EquipmentGroup/Inventory/Panel/EquipPanel/PlayerInfo/AvatarViewToggle/Label,캐시 아이템,Cash Items,現金道具,キャッシュ
MLUA_UIEQUIPPEDGEARPANEL_004,장비 보기,RootDesk/MyDesk/UIEquippedGearPanel.mlua:211,장비 보기,View Gear,查看裝備,装備を見る
MLUA_ZONE21ALIENEASTEREGGLOGIC_001,외계인의 습격이 일어납니다!,RootDesk/MyDesk/Zone21AlienEasterEggLogic.mlua:48,외계인의 습격이 일어납니다!,An alien invasion is underway!,外星人來襲了！,宇宙人の襲撃が起こります！
UI_ACHIEVEMENTGROUP_001,모두 받기,/ui/AchievementGroup/Panel/BtnClaimAll,모두 받기,Claim All,全部領取,すべて受け取る
UI_ACHIEVEMENTGROUP_002,업적 달성 0 / 50,/ui/AchievementGroup/Panel/CountText,업적 달성 0 / 50,Achievements 0 / 50,成就達成 0 / 50,実績達成 0 / 50
UI_ACHIEVEMENTGROUP_003,업적 조건,/ui/AchievementGroup/Panel/List/Grid/RowTemplate/DescText,업적 조건,Achievement Condition,成就條件,実績条件
UI_ACHIEVEMENTGROUP_004,업적 이름,/ui/AchievementGroup/Panel/List/Grid/RowTemplate/NameText,업적 이름,Achievement Name,成就名稱,実績名
UI_CHARACTERUNLOCKGROUP_001,획득,/ui/CharacterUnlockGroup/Panel/BtnAcquire,획득,Obtain,獲得,獲得
UI_DEFAULTGROUP_001,보너스 스테이지,/ui/DefaultGroup/BonusBossBoard/Inner/Label | /ui/DefaultGroup/Map10BonusBossBoard/Inner/Label,보너스 스테이지,Bonus Stage,獎勵關卡,ボーナスステージ
UI_DEFAULTGROUP_002,쿨타임 : 0s,/ui/DefaultGroup/CardTooltip/TooltipCd,쿨타임 : 0s,Cooldown: 0s,冷卻時間：0秒,クールタイム：0秒
UI_DEFAULTGROUP_003,데미지 : 0,/ui/DefaultGroup/CardTooltip/TooltipDmg,데미지 : 0,Damage: 0,傷害：0,ダメージ：0
UI_DEFAULTGROUP_004,카드 이름,/ui/DefaultGroup/CardTooltip/TooltipName,카드 이름,Card Name,卡片名稱,カード名
UI_DEFAULTGROUP_005,총 대미지,/ui/DefaultGroup/DpsMeter/Board/Footer/Label,총 대미지,Total Damage,總傷害,総ダメージ
UI_DEFAULTGROUP_006,히든맵 탈출까지,/ui/DefaultGroup/Ep3Map4Ester1Board/Inner/Label,히든맵 탈출까지,Until Hidden Map Escape,距離隱藏地圖脫出,隠しマップ脱出まで
UI_DEFAULTGROUP_007,경험치 2배!,/ui/DefaultGroup/ExpBoostBoard/Inner/Label,경험치 2배!,2x EXP!,經驗值2倍！,経験値2倍！
UI_DEFAULTGROUP_008,남은 시간,/ui/DefaultGroup/TimeAttackBoard/Inner/Label,남은 시간,Time Left,剩餘時間,残り時間
UI_EPISODEREWARDGROUP_001,에피소드 보상,/ui/EpisodeRewardGroup/Panel/Title,에피소드 보상,Episode Rewards,章節獎勵,エピソード報酬
UI_EPISODEREWARDGROUP_002,"EP1 
5분 생존!",/ui/EpisodeRewardGroup/Panel/Viewport/Strip/Card1/Label,"EP1 
5분 생존!","EP1 
Survive 5 min!","EP1 
存活5分鐘！","EP1 
5分間生存！"
UI_EPISODEREWARDGROUP_003,"EP1 
10분 생존!",/ui/EpisodeRewardGroup/Panel/Viewport/Strip/Card2/Label,"EP1 
10분 생존!","EP1 
Survive 10 min!","EP1 
存活10分鐘！","EP1 
10分間生存！"
UI_EPISODEREWARDGROUP_004,"EP1 
15분 생존!",/ui/EpisodeRewardGroup/Panel/Viewport/Strip/Card3/Label,"EP1 
15분 생존!","EP1 
Survive 15 min!","EP1 
存活15分鐘！","EP1 
15分間生存！"
UI_EPISODEREWARDGROUP_005,"EP2 
5분 생존!",/ui/EpisodeRewardGroup/Panel/Viewport/Strip/Card4/Label,"EP2 
5분 생존!","EP2 
Survive 5 min!","EP2 
存活5分鐘！","EP2 
5分間生存！"
UI_EPISODEREWARDGROUP_006,"EP2 
10분 생존!",/ui/EpisodeRewardGroup/Panel/Viewport/Strip/Card5/Label,"EP2 
10분 생존!","EP2 
Survive 10 min!","EP2 
存活10分鐘！","EP2 
10分間生存！"
UI_EPISODEREWARDGROUP_007,"EP2 
15분 생존!",/ui/EpisodeRewardGroup/Panel/Viewport/Strip/Card6/Label,"EP2 
15분 생존!","EP2 
Survive 15 min!","EP2 
存活15分鐘！","EP2 
15分間生存！"
UI_EPISODEREWARDGROUP_008,"EP3 
5분 생존!",/ui/EpisodeRewardGroup/Panel/Viewport/Strip/Card7/Label,"EP3 
5분 생존!","EP3 
Survive 5 min!","EP3 
存活5分鐘！","EP3 
5分間生存！"
UI_EPISODEREWARDGROUP_009,"EP3 
10분 생존!",/ui/EpisodeRewardGroup/Panel/Viewport/Strip/Card8/Label,"EP3 
10분 생존!","EP3 
Survive 10 min!","EP3 
存活10分鐘！","EP3 
10分間生存！"
UI_EPISODEREWARDGROUP_010,"EP3 
15분 생존!",/ui/EpisodeRewardGroup/Panel/Viewport/Strip/Card9/Label,"EP3 
15분 생존!","EP3 
Survive 15 min!","EP3 
存活15分鐘！","EP3 
15分間生存！"
UI_EQUIPMENTGROUP_001,합성,/ui/EquipmentGroup/Inventory/ComposePopup/Panel/ComposeButton | /ui/EquipmentGroup/Inventory/EquipPopup/Panel/LeftColumn/ComposeButton/Label,합성,Synthesize,合成,合成
UI_EQUIPMENTGROUP_002,노말 → 레어,/ui/EquipmentGroup/Inventory/ComposePopup/Panel/LeftColumn/BG_2/InfoBox/GradeText,노말 → 레어,Normal → Rare,普通 → 稀有,ノーマル → レア
UI_EQUIPMENTGROUP_003,품질 - 유지,/ui/EquipmentGroup/Inventory/ComposePopup/Panel/LeftColumn/BG_2/InfoBox/QualityRow1/Label | /ui/EquipmentGroup/Inventory/ComposePopup/Panel/LeftColumn/BG_2/InfoBox/QualityRow2/Label,품질 - 유지,Quality - Kept,品質 - 維持,品質 - 維持
UI_EQUIPMENTGROUP_004,품질 승급 확률,/ui/EquipmentGroup/Inventory/ComposePopup/Panel/LeftColumn/BG_2/InfoBox/QualityTitle,품질 승급 확률,Upgrade Chance,品質晉升機率,品質昇格確率
UI_EQUIPMENTGROUP_005,스킬 추가!,/ui/EquipmentGroup/Inventory/ComposePopup/Panel/LeftColumn/BG_2/InfoBox/SkillText,스킬 추가!,Skill Added!,追加技能！,スキル追加！
UI_EQUIPMENTGROUP_006,합성 결과,/ui/EquipmentGroup/Inventory/ComposePopup/Panel/LeftColumn/BG_2/InfoBox/TitleText,합성 결과,Synthesis Result,合成結果,合成結果
UI_EQUIPMENTGROUP_007,전체,/ui/EquipmentGroup/Inventory/ComposePopup/Panel/RightPanel/TabHolder/All/Background/UIText | /ui/EquipmentGroup/Inventory/Panel/InventoryPanel/TabHolder/All/Background/UIText | /ui/ShadowShopGroup/Panel/TabAll | /ui/TitleGroup/SkillPanel/CharacterFilterList/btnCharAll | /ui/TitleGroup/SkillPanel/GradeFilterList/btnGradeAll,전체,All,全部,すべて
UI_EQUIPMENTGROUP_008,아니오,/ui/EquipmentGroup/Inventory/ComposePopup/Panel/RiskWarning/Box/CancelButton | /ui/EquipmentGroup/Inventory/SellConfirm/Panel/BtnNo | /ui/OptionGroup/ConfirmPanel/BtnNo,아니오,No,否,いいえ
UI_EQUIPMENTGROUP_009,예,/ui/EquipmentGroup/Inventory/ComposePopup/Panel/RiskWarning/Box/ConfirmButton | /ui/EquipmentGroup/Inventory/SellConfirm/Panel/BtnYes | /ui/OptionGroup/ConfirmPanel/BtnYes,예,Yes,是,はい
UI_EQUIPMENTGROUP_010,"높은 등급의 장비가 사라집니다.
합성 후에는 되돌릴 수 없습니다.",/ui/EquipmentGroup/Inventory/ComposePopup/Panel/RiskWarning/Box/SubMessage,"높은 등급의 장비가 사라집니다.
합성 후에는 되돌릴 수 없습니다.","Higher-grade gear will be consumed.
This can't be undone.","高等級的裝備將會消失。
合成後無法復原。","高い等級の装備が消えます。
合成後は元に戻せません。"
UI_EQUIPMENTGROUP_011,정말 합성하시겠습니까?,/ui/EquipmentGroup/Inventory/ComposePopup/Panel/RiskWarning/Box/Text,정말 합성하시겠습니까?,Really synthesize?,確定要合成嗎？,本当に合成しますか？
UI_EQUIPMENTGROUP_012,장비 합성,/ui/EquipmentGroup/Inventory/ComposePopup/Panel/Title,장비 합성,Equipment Synthesis,裝備合成,装備合成
UI_EQUIPMENTGROUP_013,일괄 레벨업,/ui/EquipmentGroup/Inventory/EquipPopup/Panel/ButtonBatchLevelUp/Label,일괄 레벨업,Level Up All,一鍵升級,一括Lvアップ
UI_EQUIPMENTGROUP_014,레벨업,/ui/EquipmentGroup/Inventory/EquipPopup/Panel/ButtonLevelUp/Label,레벨업,Level Up,升級,Lvアップ
UI_EQUIPMENTGROUP_015,잠금,/ui/EquipmentGroup/Inventory/EquipPopup/Panel/ButtonLock/TextLock,잠금,Lock,鎖定,ロック
UI_EQUIPMENTGROUP_016,삭제,/ui/EquipmentGroup/Inventory/EquipPopup/Panel/LeftColumn/ButtonDelete/Label,삭제,Delete,刪除,削除
UI_EQUIPMENTGROUP_017,아이템 설명,/ui/EquipmentGroup/Inventory/EquipPopup/Panel/RightColumn/DescBox/Text,아이템 설명,Item Description,道具說明,アイテム説明
UI_EQUIPMENTGROUP_018,（등급 도달 시 해금）,/ui/EquipmentGroup/Inventory/EquipPopup/Panel/RightColumn/GradeSkillBox/Row0/Text | /ui/EquipmentGroup/Inventory/EquipPopup/Panel/RightColumn/GradeSkillBox/Row1/Text | /ui/EquipmentGroup/Inventory/EquipPopup/Panel/RightColumn/GradeSkillBox/Row2/Text | /ui/EquipmentGroup/Inventory/EquipPopup/Panel/RightColumn/GradeSkillBox/Row3/Text | /ui/EquipmentGroup/Inventory/EquipPopup/Panel/RightColumn/GradeSkillBox/Row4/Text,（등급 도달 시 해금）,(Unlocks upon reaching grade),（達到等級時解鎖）,（等級到達時に解放）
UI_EQUIPMENTGROUP_019,등급 스킬,/ui/EquipmentGroup/Inventory/EquipPopup/Panel/RightColumn/GradeSkillBox/Title,등급 스킬,Grade Skill,等級技能,等級スキル
UI_EQUIPMENTGROUP_020,아이템 이름,/ui/EquipmentGroup/Inventory/EquipPopup/Panel/Title | /ui/ShadowShopGroup/Panel/List/ItemTemplate/NameText,아이템 이름,Item Name,道具名稱,アイテム名
UI_EQUIPMENTGROUP_021,닉네임,/ui/EquipmentGroup/Inventory/Panel/EquipPanel/PlayerInfo/NameBackground/Name,닉네임,Nickname,暱稱,ニックネーム
UI_EQUIPMENTGROUP_022,무기 강화 주문서,/ui/EquipmentGroup/Inventory/Panel/ItemNameTooltip/Label,무기 강화 주문서,Weapon Enhancement Scroll,武器強化卷軸,武器強化の書
UI_EQUIPMENTGROUP_023,확인,/ui/EquipmentGroup/Inventory/UsePopup/Panel/ButtonConfirm | /ui/PopupGroup/PopupBack/PopupPanel/PopupBtnOK | /ui/WorldCharacterSelectGroup/Panel/BtnConfirm,확인,OK,確認,OK
UI_EQUIPMENTGROUP_024,내용을 입력하세요,/ui/EquipmentGroup/Inventory/UsePopup/Panel/Message,내용을 입력하세요,Enter text,請輸入內容,内容を入力してください
UI_EQUIPMENTGROUP_025,팝업 제목,/ui/EquipmentGroup/Inventory/UsePopup/Panel/Title,팝업 제목,,,
UI_GACHAGROUP_001,닫기,/ui/GachaGroup/GachaProbInfo/Window/BtnCloseProb,닫기,Close,關閉,閉じる
UI_GACHAGROUP_002,아이템,/ui/GachaGroup/GachaProbInfo/Window/Header/HName,아이템,Item,道具,アイテム
UI_GACHAGROUP_003,확률,/ui/GachaGroup/GachaProbInfo/Window/Header/HPct,확률,Rate,機率,確率
UI_GACHAGROUP_004,"공개된 확률은 게임법 시행령에 따라 반올림한 값으로
합산된 결과가 100%가 되지 않을 수 있습니다.",/ui/GachaGroup/GachaProbInfo/Window/Notice,"공개된 확률은 게임법 시행령에 따라 반올림한 값으로
합산된 결과가 100%가 되지 않을 수 있습니다.","Rates are rounded per the Game Industry Promotion Act,
so the total may not be exactly 100%.","公開的機率依據遊戲產業振興法施行令四捨五入，
合計結果可能不等於100%。","公開されている確率はゲーム産業振興法施行令に基づき四捨五入した値のため、
合計が100%にならない場合があります。"
UI_GACHAGROUP_005,획득 확률,/ui/GachaGroup/GachaProbInfo/Window/Title,획득 확률,Drop Rate,獲得機率,獲得確率
UI_GACHAGROUP_006,획득한 유물!,/ui/GachaGroup/Panel/Bg_cover/ResultLayer/ResultTitle,획득한 유물!,Relic obtained!,獲得的遺物！,獲得した遺物！
UI_GACHAGROUP_007,유물 뽑기,/ui/GachaGroup/Panel/Title,유물 뽑기,Relic Draw,遺物抽取,遺物ガチャ
UI_GAMEOVERGROUP_001,"다이아 500
골드 100,000",/ui/GameOverGroup/DiaShop/Panel/ScrollArea/List/ProductCard_0/DescText | /ui/TitleGroup/ShopPanel/ScrollArea/List/ProductCard_0/DescText,"다이아 500
골드 100,000","500 Diamonds
100,000 Gold","鑽石 500
金幣 100,000","ダイヤ 500
ゴールド 100,000"
UI_GAMEOVERGROUP_002,구매 완료,/ui/GameOverGroup/DiaShop/Panel/ScrollArea/List/ProductCard_0/SoldOutCover/SoldOutText | /ui/GameOverGroup/DiaShop/Panel/ScrollArea/List/ProductCard_1/SoldOutCover/SoldOutText | /ui/GameOverGroup/DiaShop/Panel/ScrollArea/List/ProductCard_2/SoldOutCover/SoldOutText | /ui/GameOverGroup/DiaShop/Panel/ScrollArea/List/ProductCard_3/SoldOutCover/SoldOutText | /ui/GameOverGroup/DiaShop/Panel/ScrollArea/List/ProductCard_4/SoldOutCover/SoldOutText,구매 완료,Purchased,購買完成,購入完了
UI_GAMEOVERGROUP_003,다이아 상점,/ui/GameOverGroup/DiaShop/Panel/Title,다이아 상점,Diamond Shop,鑽石商店,ダイヤショップ
UI_GAMEOVERGROUP_004,"이어하기
재화 900",/ui/GameOverGroup/GameOverBack/GameOverPanel/BtnContinue,"이어하기
재화 900","Continue
Currency 900","繼續
貨幣 900","コンティニュー
通貨 900"
UI_GAMEOVERGROUP_005,다시하기,/ui/GameOverGroup/GameOverBack/GameOverPanel/BtnRestart | /ui/GameOverGroup/GameOverBack/GameOverPanel/BtnRestart/Label | /ui/GameOverGroup/GameOverBack/GameOverPanel/BtnRestartOvertime | /ui/GameOverGroup/GameOverBack/GameOverPanel/BtnRestartOvertime/Label,다시하기,Retry,重新開始,リトライ
UI_GAMEOVERGROUP_006,획득 스코어,/ui/GameOverGroup/GameOverBack/GameOverPanel/ScoreBox/ScoreLabel,획득 스코어,Score,獲得分數,獲得スコア
UI_GAMEOVERGROUP_007,0 점,/ui/GameOverGroup/GameOverBack/GameOverPanel/ScoreBox/ScoreValueText,0 점,0 pts,0 分,0 点
UI_IDLEREWARDGROUP_001,장비 인벤토리가 가득 찼어요!,/ui/IdleRewardGroup/ConfirmPanel/Message,장비 인벤토리가 가득 찼어요!,Equipment inventory is full!,裝備背包已滿！,装備欄がいっぱいです！
UI_IDLEREWARDGROUP_002,"자리가 없는 장비는 사라져요.
그래도 받을까요?",/ui/IdleRewardGroup/ConfirmPanel/SubMessage,"자리가 없는 장비는 사라져요.
그래도 받을까요?","Equipment without space will be lost.
Claim anyway?","沒有空位的裝備將會消失。
仍要領取嗎？","空きのない装備は消えます。
それでも受け取りますか？"
UI_IDLEREWARDGROUP_003,(최대 24시간),/ui/IdleRewardGroup/Panel/CapText,(최대 24시간),(Max 24 hr),(最多24小時),(最大24時間)
UI_IDLEREWARDGROUP_004,장비는 2시간마다 1개씩 쌓여요,/ui/IdleRewardGroup/Panel/GearBox/Empty,장비는 2시간마다 1개씩 쌓여요,1 equipment item is stored every 2 hr,每2小時累積1件裝備,装備は2時間ごとに1個ずつ貯まります
UI_IDLEREWARDGROUP_005,자동 시간 : 00분 00초,/ui/IdleRewardGroup/Panel/TimeText,자동 시간 : 00분 00초,Idle time: 00m 00s,自動時間：00分 00秒,放置時間：00分 00秒
UI_IDLEREWARDGROUP_006,방치 보상,/ui/IdleRewardGroup/Panel/Title,방치 보상,Idle Rewards,放置獎勵,放置報酬
UI_LEVELREWARDGROUP_001,레벨 5 보상,/ui/LevelRewardGroup/Panel/SubTitle,레벨 5 보상,Level 5 Reward,等級 5 獎勵,レベル5報酬
UI_LOADINGGROUP_001,본 월드는 생성형 AI를 활용하여 제작된 콘텐츠를 포함하고 있습니다.,/ui/LoadingGroup/Screen/AiNotice,본 월드는 생성형 AI를 활용하여 제작된 콘텐츠를 포함하고 있습니다.,This world includes content created with the help of generative AI.,本世界包含使用生成式AI製作的內容。,本ワールドには、生成AIを活用して制作されたコンテンツが含まれています。
UI_LOADINGGROUP_002,보스 레이드,/ui/LoadingGroup/Screen/RaidTitle,보스 레이드,Boss Raid,首領突襲,ボスレイド
UI_OPTIONGROUP_001,정말 게임을 종료할까요?,/ui/OptionGroup/ConfirmPanel/Message,정말 게임을 종료할까요?,Quit the game?,確定要結束遊戲嗎？,本当にゲームを終了しますか？
UI_OPTIONGROUP_002,이번 판이 여기서 끝납니다.,/ui/OptionGroup/ConfirmPanel/SubMessage,이번 판이 여기서 끝납니다.,This run will end here.,本場遊戲將在此結束。,今回のプレイはここで終了します。
UI_OPTIONGROUP_003,조합식,/ui/OptionGroup/FusionPanel/Title,조합식,Fusion Recipes,組合表,組み合わせ表
UI_OPTIONGROUP_004,배경음,/ui/OptionGroup/OptionPanel/BgmToggle/Label,배경음,BGM,背景音樂,BGM
UI_OPTIONGROUP_005,조합,/ui/OptionGroup/OptionPanel/BtnFusion,조합,Fusion,組合,組み合わせ
UI_OPTIONGROUP_006,게임 종료,/ui/OptionGroup/OptionPanel/BtnQuit,게임 종료,Quit Game,結束遊戲,ゲーム終了
UI_OPTIONGROUP_007,게임 방법,/ui/OptionGroup/OptionPanel/BtnTutorial | /ui/OptionGroup/TutorialPanel/Title,게임 방법,How to Play,遊戲玩法,遊び方
UI_OPTIONGROUP_008,효과음,/ui/OptionGroup/OptionPanel/SfxToggle/Label,효과음,Sound Effects,音效,効果音
UI_OPTIONGROUP_009,옵션,/ui/OptionGroup/OptionPanel/Title,옵션,Options,選項,オプション
UI_OPTIONGROUP_010,스킬 선택,/ui/OptionGroup/OptionPanel/SkillToggle/Label,스킬 선택,Skill Pick,技能選擇,スキル選択
UI_POPUPGROUP_001,팝업 메시지,/ui/PopupGroup/PopupBack/PopupPanel/PopupMessage,팝업 메시지,Popup Message,彈出訊息,ポップアップメッセージ
UI_RAIDGROUP_001,보상 받기,/ui/RaidGroup/BtnClaim | /ui/RaidGroup/LockPanel/BtnClaimPending,보상 받기,Claim Reward,領取獎勵,報酬を受け取る
UI_RAIDGROUP_002,캐릭터 화력 (초당),/ui/RaidGroup/DpsWindow/Title,캐릭터 화력 (초당),Character DPS,角色火力(每秒),キャラ火力(毎秒)
UI_RAIDGROUP_003,보상을 받아야 새 시즌이 시작됩니다,/ui/RaidGroup/LockPanel/Msg,보상을 받아야 새 시즌이 시작됩니다,Claim your reward to start the new season,領取獎勵後才會開始新賽季,報酬を受け取ると新しいシーズンが始まります
UI_RAIDGROUP_004,지난 시즌 레이드 종료,/ui/RaidGroup/LockPanel/Title,지난 시즌 레이드 종료,Last season's raid has ended,上賽季突襲已結束,前シーズンのレイド終了
UI_RAIDGROUP_005,부활!,/ui/RaidGroup/RevivePanel/BtnRevive,부활!,Revive!,復活！,復活！
UI_RAIDGROUP_006,"24시간 넘게 자리를 비워
캐릭터들이 유령이 되었어요",/ui/RaidGroup/RevivePanel/Msg,"24시간 넘게 자리를 비워
캐릭터들이 유령이 되었어요","You were away for over 24 hours,
so your characters became ghosts","離開超過24小時，
角色們變成了幽靈","24時間以上離れていたため、
キャラクターが幽霊になりました"
UI_RAIDGROUP_007,남은시간,/ui/RaidGroup/TimeBox/Label,남은시간,Time Left,剩餘時間,残り時間
UI_RAIDGROUP_008,이번 주 보상,ui/RaidGroup.ui RewardBox/Title,이번 주 보상,This Week's Reward,本週獎勵,今週の報酬
UI_RAIDGROUP_009,등급별 보상,ui/RaidGroup.ui RewardTable/Title,등급별 보상,Rewards by Grade,各等級獎勵,等級別報酬
UI_RAIDGROUP_010,등급,ui/RaidGroup.ui RewardTable/Head/Grade,등급,Grade,等級,等級
UI_RAIDGROUP_011,보스 체력,ui/RaidGroup.ui RewardTable/Head/Cut,보스 체력,Boss HP,首領血量,ボスHP
UI_RAIDGROUP_012,반지,ui/RaidGroup.ui RewardTable/Head/Ring,반지,Ring,戒指,指輪
UI_RAIDGROUP_013,강화 주문서,ui/RaidGroup.ui RewardTable/Head/Scroll,강화 주문서,Scrolls,強化卷軸,強化の書
UI_RAIDGROUP_014,다이아,ui/RaidGroup.ui RewardTable/Head/Dia,다이아,Diamonds,鑽石,ダイヤ
UI_RELICUPGRADEGROUP_001,유물명,/ui/RelicUpgradeGroup/Panel/NameText | /ui/SkillUpgradeGroup/Panel/NameText,유물명,Relic Name,遺物名稱,遺物名
UI_RELICUPGRADEGROUP_002,옵션 설명,/ui/RelicUpgradeGroup/Panel/OptionBox/OptionText | /ui/SkillUpgradeGroup/Panel/OptionBox/OptionText,옵션 설명,Option Description,選項說明,オプション説明
UI_RELICUPGRADEGROUP_003,10000코인,/ui/RelicUpgradeGroup/Panel/UpgradeButton/CostText | /ui/SkillUpgradeGroup/Panel/UpgradeButton/CostText,10000코인,10000 Coins,10000金幣,10000コイン
UI_RELICUPGRADEGROUP_004,업그레이드,/ui/RelicUpgradeGroup/Panel/UpgradeButton/TitleText | /ui/SkillUpgradeGroup/Panel/UpgradeButton/TitleText,업그레이드,Upgrade,升級,アップグレード
UI_RUNSTARTCONFIRMGROUP_001,시작,/ui/RunStartConfirmGroup/Panel/BtnYes,시작,Start,開始,スタート
UI_RUNSTARTCONFIRMGROUP_002,무기 인벤토리가 가득 찼어요!,/ui/RunStartConfirmGroup/Panel/Message,무기 인벤토리가 가득 찼어요!,Weapon inventory is full!,武器背包已滿！,武器欄がいっぱいです！
UI_SHADOWSHOPGROUP_001,구매,/ui/ShadowShopGroup/Panel/BtnPurchase,구매,Buy,購買,購入
UI_SHADOWSHOPGROUP_002,그림자 정수,/ui/ShadowShopGroup/Panel/CurrencyBar/Label,그림자 정수,Shadow Essence,暗影精髓,影のエッセンス
UI_SHADOWSHOPGROUP_003,남은 수량: 0,/ui/ShadowShopGroup/Panel/List/ItemTemplate/StockText,남은 수량: 0,Remaining: 0,剩餘數量：0,残り数量：0
UI_SHADOWSHOPGROUP_004,비밀 상점,/ui/ShadowShopGroup/Panel/TitleBar/Title,비밀 상점,Secret Shop,秘密商店,秘密のショップ
UI_TITLEGROUP_001,게임 시작,/ui/TitleGroup/BattlePanel/BtnStart,게임 시작,Start,開始,スタート
UI_TITLEGROUP_002,"일반 게임을 진행하면 자동으로
레이드 공격이 진행됩니다!",/ui/TitleGroup/RaidTutorial/Step1/Label,"일반 게임을 진행하면 자동으로
레이드 공격이 진행됩니다!","Playing Normal Game automatically
launches raid attacks!","進行一般遊戲時，會自動
進行突襲攻擊！","通常ゲームをプレイすると自動で
レイド攻撃が行われます！"
UI_TITLEGROUP_003,"일반 게임을 플레이할수록
레이드 대미지가 높아집니다!",/ui/TitleGroup/RaidTutorial/Step2/Label,"일반 게임을 플레이할수록
레이드 대미지가 높아집니다!","The more you play Normal Game,
the higher your raid damage!","一般遊戲玩得越多，
突襲傷害就越高！","通常ゲームをプレイするほど
レイドダメージが高くなります！"
UI_TITLEGROUP_004,"24시간 미접속 시 캐릭터가
죽을 수 있으니 주의하세요!",/ui/TitleGroup/RaidTutorial/Step3/Label,"24시간 미접속 시 캐릭터가
죽을 수 있으니 주의하세요!","Characters may die if you're offline
for 24 hours. Be careful!","超過24小時未登入，角色
可能會死亡，請注意！","24時間ログインしないとキャラクターが
死ぬことがあるので注意してください！"
UI_TITLEGROUP_005,"높은 등급을 달성하고 특별한
보상을 획득하세요!",/ui/TitleGroup/RaidTutorial/Step4/Label,"높은 등급을 달성하고 특별한
보상을 획득하세요!","Reach a high grade to earn special
rewards!","達成高等級並獲得特別的
獎勵！","高い等級を達成して特別な
報酬を獲得しましょう！"
UI_TITLEGROUP_006,아직 등록된 기록이 없어요,/ui/TitleGroup/RankPanel/Board/EmptyText,아직 등록된 기록이 없어요,No records yet,尚無登錄的紀錄,まだ登録された記録がありません
UI_TITLEGROUP_007,이름,/ui/TitleGroup/RankPanel/Board/Header/ColName,이름,Name,名稱,名前
UI_TITLEGROUP_008,순위,/ui/TitleGroup/RankPanel/Board/Header/ColRank,순위,Rank,排名,順位
UI_TITLEGROUP_009,점수,/ui/TitleGroup/RankPanel/Board/Header/ColScore,점수,Score,分數,スコア
UI_TITLEGROUP_010,내 순위,/ui/TitleGroup/RankPanel/Board/MyRankRow/Label,내 순위,My Rank,我的排名,自分の順位
UI_TITLEGROUP_011,랭킹 (준비중),/ui/TitleGroup/RankPanel/ComingSoon,랭킹 (준비중),Ranking (Coming Soon),排行榜(準備中),ランキング(準備中)
UI_TITLEGROUP_012,타임어택 랭킹,/ui/TitleGroup/RankPanel/Tabs/TabTimeAttack/Label,타임어택 랭킹,Time Attack Ranking,計時挑戰排行榜,タイムアタック
UI_TITLEGROUP_013,무제한 랭킹,/ui/TitleGroup/RankPanel/Tabs/TabUnlimited/Label,무제한 랭킹,Unlimited Ranking,無限模式排行榜,無制限
UI_TITLEGROUP_014,랭킹,/ui/TitleGroup/RankPanel/Title | /ui/TitleGroup/TabBar/BtnRankLabel,랭킹,Ranking,排行榜,ランキング
UI_TITLEGROUP_015,유물 (준비중),/ui/TitleGroup/RelicPanel/ComingSoon,유물 (준비중),Relics (Coming Soon),遺物(準備中),遺物(準備中)
UI_TITLEGROUP_016,대미지 스킨,/ui/TitleGroup/ShopPanel/Tabs/TabSkin/Label,대미지 스킨,Damage Skins,傷害字型,ダメージスキン
UI_TITLEGROUP_017,상점,/ui/TitleGroup/ShopPanel/Title | /ui/TitleGroup/TabBar/BtnShopLabel,상점,Shop,商店,ショップ
UI_TITLEGROUP_018,캐릭터 ▼,/ui/TitleGroup/SkillPanel/CharacterFilterBtn,캐릭터 ▼,Character ▼,角色 ▼,キャラクター ▼
UI_TITLEGROUP_019,등급 ▼,/ui/TitleGroup/SkillPanel/GradeFilterBtn,등급 ▼,Grade ▼,等級 ▼,等級 ▼
UI_TITLEGROUP_020,스킬 1,/ui/TitleGroup/SkillPanel/ScrollArea/List/SkillSlot_0/Name,스킬 1,Skill 1,技能 1,スキル 1
UI_TITLEGROUP_021,스킬 2,/ui/TitleGroup/SkillPanel/ScrollArea/List/SkillSlot_1/Name,스킬 2,Skill 2,技能 2,スキル 2
UI_TITLEGROUP_022,스킬 11,/ui/TitleGroup/SkillPanel/ScrollArea/List/SkillSlot_10/Name,스킬 11,Skill 11,技能 11,スキル 11
UI_TITLEGROUP_023,스킬 12,/ui/TitleGroup/SkillPanel/ScrollArea/List/SkillSlot_11/Name,스킬 12,Skill 12,技能 12,スキル 12
UI_TITLEGROUP_024,스킬 13,/ui/TitleGroup/SkillPanel/ScrollArea/List/SkillSlot_12/Name,스킬 13,Skill 13,技能 13,スキル 13
UI_TITLEGROUP_025,스킬 14,/ui/TitleGroup/SkillPanel/ScrollArea/List/SkillSlot_13/Name,스킬 14,Skill 14,技能 14,スキル 14
UI_TITLEGROUP_026,스킬 15,/ui/TitleGroup/SkillPanel/ScrollArea/List/SkillSlot_14/Name,스킬 15,Skill 15,技能 15,スキル 15
UI_TITLEGROUP_027,스킬 16,/ui/TitleGroup/SkillPanel/ScrollArea/List/SkillSlot_15/Name,스킬 16,Skill 16,技能 16,スキル 16
UI_TITLEGROUP_028,스킬 17,/ui/TitleGroup/SkillPanel/ScrollArea/List/SkillSlot_16/Name,스킬 17,Skill 17,技能 17,スキル 17
UI_TITLEGROUP_029,스킬 18,/ui/TitleGroup/SkillPanel/ScrollArea/List/SkillSlot_17/Name,스킬 18,Skill 18,技能 18,スキル 18
UI_TITLEGROUP_030,스킬 3,/ui/TitleGroup/SkillPanel/ScrollArea/List/SkillSlot_2/Name,스킬 3,Skill 3,技能 3,スキル 3
UI_TITLEGROUP_031,스킬 4,/ui/TitleGroup/SkillPanel/ScrollArea/List/SkillSlot_3/Name,스킬 4,Skill 4,技能 4,スキル 4
UI_TITLEGROUP_032,스킬 5,/ui/TitleGroup/SkillPanel/ScrollArea/List/SkillSlot_4/Name,스킬 5,Skill 5,技能 5,スキル 5
UI_TITLEGROUP_033,스킬 6,/ui/TitleGroup/SkillPanel/ScrollArea/List/SkillSlot_5/Name,스킬 6,Skill 6,技能 6,スキル 6
UI_TITLEGROUP_034,스킬 7,/ui/TitleGroup/SkillPanel/ScrollArea/List/SkillSlot_6/Name,스킬 7,Skill 7,技能 7,スキル 7
UI_TITLEGROUP_035,스킬 8,/ui/TitleGroup/SkillPanel/ScrollArea/List/SkillSlot_7/Name,스킬 8,Skill 8,技能 8,スキル 8
UI_TITLEGROUP_036,스킬 9,/ui/TitleGroup/SkillPanel/ScrollArea/List/SkillSlot_8/Name,스킬 9,Skill 9,技能 9,スキル 9
UI_TITLEGROUP_037,스킬 10,/ui/TitleGroup/SkillPanel/ScrollArea/List/SkillSlot_9/Name,스킬 10,Skill 10,技能 10,スキル 10
UI_TITLEGROUP_038,전투,/ui/TitleGroup/TabBar/BtnBattleLabel,전투,Battle,戰鬥,バトル
UI_WORLDCHARACTERSELECTGROUP_001,CC기를 보유한 마법사,/ui/WorldCharacterSelectGroup/Panel/CharDescPanel/DescText,CC기를 보유한 마법사,A mage with crowd control,擁有控場技能的魔法師,CCスキルを持つ魔法使い
UI_WORLDCHARACTERSELECTGROUP_002,썬콜법사,/ui/WorldCharacterSelectGroup/Panel/CharDescPanel/NameText | /ui/WorldCharacterSelectGroup/Panel/CharScrollArea/CharList/CharSlot_0/Name,썬콜법사,Ice/Lightning Mage,冰雷魔法師,氷雷の魔法使い
UI_WORLDCHARACTERSELECTGROUP_003,준비중,/ui/WorldCharacterSelectGroup/Panel/CharScrollArea/CharList/CharSlot_1/Name | /ui/WorldCharacterSelectGroup/Panel/CharScrollArea/CharList/CharSlot_2/Name | /ui/WorldCharacterSelectGroup/Panel/CharScrollArea/CharList/CharSlot_3/Name | /ui/WorldCharacterSelectGroup/Panel/CharScrollArea/CharList/CharSlot_4/Name | /ui/WorldCharacterSelectGroup/Panel/CharScrollArea/CharList/CharSlot_5/Name,준비중,Coming Soon,準備中,準備中
UI_WORLDCHARACTERSELECTGROUP_004,무제한 모드,/ui/WorldCharacterSelectGroup/Panel/UnlimitedModeBg/Label,무제한 모드,Unlimited Mode,無限模式,無制限モード
UI_WORLDCHARACTERSELECTGROUP_005,태초의 마을 10분 생존 시 열림,/ui/WorldCharacterSelectGroup/Panel/WorldImageCenterPhoto/LockOverlay/Hint,태초의 마을 10분 생존 시 열림,Survive 10 min in the Village of Beginnings to unlock,在起源之村存活10分鐘後開放,はじまりの村で10分間生存すると解放
FMT_ACHIEVEMENTUI_001,업적 {0} / {1},RootDesk/MyDesk/Achievement/AchievementUI.mlua:184,업적 {0} / {1},Achievements {0} / {1},成就 {0} / {1},実績 {0} / {1}
FMT_CARDMANAGER_001,{0} (+{1}강화),RootDesk/MyDesk/Card/CardManager.mlua:18337,{0} (+{1}강화),{0} (+{1}),{0} (+{1}強化),{0} (+{1}強化)
FMT_CARDMANAGER_002,콜드 빔 Lv.{0},RootDesk/MyDesk/Card/CardManager.mlua:18339,콜드 빔 Lv.{0},Cold Beam Lv.{0},寒冰光束 Lv.{0},コールドビーム Lv.{0}
FMT_CARDMANAGER_003,썬더 볼트 Lv.{0},RootDesk/MyDesk/Card/CardManager.mlua:18341,썬더 볼트 Lv.{0},Thunder Bolt Lv.{0},雷電術 Lv.{0},サンダーボルト Lv.{0}
FMT_CARDMANAGER_004,매직 부스터 Lv.{0},RootDesk/MyDesk/Card/CardManager.mlua:18343,매직 부스터 Lv.{0},Magic Booster Lv.{0},魔法加速 Lv.{0},マジックブースター Lv.{0}
FMT_CARDMANAGER_005,매직 크리티컬 Lv.{0},RootDesk/MyDesk/Card/CardManager.mlua:18344,매직 크리티컬 Lv.{0},Magic Critical Lv.{0},魔法爆擊 Lv.{0},マジッククリティカル Lv.{0}
FMT_CARDMANAGER_006,대미지 : {0},RootDesk/MyDesk/Card/CardManager.mlua:18391,대미지 : {0},Damage: {0},傷害：{0},ダメージ：{0}
FMT_CARDMANAGER_007,쿨타임 -{0}%,RootDesk/MyDesk/Card/CardManager.mlua:18396,쿨타임 -{0}%,Cooldown -{0}%,冷卻時間 -{0}%,クールタイム -{0}%
FMT_CARDMANAGER_008,크리티컬 {0}%,RootDesk/MyDesk/Card/CardManager.mlua:18398,크리티컬 {0}%,Critical {0}%,爆擊率 {0}%,クリティカル {0}%
FMT_CARDMANAGER_009,아이스 보너스 : +{0}%/스택,RootDesk/MyDesk/Card/CardManager.mlua:18405,아이스 보너스 : +{0}%/스택,Ice Bonus: +{0}%/stack,冰凍加成：+{0}%/層,アイスボーナス：+{0}%/スタック
FMT_CARDMANAGER_010,피해 감소 : -{0}%,RootDesk/MyDesk/Card/CardManager.mlua:18425,피해 감소 : -{0}%,Damage Taken: -{0}%,受到傷害：-{0}%,被ダメージ：-{0}%
FMT_CARDMANAGER_011,대미지 증가 : +{0}%,RootDesk/MyDesk/Card/CardManager.mlua:18433,대미지 증가 : +{0}%,Damage Increase: +{0}%,傷害增加：+{0}%,ダメージ増加：+{0}%
FMT_CARDMANAGER_012,대미지 : {0}  (타격당),RootDesk/MyDesk/Card/CardManager.mlua:18447,대미지 : {0}  (타격당),Damage: {0}  (per hit),傷害：{0}  (每次攻擊),ダメージ：{0}  (1ヒットごと)
FMT_CARDMANAGER_013,크리티컬 대미지 +{0}%,RootDesk/MyDesk/Card/CardManager.mlua:18475,크리티컬 대미지 +{0}%,Critical Damage +{0}%,爆擊傷害 +{0}%,クリティカルダメージ +{0}%
FMT_CARDMANAGER_014,추가 공격 확률 {0}%,RootDesk/MyDesk/Card/CardManager.mlua:18477,추가 공격 확률 {0}%,Extra Attack Chance {0}%,追加攻擊機率 {0}%,追加攻撃確率 {0}%
FMT_CARDMANAGER_015,스택 확률 : {0}%,RootDesk/MyDesk/Card/CardManager.mlua:18481,스택 확률 : {0}%,Stack Chance: {0}%,疊層機率：{0}%,スタック確率：{0}%
FMT_CARDMANAGER_016,강화 코마 대미지 {0}%,RootDesk/MyDesk/Card/CardManager.mlua:18503,강화 코마 대미지 {0}%,Enhanced Coma Damage {0}%,強化昏迷傷害 {0}%,強化コーマダメージ {0}%
FMT_CARDMANAGER_017,{0}초마다 체력 {1}% 회복,RootDesk/MyDesk/Card/CardManager.mlua:18505,{0}초마다 체력 {1}% 회복,Restores {1}% HP every {0}s,每{0}秒恢復 {1}% HP,{0}秒ごとにHPを{1}%回復
FMT_CARDMANAGER_018,피해량 증가 : +{0}%,RootDesk/MyDesk/Card/CardManager.mlua:18507,피해량 증가 : +{0}%,Damage Dealt: +{0}%,造成傷害：+{0}%,与ダメージ：+{0}%
FMT_CARDMANAGER_019,공격 회피 {0}%,RootDesk/MyDesk/Card/CardManager.mlua:18517,공격 회피 {0}%,Evasion {0}%,迴避攻擊 {0}%,攻撃回避 {0}%
FMT_CARDMANAGER_020,추가 공격 {0}% (대미지 {1}%),RootDesk/MyDesk/Card/CardManager.mlua:18529,추가 공격 {0}% (대미지 {1}%),Extra Attack {0}% (Damage {1}%),追加攻擊 {0}% (傷害 {1}%),追加攻撃 {0}% (ダメージ {1}%)
FMT_CARDMANAGER_021,대미지 : {0}  (초당)  |  추가 대미지 : {1},RootDesk/MyDesk/Card/CardManager.mlua:18553,대미지 : {0}  (초당)  |  추가 대미지 : {1},Damage: {0}  (per sec)  |  Bonus Damage: {1},傷害：{0}  (每秒)  |  追加傷害：{1},ダメージ：{0}  (毎秒)  |  追加ダメージ：{1}
FMT_CARDMANAGER_022,대미지 : {0}  (메소 1개당),RootDesk/MyDesk/Card/CardManager.mlua:18560,대미지 : {0}  (메소 1개당),Damage: {0}  (per Meso),傷害：{0}  (每個楓幣),ダメージ：{0}  (メル1個ごと)
FMT_CARDMANAGER_023,스킬 복사 {0}%  |  기본공격 복사 {1}%,RootDesk/MyDesk/Card/CardManager.mlua:18562,스킬 복사 {0}%  |  기본공격 복사 {1}%,Skill Copy {0}%  |  Basic Attack Copy {1}%,技能複製 {0}%  |  普通攻擊複製 {1}%,スキルコピー {0}%  |  通常攻撃コピー {1}%
FMT_CARDMANAGER_024,대미지 : {0}  (초당 틱),RootDesk/MyDesk/Card/CardManager.mlua:18566,대미지 : {0}  (초당 틱),Damage: {0}  (per tick/sec),傷害：{0}  (每秒持續),ダメージ：{0}  (毎秒ティック)
FMT_CARDMANAGER_025,대미지 : {0}  (초당),RootDesk/MyDesk/Card/CardManager.mlua:18573,대미지 : {0}  (초당),Damage: {0}  (per sec),傷害：{0}  (每秒),ダメージ：{0}  (毎秒)
FMT_CARDMANAGER_026,쿨타임 : {0}s,RootDesk/MyDesk/Card/CardManager.mlua:18598,쿨타임 : {0}s,Cooldown: {0}s,冷卻時間：{0}秒,クールタイム：{0}秒
FMT_CARDMANAGER_027,타겟 : {0}명,RootDesk/MyDesk/Card/CardManager.mlua:18613,타겟 : {0}명,Targets: {0},目標：{0}名,ターゲット：{0}体
FMT_CARDMANAGER_028,타겟 : {0}명  |  슬로우 3s,RootDesk/MyDesk/Card/CardManager.mlua:18615,타겟 : {0}명  |  슬로우 3s,Targets: {0}  |  Slow 3s,目標：{0}名  |  緩速 3秒,ターゲット：{0}体  |  スロー 3秒
FMT_CARDMANAGER_029,타겟 {0}명  |  스턴 {1}% {2}초(보스/엘리트 {3}초),RootDesk/MyDesk/Card/CardManager.mlua:18621,타겟 {0}명  |  스턴 {1}% {2}초(보스/엘리트 {3}초),Targets {0}  |  Stun {1}% {2}s (Boss/Elite {3}s),目標 {0}名  |  暈眩 {1}% {2}秒(首領/菁英 {3}秒),ターゲット {0}体  |  スタン {1}% {2}秒(ボス/エリート {3}秒)
FMT_CARDMANAGER_030,타겟 {0}명,RootDesk/MyDesk/Card/CardManager.mlua:18623,타겟 {0}명,Targets {0},目標 {0}名,ターゲット {0}体
FMT_CARDMANAGER_031,{0}치명타 20%,RootDesk/MyDesk/Card/CardManager.mlua:18632,{0}치명타 20%,{0}Critical 20%,{0}爆擊 20%,{0}クリティカル 20%
FMT_CARDMANAGER_032,{0}광역,RootDesk/MyDesk/Card/CardManager.mlua:18636,{0}광역,{0}AoE,{0}範圍,{0}範囲
FMT_CARDMANAGER_033,타겟 {0}명  |  범위 광역,RootDesk/MyDesk/Card/CardManager.mlua:18650,타겟 {0}명  |  범위 광역,Targets {0}  |  AoE,目標 {0}名  |  範圍攻擊,ターゲット {0}体  |  範囲攻撃
FMT_CARDMANAGER_034,{0}  |  출혈 {1}%/틱 (3초),RootDesk/MyDesk/Card/CardManager.mlua:18651,{0}  |  출혈 {1}%/틱 (3초),{0}  |  Bleed {1}%/tick (3s),{0}  |  流血 {1}%/次 (3秒),{0}  |  出血 {1}%/ティック (3秒)
FMT_CARDMANAGER_035,{0}  |  25% 확률 2연타(2타 50%),RootDesk/MyDesk/Card/CardManager.mlua:18654,{0}  |  25% 확률 2연타(2타 50%),{0}  |  25% chance of 2 hits (2nd hit 50%),{0}  |  25%機率 2連擊(第2擊 50%),{0}  |  25%の確率で2連撃(2撃目 50%)
FMT_CARDMANAGER_036,광역  |  {0}타,RootDesk/MyDesk/Card/CardManager.mlua:18658,광역  |  {0}타,AoE  |  {0} hits,範圍  |  {0}擊,範囲  |  {0}ヒット
FMT_CARDMANAGER_037,{0}  |  넉백,RootDesk/MyDesk/Card/CardManager.mlua:18659,{0}  |  넉백,{0}  |  Knockback,{0}  |  擊退,{0}  |  ノックバック
FMT_CARDMANAGER_038,타겟 {0}명  |  속박 {1}초,RootDesk/MyDesk/Card/CardManager.mlua:18663,타겟 {0}명  |  속박 {1}초,Targets {0}  |  Bind {1}s,目標 {0}名  |  束縛 {1}秒,ターゲット {0}体  |  バインド {1}秒
FMT_CARDMANAGER_039,타겟 {0}명  |  빙결 스택+1,RootDesk/MyDesk/Card/CardManager.mlua:18665,타겟 {0}명  |  빙결 스택+1,Targets {0}  |  Freeze Stack +1,目標 {0}名  |  冰凍層數 +1,ターゲット {0}体  |  凍結スタック +1
FMT_CARDMANAGER_040,타겟 {0}명  |  3연타  |  스턴 {1}% {2}초,RootDesk/MyDesk/Card/CardManager.mlua:18669,타겟 {0}명  |  3연타  |  스턴 {1}% {2}초,Targets {0}  |  3 hits  |  Stun {1}% {2}s,目標 {0}名  |  3連擊  |  暈眩 {1}% {2}秒,ターゲット {0}体  |  3連撃  |  スタン {1}% {2}秒
FMT_CARDMANAGER_041,"타겟 {0}명  |  슬로우, 빙결 스택2",RootDesk/MyDesk/Card/CardManager.mlua:18671,"타겟 {0}명  |  슬로우, 빙결 스택2","Targets {0}  |  Slow, Freeze Stack 2",目標 {0}名  |  緩速、冰凍層數 2,ターゲット {0}体  |  スロー、凍結スタック 2
FMT_CARDMANAGER_042,연쇄 {0}명  |  치명타+20%  |  마지막 착탄 +{1}%,RootDesk/MyDesk/Card/CardManager.mlua:18674,연쇄 {0}명  |  치명타+20%  |  마지막 착탄 +{1}%,Chain {0}  |  Critical +20%  |  Last strike +{1}%,連鎖 {0}名  |  爆擊 +20%  |  最後一擊 +{1}%,連鎖 {0}体  |  クリティカル +20%  |  最後の着弾 +{1}%
FMT_CARDMANAGER_043,고정 광역  |  {0}% 확률 2연타(2타 50%),RootDesk/MyDesk/Card/CardManager.mlua:18680,고정 광역  |  {0}% 확률 2연타(2타 50%),Fixed AoE  |  {0}% chance of 2 hits (2nd hit 50%),固定範圍  |  {0}%機率 2連擊(第2擊 50%),固定範囲  |  {0}%の確率で2連撃(2撃目 50%)
FMT_CARDMANAGER_044,타겟 {0}명  |  빙결 스택+1  |  추가타 대미지 {1}%,RootDesk/MyDesk/Card/CardManager.mlua:18683,타겟 {0}명  |  빙결 스택+1  |  추가타 대미지 {1}%,Targets {0}  |  Freeze Stack +1  |  Extra hit Damage {1}%,目標 {0}名  |  冰凍層數 +1  |  追加攻擊傷害 {1}%,ターゲット {0}体  |  凍結スタック +1  |  追加攻撃ダメージ {1}%
FMT_CARDMANAGER_045,타겟 {0}명  |  속박 3초  |  추가타 대미지 {1}%,RootDesk/MyDesk/Card/CardManager.mlua:18686,타겟 {0}명  |  속박 3초  |  추가타 대미지 {1}%,Targets {0}  |  Bind 3s  |  Extra hit Damage {1}%,目標 {0}名  |  束縛 3秒  |  追加攻擊傷害 {1}%,ターゲット {0}体  |  バインド 3秒  |  追加攻撃ダメージ {1}%
FMT_CARDMANAGER_046,화살 {0}발,RootDesk/MyDesk/Card/CardManager.mlua:18691,화살 {0}발,{0} Arrows,箭矢 {0}支,矢 {0}本
FMT_CARDMANAGER_047,{0}  |  강화 화살 {1}% ({2}% 대미지),RootDesk/MyDesk/Card/CardManager.mlua:18693,{0}  |  강화 화살 {1}% ({2}% 대미지),{0}  |  Enhanced Arrow {1}% ({2}% Damage),{0}  |  強化箭矢 {1}% ({2}% 傷害),{0}  |  強化矢 {1}% ({2}% ダメージ)
FMT_CARDMANAGER_048,착탄 {0}개  |  광역  |  슬로우 {1}% {2}초,RootDesk/MyDesk/Card/CardManager.mlua:18697,착탄 {0}개  |  광역  |  슬로우 {1}% {2}초,{0} Impacts  |  AoE  |  Slow {1}% {2}s,落點 {0}個  |  範圍  |  緩速 {1}% {2}秒,着弾 {0}個  |  範囲  |  スロー {1}% {2}秒
FMT_CARDMANAGER_049,착탄 {0}개  |  광역  |  슬로우 대상 +{1}% 대미지,RootDesk/MyDesk/Card/CardManager.mlua:18703,착탄 {0}개  |  광역  |  슬로우 대상 +{1}% 대미지,{0} Impacts  |  AoE  |  +{1}% Damage to Slowed,落點 {0}個  |  範圍  |  對緩速目標 +{1}% 傷害,着弾 {0}個  |  範囲  |  スロー中の敵に +{1}% ダメージ
FMT_CARDMANAGER_050,유지 {0}초  |  광역  |  슬로우 대상 +{1}% 대미지,RootDesk/MyDesk/Card/CardManager.mlua:18707,유지 {0}초  |  광역  |  슬로우 대상 +{1}% 대미지,Lasts {0}s  |  AoE  |  +{1}% Damage to Slowed,持續 {0}秒  |  範圍  |  對緩速目標 +{1}% 傷害,持続 {0}秒  |  範囲  |  スロー中の敵に +{1}% ダメージ
FMT_CARDMANAGER_051,화살 {0}발  |  관통 {1}회,RootDesk/MyDesk/Card/CardManager.mlua:18709,화살 {0}발  |  관통 {1}회,{0} Arrows  |  Pierce {1},箭矢 {0}支  |  穿透 {1}次,矢 {0}本  |  貫通 {1}回
FMT_CARDMANAGER_052,착탄 {0}개  |  광역,RootDesk/MyDesk/Card/CardManager.mlua:18711,착탄 {0}개  |  광역,{0} Impacts  |  AoE,落點 {0}個  |  範圍,着弾 {0}個  |  範囲
FMT_CARDMANAGER_053,화살 {0}발  |  관통 {1}회  |  크리티컬 +{2}%,RootDesk/MyDesk/Card/CardManager.mlua:18715,화살 {0}발  |  관통 {1}회  |  크리티컬 +{2}%,{0} Arrows  |  Pierce {1}  |  Critical +{2}%,箭矢 {0}支  |  穿透 {1}次  |  爆擊 +{2}%,矢 {0}本  |  貫通 {1}回  |  クリティカル +{2}%
FMT_CARDMANAGER_054,착탄 {0}개  |  광역  |  크리티컬 +{1}%,RootDesk/MyDesk/Card/CardManager.mlua:18719,착탄 {0}개  |  광역  |  크리티컬 +{1}%,{0} Impacts  |  AoE  |  Critical +{1}%,落點 {0}個  |  範圍  |  爆擊 +{1}%,着弾 {0}個  |  範囲  |  クリティカル +{1}%
FMT_CARDMANAGER_055,타겟 2명  |  넉백  |  타격 유닛 {0}%  |  광역 {1}% 대미지,RootDesk/MyDesk/Card/CardManager.mlua:18724,타겟 2명  |  넉백  |  타격 유닛 {0}%  |  광역 {1}% 대미지,Targets 2  |  Knockback  |  Struck unit {0}%  |  AoE {1}% Damage,目標 2名  |  擊退  |  被擊單位 {0}%  |  範圍 {1}% 傷害,ターゲット 2体  |  ノックバック  |  打撃ユニット {0}%  |  範囲 {1}% ダメージ
FMT_CARDMANAGER_056,타겟 {0}명  |  넉백  |  충돌 대상 {1}% 대미지,RootDesk/MyDesk/Card/CardManager.mlua:18726,타겟 {0}명  |  넉백  |  충돌 대상 {1}% 대미지,Targets {0}  |  Knockback  |  {1}% Damage to collided,目標 {0}名  |  擊退  |  碰撞目標 {1}% 傷害,ターゲット {0}体  |  ノックバック  |  衝突した敵に {1}% ダメージ
FMT_CARDMANAGER_057,"착탄 {0}개  |  광역  |  슬로우, 스턴 {1}초  |  슬로우 대상 {2}% 대미지",RootDesk/MyDesk/Card/CardManager.mlua:18730,"착탄 {0}개  |  광역  |  슬로우, 스턴 {1}초  |  슬로우 대상 {2}% 대미지","{0} Impacts  |  AoE  |  Slow, Stun {1}s  |  {2}% Damage to Slowed",落點 {0}個  |  範圍  |  緩速、暈眩 {1}秒  |  對緩速目標 {2}% 傷害,着弾 {0}個  |  範囲  |  スロー、スタン {1}秒  |  スロー中の敵に {2}% ダメージ
FMT_CARDMANAGER_058,유지 {0}초  |  광역  |  크리티컬 {1}%  |  슬로우 대상 {2}% 대미지,RootDesk/MyDesk/Card/CardManager.mlua:18735,유지 {0}초  |  광역  |  크리티컬 {1}%  |  슬로우 대상 {2}% 대미지,Lasts {0}s  |  AoE  |  Critical {1}%  |  {2}% Damage to Slowed,持續 {0}秒  |  範圍  |  爆擊 {1}%  |  對緩速目標 {2}% 傷害,持続 {0}秒  |  範囲  |  クリティカル {1}%  |  スロー中の敵に {2}% ダメージ
FMT_CARDMANAGER_059,최대 {0}명 연사  |  추가 타격 {1}% ({2}% 대미지),RootDesk/MyDesk/Card/CardManager.mlua:18741,최대 {0}명 연사  |  추가 타격 {1}% ({2}% 대미지),Rapid fire up to {0}  |  Extra hit {1}% ({2}% Damage),最多連射 {0}名  |  追加攻擊 {1}% ({2}% 傷害),最大 {0}体に連射  |  追加打撃 {1}% ({2}% ダメージ)
FMT_CARDMANAGER_060,연사 {0}발  |  강화 확률(화살마다) {1}%  |  강화 시 {2}연타({3}초 간격),RootDesk/MyDesk/Card/CardManager.mlua:18747,연사 {0}발  |  강화 확률(화살마다) {1}%  |  강화 시 {2}연타({3}초 간격),Rapid fire {0} shots  |  Enhance chance (per arrow) {1}%  |  When enhanced: {2} hits ({3}s interval),連射 {0}發  |  強化機率(每支箭) {1}%  |  強化時 {2}連擊(間隔 {3}秒),連射 {0}発  |  強化確率(矢ごと) {1}%  |  強化時 {2}連撃({3}秒間隔)
FMT_CARDMANAGER_061,추가 공격 대미지 {0}%,RootDesk/MyDesk/Card/CardManager.mlua:18749,추가 공격 대미지 {0}%,Extra Attack Damage {0}%,追加攻擊傷害 {0}%,追加攻撃ダメージ {0}%
FMT_CARDMANAGER_062,타겟 {0}명  |  콤보스택 +1,RootDesk/MyDesk/Card/CardManager.mlua:18751,타겟 {0}명  |  콤보스택 +1,Targets {0}  |  Combo Stack +1,目標 {0}名  |  連擊層數 +1,ターゲット {0}体  |  コンボスタック +1
FMT_CARDMANAGER_063,타겟 {0}명  |  광역  |  콤보스택 +1,RootDesk/MyDesk/Card/CardManager.mlua:18755,타겟 {0}명  |  광역  |  콤보스택 +1,Targets {0}  |  AoE  |  Combo Stack +1,目標 {0}名  |  範圍  |  連擊層數 +1,ターゲット {0}体  |  範囲  |  コンボスタック +1
FMT_CARDMANAGER_064,타겟 {0}명  |  넉백  |  타격 유닛 {1}% 대미지,RootDesk/MyDesk/Card/CardManager.mlua:18757,타겟 {0}명  |  넉백  |  타격 유닛 {1}% 대미지,Targets {0}  |  Knockback  |  Struck unit {1}% Damage,目標 {0}名  |  擊退  |  被擊單位 {1}% 傷害,ターゲット {0}体  |  ノックバック  |  打撃ユニット {1}% ダメージ
FMT_CARDMANAGER_065,타겟 {0}명  |  2연타(70%/50%)  |  {1}% 확률 4연타(60/50/40/30%),RootDesk/MyDesk/Card/CardManager.mlua:18761,타겟 {0}명  |  2연타(70%/50%)  |  {1}% 확률 4연타(60/50/40/30%),Targets {0}  |  2 hits (70%/50%)  |  {1}% chance of 4 hits (60/50/40/30%),目標 {0}名  |  2連擊(70%/50%)  |  {1}%機率 4連擊(60/50/40/30%),ターゲット {0}体  |  2連撃(70%/50%)  |  {1}%の確率で4連撃(60/50/40/30%)
FMT_CARDMANAGER_066,타겟 {0}명  |  속박{1}초  |  콤보스택 +1,RootDesk/MyDesk/Card/CardManager.mlua:18763,타겟 {0}명  |  속박{1}초  |  콤보스택 +1,Targets {0}  |  Bind {1}s  |  Combo Stack +1,目標 {0}名  |  束縛 {1}秒  |  連擊層數 +1,ターゲット {0}体  |  バインド {1}秒  |  コンボスタック +1
FMT_CARDMANAGER_067,지속 {0}초  |  2연타(50%/50%)  |  광역,RootDesk/MyDesk/Card/CardManager.mlua:18765,지속 {0}초  |  2연타(50%/50%)  |  광역,Lasts {0}s  |  2 hits (50%/50%)  |  AoE,持續 {0}秒  |  2連擊(50%/50%)  |  範圍,持続 {0}秒  |  2連撃(50%/50%)  |  範囲
FMT_CARDMANAGER_068,타겟 {0}명  |  콤보스택 +2  |  스턴 {1}초,RootDesk/MyDesk/Card/CardManager.mlua:18767,타겟 {0}명  |  콤보스택 +2  |  스턴 {1}초,Targets {0}  |  Combo Stack +2  |  Stun {1}s,目標 {0}名  |  連擊層數 +2  |  暈眩 {1}秒,ターゲット {0}体  |  コンボスタック +2  |  スタン {1}秒
FMT_CARDMANAGER_069,타겟 {0}명  |  광역  |  2타 대미지 {1}%  |  콤보스택 +1,RootDesk/MyDesk/Card/CardManager.mlua:18769,타겟 {0}명  |  광역  |  2타 대미지 {1}%  |  콤보스택 +1,Targets {0}  |  AoE  |  2nd hit Damage {1}%  |  Combo Stack +1,目標 {0}名  |  範圍  |  第2擊傷害 {1}%  |  連擊層數 +1,ターゲット {0}体  |  範囲  |  2撃目ダメージ {1}%  |  コンボスタック +1
FMT_CARDMANAGER_070,넉백  |  타격 유닛 {0}%  |  광역 대미지 {1}%,RootDesk/MyDesk/Card/CardManager.mlua:18772,넉백  |  타격 유닛 {0}%  |  광역 대미지 {1}%,Knockback  |  Struck unit {0}%  |  AoE Damage {1}%,擊退  |  被擊單位 {0}%  |  範圍傷害 {1}%,ノックバック  |  打撃ユニット {0}%  |  範囲ダメージ {1}%
FMT_CARDMANAGER_071,타겟 {0}명  |  콤보스택 +2,RootDesk/MyDesk/Card/CardManager.mlua:18774,타겟 {0}명  |  콤보스택 +2,Targets {0}  |  Combo Stack +2,目標 {0}名  |  連擊層數 +2,ターゲット {0}体  |  コンボスタック +2
FMT_CARDMANAGER_072,타겟 {0}명  |  검기 {1}개  |  콤보스택 +1,RootDesk/MyDesk/Card/CardManager.mlua:18776,타겟 {0}명  |  검기 {1}개  |  콤보스택 +1,Targets {0}  |  {1} Sword Waves  |  Combo Stack +1,目標 {0}名  |  劍氣 {1}道  |  連擊層數 +1,ターゲット {0}体  |  剣気 {1}個  |  コンボスタック +1
FMT_CARDMANAGER_073,타겟 {0}명  |  광역,RootDesk/MyDesk/Card/CardManager.mlua:18782,타겟 {0}명  |  광역,Targets {0}  |  AoE,目標 {0}名  |  範圍,ターゲット {0}体  |  範囲
FMT_CARDMANAGER_074,타겟 {0}명  |  분열 {1}개({2}%),RootDesk/MyDesk/Card/CardManager.mlua:18785,타겟 {0}명  |  분열 {1}개({2}%),Targets {0}  |  Split {1} ({2}%),目標 {0}名  |  分裂 {1}個({2}%),ターゲット {0}体  |  分裂 {1}個({2}%)
FMT_CARDMANAGER_075,지속 {0}초  |  추적  |  경로상 적 타격,RootDesk/MyDesk/Card/CardManager.mlua:18790,지속 {0}초  |  추적  |  경로상 적 타격,Lasts {0}s  |  Homing  |  Hits enemies in its path,持續 {0}秒  |  追蹤  |  攻擊路徑上的敵人,持続 {0}秒  |  追尾  |  経路上の敵を攻撃
FMT_CARDMANAGER_076,지속 {0}초  |  추적  |  경로상 적 타격  |  소멸 시 폭발 {1}%(광역),RootDesk/MyDesk/Card/CardManager.mlua:18792,지속 {0}초  |  추적  |  경로상 적 타격  |  소멸 시 폭발 {1}%(광역),Lasts {0}s  |  Homing  |  Hits enemies in its path  |  Explodes on expiry {1}% (AoE),持續 {0}秒  |  追蹤  |  攻擊路徑上的敵人  |  消失時爆炸 {1}%(範圍),持続 {0}秒  |  追尾  |  経路上の敵を攻撃  |  消滅時に爆発 {1}%(範囲)
FMT_CARDMANAGER_077,타겟 1명  |  광역  |  스턴 {0}초({1}%),RootDesk/MyDesk/Card/CardManager.mlua:18796,타겟 1명  |  광역  |  스턴 {0}초({1}%),Targets 1  |  AoE  |  Stun {0}s ({1}%),目標 1名  |  範圍  |  暈眩 {0}秒({1}%),ターゲット 1体  |  範囲  |  スタン {0}秒({1}%)
FMT_CARDMANAGER_078,타겟 {0}명  |  속박 {1}초(100%)  |  보스·엘리트 지속 1/2,RootDesk/MyDesk/Card/CardManager.mlua:18799,타겟 {0}명  |  속박 {1}초(100%)  |  보스·엘리트 지속 1/2,Targets {0}  |  Bind {1}s (100%)  |  Half duration on Bosses/Elites,目標 {0}名  |  束縛 {1}秒(100%)  |  首領·菁英持續時間減半,ターゲット {0}体  |  バインド {1}秒(100%)  |  ボス・エリートは持続1/2
FMT_CARDMANAGER_079,타겟 {0}명  |  지속 {1}초  |  설치 광역(범위 점차 증가),RootDesk/MyDesk/Card/CardManager.mlua:18802,타겟 {0}명  |  지속 {1}초  |  설치 광역(범위 점차 증가),Targets {0}  |  Lasts {1}s  |  Placed AoE (area grows over time),目標 {0}名  |  持續 {1}秒  |  設置型範圍(範圍逐漸擴大),ターゲット {0}体  |  持続 {1}秒  |  設置型範囲(範囲が徐々に拡大)
FMT_CARDMANAGER_080,타겟 {0}명  |  지속 {1}초  |  설치 광역(범위 점차 증가)  |  출혈 {2}%/초({3}초),RootDesk/MyDesk/Card/CardManager.mlua:18805,타겟 {0}명  |  지속 {1}초  |  설치 광역(범위 점차 증가)  |  출혈 {2}%/초({3}초),Targets {0}  |  Lasts {1}s  |  Placed AoE (area grows over time)  |  Bleed {2}%/s ({3}s),目標 {0}名  |  持續 {1}秒  |  設置型範圍(範圍逐漸擴大)  |  流血 {2}%/秒({3}秒),ターゲット {0}体  |  持続 {1}秒  |  設置型範囲(範囲が徐々に拡大)  |  出血 {2}%/秒({3}秒)
FMT_CARDMANAGER_081,타겟 {0}명  |  관통 {1}마리,RootDesk/MyDesk/Card/CardManager.mlua:18808,타겟 {0}명  |  관통 {1}마리,Targets {0}  |  Pierces {1},目標 {0}名  |  穿透 {1}隻,ターゲット {0}体  |  貫通 {1}体
FMT_CARDMANAGER_082,타겟 {0}명  |  4연타({1}% × 4)  |  크리 +{2}%,RootDesk/MyDesk/Card/CardManager.mlua:18810,타겟 {0}명  |  4연타({1}% × 4)  |  크리 +{2}%,Targets {0}  |  4 hits ({1}% × 4)  |  Crit +{2}%,目標 {0}名  |  4連擊({1}% × 4)  |  爆擊 +{2}%,ターゲット {0}体  |  4連撃({1}% × 4)  |  クリティカル +{2}%
FMT_CARDMANAGER_083,{0}발  |  관통 {1}마리({2}/{3}/{4}/{5}%),RootDesk/MyDesk/Card/CardManager.mlua:18814,{0}발  |  관통 {1}마리({2}/{3}/{4}/{5}%),{0} shots  |  Pierces {1} ({2}/{3}/{4}/{5}%),{0}發  |  穿透 {1}隻({2}/{3}/{4}/{5}%),{0}発  |  貫通 {1}体({2}/{3}/{4}/{5}%)
FMT_CARDMANAGER_084,타겟 {0}명  |  속박 {1}초(100%)  |  해제 시 추가타 {2}~{3}%  |  보스·엘리트 지속 1/2,RootDesk/MyDesk/Card/CardManager.mlua:18817,타겟 {0}명  |  속박 {1}초(100%)  |  해제 시 추가타 {2}~{3}%  |  보스·엘리트 지속 1/2,Targets {0}  |  Bind {1}s (100%)  |  Extra hit on release {2}~{3}%  |  Half duration on Bosses/Elites,目標 {0}名  |  束縛 {1}秒(100%)  |  解除時追加攻擊 {2}~{3}%  |  首領·菁英持續時間減半,ターゲット {0}体  |  バインド {1}秒(100%)  |  解除時に追加攻撃 {2}~{3}%  |  ボス・エリートは持続1/2
FMT_CARDMANAGER_085,"타겟 {0}명  |  광역  |  스톰 {1}초 추적(닿으면 {2}%, 같은 대상 {3}초당 1회)",RootDesk/MyDesk/Card/CardManager.mlua:18820,"타겟 {0}명  |  광역  |  스톰 {1}초 추적(닿으면 {2}%, 같은 대상 {3}초당 1회)","Targets {0}  |  AoE  |  Storm homes for {1}s ({2}% on contact, once per {3}s per target)",目標 {0}名  |  範圍  |  風暴追蹤 {1}秒(接觸時 {2}%，同一目標每{3}秒1次),ターゲット {0}体  |  範囲  |  ストームが{1}秒追尾(接触時 {2}%、同じ対象には{3}秒ごとに1回)
FMT_CARDMANAGER_086,타겟 {0}명  |  3연타(40/30/30%),RootDesk/MyDesk/Card/CardManager.mlua:18823,타겟 {0}명  |  3연타(40/30/30%),Targets {0}  |  3 hits (40/30/30%),目標 {0}名  |  3連擊(40/30/30%),ターゲット {0}体  |  3連撃(40/30/30%)
FMT_CARDMANAGER_087,타겟 {0}명  |  2연타({1}/{2}%),RootDesk/MyDesk/Card/CardManager.mlua:18826,타겟 {0}명  |  2연타({1}/{2}%),Targets {0}  |  2 hits ({1}/{2}%),目標 {0}名  |  2連擊({1}/{2}%),ターゲット {0}体  |  2連撃({1}/{2}%)
FMT_CARDMANAGER_088,타겟 {0}명  |  5연타(각 {1}%)  |  광역,RootDesk/MyDesk/Card/CardManager.mlua:18832,타겟 {0}명  |  5연타(각 {1}%)  |  광역,Targets {0}  |  5 hits ({1}% each)  |  AoE,目標 {0}名  |  5連擊(各 {1}%)  |  範圍,ターゲット {0}体  |  5連撃(各 {1}%)  |  範囲
FMT_CARDMANAGER_089,타겟 {0}명  |  명중 -{1}%(보스/엘리트 절반)  |  지속 {2}초  |  광역  |  추가 대미지 {3}%,RootDesk/MyDesk/Card/CardManager.mlua:18835,타겟 {0}명  |  명중 -{1}%(보스/엘리트 절반)  |  지속 {2}초  |  광역  |  추가 대미지 {3}%,Targets {0}  |  Accuracy -{1}% (half on Bosses/Elites)  |  Lasts {2}s  |  AoE  |  Bonus Damage {3}%,目標 {0}名  |  命中 -{1}%(首領/菁英減半)  |  持續 {2}秒  |  範圍  |  追加傷害 {3}%,ターゲット {0}体  |  命中 -{1}%(ボス/エリートは半減)  |  持続 {2}秒  |  範囲  |  追加ダメージ {3}%
FMT_CARDMANAGER_090,타겟 2명  |  크리티컬 확률 +{0}%  |  광역  |  메소 100%/아이템 50%,RootDesk/MyDesk/Card/CardManager.mlua:18838,타겟 2명  |  크리티컬 확률 +{0}%  |  광역  |  메소 100%/아이템 50%,Targets 2  |  Critical Rate +{0}%  |  AoE  |  Meso 100% / Item 50%,目標 2名  |  爆擊率 +{0}%  |  範圍  |  楓幣 100%/道具 50%,ターゲット 2体  |  クリティカル率 +{0}%  |  範囲  |  メル 100%/アイテム 50%
FMT_CARDMANAGER_091,메소 폭발  |  2연타(50/50%)  |  스턴 {0}% 확률 {1}초  |  기본 공격 시 30% 확률 메소 드랍,RootDesk/MyDesk/Card/CardManager.mlua:18841,메소 폭발  |  2연타(50/50%)  |  스턴 {0}% 확률 {1}초  |  기본 공격 시 30% 확률 메소 드랍,Meso Explosion  |  2 hits (50/50%)  |  {0}% chance to Stun {1}s  |  30% chance to drop Meso on Basic Attack,楓幣爆炸  |  2連擊(50/50%)  |  {0}%機率暈眩 {1}秒  |  普通攻擊時 30%機率掉落楓幣,メル爆発  |  2連撃(50/50%)  |  {0}%の確率でスタン {1}秒  |  通常攻撃時 30%の確率でメルをドロップ
FMT_CARDMANAGER_092,지속 {0}초  |  분신 소환 대미지  |  스킬 {1}%  |  기본공격 {2}%,RootDesk/MyDesk/Card/CardManager.mlua:18843,지속 {0}초  |  분신 소환 대미지  |  스킬 {1}%  |  기본공격 {2}%,Lasts {0}s  |  Clone Damage  |  Skill {1}%  |  Basic Attack {2}%,持續 {0}秒  |  分身傷害  |  技能 {1}%  |  普通攻擊 {2}%,持続 {0}秒  |  分身ダメージ  |  スキル {1}%  |  通常攻撃 {2}%
FMT_CARDMANAGER_093,착탄 {0}개  |  스턴 {1}초,RootDesk/MyDesk/Card/CardManager.mlua:18849,착탄 {0}개  |  스턴 {1}초,{0} Impacts  |  Stun {1}s,落點 {0}個  |  暈眩 {1}秒,着弾 {0}個  |  スタン {1}秒
FMT_CARDMANAGER_094,타겟 {0}명  |  3연타({1}/{2}/{3}%),RootDesk/MyDesk/Card/CardManager.mlua:18852,타겟 {0}명  |  3연타({1}/{2}/{3}%),Targets {0}  |  3 hits ({1}/{2}/{3}%),目標 {0}名  |  3連擊({1}/{2}/{3}%),ターゲット {0}体  |  3連撃({1}/{2}/{3}%)
FMT_CARDMANAGER_095,타겟 {0}명  |  명중 -{1}%(보스/엘리트 절반)  |  지속 {2}초  |  광역,RootDesk/MyDesk/Card/CardManager.mlua:18855,타겟 {0}명  |  명중 -{1}%(보스/엘리트 절반)  |  지속 {2}초  |  광역,Targets {0}  |  Accuracy -{1}% (half on Bosses/Elites)  |  Lasts {2}s  |  AoE,目標 {0}名  |  命中 -{1}%(首領/菁英減半)  |  持續 {2}秒  |  範圍,ターゲット {0}体  |  命中 -{1}%(ボス/エリートは半減)  |  持続 {2}秒  |  範囲
FMT_CARDMANAGER_096,타겟 {0}명  |  크리티컬 확률 +{1}%  |  광역,RootDesk/MyDesk/Card/CardManager.mlua:18858,타겟 {0}명  |  크리티컬 확률 +{1}%  |  광역,Targets {0}  |  Critical Rate +{1}%  |  AoE,目標 {0}名  |  爆擊率 +{1}%  |  範圍,ターゲット {0}体  |  クリティカル率 +{1}%  |  範囲
FMT_CARDMANAGER_097,타겟 {0}명  |  메소 드랍 100%  |  아이템 드랍 {1}%,RootDesk/MyDesk/Card/CardManager.mlua:18860,타겟 {0}명  |  메소 드랍 100%  |  아이템 드랍 {1}%,Targets {0}  |  Meso Drop 100%  |  Item Drop {1}%,目標 {0}名  |  楓幣掉落 100%  |  道具掉落 {1}%,ターゲット {0}体  |  メルドロップ 100%  |  アイテムドロップ {1}%
FMT_CARDMANAGER_098,메소 폭발  |  광역  |  기본 공격 시 {0}% 확률로 메소 드랍,RootDesk/MyDesk/Card/CardManager.mlua:18863,메소 폭발  |  광역  |  기본 공격 시 {0}% 확률로 메소 드랍,Meso Explosion  |  AoE  |  {0}% chance to drop Meso on Basic Attack,楓幣爆炸  |  範圍  |  普通攻擊時 {0}%機率掉落楓幣,メル爆発  |  範囲  |  通常攻撃時 {0}%の確率でメルをドロップ
FMT_CARDMANAGER_099,지속 {0}초  |  분신 소환 대미지 {1}%,RootDesk/MyDesk/Card/CardManager.mlua:18865,지속 {0}초  |  분신 소환 대미지 {1}%,Lasts {0}s  |  Clone Damage {1}%,持續 {0}秒  |  分身傷害 {1}%,持続 {0}秒  |  分身ダメージ {1}%
FMT_EPISODEREWARDUI_001,"EP{0}
{1}분 생존!",RootDesk/MyDesk/EpisodeReward/EpisodeRewardUI.mlua:180,"EP{0}
{1}분 생존!","EP{0}
Survive {1} min!","EP{0}
存活{1}分鐘！","EP{0}
{1}分間生存！"
FMT_EPISODEREWARDUI_002,{0} 달성! 보상을 받으세요,RootDesk/MyDesk/EpisodeReward/EpisodeRewardUI.mlua:231,{0} 달성! 보상을 받으세요,{0} achieved! Claim your reward,達成{0}！請領取獎勵,{0}達成！報酬を受け取ってください
FMT_EPISODEREWARDUI_003,EP{0}에서 한 판 {1}분을 버티면 받을 수 있어요 (모든 모드),RootDesk/MyDesk/EpisodeReward/EpisodeRewardUI.mlua:234,EP{0}에서 한 판 {1}분을 버티면 받을 수 있어요 (모든 모드),Survive {1} min in a single run of EP{0} to claim (All modes),在EP{0}的單場遊戲中撐過{1}分鐘即可領取(所有模式),EP{0}の1プレイで{1}分生存すると受取可(全モード)
FMT_EPISODEREWARDUI_004,EP{0}에서 {1}분을 버텨야 받을 수 있어요,RootDesk/MyDesk/EpisodeReward/EpisodeRewardUI.mlua:255,EP{0}에서 {1}분을 버텨야 받을 수 있어요,Survive {1} min in EP{0} to claim,在EP{0}撐過{1}分鐘即可領取,EP{0}で{1}分間耐えると受け取れます
FMT_EPISODEREWARDUI_005,{0} 칸이 가득 찼어요! 정리한 뒤 다시 받아주세요,RootDesk/MyDesk/EpisodeReward/EpisodeRewardUI.mlua:314,{0} 칸이 가득 찼어요! 정리한 뒤 다시 받아주세요,Your {0} tab is full! Make some room and claim again,{0}欄位已滿！請整理後再領取,{0}欄がいっぱいです！整理してからもう一度受け取ってください
FMT_GACHAUI_001,{0} 뽑기,RootDesk/MyDesk/GachaUI.mlua:478,{0} 뽑기,{0} Draw,{0}抽取,{0}ガチャ
FMT_GACHAUI_002,획득한 {0}!,RootDesk/MyDesk/GachaUI.mlua:480,획득한 {0}!,Obtained {0}!,獲得的{0}！,獲得した{0}！
FMT_GACHAUI_003,{0} 뽑기 X1,RootDesk/MyDesk/GachaUI.mlua:481,{0} 뽑기 X1,{0} Draw X1,{0}抽取 X1,{0}ガチャ X1
FMT_GACHAUI_004,{0} 뽑기 X10,RootDesk/MyDesk/GachaUI.mlua:482,{0} 뽑기 X10,{0} Draw X10,{0}抽取 X10,{0}ガチャ X10
FMT_GACHAUI_005,무료 ({0}),RootDesk/MyDesk/GachaUI.mlua:498,무료 ({0}),Free ({0}),免費 ({0}),無料 ({0})
FMT_IDLEREWARDUI_001,자동 시간 : {0},RootDesk/MyDesk/IdleReward/IdleRewardUI.mlua:195,자동 시간 : {0},Idle time: {0},自動時間：{0},放置時間：{0}
FMT_IDLEREWARDUI_002,{0} · 진행 보너스 +{1}%,RootDesk/MyDesk/IdleReward/IdleRewardUI.mlua:198,{0} · 진행 보너스 +{1}%,{0} · Progress Bonus +{1}%,{0} · 進度加成 +{1}%,{0} · 進行ボーナス +{1}%
FMT_IDLEREWARDUI_003,{0} — 가득 찼어요!),RootDesk/MyDesk/IdleReward/IdleRewardUI.mlua:200,{0} — 가득 찼어요!),{0} — Full!),{0} — 已滿！),{0} — いっぱいです！)
FMT_IDLEREWARDUI_004,"장비는 {0}시간마다 1개씩 쌓여요
(다음 장비까지 {1})",RootDesk/MyDesk/IdleReward/IdleRewardUI.mlua:250,"장비는 {0}시간마다 1개씩 쌓여요
(다음 장비까지 {1})","1 equipment item is stored every {0} hr
(Next item in {1})","每{0}小時累積1件裝備
(距離下一件裝備 {1})","装備は{0}時間ごとに1個ずつ貯まります
(次の装備まで {1})"
FMT_IDLEREWARDUI_005,최소 {0}분은 방치해야 받을 수 있어요,RootDesk/MyDesk/IdleReward/IdleRewardUI.mlua:291,최소 {0}분은 방치해야 받을 수 있어요,You must be idle for at least {0} min to claim,至少需要放置{0}分鐘才能領取,最低{0}分間放置すると受け取れます
FMT_IDLEREWARDUI_006,장비 인벤토리가 가득 찼어요! 자리가 없는 장비 {0}개는 사라질 수 있어요,RootDesk/MyDesk/IdleReward/IdleRewardUI.mlua:329,장비 인벤토리가 가득 찼어요! 자리가 없는 장비 {0}개는 사라질 수 있어요,Equipment inventory is full! {0} item(s) without space may be lost,裝備背包已滿！沒有空位的{0}件裝備可能會消失,装備インベントリがいっぱいです！空きのない装備{0}個は消える可能性があります
FMT_IDLEREWARDUI_007,"자리가 없는 장비 {0}개는 사라져요.
그래도 받을까요?",RootDesk/MyDesk/IdleReward/IdleRewardUI.mlua:333,"자리가 없는 장비 {0}개는 사라져요.
그래도 받을까요?","{0} item(s) without space will be lost.
Claim anyway?","沒有空位的{0}件裝備將會消失。
仍要領取嗎？","空きのない装備{0}個は消えます。
それでも受け取りますか？"
FMT_UICOMPOSEPOPUP_001,"{0}
(최고 등급)",RootDesk/MyDesk/Inventory/UI/UIComposePopup.mlua:667,"{0}
(최고 등급)","{0}
(Highest grade)","{0}
(最高等級)","{0}
(最高等級)"
FMT_UICOMPOSEPOPUP_002,품질 {0} 유지,RootDesk/MyDesk/Inventory/UI/UIComposePopup.mlua:689,품질 {0} 유지,Quality {0} kept,維持品質 {0},品質 {0} 維持
FMT_UICOMPOSEPOPUP_003,품질 {0} 승급,RootDesk/MyDesk/Inventory/UI/UIComposePopup.mlua:690,품질 {0} 승급,Quality upgraded to {0},品質晉升 {0},品質 {0} に昇格
FMT_LEVELREWARDUI_001,레벨 {0}이 되면 받을 수 있어요,RootDesk/MyDesk/PlayerLevel/LevelRewardUI.mlua:313,레벨 {0}이 되면 받을 수 있어요,Available at Level {0},達到等級 {0} 即可領取,レベル{0}になると受け取れます
FMT_RAIDLOGIC_001,주간 레이드 {0} 등급 보상 + 반지 강화 주문서 {1}장을 받았어요!,RootDesk/MyDesk/Raid/RaidLogic.mlua:728,주간 레이드 {0} 등급 보상 + 반지 강화 주문서 {1}장을 받았어요!,You received the Weekly Raid Grade {0} reward + {1} Ring Enhancement Scroll(s)!,已獲得每週突襲 {0} 等級獎勵 + 戒指強化卷軸 {1}張！,週間レイド{0}等級報酬 + 指輪強化の書{1}枚を受け取りました！
FMT_RAIDLOGIC_002,주간 레이드 {0} 등급 보상 + 다이아 {1} + 반지 강화 주문서 {2}장을 받았어요!,RootDesk/MyDesk/Raid/RaidLogic.mlua NotifyClaimResult,주간 레이드 {0} 등급 보상 + 다이아 {1} + 반지 강화 주문서 {2}장을 받았어요!,You received the Weekly Raid Grade {0} reward + {1} Diamonds + {2} Ring Enhancement Scroll(s)!,已獲得每週突襲 {0} 等級獎勵 + 鑽石 {1} + 戒指強化卷軸 {2}張！,週間レイド{0}等級報酬 + ダイヤ{1} + 指輪強化の書{2}枚を受け取りました！
FMT_RAIDUI_001,보스 체력  {0}%,RootDesk/MyDesk/Raid/RaidUI.mlua:275,보스 체력  {0}%,Boss HP  {0}%,首領體力  {0}%,ボスHP  {0}%
FMT_RAIDUI_002,{0}까지 {1}%,RootDesk/MyDesk/Raid/RaidUI.mlua RefreshRewardBox,{0}까지 {1}%,{1}% to {0},距離{0}還差{1}%,{0}まであと{1}%
FMT_RAIDUI_003,{0}% 이상,RootDesk/MyDesk/Raid/RaidUI.mlua FillRewardTable,{0}% 이상,{0}%+,{0}%以上,{0}%以上
FMT_RELICUPGRADEUI_001,"{0}
보유 시 {1}{2} — 아직 보유하지 않은 유물입니다",RootDesk/MyDesk/Relic/RelicUpgradeUI.mlua:86,"{0}
보유 시 {1}{2} — 아직 보유하지 않은 유물입니다","{0}
When owned: {1}{2} — You don't own this relic yet","{0}
持有時 {1}{2} — 尚未持有此遺物","{0}
所持時 {1}{2} — まだ所持していない遺物です"
FMT_RELICUPGRADEUI_002,"{0} {1}{2}
최대 레벨입니다",RootDesk/MyDesk/Relic/RelicUpgradeUI.mlua:96,"{0} {1}{2}
최대 레벨입니다","{0} {1}{2}
Max level","{0} {1}{2}
已達最高等級","{0} {1}{2}
最大レベルです"
FMT_RELICUPGRADEUI_003,{0}코인,RootDesk/MyDesk/Relic/RelicUpgradeUI.mlua:110,{0}코인,{0} Coins,{0}金幣,{0}コイン
FMT_SKILLUPGRADEUI_001,"다음 레벨: Lv.{0}
{1}",RootDesk/MyDesk/Skill/SkillUpgradeUI.mlua:115,"다음 레벨: Lv.{0}
{1}","Next level: Lv.{0}
{1}","下一等級：Lv.{0}
{1}","次のレベル：Lv.{0}
{1}"
FMT_GAMEOVERUI_001,{0} 점,RootDesk/MyDesk/UI/GameOverUI.mlua:125,{0} 점,{0} pts,{0} 分,{0} 点
FMT_RANKUI_001,{0}위 밖,RootDesk/MyDesk/UI/RankUI.mlua:245,{0}위 밖,Outside Top {0},{0}名以外,{0}位圏外
FMT_RUNSTARTCONFIRMUI_001,{0} 인벤토리가 가득 찼어요!,RootDesk/MyDesk/UI/RunStartConfirmUI.mlua:79,{0} 인벤토리가 가득 찼어요!,Your {0} inventory is full!,{0}背包已滿！,{0}欄がいっぱいです！
FMT_SHOPUI_001,다이아 {0},RootDesk/MyDesk/UI/ShopUI.mlua:135,다이아 {0},{0} Diamonds,鑽石 {0},ダイヤ {0}
FMT_WORLDCHARACTERSELECTUI_001,"공격력 {0}%
체력 {1}%",RootDesk/MyDesk/UI/WorldCharacterSelectUI.mlua:206,"공격력 {0}%
체력 {1}%","ATK {0}%
HP {1}%","攻擊力 {0}%
體力 {1}%","攻撃力 {0}%
HP {1}%"
FMT_WORLDCHARACTERSELECTUI_002,"{0}

장비
({1} / {2})",RootDesk/MyDesk/UI/WorldCharacterSelectUI.mlua:382,"{0}

장비
({1} / {2})","{0}

Equipment
({1} / {2})","{0}

裝備
({1} / {2})","{0}

装備
({1} / {2})"
FMT_WORLDCHARACTERSELECTUI_003,"{0}

몬스터 처치
({1} / {2})",RootDesk/MyDesk/UI/WorldCharacterSelectUI.mlua:384,"{0}

몬스터 처치
({1} / {2})","{0}

Monsters Defeated
({1} / {2})","{0}

擊敗怪物
({1} / {2})","{0}

モンスター討伐
({1} / {2})"
FMT_EP2MAP2ARENALOGIC_001,다시하기 (-{0}),RootDesk/MyDesk/Ep2Map2ArenaLogic.mlua,다시하기 (-{0}),Retry (-{0}),重試 (-{0}),リトライ (-{0})
FMT_ATTENDANCELOGIC_001,{0}개,RootDesk/MyDesk/Attendance/AttendanceLogic.mlua,{0}개,x{0},{0}個,{0}個
FMT_EPISODEREWARDLOGIC_001,EP{0} {1}분 생존!,RootDesk/MyDesk/EpisodeReward/EpisodeRewardLogic.mlua,EP{0} {1}분 생존!,EP{0}: Survive {1} min!,EP{0} 存活{1}分鐘！,EP{0} {1}分間生存！
FMT_EPISODEREWARDLOGIC_002,{0} {1}분 생존 시 열림,RootDesk/MyDesk/EpisodeReward/EpisodeRewardLogic.mlua,{0} {1}분 생존 시 열림,Survive {1} min in {0} to unlock,在{0}存活{1}分鐘後開放,{0}で{1}分間生存すると解放
FMT_LEVELREWARDLOGIC_001,{0} 무기,RootDesk/MyDesk/PlayerLevel/LevelRewardLogic.mlua,{0} 무기,{0} Weapon,{0}武器,{0}武器
FMT_LEVELREWARDLOGIC_002,{0} 장비,RootDesk/MyDesk/PlayerLevel/LevelRewardLogic.mlua,{0} 장비,{0} Equipment,{0}裝備,{0}装備
FMT_LEVELREWARDLOGIC_003,레벨 {0} 보상,RootDesk/MyDesk/PlayerLevel/LevelRewardLogic.mlua,레벨 {0} 보상,Level {0} Reward,等級 {0} 獎勵,レベル{0}報酬
FMT_MAP23ERDASEASTEREGGLOGIC_001,{0} 에르다스가 소환되었다.,RootDesk/MyDesk/Puzzle/Map23ErdasEasterEggLogic.mlua,{0} 에르다스가 소환되었다.,{0} Erdas has been summoned.,{0}艾爾達斯被召喚了。,{0}のエルダスが召喚された。
FMT_MAP24TREASURECHESTLOGIC_001,유물 뽑기권 {0}장 획득!,RootDesk/MyDesk/Puzzle/Map24TreasureChestLogic.mlua,유물 뽑기권 {0}장 획득!,Got {0} Relic Draw Ticket(s)!,獲得遺物抽取券 {0}張！,遺物ガチャチケットを{0}枚獲得！
FMT_EP2MAP4GALLERYPORTALTRIGGER_001,{0}가 부족합니다 ({1}/{2}),RootDesk/MyDesk/Puzzle/Ep2Map4GalleryPortalTrigger.mlua,{0}가 부족합니다 ({1}/{2}),Not enough {0} ({1}/{2}),{0}不足 ({1}/{2}),{0}が足りません ({1}/{2})
FMT_RELICUPGRADEUI_004,"{0} {1}{2}
다음 레벨: {3}{2}",RootDesk/MyDesk/Relic/RelicUpgradeUI.mlua,"{0} {1}{2}
다음 레벨: {3}{2}","{0} {1}{2}
Next level: {3}{2}","{0} {1}{2}
下一等級：{3}{2}","{0} {1}{2}
次のレベル：{3}{2}"
FMT_CARDMANAGER_100,중복 스킬을 획득해 {0} 스킬의 레벨이 올랐습니다!,RootDesk/MyDesk/Card/CardManager.mlua,중복 스킬을 획득해 {0} 스킬의 레벨이 올랐습니다!,Got a duplicate skill — {0} leveled up!,獲得重複技能，{0} 等級提升了！,重複スキルを獲得し、{0}のレベルが上がりました！
FMT_CARDMANAGER_101,카드 {0},RootDesk/MyDesk/Card/CardManager.mlua,카드 {0},Card {0},卡片 {0},カード {0}
ITEMNAME_10001,펜살리르 배틀헬름,RootDesk/MyDesk/Inventory/DataSet/ItemDataTable.csv Id=10001,펜살리르 배틀헬름,Pensalir Battle Helm,潘薩利爾戰鬥頭盔,ペンサリルバトルヘルム
ITEMNAME_30001,펜살리르 배틀글러브,RootDesk/MyDesk/Inventory/DataSet/ItemDataTable.csv Id=30001,펜살리르 배틀글러브,Pensalir Battle Gloves,潘薩利爾戰鬥手套,ペンサリルバトルグローブ
ITEMNAME_40001,펜살리르 배틀부츠,RootDesk/MyDesk/Inventory/DataSet/ItemDataTable.csv Id=40001,펜살리르 배틀부츠,Pensalir Battle Boots,潘薩利爾戰鬥長靴,ペンサリルバトルブーツ
ITEMNAME_50001,펜살리르 배틀케이프,RootDesk/MyDesk/Inventory/DataSet/ItemDataTable.csv Id=50001,펜살리르 배틀케이프,Pensalir Battle Cape,潘薩利爾戰鬥披風,ペンサリルバトルケープ
ITEMNAME_20001,펜살리르 배틀메일,RootDesk/MyDesk/Inventory/DataSet/ItemDataTable.csv Id=20001,펜살리르 배틀메일,Pensalir Battle Mail,潘薩利爾戰鬥鎧甲,ペンサリルバトルメイル
ITEMNAME_80001,마이스터 숄더,RootDesk/MyDesk/Inventory/DataSet/ItemDataTable.csv Id=80001,마이스터 숄더,Meister Shoulder,麥斯特肩甲,マイスターショルダー
ITEMNAME_60001,파프니르 머시,RootDesk/MyDesk/Inventory/DataSet/ItemDataTable.csv Id=60001,파프니르 머시,Fafnir Mercy,法夫納慈悲,ファフニールマーシー
ITEMNAME_70001,노블 블레이드바인더,RootDesk/MyDesk/Inventory/DataSet/ItemDataTable.csv Id=70001,노블 블레이드바인더,Noble Bladebinder,高貴縛刃,ノーブルブレードバインダー
ITEMNAME_90001,에스텔라 이어링,RootDesk/MyDesk/Inventory/DataSet/ItemDataTable.csv Id=90001,에스텔라 이어링,Estella Earrings,艾絲特拉耳環,エステライヤリング
ITEMNAME_100001,가디언 엔젤 펜던트,RootDesk/MyDesk/Inventory/DataSet/ItemDataTable.csv Id=100001,가디언 엔젤 펜던트,Guardian Angel Pendant,守護天使墜飾,ガーディアンエンジェルペンダント
ITEMNAME_500001,스태미나,RootDesk/MyDesk/Inventory/DataSet/ItemDataTable.csv Id=500001,스태미나,Stamina,體力,スタミナ
ITEMNAME_60002,나무 스태프,RootDesk/MyDesk/Inventory/DataSet/ItemDataTable.csv Id=60002,나무 스태프,Wooden Staff,木製法杖,木の杖
ITEMNAME_60003,워 보우,RootDesk/MyDesk/Inventory/DataSet/ItemDataTable.csv Id=60003,워 보우,War Bow,戰鬥之弓,ウォーボウ
ITEMNAME_60004,양손검,RootDesk/MyDesk/Inventory/DataSet/ItemDataTable.csv Id=60004,양손검,Two-Handed Sword,雙手劍,両手剣
ITEMNAME_60005,삼각 자마다르,RootDesk/MyDesk/Inventory/DataSet/ItemDataTable.csv Id=60005,삼각 자마다르,Triangular Jamadhar,三角拳刃,三角ジャマダハル
ITEMNAME_20002,드라카즈 제복,RootDesk/MyDesk/Inventory/DataSet/ItemDataTable.csv Id=20002,드라카즈 제복,Drakaz Uniform,德拉卡茲制服,ドラカズの制服
ITEMNAME_20003,기사단 제복,RootDesk/MyDesk/Inventory/DataSet/ItemDataTable.csv Id=20003,기사단 제복,Knights' Uniform,騎士團制服,騎士団の制服
ITEMNAME_10002,신문지 투구,RootDesk/MyDesk/Inventory/DataSet/ItemDataTable.csv Id=10002,신문지 투구,Newspaper Helmet,報紙頭盔,新聞紙のかぶと
ITEMNAME_30002,노가다 목장갑,RootDesk/MyDesk/Inventory/DataSet/ItemDataTable.csv Id=30002,노가다 목장갑,Work Gloves,工作手套,軍手
ITEMNAME_50002,허름한 망토,RootDesk/MyDesk/Inventory/DataSet/ItemDataTable.csv Id=50002,허름한 망토,Shabby Cape,破舊的披風,みすぼらしいマント
ITEMNAME_510001,무기 강화 주문서,RootDesk/MyDesk/Inventory/DataSet/ItemDataTable.csv Id=510001,무기 강화 주문서,Weapon Enhancement Scroll,武器強化卷軸,武器強化の書
ITEMNAME_510002,갑옷 강화 주문서,RootDesk/MyDesk/Inventory/DataSet/ItemDataTable.csv Id=510002,갑옷 강화 주문서,Armor Enhancement Scroll,鎧甲強化卷軸,鎧強化の書
ITEMNAME_510003,모자 강화 주문서,RootDesk/MyDesk/Inventory/DataSet/ItemDataTable.csv Id=510003,모자 강화 주문서,Hat Enhancement Scroll,帽子強化卷軸,帽子強化の書
ITEMNAME_510004,장갑 강화 주문서,RootDesk/MyDesk/Inventory/DataSet/ItemDataTable.csv Id=510004,장갑 강화 주문서,Glove Enhancement Scroll,手套強化卷軸,手袋強化の書
ITEMNAME_510005,망토 강화 주문서,RootDesk/MyDesk/Inventory/DataSet/ItemDataTable.csv Id=510005,망토 강화 주문서,Cape Enhancement Scroll,披風強化卷軸,マント強化の書
ITEMNAME_110002,무명의 은반지,RootDesk/MyDesk/Inventory/DataSet/ItemDataTable.csv Id=110002,무명의 은반지,Nameless Silver Ring,無名的銀戒指,名もなき銀の指輪
ITEMNAME_510006,반지 강화 주문서,RootDesk/MyDesk/Inventory/DataSet/ItemDataTable.csv Id=510006,반지 강화 주문서,Ring Enhancement Scroll,戒指強化卷軸,指輪強化の書
UI_TITLEGROUP_039,보스 레이드,ui/TitleGroup.ui RaidButton/RaidLabel,보스 레이드,Boss Raid,首領突襲,ボスレイド
MLUA_INVENTORYEXPANDLOGIC_003,장신구,RootDesk/MyDesk/Inventory/Core/Logic/InventoryExpandLogic.mlua | RootDesk/MyDesk/UIInventoryTabHolder.mlua,장신구,Accessory,飾品,アクセサリー
MLUA_ACHIEVEMENTLOGIC_101,보스 레이드 도전,RootDesk/MyDesk/Achievement/AchievementLogic.mlua,보스 레이드 도전,Raid Challenger,突襲挑戰者,レイド挑戦者
MLUA_ACHIEVEMENTLOGIC_102,보스 레이드 1회 입장,RootDesk/MyDesk/Achievement/AchievementLogic.mlua,보스 레이드 1회 입장,Enter the Boss Raid once,進入首領突襲1次,ボスレイドに1回入場
MLUA_ACHIEVEMENTLOGIC_103,첫 레이드 보상,RootDesk/MyDesk/Achievement/AchievementLogic.mlua,첫 레이드 보상,First Raid Reward,首次突襲獎勵,初めてのレイド報酬
MLUA_ACHIEVEMENTLOGIC_104,레이드 주간 보상 1회 수령,RootDesk/MyDesk/Achievement/AchievementLogic.mlua,레이드 주간 보상 1회 수령,Claim the weekly Raid reward once,領取突襲每週獎勵1次,レイド週間報酬を1回受け取る
MLUA_ACHIEVEMENTLOGIC_105,레이드 단골,RootDesk/MyDesk/Achievement/AchievementLogic.mlua,레이드 단골,Raid Regular,突襲常客,レイドの常連
MLUA_ACHIEVEMENTLOGIC_106,레이드 주간 보상 4회 수령,RootDesk/MyDesk/Achievement/AchievementLogic.mlua,레이드 주간 보상 4회 수령,Claim the weekly Raid reward 4 times,領取突襲每週獎勵4次,レイド週間報酬を4回受け取る
MLUA_ACHIEVEMENTLOGIC_107,레이드 정예,RootDesk/MyDesk/Achievement/AchievementLogic.mlua,레이드 정예,Raid Elite,突襲精英,レイドの精鋭
MLUA_ACHIEVEMENTLOGIC_108,레이드 C등급 이상 달성,RootDesk/MyDesk/Achievement/AchievementLogic.mlua,레이드 C등급 이상 달성,Reach Raid grade C or higher,突襲達成C等級以上,レイドでCランク以上を達成
MLUA_ACHIEVEMENTLOGIC_109,레이드 정복자,RootDesk/MyDesk/Achievement/AchievementLogic.mlua,레이드 정복자,Raid Conqueror,突襲征服者,レイド征服者
MLUA_ACHIEVEMENTLOGIC_110,레이드 S등급 달성,RootDesk/MyDesk/Achievement/AchievementLogic.mlua,레이드 S등급 달성,Reach Raid grade S,突襲達成S等級,レイドでSランクを達成
MLUA_ACHIEVEMENTLOGIC_111,재력가,RootDesk/MyDesk/Achievement/AchievementLogic.mlua,재력가,Wealthy,有錢人,お金持ち
MLUA_ACHIEVEMENTLOGIC_112,"다이아 누적 1,000개 사용",RootDesk/MyDesk/Achievement/AchievementLogic.mlua,"다이아 누적 1,000개 사용","Spend a total of 1,000 Diamonds","累計使用1,000鑽石","ダイヤを累計1,000個使用"
MLUA_ACHIEVEMENTLOGIC_113,갑부,RootDesk/MyDesk/Achievement/AchievementLogic.mlua,갑부,Tycoon,富豪,富豪
MLUA_ACHIEVEMENTLOGIC_114,"다이아 누적 5,000개 사용",RootDesk/MyDesk/Achievement/AchievementLogic.mlua,"다이아 누적 5,000개 사용","Spend a total of 5,000 Diamonds","累計使用5,000鑽石","ダイヤを累計5,000個使用"
MLUA_ACHIEVEMENTLOGIC_115,대부호,RootDesk/MyDesk/Achievement/AchievementLogic.mlua,대부호,Magnate,大富豪,大富豪
MLUA_ACHIEVEMENTLOGIC_116,다이아 누적 2만 개 사용,RootDesk/MyDesk/Achievement/AchievementLogic.mlua,다이아 누적 2만 개 사용,Spend a total of 20K Diamonds,累計使用2萬鑽石,ダイヤを累計2万個使用
MLUA_ACHIEVEMENTLOGIC_117,씀씀이 좋은 모험가,RootDesk/MyDesk/Achievement/AchievementLogic.mlua,씀씀이 좋은 모험가,Generous Adventurer,出手大方的冒險家,気前のいい冒険者
MLUA_ACHIEVEMENTLOGIC_118,골드 누적 10만 사용,RootDesk/MyDesk/Achievement/AchievementLogic.mlua,골드 누적 10만 사용,Spend a total of 100K Gold,累計使用10萬金幣,ゴールドを累計10万使用
MLUA_ACHIEVEMENTLOGIC_119,골드 큰손,RootDesk/MyDesk/Achievement/AchievementLogic.mlua,골드 큰손,Gold Big Spender,金幣大戶,ゴールドの大口
MLUA_ACHIEVEMENTLOGIC_120,골드 누적 100만 사용,RootDesk/MyDesk/Achievement/AchievementLogic.mlua,골드 누적 100만 사용,Spend a total of 1M Gold,累計使用100萬金幣,ゴールドを累計100万使用
MLUA_WEAPONTIERDATALOGIC_165,무명의 은 펜던트,RootDesk/MyDesk/Inventory/Core/Logic/WeaponTierDataLogic.mlua,무명의 은 펜던트,Nameless Silver Pendant,無名的銀墜飾,名もなき銀のペンダント
MLUA_WEAPONTIERDATALOGIC_166,푸른 구슬 목걸이,RootDesk/MyDesk/Inventory/Core/Logic/WeaponTierDataLogic.mlua,푸른 구슬 목걸이,Azure Orb Necklace,蔚藍寶珠項鍊,蒼玉のネックレス
MLUA_WEAPONTIERDATALOGIC_167,황금 로켓,RootDesk/MyDesk/Inventory/Core/Logic/WeaponTierDataLogic.mlua,황금 로켓,Golden Locket,黃金墜盒,黄金のロケット
MLUA_WEAPONTIERDATALOGIC_168,무지개 심장,RootDesk/MyDesk/Inventory/Core/Logic/WeaponTierDataLogic.mlua,무지개 심장,Rainbow Heart,彩虹之心,虹の心臓
MLUA_WEAPONTIERDATALOGIC_169,밤의 자수정,RootDesk/MyDesk/Inventory/Core/Logic/WeaponTierDataLogic.mlua,밤의 자수정,Amethyst of Night,暗夜紫晶,夜のアメジスト
MLUA_WEAPONTIERDATALOGIC_170,화염룡의 심장,RootDesk/MyDesk/Inventory/Core/Logic/WeaponTierDataLogic.mlua,화염룡의 심장,Heart of the Flame Dragon,炎龍之心,炎竜の心臓
MLUA_WEAPONTIERDATALOGIC_171,누군가의 목에 걸려 있다 버려진 평범한 펜던트.,RootDesk/MyDesk/Inventory/Core/Logic/WeaponTierDataLogic.mlua,누군가의 목에 걸려 있다 버려진 평범한 펜던트.,"An ordinary pendant someone once wore, then threw away.",曾掛在某人頸上、後來被丟棄的普通墜飾。,誰かの首に掛けられ、やがて捨てられた平凡なペンダント。
MLUA_WEAPONTIERDATALOGIC_172,구슬 속에서 잔잔한 물결이 일렁인다.,RootDesk/MyDesk/Inventory/Core/Logic/WeaponTierDataLogic.mlua,구슬 속에서 잔잔한 물결이 일렁인다.,Gentle ripples sway inside the orb.,寶珠之中泛著平靜的漣漪。,玉の中で静かな波が揺れている。
MLUA_WEAPONTIERDATALOGIC_173,열어 보면 누군가의 오래된 초상이 들어 있다.,RootDesk/MyDesk/Inventory/Core/Logic/WeaponTierDataLogic.mlua,열어 보면 누군가의 오래된 초상이 들어 있다.,"Open it, and an old portrait of someone looks back.",打開一看，裡面是某人的舊肖像。,開けると、誰かの古い肖像が入っている。
MLUA_WEAPONTIERDATALOGIC_174,빛을 받을 때마다 다른 색으로 두근거린다.,RootDesk/MyDesk/Inventory/Core/Logic/WeaponTierDataLogic.mlua,빛을 받을 때마다 다른 색으로 두근거린다.,It throbs in a different color with every glint of light.,每當沐浴光芒，便以不同的顏色悸動。,光を受けるたびに違う色で脈打つ。
MLUA_WEAPONTIERDATALOGIC_175,달이 없는 밤에만 은은하게 빛난다.,RootDesk/MyDesk/Inventory/Core/Logic/WeaponTierDataLogic.mlua,달이 없는 밤에만 은은하게 빛난다.,It glows softly only on moonless nights.,只在無月之夜散發幽微的光芒。,月のない夜にだけ、ほのかに光る。
MLUA_WEAPONTIERDATALOGIC_176,아직도 식지 않은 열기가 손끝을 데운다.,RootDesk/MyDesk/Inventory/Core/Logic/WeaponTierDataLogic.mlua,아직도 식지 않은 열기가 손끝을 데운다.,"Its heat has never cooled, and it still warms your fingertips.",至今未散的熱度溫暖著指尖。,いまだ冷めない熱が指先を温める。
ITEMNAME_100002,무명의 은 펜던트,RootDesk/MyDesk/Inventory/DataSet/ItemDataTable.csv Id=100002,무명의 은 펜던트,Nameless Silver Pendant,無名的銀墜飾,名もなき銀のペンダント
ITEMNAME_510007,목걸이 강화 주문서,RootDesk/MyDesk/Inventory/DataSet/ItemDataTable.csv Id=510007,목걸이 강화 주문서,Necklace Enhancement Scroll,項鍊強化卷軸,ネックレス強化の書
FMT_RAIDLOGIC_003,주간 레이드 {0} 등급 보상 + 목걸이 강화 주문서 {1}장을 받았어요!,RootDesk/MyDesk/Raid/RaidLogic.mlua NotifyClaimResult,주간 레이드 {0} 등급 보상 + 목걸이 강화 주문서 {1}장을 받았어요!,You received the Weekly Raid Grade {0} reward + {1} Necklace Enhancement Scroll(s)!,已獲得每週突襲 {0} 等級獎勵 + 項鍊強化卷軸 {1}張！,週間レイド{0}等級報酬 + ネックレス強化の書{1}枚を受け取りました！
FMT_RAIDLOGIC_004,주간 레이드 {0} 등급 보상 + 다이아 {1} + 목걸이 강화 주문서 {2}장을 받았어요!,RootDesk/MyDesk/Raid/RaidLogic.mlua NotifyClaimResult,주간 레이드 {0} 등급 보상 + 다이아 {1} + 목걸이 강화 주문서 {2}장을 받았어요!,You received the Weekly Raid Grade {0} reward + {1} Diamonds + {2} Necklace Enhancement Scroll(s)!,已獲得每週突襲 {0} 等級獎勵 + 鑽石 {1} + 項鍊強化卷軸 {2}張！,週間レイド{0}等級報酬 + ダイヤ{1} + ネックレス強化の書{2}枚を受け取りました！
MLUA_RAIDUI_005,목걸이,"RootDesk/MyDesk/Raid/RaidUI.mlua (보상표 헤더, 자쿰)",목걸이,Necklace,項鍊,ネックレス
MLUA_UIEQUIPPEDGEARPANEL_010,능력치,RootDesk/MyDesk/UIEquippedGearPanel.mlua (능력치 팝업),능력치,Stats,能力值,ステータス
MLUA_UIEQUIPPEDGEARPANEL_011,장비 능력치,RootDesk/MyDesk/UIEquippedGearPanel.mlua (능력치 팝업),장비 능력치,Gear Stats,裝備能力值,装備ステータス
MLUA_UIEQUIPPEDGEARPANEL_012,공격력,RootDesk/MyDesk/UIEquippedGearPanel.mlua (능력치 팝업),공격력,ATK,攻擊力,攻撃力
MLUA_UIEQUIPPEDGEARPANEL_013,최대 체력,RootDesk/MyDesk/UIEquippedGearPanel.mlua (능력치 팝업),최대 체력,Max HP,最大HP,最大HP
MLUA_UIEQUIPPEDGEARPANEL_014,공격력 증가,RootDesk/MyDesk/UIEquippedGearPanel.mlua (능력치 팝업),공격력 증가,ATK Bonus,攻擊力增加,攻撃力アップ
MLUA_UIEQUIPPEDGEARPANEL_015,기본 공격 피해,RootDesk/MyDesk/UIEquippedGearPanel.mlua (능력치 팝업),기본 공격 피해,Basic Attack DMG,普通攻擊傷害,通常攻撃ダメージ
MLUA_UIEQUIPPEDGEARPANEL_016,치명타 확률,RootDesk/MyDesk/UIEquippedGearPanel.mlua (능력치 팝업),치명타 확률,Crit Rate,爆擊機率,クリティカル率
MLUA_UIEQUIPPEDGEARPANEL_017,치명타 피해,RootDesk/MyDesk/UIEquippedGearPanel.mlua (능력치 팝업),치명타 피해,Crit DMG,爆擊傷害,クリティカルダメージ
MLUA_UIEQUIPPEDGEARPANEL_018,스킬 쿨타임 감소,RootDesk/MyDesk/UIEquippedGearPanel.mlua (능력치 팝업),스킬 쿨타임 감소,Skill Cooldown,技能冷卻減少,スキルクールタイム減少
MLUA_UIEQUIPPEDGEARPANEL_019,받는 피해 감소,RootDesk/MyDesk/UIEquippedGearPanel.mlua (능력치 팝업),받는 피해 감소,DMG Reduction,受到傷害減少,被ダメージ減少
MLUA_UIEQUIPPEDGEARPANEL_020,엘리트·보스 피해,RootDesk/MyDesk/UIEquippedGearPanel.mlua (능력치 팝업),엘리트·보스 피해,Elite/Boss DMG,菁英·首領傷害,エリート・ボスダメージ
MLUA_RAIDUI_006,보상을 수령했습니다!,RootDesk/MyDesk/Raid/RaidLogic.mlua NotifyClaimResult (레이드 보상 수령 토스트),보상을 수령했습니다!,Reward claimed!,已領取獎勵！,報酬を受け取りました！
UI_INTROCOMICGROUP_001,화면을 터치하면 계속,/ui/IntroComicGroup/Screen/TapHint (첫 설치 인트로 만화),화면을 터치하면 계속,Tap the screen to continue,點擊畫面繼續,画面をタップして続ける
UI_INTROCOMICGROUP_002,건너뛰기,/ui/IntroComicGroup/Screen/SkipBtn (첫 설치 인트로 만화),건너뛰기,Skip,跳過,スキップ
MLUA_INTROCOMICUI_001,사람과 몬스터가 함께 살아가던 작은 마을이 있었습니다.,RootDesk/MyDesk/UI/IntroComicUI.mlua (첫 설치 인트로 만화 자막),사람과 몬스터가 함께 살아가던 작은 마을이 있었습니다.,"Once, there was a small village where people and monsters lived together.",從前，有一座人類與怪物共同生活的小村莊。,人とモンスターが共に暮らす小さな村がありました。
MLUA_INTROCOMICUI_002,"그런데 어느 날, 평화롭던 마을에 이상한 일이 일어나기 시작했습니다.",RootDesk/MyDesk/UI/IntroComicUI.mlua (첫 설치 인트로 만화 자막),"그런데 어느 날, 평화롭던 마을에 이상한 일이 일어나기 시작했습니다.","But one day, strange things began to happen in the peaceful village.",但是某一天，和平的村莊開始發生奇怪的事情。,ところがある日、平和だった村で不思議なことが起こり始めました。
MLUA_INTROCOMICUI_003,갑자기 나타난 몬스터들이 마을을 마구 헤집어 놓기 시작한 것이었죠.,RootDesk/MyDesk/UI/IntroComicUI.mlua (첫 설치 인트로 만화 자막),갑자기 나타난 몬스터들이 마을을 마구 헤집어 놓기 시작한 것이었죠.,Monsters suddenly appeared and began tearing the village apart.,突然出現的怪物們開始把村莊弄得一團亂。,突然現れたモンスターたちが、村をめちゃくちゃに荒らし始めたのです。
MLUA_INTROCOMICUI_004,"마을 사람들은 혼란에 빠졌고, 모두가 무사히 살아남기 위해 애썼습니다.",RootDesk/MyDesk/UI/IntroComicUI.mlua (첫 설치 인트로 만화 자막),"마을 사람들은 혼란에 빠졌고, 모두가 무사히 살아남기 위해 애썼습니다.","The villagers fell into chaos, and everyone struggled to survive.",村民們陷入一片混亂，每個人都拚命想要平安活下去。,村の人々は混乱に陥り、みんな無事に生き延びようと必死でした。
MLUA_INTROCOMICUI_005,"그때, 한 소녀가 몬스터들을 막기 위해 나섰습니다.",RootDesk/MyDesk/UI/IntroComicUI.mlua (첫 설치 인트로 만화 자막),"그때, 한 소녀가 몬스터들을 막기 위해 나섰습니다.","Then, a girl stepped forward to stop the monsters.",就在那時，一名少女挺身而出，想要阻止怪物們。,その時、一人の少女がモンスターたちを食い止めるために立ち上がりました。
MLUA_INTROCOMICUI_006,그녀와 함께할 동료들이 하나둘 모여들었습니다.,RootDesk/MyDesk/UI/IntroComicUI.mlua (첫 설치 인트로 만화 자막),그녀와 함께할 동료들이 하나둘 모여들었습니다.,"One by one, companions gathered to stand by her side.",願意與她同行的夥伴們也一個接一個地聚集而來。,彼女と共に戦う仲間たちが、一人、また一人と集まってきました。
MLUA_INTROCOMICUI_007,그렇게 그들의 아주 특별한 생존기가 시작되었습니다.,RootDesk/MyDesk/UI/IntroComicUI.mlua (첫 설치 인트로 만화 자막),그렇게 그들의 아주 특별한 생존기가 시작되었습니다.,And so began their very special story of survival.,就這樣，他們非常特別的生存故事開始了。,こうして、彼らのとても特別なサバイバル物語が始まりました。
FMT_REWARDTOOLTIPLOGIC_001,{0} 무기 상자,RootDesk/MyDesk/UI/RewardTooltipLogic.mlua (보상 장비 상자 툴팁),{0} 무기 상자,{0} Weapon Box,{0}武器箱,{0}武器ボックス
FMT_REWARDTOOLTIPLOGIC_002,{0} 방어구 상자,RootDesk/MyDesk/UI/RewardTooltipLogic.mlua (보상 장비 상자 툴팁),{0} 방어구 상자,{0} Armor Box,{0}防具箱,{0}防具ボックス
MLUA_REWARDTOOLTIPLOGIC_003,(수령 즉시 장비창에 등록됩니다.),RootDesk/MyDesk/UI/RewardTooltipLogic.mlua (보상 장비 상자 툴팁 둘째 줄),(수령 즉시 장비창에 등록됩니다.),(Added to your equipment as soon as you claim it.),(領取後立即登錄至裝備欄。),(受け取るとすぐに装備画面に登録されます。)
UI_ADMINLOOKUPGROUP_001,관리,ui/AdminLookupGroup.ui,관리,Admin,管理,管理
UI_ADMINLOOKUPGROUP_002,접속 기록 조회,ui/AdminLookupGroup.ui,접속 기록 조회,Play Log Lookup,登入紀錄查詢,ログイン記録照会
UI_ADMINLOOKUPGROUP_003,조회,ui/AdminLookupGroup.ui,조회,Search,查詢,照会
UI_ADMINLOOKUPGROUP_004,최근 접속,ui/AdminLookupGroup.ui,최근 접속,Recent,最近登入,最近のログイン
UI_ADMINLOOKUPGROUP_005,닫기,ui/AdminLookupGroup.ui,닫기,Close,關閉,閉じる
MLUA_PLAYLOGLOGIC_001,닉네임 입력,RootDesk/MyDesk/Admin/PlayLogLogic.mlua,닉네임 입력,Enter nickname,輸入暱稱,ニックネームを入力
MLUA_PLAYLOGLOGIC_002,조회 중...,RootDesk/MyDesk/Admin/PlayLogLogic.mlua,조회 중...,Searching...,查詢中...,照会中...
MLUA_PLAYLOGLOGIC_003,기록이 없습니다,RootDesk/MyDesk/Admin/PlayLogLogic.mlua,기록이 없습니다,No record found,沒有紀錄,記録がありません
MLUA_PLAYLOGLOGIC_004,모바일,RootDesk/MyDesk/Admin/PlayLogLogic.mlua,모바일,Mobile,行動裝置,モバイル
MLUA_PLAYLOGLOGIC_005,PC,RootDesk/MyDesk/Admin/PlayLogLogic.mlua,PC,PC,PC,PC
FMT_PLAYLOGLOGIC_001,닉네임: {0}  (프로필 {1}),RootDesk/MyDesk/Admin/PlayLogLogic.mlua,닉네임: {0}  (프로필 {1}),Nickname: {0}  (Profile {1}),暱稱：{0}  (個人檔案 {1}),ニックネーム：{0}  (プロフィール {1})
FMT_PLAYLOGLOGIC_002,처음 접속: {0},RootDesk/MyDesk/Admin/PlayLogLogic.mlua,처음 접속: {0},First login: {0},首次登入：{0},初回ログイン：{0}
FMT_PLAYLOGLOGIC_003,마지막 접속: {0},RootDesk/MyDesk/Admin/PlayLogLogic.mlua,마지막 접속: {0},Last login: {0},最後登入：{0},最終ログイン：{0}
FMT_PLAYLOGLOGIC_004,접속 횟수: {0}회,RootDesk/MyDesk/Admin/PlayLogLogic.mlua,접속 횟수: {0}회,Logins: {0},登入次數：{0}次,ログイン回数：{0}回
FMT_PLAYLOGLOGIC_005,기기: {0} / 해상도 {1}x{2},RootDesk/MyDesk/Admin/PlayLogLogic.mlua,기기: {0} / 해상도 {1}x{2},Device: {0} / Resolution {1}x{2},裝置：{0} / 解析度 {1}x{2},端末：{0} / 解像度 {1}x{2}
FMT_PLAYLOGLOGIC_006,앱 버전: {0} / 언어: {1},RootDesk/MyDesk/Admin/PlayLogLogic.mlua,앱 버전: {0} / 언어: {1},App version: {0} / Language: {1},App 版本：{0} / 語言：{1},アプリバージョン：{0} / 言語：{1}
FMT_PLAYLOGLOGIC_007,최근 접속 {0}명 (한국 시간),RootDesk/MyDesk/Admin/PlayLogLogic.mlua,최근 접속 {0}명 (한국 시간),Recent players: {0} (KST),最近登入 {0} 人（韓國時間）,最近のログイン {0}人（韓国時間）
