Key,Source,Note,ko,en,zh-TW,ja
MLUA_ACHIEVEMENTLOGIC_001,초보 사냥꾼,RootDesk/MyDesk/Achievement/AchievementLogic.mlua:47,초보 사냥꾼,Novice Hunter,,
MLUA_ACHIEVEMENTLOGIC_002,"몬스터 1,000마리 처치",RootDesk/MyDesk/Achievement/AchievementLogic.mlua:47,"몬스터 1,000마리 처치","Defeat 1,000 monsters",,
MLUA_ACHIEVEMENTLOGIC_003,숙련된 사냥꾼,RootDesk/MyDesk/Achievement/AchievementLogic.mlua:48,숙련된 사냥꾼,Skilled Hunter,,
MLUA_ACHIEVEMENTLOGIC_004,"몬스터 10,000마리 처치",RootDesk/MyDesk/Achievement/AchievementLogic.mlua:48,"몬스터 10,000마리 처치","Defeat 10,000 monsters",,
MLUA_ACHIEVEMENTLOGIC_005,전설의 사냥꾼,RootDesk/MyDesk/Achievement/AchievementLogic.mlua:49,전설의 사냥꾼,Legendary Hunter,,
MLUA_ACHIEVEMENTLOGIC_006,"몬스터 100,000마리 처치",RootDesk/MyDesk/Achievement/AchievementLogic.mlua:49,"몬스터 100,000마리 처치","Defeat 100,000 monsters",,
MLUA_ACHIEVEMENTLOGIC_007,엘리트 사냥꾼,RootDesk/MyDesk/Achievement/AchievementLogic.mlua:50,엘리트 사냥꾼,Elite Hunter,,
MLUA_ACHIEVEMENTLOGIC_008,엘리트 몬스터 10마리 처치,RootDesk/MyDesk/Achievement/AchievementLogic.mlua:50,엘리트 몬스터 10마리 처치,Defeat 10 elite monsters,,
MLUA_ACHIEVEMENTLOGIC_009,엘리트 학살자,RootDesk/MyDesk/Achievement/AchievementLogic.mlua:51,엘리트 학살자,Elite Slayer,,
MLUA_ACHIEVEMENTLOGIC_010,엘리트 몬스터 100마리 처치,RootDesk/MyDesk/Achievement/AchievementLogic.mlua:51,엘리트 몬스터 100마리 처치,Defeat 100 elite monsters,,
MLUA_ACHIEVEMENTLOGIC_011,첫 보스 처치,RootDesk/MyDesk/Achievement/AchievementLogic.mlua:52,첫 보스 처치,First Boss Kill,,
MLUA_ACHIEVEMENTLOGIC_012,보스 몬스터 1회 처치,RootDesk/MyDesk/Achievement/AchievementLogic.mlua:52,보스 몬스터 1회 처치,,,
MLUA_ACHIEVEMENTLOGIC_013,보스 헌터,RootDesk/MyDesk/Achievement/AchievementLogic.mlua:53,보스 헌터,,,
MLUA_ACHIEVEMENTLOGIC_014,보스 몬스터 10회 처치,RootDesk/MyDesk/Achievement/AchievementLogic.mlua:53,보스 몬스터 10회 처치,,,
MLUA_ACHIEVEMENTLOGIC_015,보스 슬레이어,RootDesk/MyDesk/Achievement/AchievementLogic.mlua:54,보스 슬레이어,,,
MLUA_ACHIEVEMENTLOGIC_016,보스 몬스터 50회 처치,RootDesk/MyDesk/Achievement/AchievementLogic.mlua:54,보스 몬스터 50회 처치,,,
MLUA_ACHIEVEMENTLOGIC_017,하늘의 사냥꾼,RootDesk/MyDesk/Achievement/AchievementLogic.mlua:55,하늘의 사냥꾼,,,
MLUA_ACHIEVEMENTLOGIC_018,비행 몬스터 300마리 처치,RootDesk/MyDesk/Achievement/AchievementLogic.mlua:55,비행 몬스터 300마리 처치,,,
MLUA_ACHIEVEMENTLOGIC_019,달팽이 박사,RootDesk/MyDesk/Achievement/AchievementLogic.mlua:57,달팽이 박사,,,
MLUA_ACHIEVEMENTLOGIC_020,달팽이류 몬스터 100마리 처치,RootDesk/MyDesk/Achievement/AchievementLogic.mlua:57,달팽이류 몬스터 100마리 처치,,,
MLUA_ACHIEVEMENTLOGIC_021,버섯 채집가,RootDesk/MyDesk/Achievement/AchievementLogic.mlua:58,버섯 채집가,,,
MLUA_ACHIEVEMENTLOGIC_022,버섯류 몬스터 100마리 처치,RootDesk/MyDesk/Achievement/AchievementLogic.mlua:58,버섯류 몬스터 100마리 처치,,,
MLUA_ACHIEVEMENTLOGIC_023,돼지 몰이꾼,RootDesk/MyDesk/Achievement/AchievementLogic.mlua:59,돼지 몰이꾼,,,
MLUA_ACHIEVEMENTLOGIC_024,돼지·멧돼지류 몬스터 100마리 처치,RootDesk/MyDesk/Achievement/AchievementLogic.mlua:59,돼지·멧돼지류 몬스터 100마리 처치,,,
MLUA_ACHIEVEMENTLOGIC_025,말랑말랑,RootDesk/MyDesk/Achievement/AchievementLogic.mlua:60,말랑말랑,,,
MLUA_ACHIEVEMENTLOGIC_026,슬라임류 몬스터 100마리 처치,RootDesk/MyDesk/Achievement/AchievementLogic.mlua:60,슬라임류 몬스터 100마리 처치,,,
MLUA_ACHIEVEMENTLOGIC_027,벌목꾼,RootDesk/MyDesk/Achievement/AchievementLogic.mlua:61,벌목꾼,,,
MLUA_ACHIEVEMENTLOGIC_028,스텀프류 몬스터 100마리 처치,RootDesk/MyDesk/Achievement/AchievementLogic.mlua:61,스텀프류 몬스터 100마리 처치,,,
MLUA_ACHIEVEMENTLOGIC_029,픽시 사냥꾼,RootDesk/MyDesk/Achievement/AchievementLogic.mlua:62,픽시 사냥꾼,,,
MLUA_ACHIEVEMENTLOGIC_030,픽시류 몬스터 200마리 처치,RootDesk/MyDesk/Achievement/AchievementLogic.mlua:62,픽시류 몬스터 200마리 처치,,,
MLUA_ACHIEVEMENTLOGIC_031,식물학자,RootDesk/MyDesk/Achievement/AchievementLogic.mlua:63,식물학자,,,
MLUA_ACHIEVEMENTLOGIC_032,네펜데스류 몬스터 100마리 처치,RootDesk/MyDesk/Achievement/AchievementLogic.mlua:63,네펜데스류 몬스터 100마리 처치,,,
MLUA_ACHIEVEMENTLOGIC_033,돌깨는 자,RootDesk/MyDesk/Achievement/AchievementLogic.mlua:64,돌깨는 자,,,
MLUA_ACHIEVEMENTLOGIC_034,골렘류 몬스터 100마리 처치,RootDesk/MyDesk/Achievement/AchievementLogic.mlua:64,골렘류 몬스터 100마리 처치,,,
MLUA_ACHIEVEMENTLOGIC_035,설원의 사냥꾼,RootDesk/MyDesk/Achievement/AchievementLogic.mlua:65,설원의 사냥꾼,,,
MLUA_ACHIEVEMENTLOGIC_036,예티류 몬스터 100마리 처치,RootDesk/MyDesk/Achievement/AchievementLogic.mlua:65,예티류 몬스터 100마리 처치,,,
MLUA_ACHIEVEMENTLOGIC_037,숨은 비밀 발견,RootDesk/MyDesk/Achievement/AchievementLogic.mlua:67,숨은 비밀 발견,,,
MLUA_ACHIEVEMENTLOGIC_038,이스터에그 1개 발견,RootDesk/MyDesk/Achievement/AchievementLogic.mlua:67,이스터에그 1개 발견,,,
MLUA_ACHIEVEMENTLOGIC_039,탐험가,RootDesk/MyDesk/Achievement/AchievementLogic.mlua:68,탐험가,,,
MLUA_ACHIEVEMENTLOGIC_040,이스터에그 10개 발견,RootDesk/MyDesk/Achievement/AchievementLogic.mlua:68,이스터에그 10개 발견,,,
MLUA_ACHIEVEMENTLOGIC_041,비밀 수집가,RootDesk/MyDesk/Achievement/AchievementLogic.mlua:69,비밀 수집가,,,
MLUA_ACHIEVEMENTLOGIC_042,이스터에그 50개 발견,RootDesk/MyDesk/Achievement/AchievementLogic.mlua:69,이스터에그 50개 발견,,,
MLUA_ACHIEVEMENTLOGIC_043,보물 사냥꾼,RootDesk/MyDesk/Achievement/AchievementLogic.mlua:70,보물 사냥꾼,,,
MLUA_ACHIEVEMENTLOGIC_044,보물상자 10개 열기,RootDesk/MyDesk/Achievement/AchievementLogic.mlua:70,보물상자 10개 열기,,,
MLUA_ACHIEVEMENTLOGIC_045,물약 애호가,RootDesk/MyDesk/Achievement/AchievementLogic.mlua:72,물약 애호가,,,
MLUA_ACHIEVEMENTLOGIC_046,빨간·하얀 포션 50개 획득,RootDesk/MyDesk/Achievement/AchievementLogic.mlua:72,빨간·하얀 포션 50개 획득,,,
MLUA_ACHIEVEMENTLOGIC_047,엘릭서 수집가,RootDesk/MyDesk/Achievement/AchievementLogic.mlua:73,엘릭서 수집가,,,
MLUA_ACHIEVEMENTLOGIC_048,파워 엘릭서 10개 획득,RootDesk/MyDesk/Achievement/AchievementLogic.mlua:73,파워 엘릭서 10개 획득,,,
MLUA_ACHIEVEMENTLOGIC_049,버프 마니아,RootDesk/MyDesk/Achievement/AchievementLogic.mlua:74,버프 마니아,,,
MLUA_ACHIEVEMENTLOGIC_050,버프 포션 10개 획득,RootDesk/MyDesk/Achievement/AchievementLogic.mlua:74,버프 포션 10개 획득,,,
MLUA_ACHIEVEMENTLOGIC_051,포션 소믈리에,RootDesk/MyDesk/Achievement/AchievementLogic.mlua:75,포션 소믈리에,,,
MLUA_ACHIEVEMENTLOGIC_052,버프 포션 3종 모두 획득,RootDesk/MyDesk/Achievement/AchievementLogic.mlua:75,버프 포션 3종 모두 획득,,,
MLUA_ACHIEVEMENTLOGIC_053,모험의 시작,RootDesk/MyDesk/Achievement/AchievementLogic.mlua:77,모험의 시작,,,
MLUA_ACHIEVEMENTLOGIC_054,게임 10판 플레이,RootDesk/MyDesk/Achievement/AchievementLogic.mlua:77,게임 10판 플레이,,,
MLUA_ACHIEVEMENTLOGIC_055,베테랑 모험가,RootDesk/MyDesk/Achievement/AchievementLogic.mlua:78,베테랑 모험가,,,
MLUA_ACHIEVEMENTLOGIC_056,게임 100판 플레이,RootDesk/MyDesk/Achievement/AchievementLogic.mlua:78,게임 100판 플레이,,,
MLUA_ACHIEVEMENTLOGIC_057,성장하는 모험가,RootDesk/MyDesk/Achievement/AchievementLogic.mlua:79,성장하는 모험가,,,
MLUA_ACHIEVEMENTLOGIC_058,한 판에서 레벨 20 달성,RootDesk/MyDesk/Achievement/AchievementLogic.mlua:79,한 판에서 레벨 20 달성,,,
MLUA_ACHIEVEMENTLOGIC_059,한계 돌파,RootDesk/MyDesk/Achievement/AchievementLogic.mlua:80,한계 돌파,,,
MLUA_ACHIEVEMENTLOGIC_060,한 판에서 레벨 50 달성,RootDesk/MyDesk/Achievement/AchievementLogic.mlua:80,한 판에서 레벨 50 달성,,,
MLUA_ACHIEVEMENTLOGIC_061,태초의 마을 수호자,RootDesk/MyDesk/Achievement/AchievementLogic.mlua:81,태초의 마을 수호자,,,
MLUA_ACHIEVEMENTLOGIC_062,태초의 마을에서 15분 생존,RootDesk/MyDesk/Achievement/AchievementLogic.mlua:81,태초의 마을에서 15분 생존,,,
MLUA_ACHIEVEMENTLOGIC_063,구름정원 수호자,RootDesk/MyDesk/Achievement/AchievementLogic.mlua:82,구름정원 수호자,,,
MLUA_ACHIEVEMENTLOGIC_064,구름정원에서 15분 생존,RootDesk/MyDesk/Achievement/AchievementLogic.mlua:82,구름정원에서 15분 생존,,,
MLUA_ACHIEVEMENTLOGIC_065,엘나스 수호자,RootDesk/MyDesk/Achievement/AchievementLogic.mlua:83,엘나스 수호자,,,
MLUA_ACHIEVEMENTLOGIC_066,엘나스에서 15분 생존,RootDesk/MyDesk/Achievement/AchievementLogic.mlua:83,엘나스에서 15분 생존,,,
MLUA_ACHIEVEMENTLOGIC_067,절제된 강함,RootDesk/MyDesk/Achievement/AchievementLogic.mlua:84,절제된 강함,,,
MLUA_ACHIEVEMENTLOGIC_068,스킬 5개 이하로 15분 생존,RootDesk/MyDesk/Achievement/AchievementLogic.mlua:84,스킬 5개 이하로 15분 생존,,,
MLUA_ACHIEVEMENTLOGIC_069,미니멀리스트,RootDesk/MyDesk/Achievement/AchievementLogic.mlua:85,미니멀리스트,,,
MLUA_ACHIEVEMENTLOGIC_070,스킬 3개 이하로 10분 생존,RootDesk/MyDesk/Achievement/AchievementLogic.mlua:85,스킬 3개 이하로 10분 생존,,,
MLUA_ACHIEVEMENTLOGIC_071,불굴의 의지,RootDesk/MyDesk/Achievement/AchievementLogic.mlua:86,불굴의 의지,,,
MLUA_ACHIEVEMENTLOGIC_072,이어하기 없이 15분 생존,RootDesk/MyDesk/Achievement/AchievementLogic.mlua:86,이어하기 없이 15분 생존,,,
MLUA_ACHIEVEMENTLOGIC_073,알뜰한 모험가,RootDesk/MyDesk/Achievement/AchievementLogic.mlua:87,알뜰한 모험가,,,
MLUA_ACHIEVEMENTLOGIC_074,"게임 중 골드 누적 10,000 획득",RootDesk/MyDesk/Achievement/AchievementLogic.mlua:87,"게임 중 골드 누적 10,000 획득",,,
MLUA_ACHIEVEMENTLOGIC_075,메소 부자,RootDesk/MyDesk/Achievement/AchievementLogic.mlua:88,메소 부자,,,
MLUA_ACHIEVEMENTLOGIC_076,"게임 중 골드 누적 100,000 획득",RootDesk/MyDesk/Achievement/AchievementLogic.mlua:88,"게임 중 골드 누적 100,000 획득",,,
MLUA_ACHIEVEMENTLOGIC_077,스킬 마스터,RootDesk/MyDesk/Achievement/AchievementLogic.mlua:90,스킬 마스터,,,
MLUA_ACHIEVEMENTLOGIC_078,스킬 1개를 Lv5로 강화,RootDesk/MyDesk/Achievement/AchievementLogic.mlua:90,스킬 1개를 Lv5로 강화,,,
MLUA_ACHIEVEMENTLOGIC_079,스킬 전문가,RootDesk/MyDesk/Achievement/AchievementLogic.mlua:91,스킬 전문가,,,
MLUA_ACHIEVEMENTLOGIC_080,스킬 Lv5 달성 10회,RootDesk/MyDesk/Achievement/AchievementLogic.mlua:91,스킬 Lv5 달성 10회,,,
MLUA_ACHIEVEMENTLOGIC_081,스킬의 달인,RootDesk/MyDesk/Achievement/AchievementLogic.mlua:92,스킬의 달인,,,
MLUA_ACHIEVEMENTLOGIC_082,스킬 Lv5 달성 50회,RootDesk/MyDesk/Achievement/AchievementLogic.mlua:92,스킬 Lv5 달성 50회,,,
MLUA_ACHIEVEMENTLOGIC_083,첫 조합,RootDesk/MyDesk/Achievement/AchievementLogic.mlua:93,첫 조합,,,
MLUA_ACHIEVEMENTLOGIC_084,조합 스킬 1종 발견,RootDesk/MyDesk/Achievement/AchievementLogic.mlua:93,조합 스킬 1종 발견,,,
MLUA_ACHIEVEMENTLOGIC_085,조합 연구가,RootDesk/MyDesk/Achievement/AchievementLogic.mlua:94,조합 연구가,,,
MLUA_ACHIEVEMENTLOGIC_086,조합 스킬 10종 발견,RootDesk/MyDesk/Achievement/AchievementLogic.mlua:94,조합 스킬 10종 발견,,,
MLUA_ACHIEVEMENTLOGIC_087,조합의 대가,RootDesk/MyDesk/Achievement/AchievementLogic.mlua:95,조합의 대가,,,
MLUA_ACHIEVEMENTLOGIC_088,조합 스킬 20종 발견,RootDesk/MyDesk/Achievement/AchievementLogic.mlua:95,조합 스킬 20종 발견,,,
MLUA_ACHIEVEMENTLOGIC_089,대장장이 견습생,RootDesk/MyDesk/Achievement/AchievementLogic.mlua:97,대장장이 견습생,,,
MLUA_ACHIEVEMENTLOGIC_090,장비 강화 10회 성공,RootDesk/MyDesk/Achievement/AchievementLogic.mlua:97,장비 강화 10회 성공,,,
MLUA_ACHIEVEMENTLOGIC_091,명장,RootDesk/MyDesk/Achievement/AchievementLogic.mlua:98,명장,,,
MLUA_ACHIEVEMENTLOGIC_092,장비 강화 100회 성공,RootDesk/MyDesk/Achievement/AchievementLogic.mlua:98,장비 강화 100회 성공,,,
MLUA_ACHIEVEMENTLOGIC_093,합성의 달인,RootDesk/MyDesk/Achievement/AchievementLogic.mlua:99,합성의 달인,,,
MLUA_ACHIEVEMENTLOGIC_094,장비 합성 5회 성공,RootDesk/MyDesk/Achievement/AchievementLogic.mlua:99,장비 합성 5회 성공,,,
MLUA_ACHIEVEMENTLOGIC_095,장비 수집가,RootDesk/MyDesk/Achievement/AchievementLogic.mlua:100,장비 수집가,,,
MLUA_ACHIEVEMENTLOGIC_096,장비 50개 획득,RootDesk/MyDesk/Achievement/AchievementLogic.mlua:100,장비 50개 획득,,,
MLUA_ACHIEVEMENTLOGIC_097,상인,RootDesk/MyDesk/Achievement/AchievementLogic.mlua:101,상인,,,
MLUA_ACHIEVEMENTLOGIC_098,장비 100개 판매,RootDesk/MyDesk/Achievement/AchievementLogic.mlua:101,장비 100개 판매,,,
MLUA_ACHIEVEMENTLOGIC_099,업적 사냥꾼,RootDesk/MyDesk/Achievement/AchievementLogic.mlua:103,업적 사냥꾼,,,
MLUA_ACHIEVEMENTLOGIC_100,업적 30개 달성,RootDesk/MyDesk/Achievement/AchievementLogic.mlua:103,업적 30개 달성,,,
MLUA_ACHIEVEMENTUI_001,업적,RootDesk/MyDesk/Achievement/AchievementUI.mlua:184,업적,Achievements,,
MLUA_ACHIEVEMENTUI_002,달성!,RootDesk/MyDesk/Achievement/AchievementUI.mlua:211,달성!,,,
MLUA_ACHIEVEMENTUI_003,받을 수 있는 업적 보상이 없어요,RootDesk/MyDesk/Achievement/AchievementUI.mlua:291,받을 수 있는 업적 보상이 없어요,,,
MLUA_ATTENDANCELOGIC_001,개,RootDesk/MyDesk/Attendance/AttendanceLogic.mlua:56 | RootDesk/MyDesk/Card/CardManager.mlua:25789,개,,,
MLUA_ATTENDANCEUI_001,완료,RootDesk/MyDesk/Attendance/AttendanceUI.mlua:120 | RootDesk/MyDesk/Attendance/AttendanceUI.mlua:232 | RootDesk/MyDesk/EpisodeReward/EpisodeRewardUI.mlua:173 | RootDesk/MyDesk/EpisodeReward/EpisodeRewardUI.mlua:375 | RootDesk/MyDesk/PlayerLevel/LevelRewardUI.mlua:234,완료,Done,,
MLUA_ATTENDANCEUI_002,내일 다시 받을 수 있어요,RootDesk/MyDesk/Attendance/AttendanceUI.mlua:183,내일 다시 받을 수 있어요,,,
MLUA_CARDMANAGER_001,기본 공격,RootDesk/MyDesk/Card/CardManager.mlua:26 | RootDesk/MyDesk/Card/CardManager.mlua:799 | RootDesk/MyDesk/Card/CardManager.mlua:829 | RootDesk/MyDesk/Card/CardManager.mlua:2712 | RootDesk/MyDesk/Card/CardManager.mlua:2741,기본 공격,Basic Attack,,
MLUA_CARDMANAGER_002,매직 클로,RootDesk/MyDesk/Card/CardManager.mlua:30 | RootDesk/MyDesk/Card/CardManager.mlua:15942 | RootDesk/MyDesk/Card/CardManager.mlua:18326,매직 클로,,,
MLUA_CARDMANAGER_003,콜드 빔,RootDesk/MyDesk/Card/CardManager.mlua:31 | RootDesk/MyDesk/Card/CardManager.mlua:15943 | RootDesk/MyDesk/SkillInventory.mlua:45,콜드 빔,,,
MLUA_CARDMANAGER_004,썬더 볼트,RootDesk/MyDesk/Card/CardManager.mlua:32 | RootDesk/MyDesk/Card/CardManager.mlua:15944 | RootDesk/MyDesk/SkillInventory.mlua:44,썬더 볼트,,,
MLUA_CARDMANAGER_005,메테오,RootDesk/MyDesk/Card/CardManager.mlua:33 | RootDesk/MyDesk/Card/CardManager.mlua:15945 | RootDesk/MyDesk/Card/CardManager.mlua:18332,메테오,,,
MLUA_CARDMANAGER_006,매직 부스터,RootDesk/MyDesk/Card/CardManager.mlua:332 | RootDesk/MyDesk/Card/CardManager.mlua:15946 | RootDesk/MyDesk/SkillInventory.mlua:41,매직 부스터,,,
MLUA_CARDMANAGER_007,매직 크리티컬,RootDesk/MyDesk/Card/CardManager.mlua:333 | RootDesk/MyDesk/Card/CardManager.mlua:15947 | RootDesk/MyDesk/SkillInventory.mlua:49,매직 크리티컬,,,
MLUA_CARDMANAGER_008,에너지볼트,RootDesk/MyDesk/Card/CardManager.mlua:345 | RootDesk/MyDesk/SkillInventory.mlua:47,에너지볼트,,,
MLUA_CARDMANAGER_009,프리징 이펙트,RootDesk/MyDesk/Card/CardManager.mlua:365 | RootDesk/MyDesk/SkillInventory.mlua:50,프리징 이펙트,,,
MLUA_CARDMANAGER_010,매직 아머,RootDesk/MyDesk/Card/CardManager.mlua:371 | RootDesk/MyDesk/SkillInventory.mlua:43,매직 아머,,,
MLUA_CARDMANAGER_011,메디테이션,RootDesk/MyDesk/Card/CardManager.mlua:377 | RootDesk/MyDesk/SkillInventory.mlua:51,메디테이션,,,
MLUA_CARDMANAGER_012,헤일 버스트,RootDesk/MyDesk/Card/CardManager.mlua:419 | RootDesk/MyDesk/SkillInventory.mlua:60,헤일 버스트,,,
MLUA_CARDMANAGER_013,아이스 커터,RootDesk/MyDesk/Card/CardManager.mlua:543 | RootDesk/MyDesk/SkillInventory.mlua:46,아이스 커터,,,
MLUA_CARDMANAGER_014,페페,RootDesk/MyDesk/Card/CardManager.mlua:566 | RootDesk/MyDesk/SkillInventory.mlua:52,페페,,,
MLUA_CARDMANAGER_015,썬더 커터,RootDesk/MyDesk/Card/CardManager.mlua:597 | RootDesk/MyDesk/SkillInventory.mlua:48,썬더 커터,,,
MLUA_CARDMANAGER_016,더블 커터,RootDesk/MyDesk/Card/CardManager.mlua:628 | RootDesk/MyDesk/SkillInventory.mlua:58,더블 커터,,,
MLUA_CARDMANAGER_017,킹페페,RootDesk/MyDesk/Card/CardManager.mlua:652 | RootDesk/MyDesk/SkillInventory.mlua:59,킹페페,,,
MLUA_CARDMANAGER_018,아쿠아 트랩,RootDesk/MyDesk/Card/CardManager.mlua:772 | RootDesk/MyDesk/SkillInventory.mlua:54,아쿠아 트랩,,,
MLUA_CARDMANAGER_019,슈리켄 버스트,RootDesk/MyDesk/Card/CardManager.mlua:2772 | RootDesk/MyDesk/Card/CardRegistry.mlua:405 | RootDesk/MyDesk/SkillInventory.mlua:135,슈리켄 버스트,,,
MLUA_CARDMANAGER_020,슈리켄 봄버,RootDesk/MyDesk/Card/CardManager.mlua:3026 | RootDesk/MyDesk/Card/CardRegistry.mlua:509 | RootDesk/MyDesk/SkillInventory.mlua:143,슈리켄 봄버,,,
MLUA_CARDMANAGER_021,윈드 탈리스만,RootDesk/MyDesk/Card/CardManager.mlua:3339 | RootDesk/MyDesk/Card/CardRegistry.mlua:411 | RootDesk/MyDesk/SkillInventory.mlua:137,윈드 탈리스만,,,
MLUA_CARDMANAGER_022,스톰 탈리스만,RootDesk/MyDesk/Card/CardManager.mlua:3555 | RootDesk/MyDesk/Card/CardRegistry.mlua:530 | RootDesk/MyDesk/SkillInventory.mlua:149,스톰 탈리스만,,,
MLUA_CARDMANAGER_023,쉐도우 스플릿,RootDesk/MyDesk/Card/CardManager.mlua:3844 | RootDesk/MyDesk/Card/CardRegistry.mlua:418 | RootDesk/MyDesk/SkillInventory.mlua:138,쉐도우 스플릿,,,
MLUA_CARDMANAGER_024,팬텀 스플릿,RootDesk/MyDesk/Card/CardManager.mlua:4140 | RootDesk/MyDesk/Card/CardRegistry.mlua:540 | RootDesk/MyDesk/SkillInventory.mlua:145,팬텀 스플릿,,,
MLUA_CARDMANAGER_025,스로잉 윙대거,RootDesk/MyDesk/Card/CardManager.mlua:4383 | RootDesk/MyDesk/Card/CardRegistry.mlua:425 | RootDesk/MyDesk/SkillInventory.mlua:139,스로잉 윙대거,,,
MLUA_CARDMANAGER_026,스로잉 붐대거,RootDesk/MyDesk/Card/CardManager.mlua:4640 | RootDesk/MyDesk/Card/CardRegistry.mlua:550 | RootDesk/MyDesk/SkillInventory.mlua:146,스로잉 붐대거,,,
MLUA_CARDMANAGER_027,쇼다운 챌린지,RootDesk/MyDesk/Card/CardManager.mlua:5026 | RootDesk/MyDesk/Card/CardRegistry.mlua:432 | RootDesk/MyDesk/SkillInventory.mlua:140,쇼다운 챌린지,,,
MLUA_CARDMANAGER_028,ShowdownChallengeFlip: SpriteRendererComponent is nil — 반전 적용 실패,[LOG] RootDesk/MyDesk/Card/CardManager.mlua:5183,ShowdownChallengeFlip: SpriteRendererComponent is nil — 반전 적용 실패,,,
MLUA_CARDMANAGER_029,쇼다운 임팩트,RootDesk/MyDesk/Card/CardManager.mlua:5356 | RootDesk/MyDesk/Card/CardRegistry.mlua:559 | RootDesk/MyDesk/SkillInventory.mlua:148,쇼다운 임팩트,,,
MLUA_CARDMANAGER_030,ShowdownImpactFlip: SpriteRendererComponent is nil — 반전 적용 실패,[LOG] RootDesk/MyDesk/Card/CardManager.mlua:5407,ShowdownImpactFlip: SpriteRendererComponent is nil — 반전 적용 실패,,,
MLUA_CARDMANAGER_031,스핀 스로우,RootDesk/MyDesk/Card/CardManager.mlua:5514 | RootDesk/MyDesk/Card/CardRegistry.mlua:439 | RootDesk/MyDesk/SkillInventory.mlua:141,스핀 스로우,,,
MLUA_CARDMANAGER_032,블러드 스로우,RootDesk/MyDesk/Card/CardManager.mlua:5704 | RootDesk/MyDesk/Card/CardRegistry.mlua:568 | RootDesk/MyDesk/SkillInventory.mlua:147,블러드 스로우,,,
MLUA_CARDMANAGER_033,쉐도우 트랩,RootDesk/MyDesk/Card/CardManager.mlua:5925 | RootDesk/MyDesk/Card/CardRegistry.mlua:446 | RootDesk/MyDesk/SkillInventory.mlua:136,쉐도우 트랩,,,
MLUA_CARDMANAGER_034,데스 트랩,RootDesk/MyDesk/Card/CardManager.mlua:6141 | RootDesk/MyDesk/Card/CardRegistry.mlua:519 | RootDesk/MyDesk/SkillInventory.mlua:144,데스 트랩,,,
MLUA_CARDMANAGER_035,럭키 세븐,RootDesk/MyDesk/Card/CardManager.mlua:6354 | RootDesk/MyDesk/Card/CardRegistry.mlua:399 | RootDesk/MyDesk/SkillInventory.mlua:134,럭키 세븐,,,
MLUA_CARDMANAGER_036,슈퍼 세븐,RootDesk/MyDesk/Card/CardManager.mlua:6492 | RootDesk/MyDesk/Card/CardRegistry.mlua:498 | RootDesk/MyDesk/SkillInventory.mlua:142,슈퍼 세븐,,,
MLUA_CARDMANAGER_037,무스펠하임,RootDesk/MyDesk/Card/CardManager.mlua:7171 | RootDesk/MyDesk/Card/CardRegistry.mlua:230 | RootDesk/MyDesk/SkillInventory.mlua:113,무스펠하임,,,
MLUA_CARDMANAGER_038,스카링 소드,RootDesk/MyDesk/Card/CardManager.mlua:9608 | RootDesk/MyDesk/Card/CardRegistry.mlua:90 | RootDesk/MyDesk/SkillInventory.mlua:94 | /ui/TitleGroup/SkillPanel/ScrollArea/List/SkillSlot_47/Name,스카링 소드,,,
MLUA_CARDMANAGER_039,바람의 시,RootDesk/MyDesk/Card/CardManager.mlua:10122 | RootDesk/MyDesk/SkillInventory.mlua:64 | /ui/TitleGroup/SkillPanel/ScrollArea/List/SkillSlot_20/Name,바람의 시,,,
MLUA_CARDMANAGER_040,폭풍의 시,RootDesk/MyDesk/Card/CardManager.mlua:10219 | RootDesk/MyDesk/SkillInventory.mlua:74 | /ui/TitleGroup/SkillPanel/ScrollArea/List/SkillSlot_30/Name,폭풍의 시,,,
MLUA_CARDMANAGER_041,애로우 블로우,RootDesk/MyDesk/Card/CardManager.mlua:10447 | RootDesk/MyDesk/SkillInventory.mlua:65 | /ui/TitleGroup/SkillPanel/ScrollArea/List/SkillSlot_21/Name,애로우 블로우,,,
MLUA_CARDMANAGER_042,강화 애로우 블로우,RootDesk/MyDesk/Card/CardManager.mlua:10623 | RootDesk/MyDesk/SkillInventory.mlua:75 | /ui/TitleGroup/SkillPanel/ScrollArea/List/SkillSlot_31/Name,강화 애로우 블로우,,,
MLUA_CARDMANAGER_043,아이스 퀴버,RootDesk/MyDesk/Card/CardManager.mlua:10849 | RootDesk/MyDesk/SkillInventory.mlua:66 | /ui/TitleGroup/SkillPanel/ScrollArea/List/SkillSlot_22/Name,아이스 퀴버,,,
MLUA_CARDMANAGER_044,파이어 퀴버,RootDesk/MyDesk/Card/CardManager.mlua:10984 | RootDesk/MyDesk/SkillInventory.mlua:67 | /ui/TitleGroup/SkillPanel/ScrollArea/List/SkillSlot_23/Name,파이어 퀴버,,,
MLUA_CARDMANAGER_045,애로우 일루전,RootDesk/MyDesk/Card/CardManager.mlua:11134,애로우 일루전,,,
MLUA_CARDMANAGER_046,피닉스,RootDesk/MyDesk/Card/CardManager.mlua:11354 | RootDesk/MyDesk/SkillInventory.mlua:68 | /ui/TitleGroup/SkillPanel/ScrollArea/List/SkillSlot_24/Name,피닉스,,,
MLUA_CARDMANAGER_047,이볼브,RootDesk/MyDesk/Card/CardManager.mlua:11740 | RootDesk/MyDesk/SkillInventory.mlua:73 | /ui/TitleGroup/SkillPanel/ScrollArea/List/SkillSlot_29/Name,이볼브,,,
MLUA_CARDMANAGER_048,리트리트 샷,RootDesk/MyDesk/Card/CardManager.mlua:12127 | RootDesk/MyDesk/SkillInventory.mlua:69 | /ui/TitleGroup/SkillPanel/ScrollArea/List/SkillSlot_25/Name,리트리트 샷,,,
MLUA_CARDMANAGER_049,에로우 플레터,RootDesk/MyDesk/Card/CardManager.mlua:12458 | RootDesk/MyDesk/SkillInventory.mlua:76 | /ui/TitleGroup/SkillPanel/ScrollArea/List/SkillSlot_32/Name,에로우 플레터,,,
MLUA_CARDMANAGER_050,언카운터 에로우,RootDesk/MyDesk/Card/CardManager.mlua:12775 | RootDesk/MyDesk/SkillInventory.mlua:70 | /ui/TitleGroup/SkillPanel/ScrollArea/List/SkillSlot_26/Name,언카운터 에로우,,,
MLUA_CARDMANAGER_051,언카운트에로우V,RootDesk/MyDesk/Card/CardManager.mlua:12947 | RootDesk/MyDesk/SkillInventory.mlua:77 | /ui/TitleGroup/SkillPanel/ScrollArea/List/SkillSlot_33/Name,언카운트에로우V,,,
MLUA_CARDMANAGER_052,플레시 미라주,RootDesk/MyDesk/Card/CardManager.mlua:13096 | RootDesk/MyDesk/SkillInventory.mlua:71 | /ui/TitleGroup/SkillPanel/ScrollArea/List/SkillSlot_27/Name,플레시 미라주,,,
MLUA_CARDMANAGER_053,플레시 봄버,RootDesk/MyDesk/Card/CardManager.mlua:13523 | RootDesk/MyDesk/SkillInventory.mlua:78 | /ui/TitleGroup/SkillPanel/ScrollArea/List/SkillSlot_34/Name,플레시 봄버,,,
MLUA_CARDMANAGER_054,보우 액셀레이션,RootDesk/MyDesk/Card/CardManager.mlua:13756 | RootDesk/MyDesk/SkillInventory.mlua:79 | /ui/TitleGroup/SkillPanel/ScrollArea/List/SkillSlot_35/Name,보우 액셀레이션,,,
MLUA_CARDMANAGER_055,꿰뚫는 의지,RootDesk/MyDesk/Card/CardManager.mlua:13760 | RootDesk/MyDesk/SkillInventory.mlua:80 | /ui/TitleGroup/SkillPanel/ScrollArea/List/SkillSlot_36/Name,꿰뚫는 의지,,,
MLUA_CARDMANAGER_056,크리티컬 샷,RootDesk/MyDesk/Card/CardManager.mlua:13764 | RootDesk/MyDesk/SkillInventory.mlua:81 | /ui/TitleGroup/SkillPanel/ScrollArea/List/SkillSlot_37/Name,크리티컬 샷,,,
MLUA_CARDMANAGER_057,파이널 어택 : 활,RootDesk/MyDesk/Card/CardManager.mlua:13768 | RootDesk/MyDesk/SkillInventory.mlua:82 | /ui/TitleGroup/SkillPanel/ScrollArea/List/SkillSlot_38/Name,파이널 어택 : 활,,,
MLUA_CARDMANAGER_058,연속 사격,RootDesk/MyDesk/Card/CardManager.mlua:13772 | RootDesk/MyDesk/SkillInventory.mlua:83 | /ui/TitleGroup/SkillPanel/ScrollArea/List/SkillSlot_39/Name,연속 사격,,,
MLUA_CARDMANAGER_059,아쿠아 서지,RootDesk/MyDesk/Card/CardManager.mlua:13895,아쿠아 서지,,,
MLUA_CARDMANAGER_060,헤일 스톤,RootDesk/MyDesk/Card/CardManager.mlua:14022 | RootDesk/MyDesk/SkillInventory.mlua:53,헤일 스톤,,,
MLUA_CARDMANAGER_061,썬더스톰,RootDesk/MyDesk/Card/CardManager.mlua:14049 | RootDesk/MyDesk/SkillInventory.mlua:55,썬더스톰,,,
MLUA_CARDMANAGER_062,아이스 스트라이크,RootDesk/MyDesk/Card/CardManager.mlua:14086 | RootDesk/MyDesk/SkillInventory.mlua:56,아이스 스트라이크,,,
MLUA_CARDMANAGER_063,체인 라이트닝,RootDesk/MyDesk/Card/CardManager.mlua:14113 | RootDesk/MyDesk/SkillInventory.mlua:57,체인 라이트닝,,,
MLUA_CARDMANAGER_064,다이아가 부족합니다,RootDesk/MyDesk/Card/CardManager.mlua:15152 | RootDesk/MyDesk/Card/CardManager.mlua:23975 | RootDesk/MyDesk/Inventory/UI/UIInventory.mlua:416 | RootDesk/MyDesk/UI/DamageSkinLogic.mlua:161,다이아가 부족합니다,,,
MLUA_CARDMANAGER_065,"해금! (대미지 110, 타겟 2명, 슬로우 3초)",RootDesk/MyDesk/Card/CardManager.mlua:16351,"해금! (대미지 110, 타겟 2명, 슬로우 3초)",,,
MLUA_CARDMANAGER_066,피해량 +50,RootDesk/MyDesk/Card/CardManager.mlua:16352 | RootDesk/MyDesk/Card/CardManager.mlua:16354 | RootDesk/MyDesk/Card/CardManager.mlua:16355 | RootDesk/MyDesk/Card/CardManager.mlua:16402 | RootDesk/MyDesk/Card/CardManager.mlua:16419,피해량 +50,,,
MLUA_CARDMANAGER_067,공격 대상 +1,RootDesk/MyDesk/Card/CardManager.mlua:16353 | RootDesk/MyDesk/Card/CardManager.mlua:16401 | RootDesk/MyDesk/Card/CardManager.mlua:16427 | RootDesk/MyDesk/Card/CardManager.mlua:16432 | RootDesk/MyDesk/Card/CardManager.mlua:16435,공격 대상 +1,,,
MLUA_CARDMANAGER_068,"해금! (대미지 90, 타겟 2명)",RootDesk/MyDesk/Card/CardManager.mlua:16359,"해금! (대미지 90, 타겟 2명)",,,
MLUA_CARDMANAGER_069,"스턴 효과 신규 획득 (확률 25%, 지속 2초)",RootDesk/MyDesk/Card/CardManager.mlua:16360,"스턴 효과 신규 획득 (확률 25%, 지속 2초)",,,
MLUA_CARDMANAGER_070,피해량 +40,RootDesk/MyDesk/Card/CardManager.mlua:16361 | RootDesk/MyDesk/Card/CardManager.mlua:16549 | RootDesk/MyDesk/Card/CardManager.mlua:16695 | RootDesk/MyDesk/Card/CardManager.mlua:16702 | RootDesk/MyDesk/Card/CardManager.mlua:16710,피해량 +40,,,
MLUA_CARDMANAGER_071,"공격 대상 +1, 스턴 +1초",RootDesk/MyDesk/Card/CardManager.mlua:16362,"공격 대상 +1, 스턴 +1초",,,
MLUA_CARDMANAGER_072,"피해량 +40, 스턴 확률 +5%",RootDesk/MyDesk/Card/CardManager.mlua:16363,"피해량 +40, 스턴 확률 +5%",,,
MLUA_CARDMANAGER_073,"해금! (모든 스킬 쿨타임 -5%, 영구)",RootDesk/MyDesk/Card/CardManager.mlua:16367,"해금! (모든 스킬 쿨타임 -5%, 영구)",,,
MLUA_CARDMANAGER_074,쿨타임 감소량 +2%,RootDesk/MyDesk/Card/CardManager.mlua:16368 | RootDesk/MyDesk/Card/CardManager.mlua:16370 | RootDesk/MyDesk/Card/CardManager.mlua:16562 | RootDesk/MyDesk/Card/CardManager.mlua:16564 | RootDesk/MyDesk/Card/CardManager.mlua:16924,쿨타임 감소량 +2%,,,
MLUA_CARDMANAGER_075,쿨타임 감소량 +3%,RootDesk/MyDesk/Card/CardManager.mlua:16369 | RootDesk/MyDesk/Card/CardManager.mlua:16371 | RootDesk/MyDesk/Card/CardManager.mlua:16563 | RootDesk/MyDesk/Card/CardManager.mlua:16565 | RootDesk/MyDesk/Card/CardManager.mlua:16925,쿨타임 감소량 +3%,,,
MLUA_CARDMANAGER_076,"해금! (크리티컬 확률 10%, 영구)",RootDesk/MyDesk/Card/CardManager.mlua:16375 | RootDesk/MyDesk/Card/CardManager.mlua:16569 | RootDesk/MyDesk/Card/CardManager.mlua:16721 | RootDesk/MyDesk/Card/CardManager.mlua:16931 | RootDesk/MyDesk/Card/CardManager.mlua:17021,"해금! (크리티컬 확률 10%, 영구)",,,
MLUA_CARDMANAGER_077,크리티컬 확률 +2%,RootDesk/MyDesk/Card/CardManager.mlua:16376 | RootDesk/MyDesk/Card/CardManager.mlua:16378 | RootDesk/MyDesk/Card/CardManager.mlua:16570 | RootDesk/MyDesk/Card/CardManager.mlua:16572 | RootDesk/MyDesk/Card/CardManager.mlua:16722,크리티컬 확률 +2%,,,
MLUA_CARDMANAGER_078,크리티컬 확률 +3%,RootDesk/MyDesk/Card/CardManager.mlua:16377 | RootDesk/MyDesk/Card/CardManager.mlua:16379 | RootDesk/MyDesk/Card/CardManager.mlua:16571 | RootDesk/MyDesk/Card/CardManager.mlua:16573 | RootDesk/MyDesk/Card/CardManager.mlua:16723,크리티컬 확률 +3%,,,
MLUA_CARDMANAGER_079,해금! (대미지 150),RootDesk/MyDesk/Card/CardManager.mlua:16383,해금! (대미지 150),,,
MLUA_CARDMANAGER_080,"2연타로 강화, 피해량 대폭 증가",RootDesk/MyDesk/Card/CardManager.mlua:16384,"2연타로 강화, 피해량 대폭 증가",,,
MLUA_CARDMANAGER_081,치명타 확률 20% 신규 획득,RootDesk/MyDesk/Card/CardManager.mlua:16385,치명타 확률 20% 신규 획득,,,
MLUA_CARDMANAGER_082,피해량 +100,RootDesk/MyDesk/Card/CardManager.mlua:16386,피해량 +100,,,
MLUA_CARDMANAGER_083,명중 시 광역 폭발 피해 신규 획득,RootDesk/MyDesk/Card/CardManager.mlua:16387,명중 시 광역 폭발 피해 신규 획득,,,
MLUA_CARDMANAGER_084,"해금! (아이스 보너스 +5%/스택, 패시브)",RootDesk/MyDesk/Card/CardManager.mlua:16391,"해금! (아이스 보너스 +5%/스택, 패시브)",,,
MLUA_CARDMANAGER_085,아이스 보너스 +1%p,RootDesk/MyDesk/Card/CardManager.mlua:16392,아이스 보너스 +1%p,,,
MLUA_CARDMANAGER_086,적중 시 번개 연쇄 효과 신규 획득,RootDesk/MyDesk/Card/CardManager.mlua:16393,적중 시 번개 연쇄 효과 신규 획득,,,
MLUA_CARDMANAGER_087,번개 연쇄 대상 +1마리,RootDesk/MyDesk/Card/CardManager.mlua:16394,번개 연쇄 대상 +1마리,,,
MLUA_CARDMANAGER_088,"번개 연쇄 대상 +1마리, 5스택 시 빙결 폭발 신규 획득",RootDesk/MyDesk/Card/CardManager.mlua:16395,"번개 연쇄 대상 +1마리, 5스택 시 빙결 폭발 신규 획득",,,
MLUA_CARDMANAGER_089,"해금! (대미지 110, 광역 범위, 타겟 1명)",RootDesk/MyDesk/Card/CardManager.mlua:16399,"해금! (대미지 110, 광역 범위, 타겟 1명)",,,
MLUA_CARDMANAGER_090,출혈 효과 신규 획득,RootDesk/MyDesk/Card/CardManager.mlua:16400,출혈 효과 신규 획득,,,
MLUA_CARDMANAGER_091,출혈 피해량 증가,RootDesk/MyDesk/Card/CardManager.mlua:16403,출혈 피해량 증가,,,
MLUA_CARDMANAGER_092,"해금! (대미지 300, 고정 광역)",RootDesk/MyDesk/Card/CardManager.mlua:16407,"해금! (대미지 300, 고정 광역)",,,
MLUA_CARDMANAGER_093,쿨타임 감소,RootDesk/MyDesk/Card/CardManager.mlua:16408 | RootDesk/MyDesk/Card/CardManager.mlua:16434,쿨타임 감소,,,
MLUA_CARDMANAGER_094,범위 증가,RootDesk/MyDesk/Card/CardManager.mlua:16409,범위 증가,,,
MLUA_CARDMANAGER_095,피해량 +70,RootDesk/MyDesk/Card/CardManager.mlua:16410,피해량 +70,,,
MLUA_CARDMANAGER_096,"쿨타임 감소, 확률적 2연타 효과 신규 획득",RootDesk/MyDesk/Card/CardManager.mlua:16411,"쿨타임 감소, 확률적 2연타 효과 신규 획득",,,
MLUA_CARDMANAGER_097,"해금! (대미지 100, 광역 범위, 1타)",RootDesk/MyDesk/Card/CardManager.mlua:16415,"해금! (대미지 100, 광역 범위, 1타)",,,
MLUA_CARDMANAGER_098,타격 횟수 증가,RootDesk/MyDesk/Card/CardManager.mlua:16416 | RootDesk/MyDesk/Card/CardManager.mlua:16418,타격 횟수 증가,,,
MLUA_CARDMANAGER_099,"피해량 +50, 넉백 효과 신규 획득",RootDesk/MyDesk/Card/CardManager.mlua:16417,"피해량 +50, 넉백 효과 신규 획득",,,
MLUA_CARDMANAGER_100,"해금! (대미지 75, 타겟 2명, 속박 1초)",RootDesk/MyDesk/Card/CardManager.mlua:16423,"해금! (대미지 75, 타겟 2명, 속박 1초)",,,
MLUA_CARDMANAGER_101,"공격 대상 +1, 속박 지속 증가",RootDesk/MyDesk/Card/CardManager.mlua:16425,"공격 대상 +1, 속박 지속 증가",,,
MLUA_CARDMANAGER_102,"해금! (대미지 120, 타겟 1명, 빙결 스택 +1)",RootDesk/MyDesk/Card/CardManager.mlua:16431,"해금! (대미지 120, 타겟 1명, 빙결 스택 +1)",,,
MLUA_CARDMANAGER_103,"해금! (대미지 350, 광역 범위, 3연타, 스턴 40% 3초)",RootDesk/MyDesk/Card/CardManager.mlua:16439,"해금! (대미지 350, 광역 범위, 3연타, 스턴 40% 3초)",,,
MLUA_CARDMANAGER_104,"피해량 +88, 공격 대상 +1",RootDesk/MyDesk/Card/CardManager.mlua:16440,"피해량 +88, 공격 대상 +1",,,
MLUA_CARDMANAGER_105,"피해량 +87, 스턴 확률 +10%",RootDesk/MyDesk/Card/CardManager.mlua:16441,"피해량 +87, 스턴 확률 +10%",,,
MLUA_CARDMANAGER_106,"해금! (대미지 250, 타겟 3명, 슬로우, 빙결 스택 2)",RootDesk/MyDesk/Card/CardManager.mlua:16445,"해금! (대미지 250, 타겟 3명, 슬로우, 빙결 스택 2)",,,
MLUA_CARDMANAGER_107,"피해량 +50, 공격 대상 +1",RootDesk/MyDesk/Card/CardManager.mlua:16447 | RootDesk/MyDesk/Card/CardManager.mlua:16717 | RootDesk/MyDesk/Card/CardManager.mlua:16767,"피해량 +50, 공격 대상 +1",,,
MLUA_CARDMANAGER_108,"해금! (피격 피해 -5%, 영구)",RootDesk/MyDesk/Card/CardManager.mlua:16451,"해금! (피격 피해 -5%, 영구)",,,
MLUA_CARDMANAGER_109,피해 감소량 +2%,RootDesk/MyDesk/Card/CardManager.mlua:16452 | RootDesk/MyDesk/Card/CardManager.mlua:16454,피해 감소량 +2%,,,
MLUA_CARDMANAGER_110,피해 감소량 +3%,RootDesk/MyDesk/Card/CardManager.mlua:16453 | RootDesk/MyDesk/Card/CardManager.mlua:16455,피해 감소량 +3%,,,
MLUA_CARDMANAGER_111,"해금! (대미지 300, 연쇄 3명, 치명타+20%, 마지막 착탄 +50%)",RootDesk/MyDesk/Card/CardManager.mlua:16459,"해금! (대미지 300, 연쇄 3명, 치명타+20%, 마지막 착탄 +50%)",,,
MLUA_CARDMANAGER_112,"피해량 +50, 연쇄 대상 +1, 마지막 착탄 보너스 +10%",RootDesk/MyDesk/Card/CardManager.mlua:16460 | RootDesk/MyDesk/Card/CardManager.mlua:16461,"피해량 +50, 연쇄 대상 +1, 마지막 착탄 보너스 +10%",,,
MLUA_CARDMANAGER_113,"해금! (대미지 300, 광역+관통, 출혈, 넉백)",RootDesk/MyDesk/Card/CardManager.mlua:16465,"해금! (대미지 300, 광역+관통, 출혈, 넉백)",,,
MLUA_CARDMANAGER_114,"해금! (대미지 400, 고정 광역, 확률적 2연타 25%)",RootDesk/MyDesk/Card/CardManager.mlua:16471,"해금! (대미지 400, 고정 광역, 확률적 2연타 25%)",,,
MLUA_CARDMANAGER_115,"피해량 +50, 2연타 확률 +5%",RootDesk/MyDesk/Card/CardManager.mlua:16472,"피해량 +50, 2연타 확률 +5%",,,
MLUA_CARDMANAGER_116,"피해량 +50, 범위 증가, 2연타 확률 +10%",RootDesk/MyDesk/Card/CardManager.mlua:16473,"피해량 +50, 범위 증가, 2연타 확률 +10%",,,
MLUA_CARDMANAGER_117,"해금! (피해량 +3%, 영구)",RootDesk/MyDesk/Card/CardManager.mlua:16477,"해금! (피해량 +3%, 영구)",,,
MLUA_CARDMANAGER_118,피해량 증가 +3%p,RootDesk/MyDesk/Card/CardManager.mlua:16478 | RootDesk/MyDesk/Card/CardManager.mlua:16479 | RootDesk/MyDesk/Card/CardManager.mlua:16480 | RootDesk/MyDesk/Card/CardManager.mlua:16481 | RootDesk/MyDesk/Card/CardManager.mlua:16594,피해량 증가 +3%p,,,
MLUA_CARDMANAGER_119,"해금! (대미지 200, 타겟 3명, 빙결 스택+1, 추가타 대미지 60%)",RootDesk/MyDesk/Card/CardManager.mlua:16485,"해금! (대미지 200, 타겟 3명, 빙결 스택+1, 추가타 대미지 60%)",,,
MLUA_CARDMANAGER_120,"피해량 +50, 추가타 대미지 확률 +10%",RootDesk/MyDesk/Card/CardManager.mlua:16486,"피해량 +50, 추가타 대미지 확률 +10%",,,
MLUA_CARDMANAGER_121,"피해량 +50, 공격 대상 +1, 추가타 대미지 확률 +10%",RootDesk/MyDesk/Card/CardManager.mlua:16487,"피해량 +50, 공격 대상 +1, 추가타 대미지 확률 +10%",,,
MLUA_CARDMANAGER_122,"해금! (대미지 200, 타겟 4명, 속박 3초, 종료 직전 추가타 50%)",RootDesk/MyDesk/Card/CardManager.mlua:16491,"해금! (대미지 200, 타겟 4명, 속박 3초, 종료 직전 추가타 50%)",,,
MLUA_CARDMANAGER_123,"피해량 +40, 공격 대상 +1, 추가타 확률 +10%",RootDesk/MyDesk/Card/CardManager.mlua:16492 | RootDesk/MyDesk/Card/CardManager.mlua:16493,"피해량 +40, 공격 대상 +1, 추가타 확률 +10%",,,
MLUA_CARDMANAGER_124,"해금! (대미지 45, 타겟 4명)",RootDesk/MyDesk/Card/CardManager.mlua:16497,"해금! (대미지 45, 타겟 4명)",,,
MLUA_CARDMANAGER_125,피해량 +20,RootDesk/MyDesk/Card/CardManager.mlua:16499 | RootDesk/MyDesk/Card/CardManager.mlua:16501 | RootDesk/MyDesk/Card/CardManager.mlua:16546 | RootDesk/MyDesk/Card/CardManager.mlua:16548 | RootDesk/MyDesk/Card/CardManager.mlua:16653,피해량 +20,,,
MLUA_CARDMANAGER_126,"해금! (대미지 120, 화살 2발)",RootDesk/MyDesk/Card/CardManager.mlua:16505,"해금! (대미지 120, 화살 2발)",,,
MLUA_CARDMANAGER_127,강화 화살 효과 신규 획득 (확률 20%),RootDesk/MyDesk/Card/CardManager.mlua:16506,강화 화살 효과 신규 획득 (확률 20%),,,
MLUA_CARDMANAGER_128,"피해량 +50, 강화 화살 대미지 +10%",RootDesk/MyDesk/Card/CardManager.mlua:16507,"피해량 +50, 강화 화살 대미지 +10%",,,
MLUA_CARDMANAGER_129,강화 화살 대미지 +20%,RootDesk/MyDesk/Card/CardManager.mlua:16508,강화 화살 대미지 +20%,,,
MLUA_CARDMANAGER_130,"피해량 +40, 강화 화살 대미지 +20%",RootDesk/MyDesk/Card/CardManager.mlua:16509,"피해량 +40, 강화 화살 대미지 +20%",,,
MLUA_CARDMANAGER_131,"해금! (대미지 100, 착탄 1개, 슬로우 40% 2초)",RootDesk/MyDesk/Card/CardManager.mlua:16513,"해금! (대미지 100, 착탄 1개, 슬로우 40% 2초)",,,
MLUA_CARDMANAGER_132,"착탄 지점 +1, 슬로우 +1초",RootDesk/MyDesk/Card/CardManager.mlua:16514 | RootDesk/MyDesk/Card/CardManager.mlua:16516,"착탄 지점 +1, 슬로우 +1초",,,
MLUA_CARDMANAGER_133,"피해량 +50, 슬로우 확률 +10%",RootDesk/MyDesk/Card/CardManager.mlua:16515 | RootDesk/MyDesk/Card/CardManager.mlua:16517,"피해량 +50, 슬로우 확률 +10%",,,
MLUA_CARDMANAGER_134,"해금! (대미지 100, 착탄 1개, 슬로우 대상 추가 피해 +39%)",RootDesk/MyDesk/Card/CardManager.mlua:16521,"해금! (대미지 100, 착탄 1개, 슬로우 대상 추가 피해 +39%)",,,
MLUA_CARDMANAGER_135,"착탄 지점 +1, 슬로우 대상 추가 피해",RootDesk/MyDesk/Card/CardManager.mlua:16522 | RootDesk/MyDesk/Card/CardManager.mlua:16524,"착탄 지점 +1, 슬로우 대상 추가 피해",,,
MLUA_CARDMANAGER_136,"피해량 +50, 슬로우 대상 추가 피해",RootDesk/MyDesk/Card/CardManager.mlua:16523 | RootDesk/MyDesk/Card/CardManager.mlua:16525,"피해량 +50, 슬로우 대상 추가 피해",,,
MLUA_CARDMANAGER_137,"해금! (대미지 120, 유지 3초, 슬로우 대상 추가 피해 +39%)",RootDesk/MyDesk/Card/CardManager.mlua:16529,"해금! (대미지 120, 유지 3초, 슬로우 대상 추가 피해 +39%)",,,
MLUA_CARDMANAGER_138,"지속 +1초, 범위 증가, 슬로우 대상 추가 피해",RootDesk/MyDesk/Card/CardManager.mlua:16530,"지속 +1초, 범위 증가, 슬로우 대상 추가 피해",,,
MLUA_CARDMANAGER_139,"피해량 +30, 지속 +1초, 슬로우 대상 추가 피해",RootDesk/MyDesk/Card/CardManager.mlua:16531 | RootDesk/MyDesk/Card/CardManager.mlua:16532,"피해량 +30, 지속 +1초, 슬로우 대상 추가 피해",,,
MLUA_CARDMANAGER_140,"피해량 +50, 지속 +1초, 범위 증가, 슬로우 대상 추가 피해",RootDesk/MyDesk/Card/CardManager.mlua:16533,"피해량 +50, 지속 +1초, 범위 증가, 슬로우 대상 추가 피해",,,
MLUA_CARDMANAGER_141,"해금! (대미지 80, 화살 2발, 관통 1회)",RootDesk/MyDesk/Card/CardManager.mlua:16537,"해금! (대미지 80, 화살 2발, 관통 1회)",,,
MLUA_CARDMANAGER_142,"피해량 +20, 화살 개수 +1",RootDesk/MyDesk/Card/CardManager.mlua:16538 | RootDesk/MyDesk/Card/CardManager.mlua:16540,"피해량 +20, 화살 개수 +1",,,
MLUA_CARDMANAGER_143,"피해량 +20, 관통 횟수 +1",RootDesk/MyDesk/Card/CardManager.mlua:16539 | RootDesk/MyDesk/Card/CardManager.mlua:16541,"피해량 +20, 관통 횟수 +1",,,
MLUA_CARDMANAGER_144,"해금! (대미지 100, 착탄 1개, 광역)",RootDesk/MyDesk/Card/CardManager.mlua:16545,"해금! (대미지 100, 착탄 1개, 광역)",,,
MLUA_CARDMANAGER_145,"피해량 +20, 착탄 지점 +1, 쿨타임 감소",RootDesk/MyDesk/Card/CardManager.mlua:16547,"피해량 +20, 착탄 지점 +1, 쿨타임 감소",,,
MLUA_CARDMANAGER_146,"해금! (대미지 100, 타겟 1명, 넉백, 충돌 대상 30% 대미지)",RootDesk/MyDesk/Card/CardManager.mlua:16553 | RootDesk/MyDesk/Card/CardManager.mlua:16675,"해금! (대미지 100, 타겟 1명, 넉백, 충돌 대상 30% 대미지)",,,
MLUA_CARDMANAGER_147,"피해량 +40, 충돌 대미지 +10%",RootDesk/MyDesk/Card/CardManager.mlua:16555 | RootDesk/MyDesk/Card/CardManager.mlua:16557 | RootDesk/MyDesk/Card/CardManager.mlua:16677 | RootDesk/MyDesk/Card/CardManager.mlua:16679,"피해량 +40, 충돌 대미지 +10%",,,
MLUA_CARDMANAGER_148,"피해량 +20, 충돌 대미지 +10%",RootDesk/MyDesk/Card/CardManager.mlua:16556 | RootDesk/MyDesk/Card/CardManager.mlua:16678,"피해량 +20, 충돌 대미지 +10%",,,
MLUA_CARDMANAGER_149,"해금! (쿨타임 -5%, 영구)",RootDesk/MyDesk/Card/CardManager.mlua:16561 | RootDesk/MyDesk/Card/CardManager.mlua:16923 | RootDesk/MyDesk/Card/CardManager.mlua:17013,"해금! (쿨타임 -5%, 영구)",,,
MLUA_CARDMANAGER_150,"해금! (크리티컬 대미지 +10%, 영구)",RootDesk/MyDesk/Card/CardManager.mlua:16577 | RootDesk/MyDesk/Card/CardManager.mlua:16939 | RootDesk/MyDesk/Card/CardManager.mlua:17029,"해금! (크리티컬 대미지 +10%, 영구)",,,
MLUA_CARDMANAGER_151,크리티컬 대미지 +10%,RootDesk/MyDesk/Card/CardManager.mlua:16578 | RootDesk/MyDesk/Card/CardManager.mlua:16579 | RootDesk/MyDesk/Card/CardManager.mlua:16580 | RootDesk/MyDesk/Card/CardManager.mlua:16581 | RootDesk/MyDesk/Card/CardManager.mlua:16940,크리티컬 대미지 +10%,,,
MLUA_CARDMANAGER_152,"해금! (추가 공격 확률 10%, 대미지 100%, 영구)",RootDesk/MyDesk/Card/CardManager.mlua:16585,"해금! (추가 공격 확률 10%, 대미지 100%, 영구)",,,
MLUA_CARDMANAGER_153,"추가 공격 확률 +5%, 대미지 +20%",RootDesk/MyDesk/Card/CardManager.mlua:16586 | RootDesk/MyDesk/Card/CardManager.mlua:16587 | RootDesk/MyDesk/Card/CardManager.mlua:16588 | RootDesk/MyDesk/Card/CardManager.mlua:16589,"추가 공격 확률 +5%, 대미지 +20%",,,
MLUA_CARDMANAGER_154,"해금! (피해량 +5%, 영구)",RootDesk/MyDesk/Card/CardManager.mlua:16593 | RootDesk/MyDesk/Card/CardManager.mlua:16745 | RootDesk/MyDesk/Card/CardManager.mlua:17005 | RootDesk/MyDesk/Card/CardManager.mlua:17037,"해금! (피해량 +5%, 영구)",,,
MLUA_CARDMANAGER_155,피해량 증가 +4%p,RootDesk/MyDesk/Card/CardManager.mlua:16595 | RootDesk/MyDesk/Card/CardManager.mlua:16596 | RootDesk/MyDesk/Card/CardManager.mlua:16597 | RootDesk/MyDesk/Card/CardManager.mlua:16747 | RootDesk/MyDesk/Card/CardManager.mlua:16748,피해량 증가 +4%p,,,
MLUA_CARDMANAGER_156,"해금! (대미지 200, 착탄 2개, 슬로우, 스턴 2초, 슬로우 대상 추가 피해 +120%)",RootDesk/MyDesk/Card/CardManager.mlua:16601,"해금! (대미지 200, 착탄 2개, 슬로우, 스턴 2초, 슬로우 대상 추가 피해 +120%)",,,
MLUA_CARDMANAGER_157,"피해량 +40, 슬로우, 스턴 +1초, 슬로우 대상 추가 피해",RootDesk/MyDesk/Card/CardManager.mlua:16602,"피해량 +40, 슬로우, 스턴 +1초, 슬로우 대상 추가 피해",,,
MLUA_CARDMANAGER_158,"피해량 +20, 범위 증가, 슬로우, 스턴 +1초, 슬로우 대상 추가 피해",RootDesk/MyDesk/Card/CardManager.mlua:16603,"피해량 +20, 범위 증가, 슬로우, 스턴 +1초, 슬로우 대상 추가 피해",,,
MLUA_CARDMANAGER_159,"해금! (대미지 300, 유지 5초, 크리티컬 10%, 슬로우 대상 추가 피해 +120%)",RootDesk/MyDesk/Card/CardManager.mlua:16607,"해금! (대미지 300, 유지 5초, 크리티컬 10%, 슬로우 대상 추가 피해 +120%)",,,
MLUA_CARDMANAGER_160,"피해량 +20, 지속 +1초, 크리티컬 +5%, 슬로우 대상 추가 피해",RootDesk/MyDesk/Card/CardManager.mlua:16608 | RootDesk/MyDesk/Card/CardManager.mlua:16609,"피해량 +20, 지속 +1초, 크리티컬 +5%, 슬로우 대상 추가 피해",,,
MLUA_CARDMANAGER_161,"해금! (대미지 100, 최대 6명 연사, 추가 타격 확률 15%)",RootDesk/MyDesk/Card/CardManager.mlua:16613,"해금! (대미지 100, 최대 6명 연사, 추가 타격 확률 15%)",,,
MLUA_CARDMANAGER_162,"피해량 +20, 연사 대상 +1, 추가 타격 대미지 증가",RootDesk/MyDesk/Card/CardManager.mlua:16614,"피해량 +20, 연사 대상 +1, 추가 타격 대미지 증가",,,
MLUA_CARDMANAGER_163,"피해량 +20, 연사 대상 +1, 추가 타격 확률 +5%, 대미지 증가",RootDesk/MyDesk/Card/CardManager.mlua:16615,"피해량 +20, 연사 대상 +1, 추가 타격 확률 +5%, 대미지 증가",,,
MLUA_CARDMANAGER_164,"해금! (대미지 230, 연사 3발, 강화 확률 20%, 강화 시 3연타)",RootDesk/MyDesk/Card/CardManager.mlua:16619,"해금! (대미지 230, 연사 3발, 강화 확률 20%, 강화 시 3연타)",,,
MLUA_CARDMANAGER_165,"피해량 +20, 강화 확률 +5%",RootDesk/MyDesk/Card/CardManager.mlua:16620,"피해량 +20, 강화 확률 +5%",,,
MLUA_CARDMANAGER_166,"피해량 +50, 연사 개수 +1, 강화 확률 +5%",RootDesk/MyDesk/Card/CardManager.mlua:16621,"피해량 +50, 연사 개수 +1, 강화 확률 +5%",,,
MLUA_CARDMANAGER_167,"해금! (대미지 180, 화살 5발, 관통 4회, 크리티컬 +10%)",RootDesk/MyDesk/Card/CardManager.mlua:16625,"해금! (대미지 180, 화살 5발, 관통 4회, 크리티컬 +10%)",,,
MLUA_CARDMANAGER_168,"피해량 +20, 쿨타임 감소, 크리티컬 +5%",RootDesk/MyDesk/Card/CardManager.mlua:16626,"피해량 +20, 쿨타임 감소, 크리티컬 +5%",,,
MLUA_CARDMANAGER_169,"피해량 +20, 화살 개수 +1, 크리티컬 +5%",RootDesk/MyDesk/Card/CardManager.mlua:16627,"피해량 +20, 화살 개수 +1, 크리티컬 +5%",,,
MLUA_CARDMANAGER_170,"해금! (대미지 250, 착탄 3개, 광역, 크리티컬 +10%)",RootDesk/MyDesk/Card/CardManager.mlua:16631,"해금! (대미지 250, 착탄 3개, 광역, 크리티컬 +10%)",,,
MLUA_CARDMANAGER_171,"피해량 +50, 크리티컬 +5%",RootDesk/MyDesk/Card/CardManager.mlua:16632,"피해량 +50, 크리티컬 +5%",,,
MLUA_CARDMANAGER_172,"피해량 +50, 착탄 지점 +1, 크리티컬 +5%",RootDesk/MyDesk/Card/CardManager.mlua:16633,"피해량 +50, 착탄 지점 +1, 크리티컬 +5%",,,
MLUA_CARDMANAGER_173,"해금! (대미지 180, 타겟 2명, 넉백, 충돌 대미지 80%, 정지 시 폭발 50%)",RootDesk/MyDesk/Card/CardManager.mlua:16637,"해금! (대미지 180, 타겟 2명, 넉백, 충돌 대미지 80%, 정지 시 폭발 50%)",,,
MLUA_CARDMANAGER_174,"피해량 +20, 충돌 대미지 증가, 폭발 대미지 증가",RootDesk/MyDesk/Card/CardManager.mlua:16638,"피해량 +20, 충돌 대미지 증가, 폭발 대미지 증가",,,
MLUA_CARDMANAGER_175,"피해량 +20, 충돌 대미지 증가, 폭발 대미지 대폭 증가",RootDesk/MyDesk/Card/CardManager.mlua:16639,"피해량 +20, 충돌 대미지 증가, 폭발 대미지 대폭 증가",,,
MLUA_CARDMANAGER_176,"해금! (콤보 스택 확률 10%, 영구)",RootDesk/MyDesk/Card/CardManager.mlua:16643,"해금! (콤보 스택 확률 10%, 영구)",,,
MLUA_CARDMANAGER_177,스택 확률 +5%,RootDesk/MyDesk/Card/CardManager.mlua:16644 | RootDesk/MyDesk/Card/CardManager.mlua:16645 | RootDesk/MyDesk/Card/CardManager.mlua:16647,스택 확률 +5%,,,
MLUA_CARDMANAGER_178,스택 확률 +10%,RootDesk/MyDesk/Card/CardManager.mlua:16646,스택 확률 +10%,,,
MLUA_CARDMANAGER_179,"해금! (대미지 130, 타겟 1명, 콤보스택 +1)",RootDesk/MyDesk/Card/CardManager.mlua:16651,"해금! (대미지 130, 타겟 1명, 콤보스택 +1)",,,
MLUA_CARDMANAGER_180,"피해량 +20, 공격 대상 +1",RootDesk/MyDesk/Card/CardManager.mlua:16652 | RootDesk/MyDesk/Card/CardManager.mlua:16661 | RootDesk/MyDesk/Card/CardManager.mlua:16668 | RootDesk/MyDesk/Card/CardManager.mlua:16671 | RootDesk/MyDesk/Card/CardManager.mlua:16685,"피해량 +20, 공격 대상 +1",,,
MLUA_CARDMANAGER_181,피해량 +30,RootDesk/MyDesk/Card/CardManager.mlua:16654 | RootDesk/MyDesk/Card/CardManager.mlua:16772 | RootDesk/MyDesk/Card/CardManager.mlua:16853 | RootDesk/MyDesk/Card/CardManager.mlua:16855 | RootDesk/MyDesk/Card/CardManager.mlua:16919,피해량 +30,,,
MLUA_CARDMANAGER_182,"피해량 +40, 공격 대상 +1",RootDesk/MyDesk/Card/CardManager.mlua:16655 | RootDesk/MyDesk/Card/CardManager.mlua:16703 | RootDesk/MyDesk/Card/CardManager.mlua:16895,"피해량 +40, 공격 대상 +1",,,
MLUA_CARDMANAGER_183,"해금! (대미지 120, 타겟 1명, 콤보스택 +1)",RootDesk/MyDesk/Card/CardManager.mlua:16659,"해금! (대미지 120, 타겟 1명, 콤보스택 +1)",,,
MLUA_CARDMANAGER_184,"피해량 +20, 쿨타임 감소",RootDesk/MyDesk/Card/CardManager.mlua:16660,"피해량 +20, 쿨타임 감소",,,
MLUA_CARDMANAGER_185,"해금! (대미지 120, 타겟 1명, 광역, 콤보스택 +1)",RootDesk/MyDesk/Card/CardManager.mlua:16667 | RootDesk/MyDesk/Card/CardManager.mlua:16683,"해금! (대미지 120, 타겟 1명, 광역, 콤보스택 +1)",,,
MLUA_CARDMANAGER_186,"해금! (대미지 100, 타겟 1명, 일반 2연타, 확률적 4연타 10%)",RootDesk/MyDesk/Card/CardManager.mlua:16691,"해금! (대미지 100, 타겟 1명, 일반 2연타, 확률적 4연타 10%)",,,
MLUA_CARDMANAGER_187,"해금! (대미지 120, 타겟 1명, 속박(도약) 1초, 콤보스택 +1)",RootDesk/MyDesk/Card/CardManager.mlua:16699,"해금! (대미지 120, 타겟 1명, 속박(도약) 1초, 콤보스택 +1)",,,
MLUA_CARDMANAGER_188,"해금! (대미지 120, 지속 4초, 2초마다 2연타)",RootDesk/MyDesk/Card/CardManager.mlua:16707,"해금! (대미지 120, 지속 4초, 2초마다 2연타)",,,
MLUA_CARDMANAGER_189,"피해량 +20, 지속 +1초",RootDesk/MyDesk/Card/CardManager.mlua:16709 | RootDesk/MyDesk/Card/CardManager.mlua:16801 | RootDesk/MyDesk/Card/CardManager.mlua:16807,"피해량 +20, 지속 +1초",,,
MLUA_CARDMANAGER_190,"해금! (대미지 350, 타겟 3명, 콤보스택 +2, 스턴 2초 100%)",RootDesk/MyDesk/Card/CardManager.mlua:16715,"해금! (대미지 350, 타겟 3명, 콤보스택 +2, 스턴 2초 100%)",,,
MLUA_CARDMANAGER_191,"해금! (콤보 폭발 대미지 220%, 영구)",RootDesk/MyDesk/Card/CardManager.mlua:16729,"해금! (콤보 폭발 대미지 220%, 영구)",,,
MLUA_CARDMANAGER_192,폭발 대미지 +10%,RootDesk/MyDesk/Card/CardManager.mlua:16730 | RootDesk/MyDesk/Card/CardManager.mlua:16731 | RootDesk/MyDesk/Card/CardManager.mlua:16732 | RootDesk/MyDesk/Card/CardManager.mlua:16733,폭발 대미지 +10%,,,
MLUA_CARDMANAGER_193,"해금! (15초마다 체력 2% 회복, 영구)",RootDesk/MyDesk/Card/CardManager.mlua:16737,"해금! (15초마다 체력 2% 회복, 영구)",,,
MLUA_CARDMANAGER_194,회복량 +1%,RootDesk/MyDesk/Card/CardManager.mlua:16738 | RootDesk/MyDesk/Card/CardManager.mlua:16739 | RootDesk/MyDesk/Card/CardManager.mlua:16740 | RootDesk/MyDesk/Card/CardManager.mlua:16741,회복량 +1%,,,
MLUA_CARDMANAGER_195,"해금! (대미지 300, 타겟 3명, 광역 2타 범위공격 50%)",RootDesk/MyDesk/Card/CardManager.mlua:16753,"해금! (대미지 300, 타겟 3명, 광역 2타 범위공격 50%)",,,
MLUA_CARDMANAGER_196,"피해량 +84, 범위 2타 대미지 +10%",RootDesk/MyDesk/Card/CardManager.mlua:16754,"피해량 +84, 범위 2타 대미지 +10%",,,
MLUA_CARDMANAGER_197,"피해량 +126, 공격 대상 +1, 범위 2타 대미지 +10%",RootDesk/MyDesk/Card/CardManager.mlua:16755,"피해량 +126, 공격 대상 +1, 범위 2타 대미지 +10%",,,
MLUA_CARDMANAGER_198,"해금! (대미지 200, 넉백, 충돌 대미지 60%, 착지 시 범위 폭발 60%)",RootDesk/MyDesk/Card/CardManager.mlua:16759,"해금! (대미지 200, 넉백, 충돌 대미지 60%, 착지 시 범위 폭발 60%)",,,
MLUA_CARDMANAGER_199,"피해량 +20, 충돌·폭발 대미지 +10%",RootDesk/MyDesk/Card/CardManager.mlua:16760,"피해량 +20, 충돌·폭발 대미지 +10%",,,
MLUA_CARDMANAGER_200,"피해량 +40, 충돌·폭발 대미지 +10%",RootDesk/MyDesk/Card/CardManager.mlua:16761,"피해량 +40, 충돌·폭발 대미지 +10%",,,
MLUA_CARDMANAGER_201,"해금! (대미지 300, 타겟 3명, 콤보스택 +2)",RootDesk/MyDesk/Card/CardManager.mlua:16765,"해금! (대미지 300, 타겟 3명, 콤보스택 +2)",,,
MLUA_CARDMANAGER_202,"해금! (대미지 230, 타겟 2명, 부채꼴 검기 4개 발사, 콤보스택 +1)",RootDesk/MyDesk/Card/CardManager.mlua:16771,"해금! (대미지 230, 타겟 2명, 부채꼴 검기 4개 발사, 콤보스택 +1)",,,
MLUA_CARDMANAGER_203,"피해량 +40, 공격 대상 +1, 검기 개수 증가",RootDesk/MyDesk/Card/CardManager.mlua:16773,"피해량 +40, 공격 대상 +1, 검기 개수 증가",,,
MLUA_CARDMANAGER_204,"해금! (대미지 280, 지속 4초, 2초마다 2연타)",RootDesk/MyDesk/Card/CardManager.mlua:16777,"해금! (대미지 280, 지속 4초, 2초마다 2연타)",,,
MLUA_CARDMANAGER_205,"피해량 +40, 지속 +1초",RootDesk/MyDesk/Card/CardManager.mlua:16779,"피해량 +40, 지속 +1초",,,
MLUA_CARDMANAGER_206,"해금! (대미지 230, 타겟 3명, 일반 2연타, 확률적 4연타 15%)",RootDesk/MyDesk/Card/CardManager.mlua:16783,"해금! (대미지 230, 타겟 3명, 일반 2연타, 확률적 4연타 15%)",,,
MLUA_CARDMANAGER_207,"피해량 +30, 4연타 확률 +5%",RootDesk/MyDesk/Card/CardManager.mlua:16784,"피해량 +30, 4연타 확률 +5%",,,
MLUA_CARDMANAGER_208,"피해량 +40, 4연타 확률 +10%",RootDesk/MyDesk/Card/CardManager.mlua:16785,"피해량 +40, 4연타 확률 +10%",,,
MLUA_CARDMANAGER_209,"해금! (대미지 70, 타겟 1명, 속박 1초)",RootDesk/MyDesk/Card/CardManager.mlua:16789,"해금! (대미지 70, 타겟 1명, 속박 1초)",,,
MLUA_CARDMANAGER_210,"피해량 +20, 타겟 2명",RootDesk/MyDesk/Card/CardManager.mlua:16790 | RootDesk/MyDesk/Card/CardManager.mlua:16799,"피해량 +20, 타겟 2명",,,
MLUA_CARDMANAGER_211,"피해량 +20, 속박 2초",RootDesk/MyDesk/Card/CardManager.mlua:16791,"피해량 +20, 속박 2초",,,
MLUA_CARDMANAGER_212,"피해량 +20, 타겟 3명",RootDesk/MyDesk/Card/CardManager.mlua:16792,"피해량 +20, 타겟 3명",,,
MLUA_CARDMANAGER_213,피해량 +10,RootDesk/MyDesk/Card/CardManager.mlua:16793,피해량 +10,,,
MLUA_CARDMANAGER_214,"해금! (대미지 80, 타겟 1명, 지속 2초, 범위 점차 증가)",RootDesk/MyDesk/Card/CardManager.mlua:16797,"해금! (대미지 80, 타겟 1명, 지속 2초, 범위 점차 증가)",,,
MLUA_CARDMANAGER_215,"조합! (대미지 180, 타겟 2명, 지속 2초, 출혈 30%/초)",RootDesk/MyDesk/Card/CardManager.mlua:16805,"조합! (대미지 180, 타겟 2명, 지속 2초, 출혈 30%/초)",,,
MLUA_CARDMANAGER_216,"해금! (대미지 80, 타겟 1명, 광역)",RootDesk/MyDesk/Card/CardManager.mlua:16811,"해금! (대미지 80, 타겟 1명, 광역)",,,
MLUA_CARDMANAGER_217,"해금! (대미지 60, 3초간 추적, 경로상 적 타격)",RootDesk/MyDesk/Card/CardManager.mlua:16819,"해금! (대미지 60, 3초간 추적, 경로상 적 타격)",,,
MLUA_CARDMANAGER_218,"해금! (대미지 120, 타겟 1명, 분열 3개 30%)",RootDesk/MyDesk/Card/CardManager.mlua:16827,"해금! (대미지 120, 타겟 1명, 분열 3개 30%)",,,
MLUA_CARDMANAGER_219,"피해량 +20, 분열 대미지 +10%",RootDesk/MyDesk/Card/CardManager.mlua:16828 | RootDesk/MyDesk/Card/CardManager.mlua:16830,"피해량 +20, 분열 대미지 +10%",,,
MLUA_CARDMANAGER_220,"피해량 +20, 공격 대상 +1, 분열 대미지 +10%",RootDesk/MyDesk/Card/CardManager.mlua:16829,"피해량 +20, 공격 대상 +1, 분열 대미지 +10%",,,
MLUA_CARDMANAGER_221,"피해량 +40, 분열 대미지 +10%",RootDesk/MyDesk/Card/CardManager.mlua:16831,"피해량 +40, 분열 대미지 +10%",,,
MLUA_CARDMANAGER_222,"해금! (대미지 130, 타겟 1명, 광역)",RootDesk/MyDesk/Card/CardManager.mlua:16835,"해금! (대미지 130, 타겟 1명, 광역)",,,
MLUA_CARDMANAGER_223,"피해량 +30, 공격 대상 +1",RootDesk/MyDesk/Card/CardManager.mlua:16837 | RootDesk/MyDesk/Card/CardManager.mlua:16854 | RootDesk/MyDesk/Card/CardManager.mlua:16917,"피해량 +30, 공격 대상 +1",,,
MLUA_CARDMANAGER_224,피해량 +60,RootDesk/MyDesk/Card/CardManager.mlua:16839,피해량 +60,,,
MLUA_CARDMANAGER_225,"해금! (대미지 110, 타겟 1명, 관통 1마리 30%)",RootDesk/MyDesk/Card/CardManager.mlua:16843,"해금! (대미지 110, 타겟 1명, 관통 1마리 30%)",,,
MLUA_CARDMANAGER_226,"피해량 +20, 관통 +1마리(30/20%)",RootDesk/MyDesk/Card/CardManager.mlua:16844,"피해량 +20, 관통 +1마리(30/20%)",,,
MLUA_CARDMANAGER_227,"피해량 +20, 공격 대상 +1, 관통 비율 상승(40/30%)",RootDesk/MyDesk/Card/CardManager.mlua:16845,"피해량 +20, 공격 대상 +1, 관통 비율 상승(40/30%)",,,
MLUA_CARDMANAGER_228,"피해량 +20, 관통 +1마리(40/30/20%)",RootDesk/MyDesk/Card/CardManager.mlua:16846,"피해량 +20, 관통 +1마리(40/30/20%)",,,
MLUA_CARDMANAGER_229,"피해량 +30, 관통 비율 상승(50/40/30%)",RootDesk/MyDesk/Card/CardManager.mlua:16847,"피해량 +30, 관통 비율 상승(50/40/30%)",,,
MLUA_CARDMANAGER_230,"해금! (대미지 100, 타겟 1명, 3연타 40/30/30%)",RootDesk/MyDesk/Card/CardManager.mlua:16851,"해금! (대미지 100, 타겟 1명, 3연타 40/30/30%)",,,
MLUA_CARDMANAGER_231,"해금! (대미지 150, 타겟 1명, 2연타)",RootDesk/MyDesk/Card/CardManager.mlua:16859,"해금! (대미지 150, 타겟 1명, 2연타)",,,
MLUA_CARDMANAGER_232,"피해량 +54, 공격 대상 +1, 타격 강도 증가",RootDesk/MyDesk/Card/CardManager.mlua:16860,"피해량 +54, 공격 대상 +1, 타격 강도 증가",,,
MLUA_CARDMANAGER_233,"피해량 +76, 타격 강도 증가",RootDesk/MyDesk/Card/CardManager.mlua:16861,"피해량 +76, 타격 강도 증가",,,
MLUA_CARDMANAGER_234,"피해량 +72, 타격 강도 증가",RootDesk/MyDesk/Card/CardManager.mlua:16862,"피해량 +72, 타격 강도 증가",,,
MLUA_CARDMANAGER_235,"피해량 +116, 공격 대상 +1, 타격 강도 증가",RootDesk/MyDesk/Card/CardManager.mlua:16863,"피해량 +116, 공격 대상 +1, 타격 강도 증가",,,
MLUA_CARDMANAGER_236,"해금! (대미지 117, 타겟 1명, 3연타)",RootDesk/MyDesk/Card/CardManager.mlua:16867,"해금! (대미지 117, 타겟 1명, 3연타)",,,
MLUA_CARDMANAGER_237,"피해량 +33, 공격 대상 +1, 타격 강도 증가",RootDesk/MyDesk/Card/CardManager.mlua:16868,"피해량 +33, 공격 대상 +1, 타격 강도 증가",,,
MLUA_CARDMANAGER_238,"피해량 +84, 타격 강도 증가",RootDesk/MyDesk/Card/CardManager.mlua:16869,"피해량 +84, 타격 강도 증가",,,
MLUA_CARDMANAGER_239,"피해량 +66, 타격 강도 증가",RootDesk/MyDesk/Card/CardManager.mlua:16870,"피해량 +66, 타격 강도 증가",,,
MLUA_CARDMANAGER_240,"피해량 +114, 공격 대상 +1, 타격 강도 증가",RootDesk/MyDesk/Card/CardManager.mlua:16871,"피해량 +114, 공격 대상 +1, 타격 강도 증가",,,
MLUA_CARDMANAGER_241,"해금! (초당 대미지 20, 타겟 1명, 명중 -20%, 지속 3초)",RootDesk/MyDesk/Card/CardManager.mlua:16875,"해금! (초당 대미지 20, 타겟 1명, 명중 -20%, 지속 3초)",,,
MLUA_CARDMANAGER_242,"초당 대미지 +10, 공격 대상 +1, 명중 감소 +10%",RootDesk/MyDesk/Card/CardManager.mlua:16876,"초당 대미지 +10, 공격 대상 +1, 명중 감소 +10%",,,
MLUA_CARDMANAGER_243,"초당 대미지 +20, 명중 감소 +10%, 지속 +1초",RootDesk/MyDesk/Card/CardManager.mlua:16877,"초당 대미지 +20, 명중 감소 +10%, 지속 +1초",,,
MLUA_CARDMANAGER_244,"초당 대미지 +10, 명중 감소 +10%",RootDesk/MyDesk/Card/CardManager.mlua:16878,"초당 대미지 +10, 명중 감소 +10%",,,
MLUA_CARDMANAGER_245,"초당 대미지 +30, 공격 대상 +1, 명중 감소 +10%, 지속 +1초",RootDesk/MyDesk/Card/CardManager.mlua:16879,"초당 대미지 +30, 공격 대상 +1, 명중 감소 +10%, 지속 +1초",,,
MLUA_CARDMANAGER_246,"해금! (대미지 130, 타겟 1명, 크리티컬 확률 +10%)",RootDesk/MyDesk/Card/CardManager.mlua:16883,"해금! (대미지 130, 타겟 1명, 크리티컬 확률 +10%)",,,
MLUA_CARDMANAGER_247,"피해량 +20, 크리티컬 +5%",RootDesk/MyDesk/Card/CardManager.mlua:16884 | RootDesk/MyDesk/Card/CardManager.mlua:16886,"피해량 +20, 크리티컬 +5%",,,
MLUA_CARDMANAGER_248,"피해량 +30, 공격 대상 +1, 크리티컬 +5%",RootDesk/MyDesk/Card/CardManager.mlua:16885,"피해량 +30, 공격 대상 +1, 크리티컬 +5%",,,
MLUA_CARDMANAGER_249,"피해량 +60, 크리티컬 +5%",RootDesk/MyDesk/Card/CardManager.mlua:16887 | RootDesk/MyDesk/Card/CardManager.mlua:17073,"피해량 +60, 크리티컬 +5%",,,
MLUA_CARDMANAGER_250,"해금! (대미지 100, 타겟 2명, 메소 드랍 100%, 아이템 드랍 50%)",RootDesk/MyDesk/Card/CardManager.mlua:16891,"해금! (대미지 100, 타겟 2명, 메소 드랍 100%, 아이템 드랍 50%)",,,
MLUA_CARDMANAGER_251,"해금! (대미지 150, 착지한 메소 전부 동시 폭발, 기본공격 시 메소 드랍 5%)",RootDesk/MyDesk/Card/CardManager.mlua:16899,"해금! (대미지 150, 착지한 메소 전부 동시 폭발, 기본공격 시 메소 드랍 5%)",,,
MLUA_CARDMANAGER_252,"피해량 +30, 메소 드랍 확률 +5%",RootDesk/MyDesk/Card/CardManager.mlua:16900 | RootDesk/MyDesk/Card/CardManager.mlua:16902 | RootDesk/MyDesk/Card/CardManager.mlua:16903,"피해량 +30, 메소 드랍 확률 +5%",,,
MLUA_CARDMANAGER_253,"피해량 +30, 범위 증가, 메소 드랍 확률 +5%",RootDesk/MyDesk/Card/CardManager.mlua:16901,"피해량 +30, 범위 증가, 메소 드랍 확률 +5%",,,
MLUA_CARDMANAGER_254,"해금! (지속 5초, 기본공격/스킬 복사 대미지 60%, 소환 1체)",RootDesk/MyDesk/Card/CardManager.mlua:16907,"해금! (지속 5초, 기본공격/스킬 복사 대미지 60%, 소환 1체)",,,
MLUA_CARDMANAGER_255,복사 대미지 +10%,RootDesk/MyDesk/Card/CardManager.mlua:16908 | RootDesk/MyDesk/Card/CardManager.mlua:16910 | RootDesk/MyDesk/Card/CardManager.mlua:16911,복사 대미지 +10%,,,
MLUA_CARDMANAGER_256,"지속 +1초, 복사 대미지 +10%",RootDesk/MyDesk/Card/CardManager.mlua:16909,"지속 +1초, 복사 대미지 +10%",,,
MLUA_CARDMANAGER_257,"해금! (대미지 140, 타겟 1명, 스턴 100%, 지속 2초)",RootDesk/MyDesk/Card/CardManager.mlua:16915,"해금! (대미지 140, 타겟 1명, 스턴 100%, 지속 2초)",,,
MLUA_CARDMANAGER_258,"해금! (공격 회피 3%, 영구)",RootDesk/MyDesk/Card/CardManager.mlua:16947 | RootDesk/MyDesk/Card/CardManager.mlua:17045,"해금! (공격 회피 3%, 영구)",,,
MLUA_CARDMANAGER_259,공격 회피 +2%,RootDesk/MyDesk/Card/CardManager.mlua:16948 | RootDesk/MyDesk/Card/CardManager.mlua:16949 | RootDesk/MyDesk/Card/CardManager.mlua:16950,공격 회피 +2%,,,
MLUA_CARDMANAGER_260,공격 회피 +3%,RootDesk/MyDesk/Card/CardManager.mlua:16951,공격 회피 +3%,,,
MLUA_CARDMANAGER_261,"조합! (대미지 210, 타겟 4명, 4연타 30%, 크리 +20%)",RootDesk/MyDesk/Card/CardManager.mlua:16955,"조합! (대미지 210, 타겟 4명, 4연타 30%, 크리 +20%)",,,
MLUA_CARDMANAGER_262,"조합! (대미지 200, 2발, 관통 4마리 50/40/30/20%)",RootDesk/MyDesk/Card/CardManager.mlua:16961,"조합! (대미지 200, 2발, 관통 4마리 50/40/30/20%)",,,
MLUA_CARDMANAGER_263,"피해량 +20, 관통 비율 +10%p",RootDesk/MyDesk/Card/CardManager.mlua:16962 | RootDesk/MyDesk/Card/CardManager.mlua:16963,"피해량 +20, 관통 비율 +10%p",,,
MLUA_CARDMANAGER_264,"조합! (대미지 160, 타겟 3명, 속박 2초, 해제 시 추가타 30~100%)",RootDesk/MyDesk/Card/CardManager.mlua:16967,"조합! (대미지 160, 타겟 3명, 속박 2초, 해제 시 추가타 30~100%)",,,
MLUA_CARDMANAGER_265,"조합! (대미지 280, 타겟 2명, 스톰 2초 — 닿으면 30%)",RootDesk/MyDesk/Card/CardManager.mlua:16973,"조합! (대미지 280, 타겟 2명, 스톰 2초 — 닿으면 30%)",,,
MLUA_CARDMANAGER_266,"피해량 +20, 스톰 대미지 +10%p",RootDesk/MyDesk/Card/CardManager.mlua:16974 | RootDesk/MyDesk/Card/CardManager.mlua:16975,"피해량 +20, 스톰 대미지 +10%p",,,
MLUA_CARDMANAGER_267,"조합! (대미지 220, 타겟 2명, 5개 분열 80%)",RootDesk/MyDesk/Card/CardManager.mlua:16979,"조합! (대미지 220, 타겟 2명, 5개 분열 80%)",,,
MLUA_CARDMANAGER_268,"피해량 +20, 분열 대미지 +10%p",RootDesk/MyDesk/Card/CardManager.mlua:16980 | RootDesk/MyDesk/Card/CardManager.mlua:16981,"피해량 +20, 분열 대미지 +10%p",,,
MLUA_CARDMANAGER_269,"조합! (대미지 160, 지속 3초, 소멸 시 폭발 40%)",RootDesk/MyDesk/Card/CardManager.mlua:16985,"조합! (대미지 160, 지속 3초, 소멸 시 폭발 40%)",,,
MLUA_CARDMANAGER_270,"피해량 +20, 폭발 대미지 +10%p",RootDesk/MyDesk/Card/CardManager.mlua:16986 | RootDesk/MyDesk/Card/CardManager.mlua:16987,"피해량 +20, 폭발 대미지 +10%p",,,
MLUA_CARDMANAGER_271,"조합! (대미지 220, 타겟 1명 광역, 스턴 2초 100%)",RootDesk/MyDesk/Card/CardManager.mlua:16991,"조합! (대미지 220, 타겟 1명 광역, 스턴 2초 100%)",,,
MLUA_CARDMANAGER_272,"해금! (기본 공격 10% 확률로 추가 공격 100%, 영구)",RootDesk/MyDesk/Card/CardManager.mlua:16997,"해금! (기본 공격 10% 확률로 추가 공격 100%, 영구)",,,
MLUA_CARDMANAGER_273,"발동 확률 +5%, 추가 공격 대미지 +20%",RootDesk/MyDesk/Card/CardManager.mlua:16998 | RootDesk/MyDesk/Card/CardManager.mlua:16999 | RootDesk/MyDesk/Card/CardManager.mlua:17000 | RootDesk/MyDesk/Card/CardManager.mlua:17001,"발동 확률 +5%, 추가 공격 대미지 +20%",,,
MLUA_CARDMANAGER_274,피해량 +3%,RootDesk/MyDesk/Card/CardManager.mlua:17006,피해량 +3%,,,
MLUA_CARDMANAGER_275,피해량 +4%,RootDesk/MyDesk/Card/CardManager.mlua:17007 | RootDesk/MyDesk/Card/CardManager.mlua:17008 | RootDesk/MyDesk/Card/CardManager.mlua:17009,피해량 +4%,,,
MLUA_CARDMANAGER_276,회피 확률 +2%,RootDesk/MyDesk/Card/CardManager.mlua:17046 | RootDesk/MyDesk/Card/CardManager.mlua:17047 | RootDesk/MyDesk/Card/CardManager.mlua:17048 | RootDesk/MyDesk/Skill/SkillUpgradeUI.mlua:405 | RootDesk/MyDesk/Skill/SkillUpgradeUI.mlua:428,회피 확률 +2%,,,
MLUA_CARDMANAGER_277,회피 확률 +3%,RootDesk/MyDesk/Card/CardManager.mlua:17049,회피 확률 +3%,,,
MLUA_CARDMANAGER_278,"해금! (대미지 560, 타겟 3명, 2연타)",RootDesk/MyDesk/Card/CardManager.mlua:17053,"해금! (대미지 560, 타겟 3명, 2연타)",,,
MLUA_CARDMANAGER_279,"피해량 +100, 타격 강도 증가",RootDesk/MyDesk/Card/CardManager.mlua:17054,"피해량 +100, 타격 강도 증가",,,
MLUA_CARDMANAGER_280,"피해량 +108, 공격 대상 +1, 타격 강도 증가",RootDesk/MyDesk/Card/CardManager.mlua:17055,"피해량 +108, 공격 대상 +1, 타격 강도 증가",,,
MLUA_CARDMANAGER_281,"해금! (대미지 494, 타겟 4명, 5연타, 범위 공격)",RootDesk/MyDesk/Card/CardManager.mlua:17059,"해금! (대미지 494, 타겟 4명, 5연타, 범위 공격)",,,
MLUA_CARDMANAGER_282,"피해량 +86, 타격 강도 증가",RootDesk/MyDesk/Card/CardManager.mlua:17060,"피해량 +86, 타격 강도 증가",,,
MLUA_CARDMANAGER_283,"피해량 +133, 타격 강도 증가",RootDesk/MyDesk/Card/CardManager.mlua:17061,"피해량 +133, 타격 강도 증가",,,
MLUA_CARDMANAGER_284,"해금! (초당 대미지 90, 추가 대미지 108, 타겟 3명, 지속 5초)",RootDesk/MyDesk/Card/CardManager.mlua:17065,"해금! (초당 대미지 90, 추가 대미지 108, 타겟 3명, 지속 5초)",,,
MLUA_CARDMANAGER_285,"초당 대미지 +10, 추가 대미지 +32",RootDesk/MyDesk/Card/CardManager.mlua:17066,"초당 대미지 +10, 추가 대미지 +32",,,
MLUA_CARDMANAGER_286,"초당 대미지 +10, 추가 대미지 +36",RootDesk/MyDesk/Card/CardManager.mlua:17067,"초당 대미지 +10, 추가 대미지 +36",,,
MLUA_CARDMANAGER_287,"해금! (대미지 352, 타겟 2명(넉백), 크리티컬 확률 +30%, 메소·아이템 드랍)",RootDesk/MyDesk/Card/CardManager.mlua:17071,"해금! (대미지 352, 타겟 2명(넉백), 크리티컬 확률 +30%, 메소·아이템 드랍)",,,
MLUA_CARDMANAGER_288,"피해량 +56, 크리티컬 +5%",RootDesk/MyDesk/Card/CardManager.mlua:17072,"피해량 +56, 크리티컬 +5%",,,
MLUA_CARDMANAGER_289,"해금! (대미지 300, 메소 1개당, 스턴 확률 50% 1초, 메소 드랍 30%)",RootDesk/MyDesk/Card/CardManager.mlua:17077,"해금! (대미지 300, 메소 1개당, 스턴 확률 50% 1초, 메소 드랍 30%)",,,
MLUA_CARDMANAGER_290,"피해량 +20, 스턴 확률 +10%",RootDesk/MyDesk/Card/CardManager.mlua:17078,"피해량 +20, 스턴 확률 +10%",,,
MLUA_CARDMANAGER_291,"피해량 +20, 스턴 확률 +10%, 스턴 +1초",RootDesk/MyDesk/Card/CardManager.mlua:17079,"피해량 +20, 스턴 확률 +10%, 스턴 +1초",,,
MLUA_CARDMANAGER_292,"해금! (스킬 복사 110%, 기본공격 복사 110%, 분신 2체)",RootDesk/MyDesk/Card/CardManager.mlua:17083,"해금! (스킬 복사 110%, 기본공격 복사 110%, 분신 2체)",,,
MLUA_CARDMANAGER_293,"스킬 복사 +10%, 기본공격 복사 +20%",RootDesk/MyDesk/Card/CardManager.mlua:17084 | RootDesk/MyDesk/Card/CardManager.mlua:17085,"스킬 복사 +10%, 기본공격 복사 +20%",,,
MLUA_CARDMANAGER_294,"해금! (초당 틱 대미지 78, 타겟 2명, 착탄 시 스턴 3초, 연무 지속 2초)",RootDesk/MyDesk/Card/CardManager.mlua:17089,"해금! (초당 틱 대미지 78, 타겟 2명, 착탄 시 스턴 3초, 연무 지속 2초)",,,
MLUA_CARDMANAGER_295,"초당 틱 대미지 +34, 연무 +1초",RootDesk/MyDesk/Card/CardManager.mlua:17090,"초당 틱 대미지 +34, 연무 +1초",,,
MLUA_CARDMANAGER_296,"초당 틱 대미지 +38, 연무 +1초",RootDesk/MyDesk/Card/CardManager.mlua:17091,"초당 틱 대미지 +38, 연무 +1초",,,
MLUA_CARDMANAGER_297,강화),RootDesk/MyDesk/Card/CardManager.mlua:18327,강화),,,
MLUA_CARDMANAGER_298,콜드 빔 Lv.,RootDesk/MyDesk/Card/CardManager.mlua:18329,콜드 빔 Lv.,,,
MLUA_CARDMANAGER_299,썬더 볼트 Lv.,RootDesk/MyDesk/Card/CardManager.mlua:18331,썬더 볼트 Lv.,,,
MLUA_CARDMANAGER_300,매직 부스터 Lv.,RootDesk/MyDesk/Card/CardManager.mlua:18333,매직 부스터 Lv.,,,
MLUA_CARDMANAGER_301,매직 크리티컬 Lv.,RootDesk/MyDesk/Card/CardManager.mlua:18334,매직 크리티컬 Lv.,,,
MLUA_CARDMANAGER_302,대미지 :,RootDesk/MyDesk/Card/CardManager.mlua:18381 | RootDesk/MyDesk/Card/CardManager.mlua:18382 | RootDesk/MyDesk/Card/CardManager.mlua:18383 | RootDesk/MyDesk/Card/CardManager.mlua:18384 | RootDesk/MyDesk/Card/CardManager.mlua:18393,대미지 :,,,
MLUA_CARDMANAGER_303,쿨타임 -,RootDesk/MyDesk/Card/CardManager.mlua:18386 | RootDesk/MyDesk/Card/CardManager.mlua:18461 | RootDesk/MyDesk/Card/CardManager.mlua:18499 | RootDesk/MyDesk/Card/CardManager.mlua:18509,쿨타임 -,,,
MLUA_CARDMANAGER_304,%  (영구),RootDesk/MyDesk/Card/CardManager.mlua:18386 | RootDesk/MyDesk/Card/CardManager.mlua:18388 | RootDesk/MyDesk/Card/CardManager.mlua:18415 | RootDesk/MyDesk/Card/CardManager.mlua:18423 | RootDesk/MyDesk/Card/CardManager.mlua:18461,%  (영구),,,
MLUA_CARDMANAGER_305,크리티컬,RootDesk/MyDesk/Card/CardManager.mlua:18388 | RootDesk/MyDesk/Card/CardManager.mlua:18463 | RootDesk/MyDesk/Card/CardManager.mlua:18491 | RootDesk/MyDesk/Card/CardManager.mlua:18501 | RootDesk/MyDesk/Card/CardManager.mlua:18511,크리티컬,,,
MLUA_CARDMANAGER_306,아이스 보너스 : +,RootDesk/MyDesk/Card/CardManager.mlua:18395,아이스 보너스 : +,,,
MLUA_CARDMANAGER_307,%/스택,RootDesk/MyDesk/Card/CardManager.mlua:18395,%/스택,,,
MLUA_CARDMANAGER_308,피해 감소 : -,RootDesk/MyDesk/Card/CardManager.mlua:18415,피해 감소 : -,,,
MLUA_CARDMANAGER_309,대미지 증가 : +,RootDesk/MyDesk/Card/CardManager.mlua:18423 | RootDesk/MyDesk/Card/CardManager.mlua:18469,대미지 증가 : +,,,
MLUA_CARDMANAGER_310,(타격당),RootDesk/MyDesk/Card/CardManager.mlua:18437,(타격당),,,
MLUA_CARDMANAGER_311,크리티컬 대미지 +,RootDesk/MyDesk/Card/CardManager.mlua:18465 | RootDesk/MyDesk/Card/CardManager.mlua:18503 | RootDesk/MyDesk/Card/CardManager.mlua:18513,크리티컬 대미지 +,,,
MLUA_CARDMANAGER_312,추가 공격 확률,RootDesk/MyDesk/Card/CardManager.mlua:18467,추가 공격 확률,,,
MLUA_CARDMANAGER_313,스택 확률 :,RootDesk/MyDesk/Card/CardManager.mlua:18471,스택 확률 :,,,
MLUA_CARDMANAGER_314,강화 코마 대미지,RootDesk/MyDesk/Card/CardManager.mlua:18493,강화 코마 대미지,,,
MLUA_CARDMANAGER_315,초마다 체력,RootDesk/MyDesk/Card/CardManager.mlua:18495,초마다 체력,,,
MLUA_CARDMANAGER_316,% 회복  (영구),RootDesk/MyDesk/Card/CardManager.mlua:18495,% 회복  (영구),,,
MLUA_CARDMANAGER_317,피해량 증가 : +,RootDesk/MyDesk/Card/CardManager.mlua:18497 | RootDesk/MyDesk/Card/CardManager.mlua:18505 | RootDesk/MyDesk/Card/CardManager.mlua:18517,피해량 증가 : +,,,
MLUA_CARDMANAGER_318,공격 회피,RootDesk/MyDesk/Card/CardManager.mlua:18507 | RootDesk/MyDesk/Card/CardManager.mlua:18515,공격 회피,,,
MLUA_CARDMANAGER_319,추가 공격,RootDesk/MyDesk/Card/CardManager.mlua:18519,추가 공격,,,
MLUA_CARDMANAGER_320,% (대미지,RootDesk/MyDesk/Card/CardManager.mlua:18519,% (대미지,,,
MLUA_CARDMANAGER_321,%)  (영구),RootDesk/MyDesk/Card/CardManager.mlua:18519,%)  (영구),,,
MLUA_CARDMANAGER_322,(초당)  |  추가 대미지 :,RootDesk/MyDesk/Card/CardManager.mlua:18543,(초당)  |  추가 대미지 :,,,
MLUA_CARDMANAGER_323,(메소 1개당),RootDesk/MyDesk/Card/CardManager.mlua:18550,(메소 1개당),,,
MLUA_CARDMANAGER_324,스킬 복사,RootDesk/MyDesk/Card/CardManager.mlua:18552,스킬 복사,,,
MLUA_CARDMANAGER_325,%  |  기본공격 복사,RootDesk/MyDesk/Card/CardManager.mlua:18552,%  |  기본공격 복사,,,
MLUA_CARDMANAGER_326,(초당 틱),RootDesk/MyDesk/Card/CardManager.mlua:18556,(초당 틱),,,
MLUA_CARDMANAGER_327,(초당),RootDesk/MyDesk/Card/CardManager.mlua:18563,(초당),,,
MLUA_CARDMANAGER_328,패시브 스킬,RootDesk/MyDesk/Card/CardManager.mlua:18588,패시브 스킬,,,
MLUA_CARDMANAGER_329,쿨타임 :,RootDesk/MyDesk/Card/CardManager.mlua:18588,쿨타임 :,,,
MLUA_CARDMANAGER_330,타겟 :,RootDesk/MyDesk/Card/CardManager.mlua:18603 | RootDesk/MyDesk/Card/CardManager.mlua:18605,타겟 :,,,
MLUA_CARDMANAGER_331,명,RootDesk/MyDesk/Card/CardManager.mlua:18603 | RootDesk/MyDesk/Card/CardManager.mlua:18613 | RootDesk/MyDesk/Card/CardManager.mlua:18678,명,,,
MLUA_CARDMANAGER_332,명  |  슬로우 3s,RootDesk/MyDesk/Card/CardManager.mlua:18605,명  |  슬로우 3s,,,
MLUA_CARDMANAGER_333,타겟,RootDesk/MyDesk/Card/CardManager.mlua:18611 | RootDesk/MyDesk/Card/CardManager.mlua:18613 | RootDesk/MyDesk/Card/CardManager.mlua:18640 | RootDesk/MyDesk/Card/CardManager.mlua:18653 | RootDesk/MyDesk/Card/CardManager.mlua:18655,타겟,,,
MLUA_CARDMANAGER_334,명  |  스턴,RootDesk/MyDesk/Card/CardManager.mlua:18611,명  |  스턴,,,
MLUA_CARDMANAGER_335,초(보스/엘리트,RootDesk/MyDesk/Card/CardManager.mlua:18611,초(보스/엘리트,,,
MLUA_CARDMANAGER_336,초),RootDesk/MyDesk/Card/CardManager.mlua:18611 | RootDesk/MyDesk/Card/CardManager.mlua:18795 | RootDesk/MyDesk/Card/CardManager.mlua:25749,초),,,
MLUA_CARDMANAGER_337,전체 범위  |  화염 DoT 3회,RootDesk/MyDesk/Card/CardManager.mlua:18616,전체 범위  |  화염 DoT 3회,,,
MLUA_CARDMANAGER_338,2연타,RootDesk/MyDesk/Card/CardManager.mlua:18619,2연타,,,
MLUA_CARDMANAGER_339,치명타 20%,RootDesk/MyDesk/Card/CardManager.mlua:18622,치명타 20%,,,
MLUA_CARDMANAGER_340,광역,RootDesk/MyDesk/Card/CardManager.mlua:18626,광역,,,
MLUA_CARDMANAGER_341,연쇄 3개 (50%/35%/15%)  |  5스택 시 빙결 폭발,RootDesk/MyDesk/Card/CardManager.mlua:18631,연쇄 3개 (50%/35%/15%)  |  5스택 시 빙결 폭발,,,
MLUA_CARDMANAGER_342,연쇄 2개 (50%/35%),RootDesk/MyDesk/Card/CardManager.mlua:18633,연쇄 2개 (50%/35%),,,
MLUA_CARDMANAGER_343,연쇄 1개 (50%),RootDesk/MyDesk/Card/CardManager.mlua:18635,연쇄 1개 (50%),,,
MLUA_CARDMANAGER_344,명  |  범위 광역,RootDesk/MyDesk/Card/CardManager.mlua:18640,명  |  범위 광역,,,
MLUA_CARDMANAGER_345,|  출혈,RootDesk/MyDesk/Card/CardManager.mlua:18641,|  출혈,,,
MLUA_CARDMANAGER_346,%/틱 (3초),RootDesk/MyDesk/Card/CardManager.mlua:18641,%/틱 (3초),,,
MLUA_CARDMANAGER_347,고정 광역,RootDesk/MyDesk/Card/CardManager.mlua:18643,고정 광역,,,
MLUA_CARDMANAGER_348,|  25% 확률 2연타(2타 50%),RootDesk/MyDesk/Card/CardManager.mlua:18644,|  25% 확률 2연타(2타 50%),,,
MLUA_CARDMANAGER_349,광역  |,RootDesk/MyDesk/Card/CardManager.mlua:18648,광역  |,,,
MLUA_CARDMANAGER_350,타,RootDesk/MyDesk/Card/CardManager.mlua:18648,타,,,
MLUA_CARDMANAGER_351,|  넉백,RootDesk/MyDesk/Card/CardManager.mlua:18649,|  넉백,,,
MLUA_CARDMANAGER_352,명  |  속박,RootDesk/MyDesk/Card/CardManager.mlua:18653 | RootDesk/MyDesk/Card/CardManager.mlua:18753 | RootDesk/MyDesk/Card/CardManager.mlua:18789 | RootDesk/MyDesk/Card/CardManager.mlua:18807,명  |  속박,,,
MLUA_CARDMANAGER_353,초,RootDesk/MyDesk/Card/CardManager.mlua:18653 | RootDesk/MyDesk/Card/CardManager.mlua:18659 | RootDesk/MyDesk/Card/CardManager.mlua:18687 | RootDesk/MyDesk/Card/CardManager.mlua:18757 | RootDesk/MyDesk/Card/CardManager.mlua:18839,초,,,
MLUA_CARDMANAGER_354,명  |  빙결 스택+1,RootDesk/MyDesk/Card/CardManager.mlua:18655,명  |  빙결 스택+1,,,
MLUA_CARDMANAGER_355,명  |  3연타  |  스턴,RootDesk/MyDesk/Card/CardManager.mlua:18659,명  |  3연타  |  스턴,,,
MLUA_CARDMANAGER_356,"명  |  슬로우, 빙결 스택2",RootDesk/MyDesk/Card/CardManager.mlua:18661,"명  |  슬로우, 빙결 스택2",,,
MLUA_CARDMANAGER_357,연쇄,RootDesk/MyDesk/Card/CardManager.mlua:18664,연쇄,,,
MLUA_CARDMANAGER_358,명  |  치명타+20%  |  마지막 착탄 +,RootDesk/MyDesk/Card/CardManager.mlua:18664,명  |  치명타+20%  |  마지막 착탄 +,,,
MLUA_CARDMANAGER_359,광역  |  출혈 5%/틱  |  넉백,RootDesk/MyDesk/Card/CardManager.mlua:18666,광역  |  출혈 5%/틱  |  넉백,,,
MLUA_CARDMANAGER_360,고정 광역  |,RootDesk/MyDesk/Card/CardManager.mlua:18670,고정 광역  |,,,
MLUA_CARDMANAGER_361,% 확률 2연타(2타 50%),RootDesk/MyDesk/Card/CardManager.mlua:18670,% 확률 2연타(2타 50%),,,
MLUA_CARDMANAGER_362,명  |  빙결 스택+1  |  추가타 대미지,RootDesk/MyDesk/Card/CardManager.mlua:18673,명  |  빙결 스택+1  |  추가타 대미지,,,
MLUA_CARDMANAGER_363,명  |  속박 3초  |  추가타 대미지,RootDesk/MyDesk/Card/CardManager.mlua:18676,명  |  속박 3초  |  추가타 대미지,,,
MLUA_CARDMANAGER_364,화살,RootDesk/MyDesk/Card/CardManager.mlua:18681 | RootDesk/MyDesk/Card/CardManager.mlua:18699 | RootDesk/MyDesk/Card/CardManager.mlua:18705,화살,,,
MLUA_CARDMANAGER_365,발,RootDesk/MyDesk/Card/CardManager.mlua:18681,발,,,
MLUA_CARDMANAGER_366,|  강화 화살,RootDesk/MyDesk/Card/CardManager.mlua:18683,|  강화 화살,,,
MLUA_CARDMANAGER_367,% 대미지),RootDesk/MyDesk/Card/CardManager.mlua:18683 | RootDesk/MyDesk/Card/CardManager.mlua:18731,% 대미지),,,
MLUA_CARDMANAGER_368,착탄,RootDesk/MyDesk/Card/CardManager.mlua:18687 | RootDesk/MyDesk/Card/CardManager.mlua:18693 | RootDesk/MyDesk/Card/CardManager.mlua:18701 | RootDesk/MyDesk/Card/CardManager.mlua:18709 | RootDesk/MyDesk/Card/CardManager.mlua:18720,착탄,,,
MLUA_CARDMANAGER_369,개  |  광역  |  슬로우,RootDesk/MyDesk/Card/CardManager.mlua:18687,개  |  광역  |  슬로우,,,
MLUA_CARDMANAGER_370,개  |  광역  |  슬로우 대상 +,RootDesk/MyDesk/Card/CardManager.mlua:18693,개  |  광역  |  슬로우 대상 +,,,
MLUA_CARDMANAGER_371,% 대미지,RootDesk/MyDesk/Card/CardManager.mlua:18693 | RootDesk/MyDesk/Card/CardManager.mlua:18697 | RootDesk/MyDesk/Card/CardManager.mlua:18714 | RootDesk/MyDesk/Card/CardManager.mlua:18716 | RootDesk/MyDesk/Card/CardManager.mlua:18720,% 대미지,,,
MLUA_CARDMANAGER_372,유지,RootDesk/MyDesk/Card/CardManager.mlua:18697 | RootDesk/MyDesk/Card/CardManager.mlua:18725 | RootDesk/MyDesk/Inventory/UI/UIComposePopup.mlua:689,유지,,,
MLUA_CARDMANAGER_373,초  |  광역  |  슬로우 대상 +,RootDesk/MyDesk/Card/CardManager.mlua:18697,초  |  광역  |  슬로우 대상 +,,,
MLUA_CARDMANAGER_374,발  |  관통,RootDesk/MyDesk/Card/CardManager.mlua:18699 | RootDesk/MyDesk/Card/CardManager.mlua:18705 | RootDesk/MyDesk/Card/CardManager.mlua:18804,발  |  관통,,,
MLUA_CARDMANAGER_375,회,RootDesk/MyDesk/Card/CardManager.mlua:18699,회,,,
MLUA_CARDMANAGER_376,개  |  광역,RootDesk/MyDesk/Card/CardManager.mlua:18701,개  |  광역,,,
MLUA_CARDMANAGER_377,회  |  크리티컬 +,RootDesk/MyDesk/Card/CardManager.mlua:18705,회  |  크리티컬 +,,,
MLUA_CARDMANAGER_378,개  |  광역  |  크리티컬 +,RootDesk/MyDesk/Card/CardManager.mlua:18709,개  |  광역  |  크리티컬 +,,,
MLUA_CARDMANAGER_379,타겟 2명  |  넉백  |  타격 유닛,RootDesk/MyDesk/Card/CardManager.mlua:18714,타겟 2명  |  넉백  |  타격 유닛,,,
MLUA_CARDMANAGER_380,%  |  광역,RootDesk/MyDesk/Card/CardManager.mlua:18714 | RootDesk/MyDesk/Card/CardManager.mlua:18848,%  |  광역,,,
MLUA_CARDMANAGER_381,명  |  넉백  |  충돌 대상,RootDesk/MyDesk/Card/CardManager.mlua:18716,명  |  넉백  |  충돌 대상,,,
MLUA_CARDMANAGER_382,"개  |  광역  |  슬로우, 스턴",RootDesk/MyDesk/Card/CardManager.mlua:18720,"개  |  광역  |  슬로우, 스턴",,,
MLUA_CARDMANAGER_383,초  |  슬로우 대상,RootDesk/MyDesk/Card/CardManager.mlua:18720,초  |  슬로우 대상,,,
MLUA_CARDMANAGER_384,초  |  광역  |  크리티컬,RootDesk/MyDesk/Card/CardManager.mlua:18725,초  |  광역  |  크리티컬,,,
MLUA_CARDMANAGER_385,%  |  슬로우 대상,RootDesk/MyDesk/Card/CardManager.mlua:18725,%  |  슬로우 대상,,,
MLUA_CARDMANAGER_386,최대,RootDesk/MyDesk/Card/CardManager.mlua:18731,최대,,,
MLUA_CARDMANAGER_387,명 연사  |  추가 타격,RootDesk/MyDesk/Card/CardManager.mlua:18731,명 연사  |  추가 타격,,,
MLUA_CARDMANAGER_388,연사,RootDesk/MyDesk/Card/CardManager.mlua:18737,연사,,,
MLUA_CARDMANAGER_389,발  |  강화 확률(화살마다),RootDesk/MyDesk/Card/CardManager.mlua:18737,발  |  강화 확률(화살마다),,,
MLUA_CARDMANAGER_390,%  |  강화 시,RootDesk/MyDesk/Card/CardManager.mlua:18737,%  |  강화 시,,,
MLUA_CARDMANAGER_391,연타(,RootDesk/MyDesk/Card/CardManager.mlua:18737,연타(,,,
MLUA_CARDMANAGER_392,초 간격),RootDesk/MyDesk/Card/CardManager.mlua:18737,초 간격),,,
MLUA_CARDMANAGER_393,추가 공격 대미지,RootDesk/MyDesk/Card/CardManager.mlua:18739,추가 공격 대미지,,,
MLUA_CARDMANAGER_394,명  |  콤보스택 +1,RootDesk/MyDesk/Card/CardManager.mlua:18741 | RootDesk/MyDesk/Card/CardManager.mlua:18743,명  |  콤보스택 +1,,,
MLUA_CARDMANAGER_395,명  |  광역  |  콤보스택 +1,RootDesk/MyDesk/Card/CardManager.mlua:18745 | RootDesk/MyDesk/Card/CardManager.mlua:18749,명  |  광역  |  콤보스택 +1,,,
MLUA_CARDMANAGER_396,명  |  넉백  |  타격 유닛,RootDesk/MyDesk/Card/CardManager.mlua:18747,명  |  넉백  |  타격 유닛,,,
MLUA_CARDMANAGER_397,명  |  2연타(70%/50%)  |,RootDesk/MyDesk/Card/CardManager.mlua:18751 | RootDesk/MyDesk/Card/CardManager.mlua:18770,명  |  2연타(70%/50%)  |,,,
MLUA_CARDMANAGER_398,% 확률 4연타(60/50/40/30%),RootDesk/MyDesk/Card/CardManager.mlua:18751 | RootDesk/MyDesk/Card/CardManager.mlua:18770,% 확률 4연타(60/50/40/30%),,,
MLUA_CARDMANAGER_399,초  |  콤보스택 +1,RootDesk/MyDesk/Card/CardManager.mlua:18753,초  |  콤보스택 +1,,,
MLUA_CARDMANAGER_400,지속,RootDesk/MyDesk/Card/CardManager.mlua:18755 | RootDesk/MyDesk/Card/CardManager.mlua:18768 | RootDesk/MyDesk/Card/CardManager.mlua:18780 | RootDesk/MyDesk/Card/CardManager.mlua:18782 | RootDesk/MyDesk/Card/CardManager.mlua:18833,지속,,,
MLUA_CARDMANAGER_401,초  |  2연타(50%/50%)  |  광역,RootDesk/MyDesk/Card/CardManager.mlua:18755 | RootDesk/MyDesk/Card/CardManager.mlua:18768,초  |  2연타(50%/50%)  |  광역,,,
MLUA_CARDMANAGER_402,명  |  콤보스택 +2  |  스턴,RootDesk/MyDesk/Card/CardManager.mlua:18757,명  |  콤보스택 +2  |  스턴,,,
MLUA_CARDMANAGER_403,명  |  광역  |  2타 대미지,RootDesk/MyDesk/Card/CardManager.mlua:18759,명  |  광역  |  2타 대미지,,,
MLUA_CARDMANAGER_404,%  |  콤보스택 +1,RootDesk/MyDesk/Card/CardManager.mlua:18759,%  |  콤보스택 +1,,,
MLUA_CARDMANAGER_405,넉백  |  타격 유닛,RootDesk/MyDesk/Card/CardManager.mlua:18762,넉백  |  타격 유닛,,,
MLUA_CARDMANAGER_406,%  |  광역 대미지,RootDesk/MyDesk/Card/CardManager.mlua:18762,%  |  광역 대미지,,,
MLUA_CARDMANAGER_407,명  |  콤보스택 +2,RootDesk/MyDesk/Card/CardManager.mlua:18764,명  |  콤보스택 +2,,,
MLUA_CARDMANAGER_408,명  |  검기,RootDesk/MyDesk/Card/CardManager.mlua:18766,명  |  검기,,,
MLUA_CARDMANAGER_409,개  |  콤보스택 +1,RootDesk/MyDesk/Card/CardManager.mlua:18766,개  |  콤보스택 +1,,,
MLUA_CARDMANAGER_410,명  |  광역,RootDesk/MyDesk/Card/CardManager.mlua:18772,명  |  광역,,,
MLUA_CARDMANAGER_411,명  |  분열,RootDesk/MyDesk/Card/CardManager.mlua:18775 | RootDesk/MyDesk/Card/CardManager.mlua:18778,명  |  분열,,,
MLUA_CARDMANAGER_412,개(,RootDesk/MyDesk/Card/CardManager.mlua:18775 | RootDesk/MyDesk/Card/CardManager.mlua:18778,개(,,,
MLUA_CARDMANAGER_413,초  |  추적  |  경로상 적 타격,RootDesk/MyDesk/Card/CardManager.mlua:18780,초  |  추적  |  경로상 적 타격,,,
MLUA_CARDMANAGER_414,초  |  추적  |  경로상 적 타격  |  소멸 시 폭발,RootDesk/MyDesk/Card/CardManager.mlua:18782,초  |  추적  |  경로상 적 타격  |  소멸 시 폭발,,,
MLUA_CARDMANAGER_415,%(광역),RootDesk/MyDesk/Card/CardManager.mlua:18782,%(광역),,,
MLUA_CARDMANAGER_416,타겟 1명  |  광역,RootDesk/MyDesk/Card/CardManager.mlua:18784,타겟 1명  |  광역,,,
MLUA_CARDMANAGER_417,타겟 1명  |  광역  |  스턴,RootDesk/MyDesk/Card/CardManager.mlua:18786,타겟 1명  |  광역  |  스턴,,,
MLUA_CARDMANAGER_418,초(,RootDesk/MyDesk/Card/CardManager.mlua:18786,초(,,,
MLUA_CARDMANAGER_419,초(100%)  |  보스·엘리트 지속 1/2,RootDesk/MyDesk/Card/CardManager.mlua:18789,초(100%)  |  보스·엘리트 지속 1/2,,,
MLUA_CARDMANAGER_420,명  |  지속,RootDesk/MyDesk/Card/CardManager.mlua:18792 | RootDesk/MyDesk/Card/CardManager.mlua:18795,명  |  지속,,,
MLUA_CARDMANAGER_421,초  |  설치 광역(범위 점차 증가),RootDesk/MyDesk/Card/CardManager.mlua:18792,초  |  설치 광역(범위 점차 증가),,,
MLUA_CARDMANAGER_422,초  |  설치 광역(범위 점차 증가)  |  출혈,RootDesk/MyDesk/Card/CardManager.mlua:18795,초  |  설치 광역(범위 점차 증가)  |  출혈,,,
MLUA_CARDMANAGER_423,%/초(,RootDesk/MyDesk/Card/CardManager.mlua:18795,%/초(,,,
MLUA_CARDMANAGER_424,명  |  관통,RootDesk/MyDesk/Card/CardManager.mlua:18798,명  |  관통,,,
MLUA_CARDMANAGER_425,마리,RootDesk/MyDesk/Card/CardManager.mlua:18798,마리,,,
MLUA_CARDMANAGER_426,명  |  4연타(,RootDesk/MyDesk/Card/CardManager.mlua:18800,명  |  4연타(,,,
MLUA_CARDMANAGER_427,% × 4)  |  크리 +,RootDesk/MyDesk/Card/CardManager.mlua:18800,% × 4)  |  크리 +,,,
MLUA_CARDMANAGER_428,마리(,RootDesk/MyDesk/Card/CardManager.mlua:18804,마리(,,,
MLUA_CARDMANAGER_429,초(100%)  |  해제 시 추가타,RootDesk/MyDesk/Card/CardManager.mlua:18807,초(100%)  |  해제 시 추가타,,,
MLUA_CARDMANAGER_430,%  |  보스·엘리트 지속 1/2,RootDesk/MyDesk/Card/CardManager.mlua:18807,%  |  보스·엘리트 지속 1/2,,,
MLUA_CARDMANAGER_431,명  |  광역  |  스톰,RootDesk/MyDesk/Card/CardManager.mlua:18810,명  |  광역  |  스톰,,,
MLUA_CARDMANAGER_432,초 추적(닿으면,RootDesk/MyDesk/Card/CardManager.mlua:18810,초 추적(닿으면,,,
MLUA_CARDMANAGER_433,"%, 같은 대상",RootDesk/MyDesk/Card/CardManager.mlua:18810,"%, 같은 대상",,,
MLUA_CARDMANAGER_434,초당 1회),RootDesk/MyDesk/Card/CardManager.mlua:18810,초당 1회),,,
MLUA_CARDMANAGER_435,명  |  3연타(40/30/30%),RootDesk/MyDesk/Card/CardManager.mlua:18813,명  |  3연타(40/30/30%),,,
MLUA_CARDMANAGER_436,명  |  2연타(,RootDesk/MyDesk/Card/CardManager.mlua:18816 | RootDesk/MyDesk/Card/CardManager.mlua:18819,명  |  2연타(,,,
MLUA_CARDMANAGER_437,명  |  5연타(각,RootDesk/MyDesk/Card/CardManager.mlua:18822,명  |  5연타(각,,,
MLUA_CARDMANAGER_438,%)  |  광역,RootDesk/MyDesk/Card/CardManager.mlua:18822,%)  |  광역,,,
MLUA_CARDMANAGER_439,명  |  명중 -,RootDesk/MyDesk/Card/CardManager.mlua:18825 | RootDesk/MyDesk/Card/CardManager.mlua:18845,명  |  명중 -,,,
MLUA_CARDMANAGER_440,%(보스/엘리트 절반)  |  지속,RootDesk/MyDesk/Card/CardManager.mlua:18825 | RootDesk/MyDesk/Card/CardManager.mlua:18845,%(보스/엘리트 절반)  |  지속,,,
MLUA_CARDMANAGER_441,초  |  광역  |  추가 대미지,RootDesk/MyDesk/Card/CardManager.mlua:18825,초  |  광역  |  추가 대미지,,,
MLUA_CARDMANAGER_442,타겟 2명  |  크리티컬 확률 +,RootDesk/MyDesk/Card/CardManager.mlua:18828,타겟 2명  |  크리티컬 확률 +,,,
MLUA_CARDMANAGER_443,%  |  광역  |  메소 100%/아이템 50%,RootDesk/MyDesk/Card/CardManager.mlua:18828,%  |  광역  |  메소 100%/아이템 50%,,,
MLUA_CARDMANAGER_444,메소 폭발  |  2연타(50/50%)  |  스턴,RootDesk/MyDesk/Card/CardManager.mlua:18831,메소 폭발  |  2연타(50/50%)  |  스턴,,,
MLUA_CARDMANAGER_445,% 확률,RootDesk/MyDesk/Card/CardManager.mlua:18831,% 확률,,,
MLUA_CARDMANAGER_446,초  |  기본 공격 시 30% 확률 메소 드랍,RootDesk/MyDesk/Card/CardManager.mlua:18831,초  |  기본 공격 시 30% 확률 메소 드랍,,,
MLUA_CARDMANAGER_447,초  |  분신 소환 대미지  |  스킬,RootDesk/MyDesk/Card/CardManager.mlua:18833,초  |  분신 소환 대미지  |  스킬,,,
MLUA_CARDMANAGER_448,%  |  기본공격,RootDesk/MyDesk/Card/CardManager.mlua:18833,%  |  기본공격,,,
MLUA_CARDMANAGER_449,개  |  스턴,RootDesk/MyDesk/Card/CardManager.mlua:18839 | RootDesk/MyDesk/Card/CardManager.mlua:18857,개  |  스턴,,,
MLUA_CARDMANAGER_450,명  |  3연타(,RootDesk/MyDesk/Card/CardManager.mlua:18842,명  |  3연타(,,,
MLUA_CARDMANAGER_451,초  |  광역,RootDesk/MyDesk/Card/CardManager.mlua:18845,초  |  광역,,,
MLUA_CARDMANAGER_452,명  |  크리티컬 확률 +,RootDesk/MyDesk/Card/CardManager.mlua:18848,명  |  크리티컬 확률 +,,,
MLUA_CARDMANAGER_453,명  |  메소 드랍 100%  |  아이템 드랍,RootDesk/MyDesk/Card/CardManager.mlua:18850,명  |  메소 드랍 100%  |  아이템 드랍,,,
MLUA_CARDMANAGER_454,메소 폭발  |  광역  |  기본 공격 시,RootDesk/MyDesk/Card/CardManager.mlua:18853,메소 폭발  |  광역  |  기본 공격 시,,,
MLUA_CARDMANAGER_455,% 확률로 메소 드랍,RootDesk/MyDesk/Card/CardManager.mlua:18853,% 확률로 메소 드랍,,,
MLUA_CARDMANAGER_456,초  |  분신 소환 대미지,RootDesk/MyDesk/Card/CardManager.mlua:18855,초  |  분신 소환 대미지,,,
MLUA_CARDMANAGER_457,툴팁:,[LOG] RootDesk/MyDesk/Card/CardManager.mlua:18885,툴팁:,,,
MLUA_CARDMANAGER_458,) — 안전망 타이머가 연출을 대신 정리 중,[LOG] RootDesk/MyDesk/Card/CardManager.mlua:19470,) — 안전망 타이머가 연출을 대신 정리 중,,,
MLUA_CARDMANAGER_459,FreezeExplosion: 빙결 폭발! x=,[LOG] RootDesk/MyDesk/Card/CardManager.mlua:21863,FreezeExplosion: 빙결 폭발! x=,,,
MLUA_CARDMANAGER_460,지속회복,RootDesk/MyDesk/Card/CardManager.mlua:22970,지속회복,,,
MLUA_CARDMANAGER_461,기본공격,RootDesk/MyDesk/Card/CardManager.mlua:22971 | RootDesk/MyDesk/Card/CardManager.mlua:22972 | RootDesk/MyDesk/Card/CardManager.mlua:22973 | RootDesk/MyDesk/Card/CardManager.mlua:22974 | RootDesk/MyDesk/Card/CardManager.mlua:22975,기본공격,,,
MLUA_CARDMANAGER_462,다단타격,RootDesk/MyDesk/Card/CardManager.mlua:22976,다단타격,,,
MLUA_CARDMANAGER_463,"관통,둔화",RootDesk/MyDesk/Card/CardManager.mlua:22977,"관통,둔화",,,
MLUA_CARDMANAGER_464,"관통,스턴",RootDesk/MyDesk/Card/CardManager.mlua:22978,"관통,스턴",,,
MLUA_CARDMANAGER_465,"광역,화상",RootDesk/MyDesk/Card/CardManager.mlua:22979,"광역,화상",,,
MLUA_CARDMANAGER_466,쿨감버프,RootDesk/MyDesk/Card/CardManager.mlua:22980,쿨감버프,,,
MLUA_CARDMANAGER_467,크리티컬버프,RootDesk/MyDesk/Card/CardManager.mlua:22981,크리티컬버프,,,
MLUA_CARDMANAGER_468,"관통,연쇄",RootDesk/MyDesk/Card/CardManager.mlua:22982,"관통,연쇄",,,
MLUA_CARDMANAGER_469,"빙결,연쇄",RootDesk/MyDesk/Card/CardManager.mlua:22983,"빙결,연쇄",,,
MLUA_CARDMANAGER_470,"광역,출혈",RootDesk/MyDesk/Card/CardManager.mlua:22984,"광역,출혈",,,
MLUA_CARDMANAGER_471,"고정,광역",RootDesk/MyDesk/Card/CardManager.mlua:22985,"고정,광역",,,
MLUA_CARDMANAGER_472,"광역,넉백",RootDesk/MyDesk/Card/CardManager.mlua:22986 | RootDesk/MyDesk/Card/CardRegistry.mlua:232,"광역,넉백",,,
MLUA_CARDMANAGER_473,"다중,속박",RootDesk/MyDesk/Card/CardManager.mlua:22987,"다중,속박",,,
MLUA_CARDMANAGER_474,"다중,빙결",RootDesk/MyDesk/Card/CardManager.mlua:22988,"다중,빙결",,,
MLUA_CARDMANAGER_475,"광역,스턴,3연타",RootDesk/MyDesk/Card/CardManager.mlua:22989,"광역,스턴,3연타",,,
MLUA_CARDMANAGER_476,"다중,슬로우,빙결",RootDesk/MyDesk/Card/CardManager.mlua:22990,"다중,슬로우,빙결",,,
MLUA_CARDMANAGER_477,"패시브,피해감소",RootDesk/MyDesk/Card/CardManager.mlua:22991,"패시브,피해감소",,,
MLUA_CARDMANAGER_478,"연쇄,치명타",RootDesk/MyDesk/Card/CardManager.mlua:22992,"연쇄,치명타",,,
MLUA_CARDMANAGER_479,"광역,관통,출혈,넉백",RootDesk/MyDesk/Card/CardManager.mlua:22993,"광역,관통,출혈,넉백",,,
MLUA_CARDMANAGER_480,"고정,광역,확률2연타",RootDesk/MyDesk/Card/CardManager.mlua:22994,"고정,광역,확률2연타",,,
MLUA_CARDMANAGER_481,"패시브,피해증가",RootDesk/MyDesk/Card/CardManager.mlua:22995 | RootDesk/MyDesk/Card/CardManager.mlua:23017 | RootDesk/MyDesk/Card/CardRegistry.mlua:133 | RootDesk/MyDesk/Card/CardRegistry.mlua:292 | RootDesk/MyDesk/Card/CardRegistry.mlua:481,"패시브,피해증가",,,
MLUA_CARDMANAGER_482,"다중,빙결,범위",RootDesk/MyDesk/Card/CardManager.mlua:22996,"다중,빙결,범위",,,
MLUA_CARDMANAGER_483,"다중,속박,추가타",RootDesk/MyDesk/Card/CardManager.mlua:22997,"다중,속박,추가타",,,
MLUA_CARDMANAGER_484,"다중,관통",RootDesk/MyDesk/Card/CardManager.mlua:22998,"다중,관통",,,
MLUA_CARDMANAGER_485,"단일,확률강화",RootDesk/MyDesk/Card/CardManager.mlua:22999,"단일,확률강화",,,
MLUA_CARDMANAGER_486,"광역,다중,슬로우",RootDesk/MyDesk/Card/CardManager.mlua:23000,"광역,다중,슬로우",,,
MLUA_CARDMANAGER_487,"광역,다중,슬로우대상추가딜",RootDesk/MyDesk/Card/CardManager.mlua:23001,"광역,다중,슬로우대상추가딜",,,
MLUA_CARDMANAGER_488,"소환,광역,지속딜,슬로우대상추가딜",RootDesk/MyDesk/Card/CardManager.mlua:23002,"소환,광역,지속딜,슬로우대상추가딜",,,
MLUA_CARDMANAGER_489,"횡,관통,다중",RootDesk/MyDesk/Card/CardManager.mlua:23003,"횡,관통,다중",,,
MLUA_CARDMANAGER_490,"종,범위,다중",RootDesk/MyDesk/Card/CardManager.mlua:23004,"종,범위,다중",,,
MLUA_CARDMANAGER_491,"횡,관통,크리티컬",RootDesk/MyDesk/Card/CardManager.mlua:23005,"횡,관통,크리티컬",,,
MLUA_CARDMANAGER_492,"종,범위,크리티컬",RootDesk/MyDesk/Card/CardManager.mlua:23006,"종,범위,크리티컬",,,
MLUA_CARDMANAGER_493,"넉백,충돌,폭발",RootDesk/MyDesk/Card/CardManager.mlua:23007,"넉백,충돌,폭발",,,
MLUA_CARDMANAGER_494,"단일,넉백",RootDesk/MyDesk/Card/CardManager.mlua:23008,"단일,넉백",,,
MLUA_CARDMANAGER_495,"광역,다중,슬로우,스턴,추가딜",RootDesk/MyDesk/Card/CardManager.mlua:23009,"광역,다중,슬로우,스턴,추가딜",,,
MLUA_CARDMANAGER_496,"소환,광역,2단히트,크리티컬",RootDesk/MyDesk/Card/CardManager.mlua:23010,"소환,광역,2단히트,크리티컬",,,
MLUA_CARDMANAGER_497,"다중,연타,확률추가타",RootDesk/MyDesk/Card/CardManager.mlua:23011,"다중,연타,확률추가타",,,
MLUA_CARDMANAGER_498,"단일,연사,확률강화,3연타",RootDesk/MyDesk/Card/CardManager.mlua:23012,"단일,연사,확률강화,3연타",,,
MLUA_CARDMANAGER_499,"패시브,쿨감",RootDesk/MyDesk/Card/CardManager.mlua:23013,"패시브,쿨감",,,
MLUA_CARDMANAGER_500,"패시브,크리티컬",RootDesk/MyDesk/Card/CardManager.mlua:23014 | RootDesk/MyDesk/Card/CardRegistry.mlua:110 | RootDesk/MyDesk/Card/CardRegistry.mlua:280 | RootDesk/MyDesk/Card/CardRegistry.mlua:463,"패시브,크리티컬",,,
MLUA_CARDMANAGER_501,"패시브,크리티컬대미지",RootDesk/MyDesk/Card/CardManager.mlua:23015 | RootDesk/MyDesk/Card/CardRegistry.mlua:286 | RootDesk/MyDesk/Card/CardRegistry.mlua:469,"패시브,크리티컬대미지",,,
MLUA_CARDMANAGER_502,"패시브,확률추가공격",RootDesk/MyDesk/Card/CardManager.mlua:23016,"패시브,확률추가공격",,,
MLUA_CARDMANAGER_503,빨간 포션,RootDesk/MyDesk/Card/CardManager.mlua:23041,빨간 포션,,,
MLUA_CARDMANAGER_504,하얀 포션,RootDesk/MyDesk/Card/CardManager.mlua:23041,하얀 포션,,,
MLUA_CARDMANAGER_505,장어구이,RootDesk/MyDesk/Card/CardManager.mlua:23041,장어구이,,,
MLUA_CARDMANAGER_506,쭈쭈바,RootDesk/MyDesk/Card/CardManager.mlua:23041,쭈쭈바,,,
MLUA_CARDMANAGER_507,엘릭서,RootDesk/MyDesk/Card/CardManager.mlua:23041,엘릭서,,,
MLUA_CARDMANAGER_508,카드,RootDesk/MyDesk/Card/CardManager.mlua:23898,카드,,,
MLUA_CARDMANAGER_509,무료,RootDesk/MyDesk/Card/CardManager.mlua:23955,무료,,,
MLUA_CARDMANAGER_510,중복 스킬을 획득해 골드 500을 얻었습니다!,RootDesk/MyDesk/Card/CardManager.mlua:24153,중복 스킬을 획득해 골드 500을 얻었습니다!,,,
MLUA_CARDMANAGER_511,중복 스킬을 획득해,RootDesk/MyDesk/Card/CardManager.mlua:24155,중복 스킬을 획득해,,,
MLUA_CARDMANAGER_512,스킬의 레벨이 올랐습니다!,RootDesk/MyDesk/Card/CardManager.mlua:24155,스킬의 레벨이 올랐습니다!,,,
MLUA_CARDMANAGER_513,영구 활성,[LOG] RootDesk/MyDesk/Card/CardManager.mlua:24179,영구 활성,,,
MLUA_CARDMANAGER_514,% 영구 활성,[LOG] RootDesk/MyDesk/Card/CardManager.mlua:24192,% 영구 활성,,,
MLUA_CARDMANAGER_515,EnergyBolt Lv3: 치명타 +20% 적용,[LOG] RootDesk/MyDesk/Card/CardManager.mlua:24210,EnergyBolt Lv3: 치명타 +20% 적용,,,
MLUA_CARDMANAGER_516,(쿨타임 -,[LOG] RootDesk/MyDesk/Card/CardManager.mlua:24512 | RootDesk/MyDesk/Card/CardManager.mlua:25594 | RootDesk/MyDesk/Card/CardManager.mlua:25656,(쿨타임 -,,,
MLUA_CARDMANAGER_517,(크리티컬,[LOG] RootDesk/MyDesk/Card/CardManager.mlua:24524 | RootDesk/MyDesk/Card/CardManager.mlua:24986 | RootDesk/MyDesk/Card/CardManager.mlua:25606 | RootDesk/MyDesk/Card/CardManager.mlua:25667,(크리티컬,,,
MLUA_CARDMANAGER_518,(크리티컬 대미지 +,[LOG] RootDesk/MyDesk/Card/CardManager.mlua:24536 | RootDesk/MyDesk/Card/CardManager.mlua:25618 | RootDesk/MyDesk/Card/CardManager.mlua:25678,(크리티컬 대미지 +,,,
MLUA_CARDMANAGER_519,(확률,[LOG] RootDesk/MyDesk/Card/CardManager.mlua:24548 | RootDesk/MyDesk/Card/CardManager.mlua:25840,(확률,,,
MLUA_CARDMANAGER_520,(데미지 +,[LOG] RootDesk/MyDesk/Card/CardManager.mlua:24560 | RootDesk/MyDesk/Card/CardManager.mlua:25023,(데미지 +,,,
MLUA_CARDMANAGER_521,활성,[LOG] RootDesk/MyDesk/Card/CardManager.mlua:24572,활성,,,
MLUA_CARDMANAGER_522,활성 (피해,[LOG] RootDesk/MyDesk/Card/CardManager.mlua:24584,활성 (피해,,,
MLUA_CARDMANAGER_523,% 감소),[LOG] RootDesk/MyDesk/Card/CardManager.mlua:24584,% 감소),,,
MLUA_CARDMANAGER_524,활성 (데미지,[LOG] RootDesk/MyDesk/Card/CardManager.mlua:24596,활성 (데미지,,,
MLUA_CARDMANAGER_525,% 증가),[LOG] RootDesk/MyDesk/Card/CardManager.mlua:24596,% 증가),,,
MLUA_CARDMANAGER_526,Card1(파이어샷) upgrade: count=,[LOG] RootDesk/MyDesk/Card/CardManager.mlua:24887,Card1(파이어샷) upgrade: count=,,,
MLUA_CARDMANAGER_527,Card25(애로우샷) upgrade: count=,[LOG] RootDesk/MyDesk/Card/CardManager.mlua:24907,Card25(애로우샷) upgrade: count=,,,
MLUA_CARDMANAGER_528,Card150(레이온 기본공격) upgrade: count=,[LOG] RootDesk/MyDesk/Card/CardManager.mlua:24926,Card150(레이온 기본공격) upgrade: count=,,,
MLUA_CARDMANAGER_529,Card172(쉐이드 기본공격) upgrade: count=,[LOG] RootDesk/MyDesk/Card/CardManager.mlua:24945 | RootDesk/MyDesk/Card/CardManager.mlua:24962,Card172(쉐이드 기본공격) upgrade: count=,,,
MLUA_CARDMANAGER_530,(스택 확률,[LOG] RootDesk/MyDesk/Card/CardManager.mlua:24974,(스택 확률,,,
MLUA_CARDMANAGER_531,(폭발 배율,[LOG] RootDesk/MyDesk/Card/CardManager.mlua:24998,(폭발 배율,,,
MLUA_CARDMANAGER_532,초마다,[LOG] RootDesk/MyDesk/Card/CardManager.mlua:25011,초마다,,,
MLUA_CARDMANAGER_533,% 회복),[LOG] RootDesk/MyDesk/Card/CardManager.mlua:25011,% 회복),,,
MLUA_CARDMANAGER_534,s 출혈,[LOG] RootDesk/MyDesk/Card/CardManager.mlua:25284,s 출혈,,,
MLUA_CARDMANAGER_535,%/초),[LOG] RootDesk/MyDesk/Card/CardManager.mlua:25284,%/초),,,
MLUA_CARDMANAGER_536,(피해량 +,[LOG] RootDesk/MyDesk/Card/CardManager.mlua:25630 | RootDesk/MyDesk/Card/CardManager.mlua:25851,(피해량 +,,,
MLUA_CARDMANAGER_537,(회피,[LOG] RootDesk/MyDesk/Card/CardManager.mlua:25642 | RootDesk/MyDesk/Card/CardManager.mlua:25689,(회피,,,
MLUA_CARDMANAGER_538,4연타,[LOG] RootDesk/MyDesk/Card/CardManager.mlua:25709,4연타,,,
MLUA_CARDMANAGER_539,관통,[LOG] RootDesk/MyDesk/Card/CardManager.mlua:25729,관통,,,
MLUA_CARDMANAGER_540,마리),[LOG] RootDesk/MyDesk/Card/CardManager.mlua:25729,마리),,,
MLUA_CARDMANAGER_541,속박,[LOG] RootDesk/MyDesk/Card/CardManager.mlua:25749,속박,,,
MLUA_CARDMANAGER_542,스톰,[LOG] RootDesk/MyDesk/Card/CardManager.mlua:25769,스톰,,,
MLUA_CARDMANAGER_543,분열,[LOG] RootDesk/MyDesk/Card/CardManager.mlua:25789,분열,,,
MLUA_CARDMANAGER_544,초 폭발,[LOG] RootDesk/MyDesk/Card/CardManager.mlua:25809,초 폭발,,,
MLUA_CARDMANAGER_545,스턴,[LOG] RootDesk/MyDesk/Card/CardManager.mlua:25829,스턴,,,
MLUA_CARDREGISTRY_001,콤보 어택,RootDesk/MyDesk/Card/CardRegistry.mlua:16 | RootDesk/MyDesk/SkillInventory.mlua:102 | /ui/TitleGroup/SkillPanel/ScrollArea/List/SkillSlot_55/Name,콤보 어택,Combo Attack,,
MLUA_CARDREGISTRY_002,"패시브,확률스택",RootDesk/MyDesk/Card/CardRegistry.mlua:18,"패시브,확률스택",,,
MLUA_CARDREGISTRY_003,슬래시,RootDesk/MyDesk/Card/CardRegistry.mlua:25 | RootDesk/MyDesk/SkillInventory.mlua:87 | /ui/TitleGroup/SkillPanel/ScrollArea/List/SkillSlot_40/Name,슬래시,,,
MLUA_CARDREGISTRY_004,"다중타격,콤보스택",RootDesk/MyDesk/Card/CardRegistry.mlua:27 | RootDesk/MyDesk/Card/CardRegistry.mlua:35 | RootDesk/MyDesk/Card/CardRegistry.mlua:141 | RootDesk/MyDesk/Card/CardRegistry.mlua:157,"다중타격,콤보스택",,,
MLUA_CARDREGISTRY_005,브랜디쉬,RootDesk/MyDesk/Card/CardRegistry.mlua:33 | RootDesk/MyDesk/SkillInventory.mlua:88 | /ui/TitleGroup/SkillPanel/ScrollArea/List/SkillSlot_41/Name,브랜디쉬,,,
MLUA_CARDREGISTRY_006,플래시 슬래시,RootDesk/MyDesk/Card/CardRegistry.mlua:43 | RootDesk/MyDesk/SkillInventory.mlua:89 | /ui/TitleGroup/SkillPanel/ScrollArea/List/SkillSlot_42/Name,플래시 슬래시,,,
MLUA_CARDREGISTRY_007,"관통이동,콤보스택",RootDesk/MyDesk/Card/CardRegistry.mlua:45 | RootDesk/MyDesk/Card/CardRegistry.mlua:66 | RootDesk/MyDesk/Card/CardRegistry.mlua:167,"관통이동,콤보스택",,,
MLUA_CARDREGISTRY_008,돌진,RootDesk/MyDesk/Card/CardRegistry.mlua:53 | RootDesk/MyDesk/SkillInventory.mlua:90 | /ui/TitleGroup/SkillPanel/ScrollArea/List/SkillSlot_43/Name,돌진,,,
MLUA_CARDREGISTRY_009,"넉백,충돌피해",RootDesk/MyDesk/Card/CardRegistry.mlua:55,"넉백,충돌피해",,,
MLUA_CARDREGISTRY_010,오라 블레이드,RootDesk/MyDesk/Card/CardRegistry.mlua:64 | RootDesk/MyDesk/SkillInventory.mlua:91 | /ui/TitleGroup/SkillPanel/ScrollArea/List/SkillSlot_44/Name,오라 블레이드,,,
MLUA_CARDREGISTRY_011,레이징 블로우,RootDesk/MyDesk/Card/CardRegistry.mlua:73 | RootDesk/MyDesk/SkillInventory.mlua:92 | /ui/TitleGroup/SkillPanel/ScrollArea/List/SkillSlot_45/Name,레이징 블로우,,,
MLUA_CARDREGISTRY_012,다중타격,RootDesk/MyDesk/Card/CardRegistry.mlua:75 | RootDesk/MyDesk/Card/CardRegistry.mlua:205 | RootDesk/MyDesk/Card/CardRegistry.mlua:214,다중타격,,,
MLUA_CARDREGISTRY_013,리프 어택,RootDesk/MyDesk/Card/CardRegistry.mlua:81 | RootDesk/MyDesk/SkillInventory.mlua:93 | /ui/TitleGroup/SkillPanel/ScrollArea/List/SkillSlot_46/Name,리프 어택,,,
MLUA_CARDREGISTRY_014,"속박,콤보스택",RootDesk/MyDesk/Card/CardRegistry.mlua:83,"속박,콤보스택",,,
MLUA_CARDREGISTRY_015,"소환수,단일타격",RootDesk/MyDesk/Card/CardRegistry.mlua:92 | RootDesk/MyDesk/Card/CardRegistry.mlua:178,"소환수,단일타격",,,
MLUA_CARDREGISTRY_016,브레이브 슬래시,RootDesk/MyDesk/Card/CardRegistry.mlua:100 | RootDesk/MyDesk/SkillInventory.mlua:95 | /ui/TitleGroup/SkillPanel/ScrollArea/List/SkillSlot_48/Name,브레이브 슬래시,,,
MLUA_CARDREGISTRY_017,"다중타격,콤보스택,스턴",RootDesk/MyDesk/Card/CardRegistry.mlua:102,"다중타격,콤보스택,스턴",,,
MLUA_CARDREGISTRY_018,찬스 어택,RootDesk/MyDesk/Card/CardRegistry.mlua:108 | RootDesk/MyDesk/SkillInventory.mlua:103 | /ui/TitleGroup/SkillPanel/ScrollArea/List/SkillSlot_56/Name,찬스 어택,,,
MLUA_CARDREGISTRY_019,코마,RootDesk/MyDesk/Card/CardRegistry.mlua:117 | RootDesk/MyDesk/SkillInventory.mlua:104 | /ui/TitleGroup/SkillPanel/ScrollArea/List/SkillSlot_57/Name,코마,,,
MLUA_CARDREGISTRY_020,"패시브,폭발강화",RootDesk/MyDesk/Card/CardRegistry.mlua:119,"패시브,폭발강화",,,
MLUA_CARDREGISTRY_021,셀프 리커버리,RootDesk/MyDesk/Card/CardRegistry.mlua:124 | RootDesk/MyDesk/SkillInventory.mlua:105 | /ui/TitleGroup/SkillPanel/ScrollArea/List/SkillSlot_58/Name,셀프 리커버리,,,
MLUA_CARDREGISTRY_022,"패시브,회복",RootDesk/MyDesk/Card/CardRegistry.mlua:126,"패시브,회복",,,
MLUA_CARDREGISTRY_023,워리어 마스터리,RootDesk/MyDesk/Card/CardRegistry.mlua:131 | RootDesk/MyDesk/SkillInventory.mlua:106 | /ui/TitleGroup/SkillPanel/ScrollArea/List/SkillSlot_100/Name | /ui/TitleGroup/SkillPanel/ScrollArea/List/SkillSlot_101/Name | /ui/TitleGroup/SkillPanel/ScrollArea/List/SkillSlot_59/Name,워리어 마스터리,,,
MLUA_CARDREGISTRY_024,스피릿 블레이드,RootDesk/MyDesk/Card/CardRegistry.mlua:139 | RootDesk/MyDesk/SkillInventory.mlua:96 | /ui/TitleGroup/SkillPanel/ScrollArea/List/SkillSlot_49/Name,스피릿 블레이드,,,
MLUA_CARDREGISTRY_025,버닝 러시,RootDesk/MyDesk/Card/CardRegistry.mlua:147 | RootDesk/MyDesk/SkillInventory.mlua:97 | /ui/TitleGroup/SkillPanel/ScrollArea/List/SkillSlot_50/Name,버닝 러시,,,
MLUA_CARDREGISTRY_026,"넉백,충돌피해,범위폭발",RootDesk/MyDesk/Card/CardRegistry.mlua:149,"넉백,충돌피해,범위폭발",,,
MLUA_CARDREGISTRY_027,슬래시 스톰,RootDesk/MyDesk/Card/CardRegistry.mlua:155 | RootDesk/MyDesk/SkillInventory.mlua:98 | /ui/TitleGroup/SkillPanel/ScrollArea/List/SkillSlot_51/Name,슬래시 스톰,,,
MLUA_CARDREGISTRY_028,솔라 블레이드,RootDesk/MyDesk/Card/CardRegistry.mlua:165 | RootDesk/MyDesk/SkillInventory.mlua:99 | /ui/TitleGroup/SkillPanel/ScrollArea/List/SkillSlot_52/Name,솔라 블레이드,,,
MLUA_CARDREGISTRY_029,스카링 블레이드,RootDesk/MyDesk/Card/CardRegistry.mlua:176 | RootDesk/MyDesk/SkillInventory.mlua:100 | /ui/TitleGroup/SkillPanel/ScrollArea/List/SkillSlot_53/Name,스카링 블레이드,,,
MLUA_CARDREGISTRY_030,퓨리어스 블로우,RootDesk/MyDesk/Card/CardRegistry.mlua:186 | RootDesk/MyDesk/SkillInventory.mlua:101 | /ui/TitleGroup/SkillPanel/ScrollArea/List/SkillSlot_54/Name,퓨리어스 블로우,,,
MLUA_CARDREGISTRY_031,"다중타격,확률강화",RootDesk/MyDesk/Card/CardRegistry.mlua:188,"다중타격,확률강화",,,
MLUA_CARDREGISTRY_032,더블 스탭,RootDesk/MyDesk/Card/CardRegistry.mlua:203 | RootDesk/MyDesk/SkillInventory.mlua:110,더블 스탭,,,
MLUA_CARDREGISTRY_033,새비지 블로우,RootDesk/MyDesk/Card/CardRegistry.mlua:212 | RootDesk/MyDesk/SkillInventory.mlua:111,새비지 블로우,,,
MLUA_CARDREGISTRY_034,연막탄,RootDesk/MyDesk/Card/CardRegistry.mlua:221 | RootDesk/MyDesk/SkillInventory.mlua:112,연막탄,,,
MLUA_CARDREGISTRY_035,"광역,디버프,지속피해",RootDesk/MyDesk/Card/CardRegistry.mlua:223,"광역,디버프,지속피해",,,
MLUA_CARDREGISTRY_036,스틸,RootDesk/MyDesk/Card/CardRegistry.mlua:238 | RootDesk/MyDesk/SkillInventory.mlua:114,스틸,,,
MLUA_CARDREGISTRY_037,"다중타격,드랍",RootDesk/MyDesk/Card/CardRegistry.mlua:240,"다중타격,드랍",,,
MLUA_CARDREGISTRY_038,메소 익스플로젼,RootDesk/MyDesk/Card/CardRegistry.mlua:246 | RootDesk/MyDesk/SkillInventory.mlua:115,메소 익스플로젼,,,
MLUA_CARDREGISTRY_039,"범위,드랍연계",RootDesk/MyDesk/Card/CardRegistry.mlua:248,"범위,드랍연계",,,
MLUA_CARDREGISTRY_040,쉐도우 파트너,RootDesk/MyDesk/Card/CardRegistry.mlua:254 | RootDesk/MyDesk/SkillInventory.mlua:116,쉐도우 파트너,,,
MLUA_CARDREGISTRY_041,"소환,모방",RootDesk/MyDesk/Card/CardRegistry.mlua:256,"소환,모방",,,
MLUA_CARDREGISTRY_042,다크 플레어,RootDesk/MyDesk/Card/CardRegistry.mlua:262 | RootDesk/MyDesk/SkillInventory.mlua:117,다크 플레어,,,
MLUA_CARDREGISTRY_043,"스턴,다중타격",RootDesk/MyDesk/Card/CardRegistry.mlua:264,"스턴,다중타격",,,
MLUA_CARDREGISTRY_044,대거 액셀레이션,RootDesk/MyDesk/Card/CardRegistry.mlua:272 | RootDesk/MyDesk/SkillInventory.mlua:125,대거 액셀레이션,,,
MLUA_CARDREGISTRY_045,"패시브,쿨타임감소",RootDesk/MyDesk/Card/CardRegistry.mlua:274 | RootDesk/MyDesk/Card/CardRegistry.mlua:457,"패시브,쿨타임감소",,,
MLUA_CARDREGISTRY_046,크리티컬 엣지,RootDesk/MyDesk/Card/CardRegistry.mlua:278 | RootDesk/MyDesk/SkillInventory.mlua:126,크리티컬 엣지,,,
MLUA_CARDREGISTRY_047,카르마,RootDesk/MyDesk/Card/CardRegistry.mlua:284 | RootDesk/MyDesk/SkillInventory.mlua:127,카르마,,,
MLUA_CARDREGISTRY_048,피지컬 트레이닝,RootDesk/MyDesk/Card/CardRegistry.mlua:290 | RootDesk/MyDesk/SkillInventory.mlua:129,피지컬 트레이닝,,,
MLUA_CARDREGISTRY_049,다크 사이트,RootDesk/MyDesk/Card/CardRegistry.mlua:299 | RootDesk/MyDesk/SkillInventory.mlua:128,다크 사이트,,,
MLUA_CARDREGISTRY_050,"패시브,회피",RootDesk/MyDesk/Card/CardRegistry.mlua:301 | RootDesk/MyDesk/Card/CardRegistry.mlua:475,"패시브,회피",,,
MLUA_CARDREGISTRY_051,암살,RootDesk/MyDesk/Card/CardRegistry.mlua:309 | RootDesk/MyDesk/SkillInventory.mlua:118,암살,,,
MLUA_CARDREGISTRY_052,"다중타격,조합",RootDesk/MyDesk/Card/CardRegistry.mlua:311 | RootDesk/MyDesk/Card/CardRegistry.mlua:321 | RootDesk/MyDesk/Card/CardRegistry.mlua:331,"다중타격,조합",,,
MLUA_CARDREGISTRY_053,소닉 블로우,RootDesk/MyDesk/Card/CardRegistry.mlua:319 | RootDesk/MyDesk/SkillInventory.mlua:119,소닉 블로우,,,
MLUA_CARDREGISTRY_054,연막난무,RootDesk/MyDesk/Card/CardRegistry.mlua:329 | RootDesk/MyDesk/SkillInventory.mlua:120,연막난무,,,
MLUA_CARDREGISTRY_055,아주르 엣지,RootDesk/MyDesk/Card/CardRegistry.mlua:339 | RootDesk/MyDesk/SkillInventory.mlua:121,아주르 엣지,,,
MLUA_CARDREGISTRY_056,"넉백,광역,조합",RootDesk/MyDesk/Card/CardRegistry.mlua:341,"넉백,광역,조합",,,
MLUA_CARDREGISTRY_057,메소 데토네이션,RootDesk/MyDesk/Card/CardRegistry.mlua:350 | RootDesk/MyDesk/SkillInventory.mlua:122,메소 데토네이션,,,
MLUA_CARDREGISTRY_058,"범위,스턴,조합",RootDesk/MyDesk/Card/CardRegistry.mlua:352,"범위,스턴,조합",,,
MLUA_CARDREGISTRY_059,듀얼 쉐도우 파트너,RootDesk/MyDesk/Card/CardRegistry.mlua:360 | RootDesk/MyDesk/SkillInventory.mlua:123,듀얼 쉐도우 파트너,,,
MLUA_CARDREGISTRY_060,"소환수,조합",RootDesk/MyDesk/Card/CardRegistry.mlua:362,"소환수,조합",,,
MLUA_CARDREGISTRY_061,어비설 플레어,RootDesk/MyDesk/Card/CardRegistry.mlua:370 | RootDesk/MyDesk/SkillInventory.mlua:124,어비설 플레어,,,
MLUA_CARDREGISTRY_062,"범위,지속피해,조합",RootDesk/MyDesk/Card/CardRegistry.mlua:372,"범위,지속피해,조합",,,
MLUA_CARDREGISTRY_063,"기본공격,발사체",RootDesk/MyDesk/Card/CardRegistry.mlua:394,"기본공격,발사체",,,
MLUA_CARDREGISTRY_064,"다중타격,낙하",RootDesk/MyDesk/Card/CardRegistry.mlua:401,"다중타격,낙하",,,
MLUA_CARDREGISTRY_065,"관통,다중타격",RootDesk/MyDesk/Card/CardRegistry.mlua:407,"관통,다중타격",,,
MLUA_CARDREGISTRY_066,"광역,투사체",RootDesk/MyDesk/Card/CardRegistry.mlua:413,"광역,투사체",,,
MLUA_CARDREGISTRY_067,"분열,투사체",RootDesk/MyDesk/Card/CardRegistry.mlua:420,"분열,투사체",,,
MLUA_CARDREGISTRY_068,"추적,지속",RootDesk/MyDesk/Card/CardRegistry.mlua:427,"추적,지속",,,
MLUA_CARDREGISTRY_069,"광역,즉발",RootDesk/MyDesk/Card/CardRegistry.mlua:434,"광역,즉발",,,
MLUA_CARDREGISTRY_070,"설치,지속,광역",RootDesk/MyDesk/Card/CardRegistry.mlua:441,"설치,지속,광역",,,
MLUA_CARDREGISTRY_071,"속박,즉발",RootDesk/MyDesk/Card/CardRegistry.mlua:448,"속박,즉발",,,
MLUA_CARDREGISTRY_072,스로잉 액셀레이션,RootDesk/MyDesk/Card/CardRegistry.mlua:455 | RootDesk/MyDesk/SkillInventory.mlua:150,스로잉 액셀레이션,,,
MLUA_CARDREGISTRY_073,자벨린 마스터리,RootDesk/MyDesk/Card/CardRegistry.mlua:461 | RootDesk/MyDesk/SkillInventory.mlua:151,자벨린 마스터리,,,
MLUA_CARDREGISTRY_074,스피릿 자벨린,RootDesk/MyDesk/Card/CardRegistry.mlua:467 | RootDesk/MyDesk/SkillInventory.mlua:152,스피릿 자벨린,,,
MLUA_CARDREGISTRY_075,래디컬 다크니스,RootDesk/MyDesk/Card/CardRegistry.mlua:473 | RootDesk/MyDesk/SkillInventory.mlua:155,래디컬 다크니스,,,
MLUA_CARDREGISTRY_076,시프 커닝,RootDesk/MyDesk/Card/CardRegistry.mlua:479 | RootDesk/MyDesk/SkillInventory.mlua:154,시프 커닝,,,
MLUA_CARDREGISTRY_077,표창술,RootDesk/MyDesk/Card/CardRegistry.mlua:488 | RootDesk/MyDesk/SkillInventory.mlua:153,표창술,,,
MLUA_CARDREGISTRY_078,"패시브,추가공격",RootDesk/MyDesk/Card/CardRegistry.mlua:490,"패시브,추가공격",,,
MLUA_CARDREGISTRY_079,"조합,다중타격,낙하",RootDesk/MyDesk/Card/CardRegistry.mlua:500,"조합,다중타격,낙하",,,
MLUA_CARDREGISTRY_080,"조합,관통,다중타격",RootDesk/MyDesk/Card/CardRegistry.mlua:511,"조합,관통,다중타격",,,
MLUA_CARDREGISTRY_081,"조합,속박,추가타",RootDesk/MyDesk/Card/CardRegistry.mlua:521,"조합,속박,추가타",,,
MLUA_CARDREGISTRY_082,"조합,광역,지속피해",RootDesk/MyDesk/Card/CardRegistry.mlua:532,"조합,광역,지속피해",,,
MLUA_CARDREGISTRY_083,"조합,분열,투사체",RootDesk/MyDesk/Card/CardRegistry.mlua:542,"조합,분열,투사체",,,
MLUA_CARDREGISTRY_084,"조합,추적,광역폭발",RootDesk/MyDesk/Card/CardRegistry.mlua:552,"조합,추적,광역폭발",,,
MLUA_CARDREGISTRY_085,"조합,광역,스턴",RootDesk/MyDesk/Card/CardRegistry.mlua:561,"조합,광역,스턴",,,
MLUA_CARDREGISTRY_086,"조합,설치광역,출혈",RootDesk/MyDesk/Card/CardRegistry.mlua:570,"조합,설치광역,출혈",,,
MLUA_EP2MAP1CHESTEASTEREGGLOGIC_001,열쇠가 필요합니다!,RootDesk/MyDesk/Ep2Map1ChestEasterEggLogic.mlua:19,열쇠가 필요합니다!,,,
MLUA_EP2MAP2ARENALOGIC_001,전투가 시작됩니다! 승리를 거머쥘 몬스터를 선택하세요!,RootDesk/MyDesk/Ep2Map2ArenaLogic.mlua:154 | /ui/GalleryArenaUI/Banner,전투가 시작됩니다! 승리를 거머쥘 몬스터를 선택하세요!,,,
MLUA_EP2MAP2ARENALOGIC_002,곧 전투가 시작됩니다!,RootDesk/MyDesk/Ep2Map2ArenaLogic.mlua:186,곧 전투가 시작됩니다!,,,
MLUA_EP2MAP2ARENALOGIC_003,다시하기 (무료),RootDesk/MyDesk/Ep2Map2ArenaLogic.mlua:508 | /ui/GalleryArenaUI/ResultGroup/RetryButton,다시하기 (무료),,,
MLUA_EP2MAP2ARENALOGIC_004,다시하기 (-,RootDesk/MyDesk/Ep2Map2ArenaLogic.mlua:510,다시하기 (-,,,
MLUA_EP2MAP2ARENALOGIC_005,우승! 레이온은 이미 해금되어 있습니다,RootDesk/MyDesk/Ep2Map2ArenaLogic.mlua:555,우승! 레이온은 이미 해금되어 있습니다,,,
MLUA_EP2MAP2ARENALOGIC_006,레이온,RootDesk/MyDesk/Ep2Map2ArenaLogic.mlua:559 | RootDesk/MyDesk/UI/WorldCharacterSelectUI.mlua:299 | /ui/TitleGroup/SkillPanel/CharacterFilterList/btnCharReion,레이온,Leion,,
MLUA_EP2MAP2ARENALOGIC_007,"적중할수록 강해지는 전사.
승부의 흐름을 읽고 결정적인 순간에
강력한 일격을 꽂아 넣는다.",RootDesk/MyDesk/Ep2Map2ArenaLogic.mlua:559,"적중할수록 강해지는 전사.
승부의 흐름을 읽고 결정적인 순간에
강력한 일격을 꽂아 넣는다.",,,
MLUA_EP2MAP2ARENALOGIC_008,재화가 부족합니다,RootDesk/MyDesk/Ep2Map2ArenaLogic.mlua:569,재화가 부족합니다,,,
MLUA_EP2MAP2SKILLCHESTLOGIC_001,스킬을 얻었다!,RootDesk/MyDesk/Ep2Map2SkillChestLogic.mlua:24,스킬을 얻었다!,,,
MLUA_EP2MAP2SKILLCHESTLOGIC_002,회복 포션을 얻었다!,RootDesk/MyDesk/Ep2Map2SkillChestLogic.mlua:26,회복 포션을 얻었다!,,,
MLUA_EP3MAP3PUNKOEASTEREGGLOGIC_001,푼코 무리가 나타났다!,RootDesk/MyDesk/Ep3Map3PunkoEasterEggLogic.mlua:119 | RootDesk/MyDesk/Ep3Map4PunkoEasterEggLogic.mlua:94,푼코 무리가 나타났다!,,,
MLUA_EP3MAP4ESTER1PORTALLOGIC_001,자격의 증표를 사용했습니다,RootDesk/MyDesk/Ep3Map4Ester1PortalLogic.mlua:56,자격의 증표를 사용했습니다,,,
MLUA_EP3MAP4ESTER1PORTALLOGIC_002,숨겨진 포탈이 나타났다!,RootDesk/MyDesk/Ep3Map4Ester1PortalLogic.mlua:58,숨겨진 포탈이 나타났다!,,,
MLUA_EP3MAP4ESTER1PORTALLOGIC_003,제한시간이 종료되어 원래 위치로 돌아갑니다,RootDesk/MyDesk/Ep3Map4Ester1PortalLogic.mlua:60,제한시간이 종료되어 원래 위치로 돌아갑니다,,,
MLUA_EPISODEREWARDLOGIC_001,분 생존!,RootDesk/MyDesk/EpisodeReward/EpisodeRewardLogic.mlua:87 | RootDesk/MyDesk/EpisodeReward/EpisodeRewardUI.mlua:180,분 생존!,,,
MLUA_EPISODEREWARDLOGIC_002,분 생존 시 열림,RootDesk/MyDesk/EpisodeReward/EpisodeRewardLogic.mlua:119,분 생존 시 열림,,,
MLUA_EPISODEREWARDLOGIC_003,방어구,RootDesk/MyDesk/EpisodeReward/EpisodeRewardLogic.mlua:215 | RootDesk/MyDesk/Inventory/Core/Logic/InventoryExpandLogic.mlua:112 | RootDesk/MyDesk/PlayerLevel/LevelRewardLogic.mlua:194 | /ui/EquipmentGroup/Inventory/ComposePopup/Panel/RightPanel/TabHolder/Armor/Background/UIText | /ui/EquipmentGroup/Inventory/Panel/InventoryPanel/TabHolder/Armor/Background/UIText,방어구,Armor,,
MLUA_EPISODEREWARDLOGIC_004,무기,RootDesk/MyDesk/EpisodeReward/EpisodeRewardLogic.mlua:216 | RootDesk/MyDesk/Inventory/Core/Logic/InventoryExpandLogic.mlua:111 | RootDesk/MyDesk/PlayerLevel/LevelRewardLogic.mlua:105 | RootDesk/MyDesk/PlayerLevel/LevelRewardLogic.mlua:195 | /ui/EquipmentGroup/Inventory/ComposePopup/Panel/RightPanel/TabHolder/Weapon/Background/UIText,무기,Weapon,,
MLUA_EPISODEREWARDUI_001,모두 받음,RootDesk/MyDesk/EpisodeReward/EpisodeRewardUI.mlua:222 | RootDesk/MyDesk/PlayerLevel/LevelRewardUI.mlua:293,모두 받음,All Claimed,,
MLUA_EPISODEREWARDUI_002,모든 에피소드 보상을 받았어요!,RootDesk/MyDesk/EpisodeReward/EpisodeRewardUI.mlua:224,모든 에피소드 보상을 받았어요!,,,
MLUA_EPISODEREWARDUI_003,받기,RootDesk/MyDesk/EpisodeReward/EpisodeRewardUI.mlua:228 | RootDesk/MyDesk/IdleReward/IdleRewardUI.mlua:262 | RootDesk/MyDesk/PlayerLevel/LevelRewardUI.mlua:297 | /ui/AchievementGroup/Panel/List/Grid/RowTemplate/BtnClaim | /ui/EpisodeRewardGroup/Panel/BtnClaim,받기,,,
MLUA_EPISODEREWARDUI_004,달성! 보상을 받으세요,RootDesk/MyDesk/EpisodeReward/EpisodeRewardUI.mlua:231,달성! 보상을 받으세요,,,
MLUA_EPISODEREWARDUI_005,에서 한 판,RootDesk/MyDesk/EpisodeReward/EpisodeRewardUI.mlua:234,에서 한 판,,,
MLUA_EPISODEREWARDUI_006,분을 버티면 받을 수 있어요 (타임어택·무제한 모두),RootDesk/MyDesk/EpisodeReward/EpisodeRewardUI.mlua:234,분을 버티면 받을 수 있어요 (타임어택·무제한 모두),,,
MLUA_EPISODEREWARDUI_007,에서,RootDesk/MyDesk/EpisodeReward/EpisodeRewardUI.mlua:255,에서,,,
MLUA_EPISODEREWARDUI_008,분을 버텨야 받을 수 있어요,RootDesk/MyDesk/EpisodeReward/EpisodeRewardUI.mlua:255,분을 버텨야 받을 수 있어요,,,
MLUA_EPISODEREWARDUI_009,칸이 가득 찼어요! 정리한 뒤 다시 받아주세요,RootDesk/MyDesk/EpisodeReward/EpisodeRewardUI.mlua:314 | RootDesk/MyDesk/PlayerLevel/LevelRewardUI.mlua:362,칸이 가득 찼어요! 정리한 뒤 다시 받아주세요,,,
MLUA_GACHAUI_001,식신,RootDesk/MyDesk/GachaUI.mlua:295,식신,,,
MLUA_GACHAUI_002,가디언 엔젤 슬라임,RootDesk/MyDesk/GachaUI.mlua:312 | RootDesk/MyDesk/GameManager.mlua:903,가디언 엔젤 슬라임,,,
MLUA_GACHAUI_003,스킬,RootDesk/MyDesk/GachaUI.mlua:459 | RootDesk/MyDesk/SkillInventory.mlua:312 | /ui/GachaGroup/Panel/TabRail/BtnTabSkill | /ui/TitleGroup/SkillPanel/ScrollArea/List/SkillSlot_18/Name | /ui/TitleGroup/SkillPanel/ScrollArea/List/SkillSlot_19/Name,스킬,Skill,,
MLUA_GACHAUI_004,유물,RootDesk/MyDesk/GachaUI.mlua:460 | RootDesk/MyDesk/UI/RelicUI.mlua:97 | /ui/GachaGroup/Panel/TabRail/BtnTabRelic | /ui/TitleGroup/RelicPanel/Title | /ui/TitleGroup/TabBar/BtnRelicLabel,유물,Relic,,
MLUA_GACHAUI_005,뽑기,RootDesk/MyDesk/GachaUI.mlua:478,뽑기,,,
MLUA_GACHAUI_006,획득한,RootDesk/MyDesk/GachaUI.mlua:480,획득한,,,
MLUA_GACHAUI_007,뽑기 X1,RootDesk/MyDesk/GachaUI.mlua:481,뽑기 X1,,,
MLUA_GACHAUI_008,뽑기 X10,RootDesk/MyDesk/GachaUI.mlua:482,뽑기 X10,,,
MLUA_GACHAUI_009,무료 (,RootDesk/MyDesk/GachaUI.mlua:498,무료 (,,,
MLUA_GACHAUI_010,레어,RootDesk/MyDesk/GachaUI.mlua:775 | RootDesk/MyDesk/Inventory/Core/Enums/GearGradeEnum.mlua:71 | /ui/TitleGroup/SkillPanel/GradeFilterList/btnGradeRare,레어,Rare,,
MLUA_GACHAUI_011,매직,RootDesk/MyDesk/GachaUI.mlua:776 | RootDesk/MyDesk/Inventory/Core/Enums/GearGradeEnum.mlua:70 | /ui/TitleGroup/SkillPanel/GradeFilterList/btnGradeMagic,매직,Magic,,
MLUA_GACHAUI_012,일반,RootDesk/MyDesk/GachaUI.mlua:778 | /ui/TitleGroup/SkillPanel/GradeFilterList/btnGradeNormal,일반,Common,,
MLUA_GACHAUI_013,스킬 획득 확률,RootDesk/MyDesk/GachaUI.mlua:787,스킬 획득 확률,,,
MLUA_GACHAUI_014,유물 획득 확률,RootDesk/MyDesk/GachaUI.mlua:788,유물 획득 확률,,,
MLUA_GACHAUI_015,GachaUI: 확률 공시 누락! 항목,[LOG] RootDesk/MyDesk/GachaUI.mlua:847,GachaUI: 확률 공시 누락! 항목,,,
MLUA_GACHAUI_016,개 중,RootDesk/MyDesk/GachaUI.mlua:848,개 중,,,
MLUA_GACHAUI_017,개만 표시됨 — GachaGroup.ui 의 Row_N 을 늘릴 것,RootDesk/MyDesk/GachaUI.mlua:848,개만 표시됨 — GachaGroup.ui 의 Row_N 을 늘릴 것,,,
MLUA_GACHAUI_018,거주 지역 정책에 따라 유료 뽑기를 이용할 수 없습니다,RootDesk/MyDesk/GachaUI.mlua:956 | /ui/GachaGroup/Panel/PolicyNotice,거주 지역 정책에 따라 유료 뽑기를 이용할 수 없습니다,,,
MLUA_GAMEMANAGER_001,블루 머쉬맘,RootDesk/MyDesk/GameManager.mlua:833,블루 머쉬맘,,,
MLUA_GAMEMANAGER_002,파란버섯,RootDesk/MyDesk/GameManager.mlua:879,파란버섯,,,
MLUA_GAMEMANAGER_003,스텀피,RootDesk/MyDesk/GameManager.mlua:945,스텀피,,,
MLUA_GAMEMANAGER_004,지하실 박쥐,RootDesk/MyDesk/GameManager.mlua:995,지하실 박쥐,,,
MLUA_GAMEMANAGER_005,다일,RootDesk/MyDesk/GameManager.mlua:1017,다일,,,
MLUA_GAMEMANAGER_006,버섯 샹들리에,RootDesk/MyDesk/GameManager.mlua:1100,버섯 샹들리에,,,
MLUA_GAMEMANAGER_007,오징어 노예간수,RootDesk/MyDesk/GameManager.mlua:1126,오징어 노예간수,,,
MLUA_GAMEMANAGER_008,푸른 샘의 정령,RootDesk/MyDesk/GameManager.mlua:1155,푸른 샘의 정령,,,
MLUA_GAMEMANAGER_009,블랙 나이트,RootDesk/MyDesk/GameManager.mlua:1184,블랙 나이트,,,
MLUA_GAMEMANAGER_010,도둑 까마귀,RootDesk/MyDesk/GameManager.mlua:1258,도둑 까마귀,,,
MLUA_GAMEMANAGER_011,목마른 유령,RootDesk/MyDesk/GameManager.mlua:1289,목마른 유령,,,
MLUA_GAMEMANAGER_012,가고일 나이트,RootDesk/MyDesk/GameManager.mlua:1316,가고일 나이트,,,
MLUA_GAMEMANAGER_013,심연의 마스터 레쉬,RootDesk/MyDesk/GameManager.mlua:1347,심연의 마스터 레쉬,,,
MLUA_GAMEMANAGER_014,호브 헥터,RootDesk/MyDesk/GameManager.mlua:1410,호브 헥터,,,
MLUA_GAMEMANAGER_015,정예 핀호브,RootDesk/MyDesk/GameManager.mlua:1438,정예 핀호브,,,
MLUA_GAMEMANAGER_016,흉폭한 호브,RootDesk/MyDesk/GameManager.mlua:1464,흉폭한 호브,,,
MLUA_GAMEMANAGER_017,헹키,RootDesk/MyDesk/GameManager.mlua:1491,헹키,,,
MLUA_GAMEMANAGER_018,픽시맘,RootDesk/MyDesk/GameManager.mlua:1580,픽시맘,,,
MLUA_GAMEMANAGER_019,파파픽시,RootDesk/MyDesk/GameManager.mlua:1625,파파픽시,,,
MLUA_GAMEMANAGER_020,엘리쟈,RootDesk/MyDesk/GameManager.mlua:1646,엘리쟈,,,
MLUA_GAMEMANAGER_021,다크 엘리쟈,RootDesk/MyDesk/GameManager.mlua:1707,다크 엘리쟈,,,
MLUA_GAMEMANAGER_022,의식에 휘말린 망치병,RootDesk/MyDesk/GameManager.mlua:1733,의식에 휘말린 망치병,,,
MLUA_GAMEMANAGER_023,크세르크세스,RootDesk/MyDesk/GameManager.mlua:1784,크세르크세스,,,
MLUA_GAMEMANAGER_024,사랑에 빠진 크세르크세스,RootDesk/MyDesk/GameManager.mlua:1827,사랑에 빠진 크세르크세스,,,
MLUA_GAMEMANAGER_025,설산의 마녀,RootDesk/MyDesk/GameManager.mlua:1894,설산의 마녀,,,
MLUA_GAMEMANAGER_026,얼어붙은 레프 보병,RootDesk/MyDesk/GameManager.mlua:1943,얼어붙은 레프 보병,,,
MLUA_GAMEMANAGER_027,골드예티와 페페킹,RootDesk/MyDesk/GameManager.mlua:1964,골드예티와 페페킹,,,
MLUA_GAMEMANAGER_028,베어울프,RootDesk/MyDesk/GameManager.mlua:1997,베어울프,,,
MLUA_GAMEMANAGER_029,구미호,RootDesk/MyDesk/GameManager.mlua:2032 | RootDesk/MyDesk/UI/DamageSkinLogic.mlua:54,구미호,,,
MLUA_GAMEMANAGER_030,삼미호,RootDesk/MyDesk/GameManager.mlua:2083,삼미호,,,
MLUA_GAMEMANAGER_031,하이레프 리더,RootDesk/MyDesk/GameManager.mlua:2106,하이레프 리더,,,
MLUA_GAMEMANAGER_032,얼어붙은 레프 법사,RootDesk/MyDesk/GameManager.mlua:2167,얼어붙은 레프 법사,,,
MLUA_GAMEMANAGER_033,익스트림 빅풋,RootDesk/MyDesk/GameManager.mlua:2189,익스트림 빅풋,,,
MLUA_GAMEMANAGER_034,모든 적 빙결!,RootDesk/MyDesk/GameManager.mlua:7657,모든 적 빙결!,,,
MLUA_GAMEMANAGER_035,허수아비 소환!,RootDesk/MyDesk/GameManager.mlua:7821,허수아비 소환!,,,
MLUA_GAMEMANAGER_036,토네이도 발생!,RootDesk/MyDesk/GameManager.mlua:7983,토네이도 발생!,,,
MLUA_GAMEMANAGER_037,"SpawnDespairBlade: 절망의 칼날 등장, 타임어택 오버타임 시작",[LOG] RootDesk/MyDesk/GameManager.mlua:8226,"SpawnDespairBlade: 절망의 칼날 등장, 타임어택 오버타임 시작",,,
MLUA_IDLEREWARDLOGIC_001,구름정원,RootDesk/MyDesk/IdleReward/IdleRewardLogic.mlua:128 | RootDesk/MyDesk/UI/WorldCharacterSelectUI.mlua:79,구름정원,,,
MLUA_IDLEREWARDLOGIC_002,엘라스 산맥,RootDesk/MyDesk/IdleReward/IdleRewardLogic.mlua:129 | RootDesk/MyDesk/UI/WorldCharacterSelectUI.mlua:81,엘라스 산맥,,,
MLUA_IDLEREWARDLOGIC_003,태초의 마을,RootDesk/MyDesk/IdleReward/IdleRewardLogic.mlua:130 | RootDesk/MyDesk/UI/WorldCharacterSelectUI.mlua:77 | /ui/IdleRewardGroup/Panel/ChapterRow/Name | /ui/WorldCharacterSelectGroup/Panel/WorldNameText,태초의 마을,,,
MLUA_IDLEREWARDUI_001,%d시간 %02d분 %02d초,RootDesk/MyDesk/IdleReward/IdleRewardUI.mlua:126,%d시간 %02d분 %02d초,,,
MLUA_IDLEREWARDUI_002,%02d분 %02d초,RootDesk/MyDesk/IdleReward/IdleRewardUI.mlua:127,%02d분 %02d초,,,
MLUA_IDLEREWARDUI_003,자동 시간 :,RootDesk/MyDesk/IdleReward/IdleRewardUI.mlua:195,자동 시간 :,,,
MLUA_IDLEREWARDUI_004,(최대 24시간,RootDesk/MyDesk/IdleReward/IdleRewardUI.mlua:197,(최대 24시간,,,
MLUA_IDLEREWARDUI_005,· 진행 보너스 +,RootDesk/MyDesk/IdleReward/IdleRewardUI.mlua:198,· 진행 보너스 +,,,
MLUA_IDLEREWARDUI_006,— 가득 찼어요!),RootDesk/MyDesk/IdleReward/IdleRewardUI.mlua:200,— 가득 찼어요!),,,
MLUA_IDLEREWARDUI_007,장비는,RootDesk/MyDesk/IdleReward/IdleRewardUI.mlua:250,장비는,,,
MLUA_IDLEREWARDUI_008,"시간마다 1개씩 쌓여요
(다음 장비까지",RootDesk/MyDesk/IdleReward/IdleRewardUI.mlua:250,"시간마다 1개씩 쌓여요
(다음 장비까지",,,
MLUA_IDLEREWARDUI_009,최소,RootDesk/MyDesk/IdleReward/IdleRewardUI.mlua:291 | RootDesk/MyDesk/IdleReward/IdleRewardUI.mlua:405,최소,,,
MLUA_IDLEREWARDUI_010,분은 방치해야 받을 수 있어요,RootDesk/MyDesk/IdleReward/IdleRewardUI.mlua:291 | RootDesk/MyDesk/IdleReward/IdleRewardUI.mlua:405,분은 방치해야 받을 수 있어요,,,
MLUA_IDLEREWARDUI_011,장비 인벤토리가 가득 찼어요! 자리가 없는 장비,RootDesk/MyDesk/IdleReward/IdleRewardUI.mlua:329,장비 인벤토리가 가득 찼어요! 자리가 없는 장비,,,
MLUA_IDLEREWARDUI_012,개는 사라질 수 있어요,RootDesk/MyDesk/IdleReward/IdleRewardUI.mlua:329,개는 사라질 수 있어요,,,
MLUA_IDLEREWARDUI_013,자리가 없는 장비,RootDesk/MyDesk/IdleReward/IdleRewardUI.mlua:333,자리가 없는 장비,,,
MLUA_IDLEREWARDUI_014,"개는 사라져요.
그래도 받을까요?",RootDesk/MyDesk/IdleReward/IdleRewardUI.mlua:333,"개는 사라져요.
그래도 받을까요?",,,
MLUA_IDLEREWARDUI_015,장비를 넣지 못했어요. 잠시 후 다시 시도해 주세요,RootDesk/MyDesk/IdleReward/IdleRewardUI.mlua:403,장비를 넣지 못했어요. 잠시 후 다시 시도해 주세요,,,
MLUA_CHARACTERUNLOCKLOGIC_001,쉐이드,RootDesk/MyDesk/Inventory/CharacterUnlockLogic.mlua:184 | RootDesk/MyDesk/UI/WorldCharacterSelectUI.mlua:98 | RootDesk/MyDesk/UI/WorldCharacterSelectUI.mlua:315 | /ui/TitleGroup/SkillPanel/CharacterFilterList/btnCharShade,쉐이드,Shade,,
MLUA_CHARACTERUNLOCKLOGIC_002,어둠 속에서 날카로운 단도로 적을 처단하는 도적,RootDesk/MyDesk/Inventory/CharacterUnlockLogic.mlua:184 | RootDesk/MyDesk/UI/WorldCharacterSelectUI.mlua:98 | RootDesk/MyDesk/UI/WorldCharacterSelectUI.mlua:316,어둠 속에서 날카로운 단도로 적을 처단하는 도적,,,
MLUA_CHARACTERUNLOCKLOGIC_003,린,RootDesk/MyDesk/Inventory/CharacterUnlockLogic.mlua:196 | RootDesk/MyDesk/UI/WorldCharacterSelectUI.mlua:102 | RootDesk/MyDesk/UI/WorldCharacterSelectUI.mlua:329 | /ui/TitleGroup/SkillPanel/CharacterFilterList/btnCharRin,린,Rin,,
MLUA_CHARACTERUNLOCKLOGIC_004,쏟아지는 표창으로 적을 압도하는 표창의 달인,RootDesk/MyDesk/Inventory/CharacterUnlockLogic.mlua:196 | RootDesk/MyDesk/UI/WorldCharacterSelectUI.mlua:102 | RootDesk/MyDesk/UI/WorldCharacterSelectUI.mlua:330,쏟아지는 표창으로 적을 압도하는 표창의 달인,,,
MLUA_ERRORCODEENUM_001,일시적인 오류가 발생했어요.,RootDesk/MyDesk/Inventory/Core/Enums/ErrorCodeEnum.mlua:180,일시적인 오류가 발생했어요.,,,
MLUA_ERRORCODEENUM_002,잘못된 요청이에요.,RootDesk/MyDesk/Inventory/Core/Enums/ErrorCodeEnum.mlua:181 | RootDesk/MyDesk/Inventory/Core/Enums/ErrorCodeEnum.mlua:182 | RootDesk/MyDesk/Inventory/Core/Enums/ErrorCodeEnum.mlua:183 | RootDesk/MyDesk/Inventory/Core/Enums/ErrorCodeEnum.mlua:184 | RootDesk/MyDesk/Inventory/Core/Enums/ErrorCodeEnum.mlua:185,잘못된 요청이에요.,,,
MLUA_ERRORCODEENUM_003,지금 위치에서는 할 수 없어요.,RootDesk/MyDesk/Inventory/Core/Enums/ErrorCodeEnum.mlua:186,지금 위치에서는 할 수 없어요.,,,
MLUA_ERRORCODEENUM_004,아직 사용할 수 없는 직업이에요.,RootDesk/MyDesk/Inventory/Core/Enums/ErrorCodeEnum.mlua:187,아직 사용할 수 없는 직업이에요.,,,
MLUA_ERRORCODEENUM_005,잠시 후 다시 시도해 주세요.,RootDesk/MyDesk/Inventory/Core/Enums/ErrorCodeEnum.mlua:188,잠시 후 다시 시도해 주세요.,,,
MLUA_ERRORCODEENUM_006,유저 정보를 찾을 수 없어요.,RootDesk/MyDesk/Inventory/Core/Enums/ErrorCodeEnum.mlua:189,유저 정보를 찾을 수 없어요.,,,
MLUA_ERRORCODEENUM_007,데이터를 불러오는 중이에요. 잠시 후 다시 시도해 주세요.,RootDesk/MyDesk/Inventory/Core/Enums/ErrorCodeEnum.mlua:190,데이터를 불러오는 중이에요. 잠시 후 다시 시도해 주세요.,,,
MLUA_ERRORCODEENUM_008,이용이 제한된 계정이에요.,RootDesk/MyDesk/Inventory/Core/Enums/ErrorCodeEnum.mlua:191,이용이 제한된 계정이에요.,,,
MLUA_ERRORCODEENUM_009,데이터를 불러오지 못했어요.,RootDesk/MyDesk/Inventory/Core/Enums/ErrorCodeEnum.mlua:192 | RootDesk/MyDesk/Inventory/Core/Enums/ErrorCodeEnum.mlua:193 | RootDesk/MyDesk/Inventory/Core/Enums/ErrorCodeEnum.mlua:194 | RootDesk/MyDesk/Inventory/Core/Enums/ErrorCodeEnum.mlua:195 | RootDesk/MyDesk/Inventory/Core/Enums/ErrorCodeEnum.mlua:196,데이터를 불러오지 못했어요.,,,
MLUA_ERRORCODEENUM_010,인벤토리를 불러오지 못했어요.,RootDesk/MyDesk/Inventory/Core/Enums/ErrorCodeEnum.mlua:197,인벤토리를 불러오지 못했어요.,,,
MLUA_ERRORCODEENUM_011,아이템을 찾을 수 없어요.,RootDesk/MyDesk/Inventory/Core/Enums/ErrorCodeEnum.mlua:198,아이템을 찾을 수 없어요.,,,
MLUA_ERRORCODEENUM_012,사용할 수 없는 아이템이에요.,RootDesk/MyDesk/Inventory/Core/Enums/ErrorCodeEnum.mlua:199 | RootDesk/MyDesk/Inventory/Core/Enums/ErrorCodeEnum.mlua:200 | RootDesk/MyDesk/Inventory/Core/Enums/ErrorCodeEnum.mlua:216 | RootDesk/MyDesk/Inventory/Core/Enums/ErrorCodeEnum.mlua:218,사용할 수 없는 아이템이에요.,,,
MLUA_ERRORCODEENUM_013,사용할 수 없는 장비예요.,RootDesk/MyDesk/Inventory/Core/Enums/ErrorCodeEnum.mlua:201 | RootDesk/MyDesk/Inventory/Core/Enums/ErrorCodeEnum.mlua:212,사용할 수 없는 장비예요.,,,
MLUA_ERRORCODEENUM_014,잠긴 아이템이에요.,RootDesk/MyDesk/Inventory/Core/Enums/ErrorCodeEnum.mlua:202,잠긴 아이템이에요.,,,
MLUA_ERRORCODEENUM_015,착용 중인 장비예요.,RootDesk/MyDesk/Inventory/Core/Enums/ErrorCodeEnum.mlua:203,착용 중인 장비예요.,,,
MLUA_ERRORCODEENUM_016,이미 사라진 아이템이에요.,RootDesk/MyDesk/Inventory/Core/Enums/ErrorCodeEnum.mlua:204,이미 사라진 아이템이에요.,,,
MLUA_ERRORCODEENUM_017,버릴 수 없는 아이템이에요.,RootDesk/MyDesk/Inventory/Core/Enums/ErrorCodeEnum.mlua:205 | RootDesk/MyDesk/Inventory/Core/Enums/ErrorCodeEnum.mlua:214,버릴 수 없는 아이템이에요.,,,
MLUA_ERRORCODEENUM_018,기간이 만료된 아이템이에요.,RootDesk/MyDesk/Inventory/Core/Enums/ErrorCodeEnum.mlua:206,기간이 만료된 아이템이에요.,,,
MLUA_ERRORCODEENUM_019,레벨이 부족해요.,RootDesk/MyDesk/Inventory/Core/Enums/ErrorCodeEnum.mlua:207,레벨이 부족해요.,,,
MLUA_ERRORCODEENUM_020,이 직업은 착용할 수 없어요.,RootDesk/MyDesk/Inventory/Core/Enums/ErrorCodeEnum.mlua:208,이 직업은 착용할 수 없어요.,,,
MLUA_ERRORCODEENUM_021,이미 착용 중이에요.,RootDesk/MyDesk/Inventory/Core/Enums/ErrorCodeEnum.mlua:209,이미 착용 중이에요.,,,
MLUA_ERRORCODEENUM_022,해제할 장비가 없어요.,RootDesk/MyDesk/Inventory/Core/Enums/ErrorCodeEnum.mlua:210,해제할 장비가 없어요.,,,
MLUA_ERRORCODEENUM_023,착용할 수 있는 칸이 없어요.,RootDesk/MyDesk/Inventory/Core/Enums/ErrorCodeEnum.mlua:211,착용할 수 있는 칸이 없어요.,,,
MLUA_ERRORCODEENUM_024,아이템 개수가 부족해요.,RootDesk/MyDesk/Inventory/Core/Enums/ErrorCodeEnum.mlua:213 | RootDesk/MyDesk/Inventory/Core/Enums/ErrorCodeEnum.mlua:215,아이템 개수가 부족해요.,,,
MLUA_ERRORCODEENUM_025,잠글 수 없는 아이템이에요.,RootDesk/MyDesk/Inventory/Core/Enums/ErrorCodeEnum.mlua:217,잠글 수 없는 아이템이에요.,,,
MLUA_ERRORCODEENUM_026,같은 종류의 효과가 이미 적용 중이에요.,RootDesk/MyDesk/Inventory/Core/Enums/ErrorCodeEnum.mlua:219,같은 종류의 효과가 이미 적용 중이에요.,,,
MLUA_ERRORCODEENUM_027,아이템을 받지 못했어요.,RootDesk/MyDesk/Inventory/Core/Enums/ErrorCodeEnum.mlua:220 | RootDesk/MyDesk/Inventory/Core/Enums/ErrorCodeEnum.mlua:221 | RootDesk/MyDesk/Inventory/Core/Enums/ErrorCodeEnum.mlua:222 | RootDesk/MyDesk/Inventory/Core/Enums/ErrorCodeEnum.mlua:223,아이템을 받지 못했어요.,,,
MLUA_ERRORCODEENUM_028,아이템을 삭제하지 못했어요.,RootDesk/MyDesk/Inventory/Core/Enums/ErrorCodeEnum.mlua:224,아이템을 삭제하지 못했어요.,,,
MLUA_ERRORCODEENUM_029,장비창이 가득 찼어요.,RootDesk/MyDesk/Inventory/Core/Enums/ErrorCodeEnum.mlua:225,장비창이 가득 찼어요.,,,
MLUA_ERRORCODEENUM_030,이미 최고 등급이라 합성할 수 없어요.,RootDesk/MyDesk/Inventory/Core/Enums/ErrorCodeEnum.mlua:226,이미 최고 등급이라 합성할 수 없어요.,,,
MLUA_ERRORCODEENUM_031,합성할 수 없는 재료예요.,RootDesk/MyDesk/Inventory/Core/Enums/ErrorCodeEnum.mlua:227,합성할 수 없는 재료예요.,,,
MLUA_ERRORCODEENUM_032,합성 재료 개수가 맞지 않아요.,RootDesk/MyDesk/Inventory/Core/Enums/ErrorCodeEnum.mlua:228,합성 재료 개수가 맞지 않아요.,,,
MLUA_ERRORCODEENUM_033,착용 중인 장비는 재료로 쓸 수 없어요.,RootDesk/MyDesk/Inventory/Core/Enums/ErrorCodeEnum.mlua:229,착용 중인 장비는 재료로 쓸 수 없어요.,,,
MLUA_ERRORCODEENUM_034,이미 최대 강화 단계예요.,RootDesk/MyDesk/Inventory/Core/Enums/ErrorCodeEnum.mlua:230,이미 최대 강화 단계예요.,,,
MLUA_ERRORCODEENUM_035,골드가 부족해요.,RootDesk/MyDesk/Inventory/Core/Enums/ErrorCodeEnum.mlua:231,골드가 부족해요.,,,
MLUA_ERRORCODEENUM_036,요청을 처리하지 못했어요. (코드 %d),RootDesk/MyDesk/Inventory/Core/Enums/ErrorCodeEnum.mlua:235,요청을 처리하지 못했어요. (코드 %d),,,
MLUA_GEARGRADEENUM_001,노말,RootDesk/MyDesk/Inventory/Core/Enums/GearGradeEnum.mlua:69,노말,,,
MLUA_GEARGRADEENUM_002,에픽,RootDesk/MyDesk/Inventory/Core/Enums/GearGradeEnum.mlua:72,에픽,,,
MLUA_GEARGRADEENUM_003,유니크,RootDesk/MyDesk/Inventory/Core/Enums/GearGradeEnum.mlua:73,유니크,,,
MLUA_GEARGRADEENUM_004,레전더리,RootDesk/MyDesk/Inventory/Core/Enums/GearGradeEnum.mlua:74,레전더리,,,
MLUA_GEAREFFECTLOGIC_001,GearEffect: 슈트B 에픽 피해 무효화 발동,[LOG] RootDesk/MyDesk/Inventory/Core/Logic/GearEffectLogic.mlua:565,GearEffect: 슈트B 에픽 피해 무효화 발동,,,
MLUA_GEAREFFECTLOGIC_002,GearEffect: 보호막이,[LOG] RootDesk/MyDesk/Inventory/Core/Logic/GearEffectLogic.mlua:582,GearEffect: 보호막이,,,
MLUA_GEAREFFECTLOGIC_003,흡수 (잔량,[LOG] RootDesk/MyDesk/Inventory/Core/Logic/GearEffectLogic.mlua:582,흡수 (잔량,,,
MLUA_GEAREFFECTLOGIC_004,GearEffect: 보호막,[LOG] RootDesk/MyDesk/Inventory/Core/Logic/GearEffectLogic.mlua:586,GearEffect: 보호막,,,
MLUA_GEAREFFECTLOGIC_005,소진,[LOG] RootDesk/MyDesk/Inventory/Core/Logic/GearEffectLogic.mlua:586,소진,,,
MLUA_GEAREFFECTLOGIC_006,GearEffect: 얼티밋 슈트 5초 무적 발동,[LOG] RootDesk/MyDesk/Inventory/Core/Logic/GearEffectLogic.mlua:595,GearEffect: 얼티밋 슈트 5초 무적 발동,,,
MLUA_GEAREFFECTLOGIC_007,GearEffect: 10주년 블랙 슈트 긴급 회복,[LOG] RootDesk/MyDesk/Inventory/Core/Logic/GearEffectLogic.mlua:615,GearEffect: 10주년 블랙 슈트 긴급 회복,,,
MLUA_GEAREFFECTLOGIC_008,GearEffect: 자쿰의 투구 쿨타임 감소 해금,[LOG] RootDesk/MyDesk/Inventory/Core/Logic/GearEffectLogic.mlua:668,GearEffect: 자쿰의 투구 쿨타임 감소 해금,,,
MLUA_INVENTORYEXPANDLOGIC_001,기타,RootDesk/MyDesk/Inventory/Core/Logic/InventoryExpandLogic.mlua:113 | /ui/DefaultGroup/DpsMeter/Board/Line1/EtcLabel | /ui/DefaultGroup/DpsMeter/Board/Line2/EtcLabel | /ui/DefaultGroup/DpsMeter/Board/Line3/EtcLabel | /ui/DefaultGroup/DpsMeter/Board/Line4/EtcLabel,기타,Etc,,
MLUA_INVENTORYEXPANDLOGIC_002,인벤토리,RootDesk/MyDesk/Inventory/Core/Logic/InventoryExpandLogic.mlua:114 | /ui/EquipmentGroup/Inventory/Panel/Title | /ui/InventoryGroup/Panel/TitleBar/Title,인벤토리,Inventory,,
MLUA_WEAPONTIERDATALOGIC_001,공격력 {P}% 증가,RootDesk/MyDesk/Inventory/Core/Logic/WeaponTierDataLogic.mlua:99,공격력 {P}% 증가,,,
MLUA_WEAPONTIERDATALOGIC_002,치명타 확률 {P}% 증가,RootDesk/MyDesk/Inventory/Core/Logic/WeaponTierDataLogic.mlua:100 | RootDesk/MyDesk/Inventory/Core/Logic/WeaponTierDataLogic.mlua:456 | RootDesk/MyDesk/Inventory/Core/Logic/WeaponTierDataLogic.mlua:459,치명타 확률 {P}% 증가,,,
MLUA_WEAPONTIERDATALOGIC_003,치명타 피해 {P}% 증가,RootDesk/MyDesk/Inventory/Core/Logic/WeaponTierDataLogic.mlua:101 | RootDesk/MyDesk/Inventory/Core/Logic/WeaponTierDataLogic.mlua:458,치명타 피해 {P}% 증가,,,
MLUA_WEAPONTIERDATALOGIC_004,최대 체력 {P}% 증가,RootDesk/MyDesk/Inventory/Core/Logic/WeaponTierDataLogic.mlua:102,최대 체력 {P}% 증가,,,
MLUA_WEAPONTIERDATALOGIC_005,스킬 쿨타임 {P}% 감소,RootDesk/MyDesk/Inventory/Core/Logic/WeaponTierDataLogic.mlua:103 | RootDesk/MyDesk/Inventory/Core/Logic/WeaponTierDataLogic.mlua:439,스킬 쿨타임 {P}% 감소,,,
MLUA_WEAPONTIERDATALOGIC_006,나뭇가지보단 조금 더 쓸 만하다.,RootDesk/MyDesk/Inventory/Core/Logic/WeaponTierDataLogic.mlua:158,나뭇가지보단 조금 더 쓸 만하다.,,,
MLUA_WEAPONTIERDATALOGIC_007,이제 마법사다운 무기를 들었다.,RootDesk/MyDesk/Inventory/Core/Logic/WeaponTierDataLogic.mlua:159,이제 마법사다운 무기를 들었다.,,,
MLUA_WEAPONTIERDATALOGIC_008,보기만 해도 왠지 강해 보인다.,RootDesk/MyDesk/Inventory/Core/Logic/WeaponTierDataLogic.mlua:160,보기만 해도 왠지 강해 보인다.,,,
MLUA_WEAPONTIERDATALOGIC_009,마법사라면 한 번쯤 탐내는 스태프.,RootDesk/MyDesk/Inventory/Core/Logic/WeaponTierDataLogic.mlua:161,마법사라면 한 번쯤 탐내는 스태프.,,,
MLUA_WEAPONTIERDATALOGIC_010,드래곤의 힘이 깃들었다고 한다. 진짜인지는 모른다.,RootDesk/MyDesk/Inventory/Core/Logic/WeaponTierDataLogic.mlua:162,드래곤의 힘이 깃들었다고 한다. 진짜인지는 모른다.,,,
MLUA_WEAPONTIERDATALOGIC_011,이 정도면 스태프가 마법을 쓰는 것 같다.,RootDesk/MyDesk/Inventory/Core/Logic/WeaponTierDataLogic.mlua:163,이 정도면 스태프가 마법을 쓰는 것 같다.,,,
MLUA_WEAPONTIERDATALOGIC_012,활은 역시 멀리서 쏘는 게 제맛이다.,RootDesk/MyDesk/Inventory/Core/Logic/WeaponTierDataLogic.mlua:168,활은 역시 멀리서 쏘는 게 제맛이다.,,,
MLUA_WEAPONTIERDATALOGIC_013,독사는 아니지만 꽤 날카롭다.,RootDesk/MyDesk/Inventory/Core/Logic/WeaponTierDataLogic.mlua:169,독사는 아니지만 꽤 날카롭다.,,,
MLUA_WEAPONTIERDATALOGIC_014,봉황도 탐낼 만큼 멋진 활.,RootDesk/MyDesk/Inventory/Core/Logic/WeaponTierDataLogic.mlua:170,봉황도 탐낼 만큼 멋진 활.,,,
MLUA_WEAPONTIERDATALOGIC_015,금빛이라 화살보다 눈에 띈다.,RootDesk/MyDesk/Inventory/Core/Logic/WeaponTierDataLogic.mlua:171,금빛이라 화살보다 눈에 띈다.,,,
MLUA_WEAPONTIERDATALOGIC_016,당기는 순간 제법 긴장된다.,RootDesk/MyDesk/Inventory/Core/Logic/WeaponTierDataLogic.mlua:172,당기는 순간 제법 긴장된다.,,,
MLUA_WEAPONTIERDATALOGIC_017,비싸 보인다. 실제로도 비싸다.,RootDesk/MyDesk/Inventory/Core/Logic/WeaponTierDataLogic.mlua:173,비싸 보인다. 실제로도 비싸다.,,,
MLUA_WEAPONTIERDATALOGIC_018,무겁다. 하지만 멋있다.,RootDesk/MyDesk/Inventory/Core/Logic/WeaponTierDataLogic.mlua:178,무겁다. 하지만 멋있다.,,,
MLUA_WEAPONTIERDATALOGIC_019,한 번 휘두르면 팔이 먼저 놀란다.,RootDesk/MyDesk/Inventory/Core/Logic/WeaponTierDataLogic.mlua:179,한 번 휘두르면 팔이 먼저 놀란다.,,,
MLUA_WEAPONTIERDATALOGIC_020,묵직함 하나는 확실하다.,RootDesk/MyDesk/Inventory/Core/Logic/WeaponTierDataLogic.mlua:180,묵직함 하나는 확실하다.,,,
MLUA_WEAPONTIERDATALOGIC_021,전사가 들면 제법 그럴듯하다.,RootDesk/MyDesk/Inventory/Core/Logic/WeaponTierDataLogic.mlua:181,전사가 들면 제법 그럴듯하다.,,,
MLUA_WEAPONTIERDATALOGIC_022,푸른 검신이 시선을 사로잡는다.,RootDesk/MyDesk/Inventory/Core/Logic/WeaponTierDataLogic.mlua:182,푸른 검신이 시선을 사로잡는다.,,,
MLUA_WEAPONTIERDATALOGIC_023,베지 못할 것은 없어 보인다.,RootDesk/MyDesk/Inventory/Core/Logic/WeaponTierDataLogic.mlua:183,베지 못할 것은 없어 보인다.,,,
MLUA_WEAPONTIERDATALOGIC_024,날이 삼각형이라 더 무섭다.,RootDesk/MyDesk/Inventory/Core/Logic/WeaponTierDataLogic.mlua:188,날이 삼각형이라 더 무섭다.,,,
MLUA_WEAPONTIERDATALOGIC_025,부채처럼 보이지만 절대 부채가 아니다.,RootDesk/MyDesk/Inventory/Core/Logic/WeaponTierDataLogic.mlua:189,부채처럼 보이지만 절대 부채가 아니다.,,,
MLUA_WEAPONTIERDATALOGIC_026,작고 가볍지만 무시하면 큰일 난다.,RootDesk/MyDesk/Inventory/Core/Logic/WeaponTierDataLogic.mlua:190,작고 가볍지만 무시하면 큰일 난다.,,,
MLUA_WEAPONTIERDATALOGIC_027,이름은 주먹인데 어째서 단검일까?,RootDesk/MyDesk/Inventory/Core/Logic/WeaponTierDataLogic.mlua:191,이름은 주먹인데 어째서 단검일까?,,,
MLUA_WEAPONTIERDATALOGIC_028,조용히 들고 다니기 좋은 단검.,RootDesk/MyDesk/Inventory/Core/Logic/WeaponTierDataLogic.mlua:192,조용히 들고 다니기 좋은 단검.,,,
MLUA_WEAPONTIERDATALOGIC_029,피를 좋아할 것처럼 생겼다.,RootDesk/MyDesk/Inventory/Core/Logic/WeaponTierDataLogic.mlua:193,피를 좋아할 것처럼 생겼다.,,,
MLUA_WEAPONTIERDATALOGIC_030,제복을 입으면 왠지 강해진 기분이 든다.,RootDesk/MyDesk/Inventory/Core/Logic/WeaponTierDataLogic.mlua:200,제복을 입으면 왠지 강해진 기분이 든다.,,,
MLUA_WEAPONTIERDATALOGIC_031,어둠 속에서도 존재감이 확실하다.,RootDesk/MyDesk/Inventory/Core/Logic/WeaponTierDataLogic.mlua:201,어둠 속에서도 존재감이 확실하다.,,,
MLUA_WEAPONTIERDATALOGIC_032,수련기사의 첫걸음을 함께하는 로브.,RootDesk/MyDesk/Inventory/Core/Logic/WeaponTierDataLogic.mlua:202,수련기사의 첫걸음을 함께하는 로브.,,,
MLUA_WEAPONTIERDATALOGIC_033,이름부터 이미 훌륭하다.,RootDesk/MyDesk/Inventory/Core/Logic/WeaponTierDataLogic.mlua:203,이름부터 이미 훌륭하다.,,,
MLUA_WEAPONTIERDATALOGIC_034,보기만 해도 조금 추워진다.,RootDesk/MyDesk/Inventory/Core/Logic/WeaponTierDataLogic.mlua:204,보기만 해도 조금 추워진다.,,,
MLUA_WEAPONTIERDATALOGIC_035,이름부터 최종병기 느낌이다.,RootDesk/MyDesk/Inventory/Core/Logic/WeaponTierDataLogic.mlua:205,이름부터 최종병기 느낌이다.,,,
MLUA_WEAPONTIERDATALOGIC_036,기사단에 들어가면 제일 먼저 받는 옷.,RootDesk/MyDesk/Inventory/Core/Logic/WeaponTierDataLogic.mlua:212,기사단에 들어가면 제일 먼저 받는 옷.,,,
MLUA_WEAPONTIERDATALOGIC_037,특별한 날에만 입는 옷 같다.,RootDesk/MyDesk/Inventory/Core/Logic/WeaponTierDataLogic.mlua:213,특별한 날에만 입는 옷 같다.,,,
MLUA_WEAPONTIERDATALOGIC_038,푸른 보석이 은근히 고급스럽다.,RootDesk/MyDesk/Inventory/Core/Logic/WeaponTierDataLogic.mlua:214,푸른 보석이 은근히 고급스럽다.,,,
MLUA_WEAPONTIERDATALOGIC_039,베릴보다 비싸 보인다. 실제로도 그렇다.,RootDesk/MyDesk/Inventory/Core/Logic/WeaponTierDataLogic.mlua:215,베릴보다 비싸 보인다. 실제로도 그렇다.,,,
MLUA_WEAPONTIERDATALOGIC_040,입는 순간 격이 달라 보인다.,RootDesk/MyDesk/Inventory/Core/Logic/WeaponTierDataLogic.mlua:216,입는 순간 격이 달라 보인다.,,,
MLUA_WEAPONTIERDATALOGIC_041,검은색은 언제나 강해 보인다.,RootDesk/MyDesk/Inventory/Core/Logic/WeaponTierDataLogic.mlua:217,검은색은 언제나 강해 보인다.,,,
MLUA_WEAPONTIERDATALOGIC_042,급하게 만든 것치고는 제법 쓸 만하다.,RootDesk/MyDesk/Inventory/Core/Logic/WeaponTierDataLogic.mlua:223,급하게 만든 것치고는 제법 쓸 만하다.,,,
MLUA_WEAPONTIERDATALOGIC_043,뼈를 뒤집어썼다. 꽤 무섭다.,RootDesk/MyDesk/Inventory/Core/Logic/WeaponTierDataLogic.mlua:224,뼈를 뒤집어썼다. 꽤 무섭다.,,,
MLUA_WEAPONTIERDATALOGIC_044,자쿰의 힘을 머리에 얹었다.,RootDesk/MyDesk/Inventory/Core/Logic/WeaponTierDataLogic.mlua:225,자쿰의 힘을 머리에 얹었다.,,,
MLUA_WEAPONTIERDATALOGIC_045,해적의 멋을 조금 빌려왔다.,RootDesk/MyDesk/Inventory/Core/Logic/WeaponTierDataLogic.mlua:226,해적의 멋을 조금 빌려왔다.,,,
MLUA_WEAPONTIERDATALOGIC_046,별빛과 깃털이 제법 잘 어울린다.,RootDesk/MyDesk/Inventory/Core/Logic/WeaponTierDataLogic.mlua:227,별빛과 깃털이 제법 잘 어울린다.,,,
MLUA_WEAPONTIERDATALOGIC_047,머리 위에 벨룸을 얹은 기분이다.,RootDesk/MyDesk/Inventory/Core/Logic/WeaponTierDataLogic.mlua:228,머리 위에 벨룸을 얹은 기분이다.,,,
MLUA_WEAPONTIERDATALOGIC_048,일단 끼면 뭐든 할 수 있을 것 같다.,RootDesk/MyDesk/Inventory/Core/Logic/WeaponTierDataLogic.mlua:234,일단 끼면 뭐든 할 수 있을 것 같다.,,,
MLUA_WEAPONTIERDATALOGIC_049,손끝까지 날렵해지는 느낌이다.,RootDesk/MyDesk/Inventory/Core/Logic/WeaponTierDataLogic.mlua:235,손끝까지 날렵해지는 느낌이다.,,,
MLUA_WEAPONTIERDATALOGIC_050,평범하지만 기본은 확실하다.,RootDesk/MyDesk/Inventory/Core/Logic/WeaponTierDataLogic.mlua:236,평범하지만 기본은 확실하다.,,,
MLUA_WEAPONTIERDATALOGIC_051,함장이라면 이 정도는 껴줘야 한다.,RootDesk/MyDesk/Inventory/Core/Logic/WeaponTierDataLogic.mlua:237,함장이라면 이 정도는 껴줘야 한다.,,,
MLUA_WEAPONTIERDATALOGIC_052,무공이 사용했다는 전설의 장갑.,RootDesk/MyDesk/Inventory/Core/Logic/WeaponTierDataLogic.mlua:238,무공이 사용했다는 전설의 장갑.,,,
MLUA_WEAPONTIERDATALOGIC_053,이름은 귀엽지만 장갑은 강력하다.,RootDesk/MyDesk/Inventory/Core/Logic/WeaponTierDataLogic.mlua:239,이름은 귀엽지만 장갑은 강력하다.,,,
MLUA_WEAPONTIERDATALOGIC_054,누가 만들었는지도 모를 밋밋한 은반지.,RootDesk/MyDesk/Inventory/Core/Logic/WeaponTierDataLogic.mlua:244,누가 만들었는지도 모를 밋밋한 은반지.,,,
MLUA_WEAPONTIERDATALOGIC_055,새벽빛을 한 조각 떼어 박아 넣었다고 한다.,RootDesk/MyDesk/Inventory/Core/Logic/WeaponTierDataLogic.mlua:245,새벽빛을 한 조각 떼어 박아 넣었다고 한다.,,,
MLUA_WEAPONTIERDATALOGIC_056,겨울에 피는 꽃을 그대로 굳혀 놓은 듯하다.,RootDesk/MyDesk/Inventory/Core/Logic/WeaponTierDataLogic.mlua:246,겨울에 피는 꽃을 그대로 굳혀 놓은 듯하다.,,,
MLUA_WEAPONTIERDATALOGIC_057,지켜주겠다는 약속이 반지 모양으로 남았다.,RootDesk/MyDesk/Inventory/Core/Logic/WeaponTierDataLogic.mlua:247,지켜주겠다는 약속이 반지 모양으로 남았다.,,,
MLUA_WEAPONTIERDATALOGIC_058,요정 여왕이 흘린 눈물이라기엔 너무 단단하다.,RootDesk/MyDesk/Inventory/Core/Logic/WeaponTierDataLogic.mlua:248,요정 여왕이 흘린 눈물이라기엔 너무 단단하다.,,,
MLUA_WEAPONTIERDATALOGIC_059,들여다보면 저쪽에서도 이쪽을 보고 있다.,RootDesk/MyDesk/Inventory/Core/Logic/WeaponTierDataLogic.mlua:249,들여다보면 저쪽에서도 이쪽을 보고 있다.,,,
MLUA_WEAPONTIERDATALOGIC_060,낡았지만 없는 것보단 낫다.,RootDesk/MyDesk/Inventory/Core/Logic/WeaponTierDataLogic.mlua:254,낡았지만 없는 것보단 낫다.,,,
MLUA_WEAPONTIERDATALOGIC_061,보기만 해도 마음이 조금 편안해진다.,RootDesk/MyDesk/Inventory/Core/Logic/WeaponTierDataLogic.mlua:255,보기만 해도 마음이 조금 편안해진다.,,,
MLUA_WEAPONTIERDATALOGIC_062,하늘을 날 수 있을 것 같지만 못 난다.,RootDesk/MyDesk/Inventory/Core/Logic/WeaponTierDataLogic.mlua:256,하늘을 날 수 있을 것 같지만 못 난다.,,,
MLUA_WEAPONTIERDATALOGIC_063,검은색이라 어디에나 잘 어울린다.,RootDesk/MyDesk/Inventory/Core/Logic/WeaponTierDataLogic.mlua:257,검은색이라 어디에나 잘 어울린다.,,,
MLUA_WEAPONTIERDATALOGIC_064,붉은 날개를 두른 듯한 망토.,RootDesk/MyDesk/Inventory/Core/Logic/WeaponTierDataLogic.mlua:258,붉은 날개를 두른 듯한 망토.,,,
MLUA_WEAPONTIERDATALOGIC_065,푸른색이라 제법 시원해 보인다.,RootDesk/MyDesk/Inventory/Core/Logic/WeaponTierDataLogic.mlua:259,푸른색이라 제법 시원해 보인다.,,,
MLUA_WEAPONTIERDATALOGIC_066,나무 스태프,RootDesk/MyDesk/Inventory/Core/Logic/WeaponTierDataLogic.mlua:287,나무 스태프,,,
MLUA_WEAPONTIERDATALOGIC_067,아크 스태프,RootDesk/MyDesk/Inventory/Core/Logic/WeaponTierDataLogic.mlua:306,아크 스태프,,,
MLUA_WEAPONTIERDATALOGIC_068,공격력,RootDesk/MyDesk/Inventory/Core/Logic/WeaponTierDataLogic.mlua:308 | RootDesk/MyDesk/Inventory/Core/Logic/WeaponTierDataLogic.mlua:343 | RootDesk/MyDesk/UI/WorldCharacterSelectUI.mlua:206,공격력,,,
MLUA_WEAPONTIERDATALOGIC_069,이블윙즈,RootDesk/MyDesk/Inventory/Core/Logic/WeaponTierDataLogic.mlua:321,이블윙즈,,,
MLUA_WEAPONTIERDATALOGIC_070,적 100마리 처치 시 Lv.3 썬더 볼트,RootDesk/MyDesk/Inventory/Core/Logic/WeaponTierDataLogic.mlua:333,적 100마리 처치 시 Lv.3 썬더 볼트,,,
MLUA_WEAPONTIERDATALOGIC_071,적 100마리 처치 시 Lv.3 썬더 커터,RootDesk/MyDesk/Inventory/Core/Logic/WeaponTierDataLogic.mlua:334,적 100마리 처치 시 Lv.3 썬더 커터,,,
MLUA_WEAPONTIERDATALOGIC_072,적 100마리 처치 시 Lv.3 에너지 볼트,RootDesk/MyDesk/Inventory/Core/Logic/WeaponTierDataLogic.mlua:335,적 100마리 처치 시 Lv.3 에너지 볼트,,,
MLUA_WEAPONTIERDATALOGIC_073,적 100마리 처치 시 Lv.3 페페,RootDesk/MyDesk/Inventory/Core/Logic/WeaponTierDataLogic.mlua:336,적 100마리 처치 시 Lv.3 페페,,,
MLUA_WEAPONTIERDATALOGIC_074,케이그,RootDesk/MyDesk/Inventory/Core/Logic/WeaponTierDataLogic.mlua:341,케이그,,,
MLUA_WEAPONTIERDATALOGIC_075,드래곤 스태프,RootDesk/MyDesk/Inventory/Core/Logic/WeaponTierDataLogic.mlua:356,드래곤 스태프,,,
MLUA_WEAPONTIERDATALOGIC_076,쿨타임,RootDesk/MyDesk/Inventory/Core/Logic/WeaponTierDataLogic.mlua:358,쿨타임,,,
MLUA_WEAPONTIERDATALOGIC_077,쟈이힌 스태프,RootDesk/MyDesk/Inventory/Core/Logic/WeaponTierDataLogic.mlua:371,쟈이힌 스태프,,,
MLUA_WEAPONTIERDATALOGIC_078,Lv.5 썬더 볼트,RootDesk/MyDesk/Inventory/Core/Logic/WeaponTierDataLogic.mlua:388,Lv.5 썬더 볼트,,,
MLUA_WEAPONTIERDATALOGIC_079,Lv.5 썬더 커터,RootDesk/MyDesk/Inventory/Core/Logic/WeaponTierDataLogic.mlua:389,Lv.5 썬더 커터,,,
MLUA_WEAPONTIERDATALOGIC_080,Lv.5 에너지 볼트,RootDesk/MyDesk/Inventory/Core/Logic/WeaponTierDataLogic.mlua:390,Lv.5 에너지 볼트,,,
MLUA_WEAPONTIERDATALOGIC_081,Lv.5 페페,RootDesk/MyDesk/Inventory/Core/Logic/WeaponTierDataLogic.mlua:391,Lv.5 페페,,,
MLUA_WEAPONTIERDATALOGIC_082,무명의 은반지,RootDesk/MyDesk/Inventory/Core/Logic/WeaponTierDataLogic.mlua:419,무명의 은반지,,,
MLUA_WEAPONTIERDATALOGIC_083,여명의 금반지,RootDesk/MyDesk/Inventory/Core/Logic/WeaponTierDataLogic.mlua:421,여명의 금반지,,,
MLUA_WEAPONTIERDATALOGIC_084,서리꽃 반지,RootDesk/MyDesk/Inventory/Core/Logic/WeaponTierDataLogic.mlua:423,서리꽃 반지,,,
MLUA_WEAPONTIERDATALOGIC_085,천사의 맹세,RootDesk/MyDesk/Inventory/Core/Logic/WeaponTierDataLogic.mlua:425,천사의 맹세,,,
MLUA_WEAPONTIERDATALOGIC_086,페어리퀸의 눈물,RootDesk/MyDesk/Inventory/Core/Logic/WeaponTierDataLogic.mlua:427,페어리퀸의 눈물,,,
MLUA_WEAPONTIERDATALOGIC_087,심연의 눈동자,RootDesk/MyDesk/Inventory/Core/Logic/WeaponTierDataLogic.mlua:429,심연의 눈동자,,,
MLUA_WEAPONTIERDATALOGIC_088,워 보우,RootDesk/MyDesk/Inventory/Core/Logic/WeaponTierDataLogic.mlua:435,워 보우,,,
MLUA_WEAPONTIERDATALOGIC_089,레드 바이퍼,RootDesk/MyDesk/Inventory/Core/Logic/WeaponTierDataLogic.mlua:436,레드 바이퍼,,,
MLUA_WEAPONTIERDATALOGIC_090,기본 공격 피해량 {P}% 증가,RootDesk/MyDesk/Inventory/Core/Logic/WeaponTierDataLogic.mlua:436 | RootDesk/MyDesk/Inventory/Core/Logic/WeaponTierDataLogic.mlua:438,기본 공격 피해량 {P}% 증가,,,
MLUA_WEAPONTIERDATALOGIC_091,봉황위궁,RootDesk/MyDesk/Inventory/Core/Logic/WeaponTierDataLogic.mlua:437,봉황위궁,,,
MLUA_WEAPONTIERDATALOGIC_092,적 10마리 처치 시 추가 기본 공격,RootDesk/MyDesk/Inventory/Core/Logic/WeaponTierDataLogic.mlua:437,적 10마리 처치 시 추가 기본 공격,,,
MLUA_WEAPONTIERDATALOGIC_093,골든 아룬드,RootDesk/MyDesk/Inventory/Core/Logic/WeaponTierDataLogic.mlua:438,골든 아룬드,,,
MLUA_WEAPONTIERDATALOGIC_094,메투스,RootDesk/MyDesk/Inventory/Core/Logic/WeaponTierDataLogic.mlua:439,메투스,,,
MLUA_WEAPONTIERDATALOGIC_095,골든 니스록,RootDesk/MyDesk/Inventory/Core/Logic/WeaponTierDataLogic.mlua:440,골든 니스록,,,
MLUA_WEAPONTIERDATALOGIC_096,기본 공격 시 {P}% 확률로 추가 공격 1회 발동,RootDesk/MyDesk/Inventory/Core/Logic/WeaponTierDataLogic.mlua:440,기본 공격 시 {P}% 확률로 추가 공격 1회 발동,,,
MLUA_WEAPONTIERDATALOGIC_097,양손검,RootDesk/MyDesk/Inventory/Core/Logic/WeaponTierDataLogic.mlua:445,양손검,,,
MLUA_WEAPONTIERDATALOGIC_098,하이랜더,RootDesk/MyDesk/Inventory/Core/Logic/WeaponTierDataLogic.mlua:446,하이랜더,,,
MLUA_WEAPONTIERDATALOGIC_099,공격력 {P}%,RootDesk/MyDesk/Inventory/Core/Logic/WeaponTierDataLogic.mlua:446 | RootDesk/MyDesk/Inventory/Core/Logic/WeaponTierDataLogic.mlua:448,공격력 {P}%,,,
MLUA_WEAPONTIERDATALOGIC_100,그리스,RootDesk/MyDesk/Inventory/Core/Logic/WeaponTierDataLogic.mlua:447,그리스,,,
MLUA_WEAPONTIERDATALOGIC_101,적 30마리 처치 시 HP {P}% 회복,RootDesk/MyDesk/Inventory/Core/Logic/WeaponTierDataLogic.mlua:447,적 30마리 처치 시 HP {P}% 회복,,,
MLUA_WEAPONTIERDATALOGIC_102,그륜힐,RootDesk/MyDesk/Inventory/Core/Logic/WeaponTierDataLogic.mlua:448,그륜힐,,,
MLUA_WEAPONTIERDATALOGIC_103,청운검,RootDesk/MyDesk/Inventory/Core/Logic/WeaponTierDataLogic.mlua:449,청운검,,,
MLUA_WEAPONTIERDATALOGIC_104,받는 피해 {P}% 감소,RootDesk/MyDesk/Inventory/Core/Logic/WeaponTierDataLogic.mlua:449 | RootDesk/MyDesk/Inventory/Core/Logic/WeaponTierDataLogic.mlua:470,받는 피해 {P}% 감소,,,
MLUA_WEAPONTIERDATALOGIC_105,참화도,RootDesk/MyDesk/Inventory/Core/Logic/WeaponTierDataLogic.mlua:450,참화도,,,
MLUA_WEAPONTIERDATALOGIC_106,HP 30% 이하 시 공격력 {P}% 증가,RootDesk/MyDesk/Inventory/Core/Logic/WeaponTierDataLogic.mlua:450,HP 30% 이하 시 공격력 {P}% 증가,,,
MLUA_WEAPONTIERDATALOGIC_107,삼각 자마다르,RootDesk/MyDesk/Inventory/Core/Logic/WeaponTierDataLogic.mlua:455,삼각 자마다르,,,
MLUA_WEAPONTIERDATALOGIC_108,태극부채,RootDesk/MyDesk/Inventory/Core/Logic/WeaponTierDataLogic.mlua:456,태극부채,,,
MLUA_WEAPONTIERDATALOGIC_109,게타,RootDesk/MyDesk/Inventory/Core/Logic/WeaponTierDataLogic.mlua:457,게타,,,
MLUA_WEAPONTIERDATALOGIC_110,"몬스터 30마리 처치 시 치명타 확률 {P}% 증가(10초), 지속시간동안 갱신X",RootDesk/MyDesk/Inventory/Core/Logic/WeaponTierDataLogic.mlua:457,"몬스터 30마리 처치 시 치명타 확률 {P}% 증가(10초), 지속시간동안 갱신X",,,
MLUA_WEAPONTIERDATALOGIC_111,용천권,RootDesk/MyDesk/Inventory/Core/Logic/WeaponTierDataLogic.mlua:458,용천권,,,
MLUA_WEAPONTIERDATALOGIC_112,바키트,RootDesk/MyDesk/Inventory/Core/Logic/WeaponTierDataLogic.mlua:459,바키트,,,
MLUA_WEAPONTIERDATALOGIC_113,블러드 대거,RootDesk/MyDesk/Inventory/Core/Logic/WeaponTierDataLogic.mlua:460,블러드 대거,,,
MLUA_WEAPONTIERDATALOGIC_114,"기본 공격시 {C}% 확률 치명타 피해 {P}% 증가(10초), 지속시간동안 갱신X",RootDesk/MyDesk/Inventory/Core/Logic/WeaponTierDataLogic.mlua:460,"기본 공격시 {C}% 확률 치명타 피해 {P}% 증가(10초), 지속시간동안 갱신X",,,
MLUA_WEAPONTIERDATALOGIC_115,드라카즈 제복,RootDesk/MyDesk/Inventory/Core/Logic/WeaponTierDataLogic.mlua:465,드라카즈 제복,,,
MLUA_WEAPONTIERDATALOGIC_116,다크 오로라 로브,RootDesk/MyDesk/Inventory/Core/Logic/WeaponTierDataLogic.mlua:466,다크 오로라 로브,,,
MLUA_WEAPONTIERDATALOGIC_117,전투 시작 시 최대 HP의 {P}% 보호막 획득,RootDesk/MyDesk/Inventory/Core/Logic/WeaponTierDataLogic.mlua:466 | RootDesk/MyDesk/Inventory/Core/Logic/WeaponTierDataLogic.mlua:478,전투 시작 시 최대 HP의 {P}% 보호막 획득,,,
MLUA_WEAPONTIERDATALOGIC_118,빛의 수련기사 로브,RootDesk/MyDesk/Inventory/Core/Logic/WeaponTierDataLogic.mlua:467,빛의 수련기사 로브,,,
MLUA_WEAPONTIERDATALOGIC_119,몬스터 50마리 처치 시 HP {P}% 회복,RootDesk/MyDesk/Inventory/Core/Logic/WeaponTierDataLogic.mlua:467 | RootDesk/MyDesk/Inventory/Core/Logic/WeaponTierDataLogic.mlua:479,몬스터 50마리 처치 시 HP {P}% 회복,,,
MLUA_WEAPONTIERDATALOGIC_120,여제의 쓸만한 로브,RootDesk/MyDesk/Inventory/Core/Logic/WeaponTierDataLogic.mlua:470,여제의 쓸만한 로브,,,
MLUA_WEAPONTIERDATALOGIC_121,템페스트 후드로브,RootDesk/MyDesk/Inventory/Core/Logic/WeaponTierDataLogic.mlua:471,템페스트 후드로브,,,
MLUA_WEAPONTIERDATALOGIC_122,HP 30% 이하일 때 받는 피해 {P}% 감소,RootDesk/MyDesk/Inventory/Core/Logic/WeaponTierDataLogic.mlua:471 | RootDesk/MyDesk/Inventory/Core/Logic/WeaponTierDataLogic.mlua:481,HP 30% 이하일 때 받는 피해 {P}% 감소,,,
MLUA_WEAPONTIERDATALOGIC_123,얼티밋 슈트,RootDesk/MyDesk/Inventory/Core/Logic/WeaponTierDataLogic.mlua:472,얼티밋 슈트,,,
MLUA_WEAPONTIERDATALOGIC_124,치명적인 피해를 받을 때 5초 무적(전투당 1회),RootDesk/MyDesk/Inventory/Core/Logic/WeaponTierDataLogic.mlua:472,치명적인 피해를 받을 때 5초 무적(전투당 1회),,,
MLUA_WEAPONTIERDATALOGIC_125,기사단 제복,RootDesk/MyDesk/Inventory/Core/Logic/WeaponTierDataLogic.mlua:477,기사단 제복,,,
MLUA_WEAPONTIERDATALOGIC_126,10주년 화이트 슈트,RootDesk/MyDesk/Inventory/Core/Logic/WeaponTierDataLogic.mlua:478,10주년 화이트 슈트,,,
MLUA_WEAPONTIERDATALOGIC_127,메이플 베릴 리센느,RootDesk/MyDesk/Inventory/Core/Logic/WeaponTierDataLogic.mlua:479,메이플 베릴 리센느,,,
MLUA_WEAPONTIERDATALOGIC_128,메이플 래티넘 리센느,RootDesk/MyDesk/Inventory/Core/Logic/WeaponTierDataLogic.mlua:480,메이플 래티넘 리센느,,,
MLUA_WEAPONTIERDATALOGIC_129,피격 시 {P}% 확률로 피해 무효화,RootDesk/MyDesk/Inventory/Core/Logic/WeaponTierDataLogic.mlua:480,피격 시 {P}% 확률로 피해 무효화,,,
MLUA_WEAPONTIERDATALOGIC_130,메이플 이올렛 슈트,RootDesk/MyDesk/Inventory/Core/Logic/WeaponTierDataLogic.mlua:481,메이플 이올렛 슈트,,,
MLUA_WEAPONTIERDATALOGIC_131,10주년 블랙 슈트,RootDesk/MyDesk/Inventory/Core/Logic/WeaponTierDataLogic.mlua:482,10주년 블랙 슈트,,,
MLUA_WEAPONTIERDATALOGIC_132,HP가 20% 이하가 되면 즉시 HP {P}% 회복(전투당 1회),RootDesk/MyDesk/Inventory/Core/Logic/WeaponTierDataLogic.mlua:482,HP가 20% 이하가 되면 즉시 HP {P}% 회복(전투당 1회),,,
MLUA_WEAPONTIERDATALOGIC_133,신문지 투구,RootDesk/MyDesk/Inventory/Core/Logic/WeaponTierDataLogic.mlua:487,신문지 투구,,,
MLUA_WEAPONTIERDATALOGIC_134,본 헬름,RootDesk/MyDesk/Inventory/Core/Logic/WeaponTierDataLogic.mlua:488,본 헬름,,,
MLUA_WEAPONTIERDATALOGIC_135,공격력 +{P}%,RootDesk/MyDesk/Inventory/Core/Logic/WeaponTierDataLogic.mlua:488 | RootDesk/MyDesk/Inventory/Core/Logic/WeaponTierDataLogic.mlua:490,공격력 +{P}%,,,
MLUA_WEAPONTIERDATALOGIC_136,자쿰의 투구,RootDesk/MyDesk/Inventory/Core/Logic/WeaponTierDataLogic.mlua:489,자쿰의 투구,,,
MLUA_WEAPONTIERDATALOGIC_137,몬스터 50마리 처치 시 모든 스킬 쿨타임 {P}% 감소,RootDesk/MyDesk/Inventory/Core/Logic/WeaponTierDataLogic.mlua:489,몬스터 50마리 처치 시 모든 스킬 쿨타임 {P}% 감소,,,
MLUA_WEAPONTIERDATALOGIC_138,데비존의 모자,RootDesk/MyDesk/Inventory/Core/Logic/WeaponTierDataLogic.mlua:490,데비존의 모자,,,
MLUA_WEAPONTIERDATALOGIC_139,템페스트 깃털모자,RootDesk/MyDesk/Inventory/Core/Logic/WeaponTierDataLogic.mlua:493,템페스트 깃털모자,,,
MLUA_WEAPONTIERDATALOGIC_140,스킬 사용 시 다음 기본 공격의 대미지 {P}% 증가 (10초),RootDesk/MyDesk/Inventory/Core/Logic/WeaponTierDataLogic.mlua:493,스킬 사용 시 다음 기본 공격의 대미지 {P}% 증가 (10초),,,
MLUA_WEAPONTIERDATALOGIC_141,벨룸의 헬름,RootDesk/MyDesk/Inventory/Core/Logic/WeaponTierDataLogic.mlua:494,벨룸의 헬름,,,
MLUA_WEAPONTIERDATALOGIC_142,스킬 사용 후 다음 스킬의 대미지 {P}% 증가 (10초),RootDesk/MyDesk/Inventory/Core/Logic/WeaponTierDataLogic.mlua:494,스킬 사용 후 다음 스킬의 대미지 {P}% 증가 (10초),,,
MLUA_WEAPONTIERDATALOGIC_143,노가다 목장갑,RootDesk/MyDesk/Inventory/Core/Logic/WeaponTierDataLogic.mlua:499,노가다 목장갑,,,
MLUA_WEAPONTIERDATALOGIC_144,알타이르 글러브,RootDesk/MyDesk/Inventory/Core/Logic/WeaponTierDataLogic.mlua:500,알타이르 글러브,,,
MLUA_WEAPONTIERDATALOGIC_145,기본 공격 대미지 +{P}%,RootDesk/MyDesk/Inventory/Core/Logic/WeaponTierDataLogic.mlua:500,기본 공격 대미지 +{P}%,,,
MLUA_WEAPONTIERDATALOGIC_146,하드레더 글로브,RootDesk/MyDesk/Inventory/Core/Logic/WeaponTierDataLogic.mlua:502,하드레더 글로브,,,
MLUA_WEAPONTIERDATALOGIC_147,기본 공격 20회마다 다음 기본 공격의 치명타 확률 +{P}% 증가 (5초),RootDesk/MyDesk/Inventory/Core/Logic/WeaponTierDataLogic.mlua:502,기본 공격 20회마다 다음 기본 공격의 치명타 확률 +{P}% 증가 (5초),,,
MLUA_WEAPONTIERDATALOGIC_148,해군 함장의 장갑,RootDesk/MyDesk/Inventory/Core/Logic/WeaponTierDataLogic.mlua:503,해군 함장의 장갑,,,
MLUA_WEAPONTIERDATALOGIC_149,기본 공격 30회마다 다음 기본 공격의 대미지 {P}% 증가,RootDesk/MyDesk/Inventory/Core/Logic/WeaponTierDataLogic.mlua:503,기본 공격 30회마다 다음 기본 공격의 대미지 {P}% 증가,,,
MLUA_WEAPONTIERDATALOGIC_150,무공의 장갑,RootDesk/MyDesk/Inventory/Core/Logic/WeaponTierDataLogic.mlua:504,무공의 장갑,,,
MLUA_WEAPONTIERDATALOGIC_151,기본 공격으로 적 처치 시 다음 기본 공격의 대미지 {P}% 증가,RootDesk/MyDesk/Inventory/Core/Logic/WeaponTierDataLogic.mlua:504,기본 공격으로 적 처치 시 다음 기본 공격의 대미지 {P}% 증가,,,
MLUA_WEAPONTIERDATALOGIC_152,소공의 장갑,RootDesk/MyDesk/Inventory/Core/Logic/WeaponTierDataLogic.mlua:505,소공의 장갑,,,
MLUA_WEAPONTIERDATALOGIC_153,기본 공격 10회마다 강화 공격 발동 (기본 공격 대미지의 200%),RootDesk/MyDesk/Inventory/Core/Logic/WeaponTierDataLogic.mlua:505,기본 공격 10회마다 강화 공격 발동 (기본 공격 대미지의 200%),,,
MLUA_WEAPONTIERDATALOGIC_154,허름한 망토,RootDesk/MyDesk/Inventory/Core/Logic/WeaponTierDataLogic.mlua:510,허름한 망토,,,
MLUA_WEAPONTIERDATALOGIC_155,온화의 망토,RootDesk/MyDesk/Inventory/Core/Logic/WeaponTierDataLogic.mlua:511,온화의 망토,,,
MLUA_WEAPONTIERDATALOGIC_156,피해량 +{P}%,RootDesk/MyDesk/Inventory/Core/Logic/WeaponTierDataLogic.mlua:511,피해량 +{P}%,,,
MLUA_WEAPONTIERDATALOGIC_157,이카루스 망토,RootDesk/MyDesk/Inventory/Core/Logic/WeaponTierDataLogic.mlua:513,이카루스 망토,,,
MLUA_WEAPONTIERDATALOGIC_158,몬스터 50마리 처치 시 피해량 +{P}% (10초),RootDesk/MyDesk/Inventory/Core/Logic/WeaponTierDataLogic.mlua:513,몬스터 50마리 처치 시 피해량 +{P}% (10초),,,
MLUA_WEAPONTIERDATALOGIC_159,검은색 가이아의 망토,RootDesk/MyDesk/Inventory/Core/Logic/WeaponTierDataLogic.mlua:514,검은색 가이아의 망토,,,
MLUA_WEAPONTIERDATALOGIC_160,엘리트/보스 몬스터에게 주는 피해량 +{P}%,RootDesk/MyDesk/Inventory/Core/Logic/WeaponTierDataLogic.mlua:514 | RootDesk/MyDesk/Inventory/Core/Logic/WeaponTierDataLogic.mlua:516,엘리트/보스 몬스터에게 주는 피해량 +{P}%,,,
MLUA_WEAPONTIERDATALOGIC_161,빨간색 세라프의 망토,RootDesk/MyDesk/Inventory/Core/Logic/WeaponTierDataLogic.mlua:515,빨간색 세라프의 망토,,,
MLUA_WEAPONTIERDATALOGIC_162,체력 +{P}%,RootDesk/MyDesk/Inventory/Core/Logic/WeaponTierDataLogic.mlua:515,체력 +{P}%,,,
MLUA_WEAPONTIERDATALOGIC_163,파란색 자일즈의 망토,RootDesk/MyDesk/Inventory/Core/Logic/WeaponTierDataLogic.mlua:516,파란색 자일즈의 망토,,,
MLUA_WEAPONTIERDATALOGIC_164,기본 공격시 %s%% 확률 %s,RootDesk/MyDesk/Inventory/Core/Logic/WeaponTierDataLogic.mlua:929,기본 공격시 %s%% 확률 %s,,,
MLUA_PKGPLAYERINVENTORY_001,강화 주문서가 부족합니다!,RootDesk/MyDesk/Inventory/Core/PkgPlayerInventory.mlua:1035,강화 주문서가 부족합니다!,,,
MLUA_PKGPLAYERINVENTORY_002,골드가 부족합니다!,RootDesk/MyDesk/Inventory/Core/PkgPlayerInventory.mlua:1039,골드가 부족합니다!,,,
MLUA_PKGPLAYERINVENTORY_003,이미 최대 레벨입니다,RootDesk/MyDesk/Inventory/Core/PkgPlayerInventory.mlua:1043,이미 최대 레벨입니다,,,
MLUA_PKGPLAYERINVENTORY_004,강화할 수 없는 장비입니다,RootDesk/MyDesk/Inventory/Core/PkgPlayerInventory.mlua:1047,강화할 수 없는 장비입니다,,,
MLUA_PKGPLAYERINVENTORY_005,강화에 실패했습니다,RootDesk/MyDesk/Inventory/Core/PkgPlayerInventory.mlua:1050,강화에 실패했습니다,,,
MLUA_UICOMPOSEPOPUP_001,(최고 등급),RootDesk/MyDesk/Inventory/UI/UIComposePopup.mlua:667,(최고 등급),(Max Grade),,
MLUA_UICOMPOSEPOPUP_002,품질 S 유지,RootDesk/MyDesk/Inventory/UI/UIComposePopup.mlua:686,품질 S 유지,,,
MLUA_UICOMPOSEPOPUP_003,품질,RootDesk/MyDesk/Inventory/UI/UIComposePopup.mlua:689 | RootDesk/MyDesk/Inventory/UI/UIComposePopup.mlua:690,품질,,,
MLUA_UICOMPOSEPOPUP_004,승급,RootDesk/MyDesk/Inventory/UI/UIComposePopup.mlua:690,승급,,,
MLUA_UICOMPOSEPOPUP_005,이미 사용된 장비예요. 다시 선택해 주세요.,RootDesk/MyDesk/Inventory/UI/UIComposePopup.mlua:811,이미 사용된 장비예요. 다시 선택해 주세요.,,,
MLUA_UICOMPOSEPOPUP_006,합성 성공!,RootDesk/MyDesk/Inventory/UI/UIComposePopup.mlua:1014,합성 성공!,,,
MLUA_UIEQUIPPOPUP_001,아이템 설명이 아직 등록되지 않았습니다.,RootDesk/MyDesk/Inventory/UI/UIEquipPopup.mlua:270 | RootDesk/MyDesk/Inventory/UI/UIEquipPopup.mlua:279,아이템 설명이 아직 등록되지 않았습니다.,No description registered for this item yet.,,
MLUA_UIEQUIPPOPUP_002,장착 해제,RootDesk/MyDesk/Inventory/UI/UIEquipPopup.mlua:315 | /ui/EquipmentGroup/Inventory/EquipPopup/Panel/ButtonEquip/Label,장착 해제,,,
MLUA_UIEQUIPPOPUP_003,장착,RootDesk/MyDesk/Inventory/UI/UIEquipPopup.mlua:315,장착,,,
MLUA_UIEQUIPPOPUP_004,버튼 클릭 — 준비중(디자인 확정 전),[LOG] RootDesk/MyDesk/Inventory/UI/UIEquipPopup.mlua:628,버튼 클릭 — 준비중(디자인 확정 전),,,
MLUA_UIINVENTORY_001,판매하기,RootDesk/MyDesk/Inventory/UI/UIInventory.mlua:280,판매하기,Sell,,
MLUA_UIINVENTORY_002,판매,RootDesk/MyDesk/Inventory/UI/UIInventory.mlua:283 | /ui/EquipmentGroup/Inventory/EquipPopup/Panel/LeftColumn/SellButton/Label | /ui/EquipmentGroup/Inventory/Panel/InventoryPanel/ButtonSell,판매,,,
MLUA_UIINVENTORY_003,정말 판매하시겠습니까?,RootDesk/MyDesk/Inventory/UI/UIInventory.mlua:369 | /ui/EquipmentGroup/Inventory/SellConfirm/Panel/Message,정말 판매하시겠습니까?,,,
MLUA_UIINVENTORY_004,"선택한 장비 %d개를 판매하고
%s골드를 받습니다.
판매한 장비는 되돌릴 수 없습니다.",RootDesk/MyDesk/Inventory/UI/UIInventory.mlua:371,"선택한 장비 %d개를 판매하고
%s골드를 받습니다.
판매한 장비는 되돌릴 수 없습니다.",,,
MLUA_UIINVENTORY_005,"%s 칸을 5칸 늘리려면 다이아 %s개가
필요합니다.
현재 보유: %s개",RootDesk/MyDesk/Inventory/UI/UIInventory.mlua:418,"%s 칸을 5칸 늘리려면 다이아 %s개가
필요합니다.
현재 보유: %s개",,,
MLUA_UIINVENTORY_006,인벤토리를 확장하시겠습니까?,RootDesk/MyDesk/Inventory/UI/UIInventory.mlua:428,인벤토리를 확장하시겠습니까?,,,
MLUA_UIINVENTORY_007,"다이아 %s개를 사용해 %s 칸을 5칸 늘립니다.
확장한 칸은 되돌릴 수 없습니다.",RootDesk/MyDesk/Inventory/UI/UIInventory.mlua:430,"다이아 %s개를 사용해 %s 칸을 5칸 늘립니다.
확장한 칸은 되돌릴 수 없습니다.",,,
MLUA_UIUSEPOPUP_001,아이템 사용,RootDesk/MyDesk/Inventory/UI/UIUsePopup.mlua:20,아이템 사용,,,
MLUA_UIUSEPOPUP_002,사용하시겠습니까?,RootDesk/MyDesk/Inventory/UI/UIUsePopup.mlua:31,사용하시겠습니까?,,,
MLUA_UIUSEPOPUP_003,사용,RootDesk/MyDesk/Inventory/UI/UIUsePopup.mlua:36,사용,,,
MLUA_UIUSEPOPUP_004,취소,RootDesk/MyDesk/Inventory/UI/UIUsePopup.mlua:41 | /ui/EquipmentGroup/Inventory/Panel/InventoryPanel/ButtonSellCancel | /ui/EquipmentGroup/Inventory/UsePopup/Panel/ButtonCancel | /ui/IdleRewardGroup/ConfirmPanel/BtnNo | /ui/PopupGroup/PopupBack/PopupPanel/PopupBtnCancel,취소,Cancel,,
MLUA_BUFFPOTIONLOGIC_001,흡혈 포션! 때릴 때마다 체력을 회복,RootDesk/MyDesk/Item/BuffPotionLogic.mlua:116,흡혈 포션! 때릴 때마다 체력을 회복,,,
MLUA_BUFFPOTIONLOGIC_002,크리티컬 포션! 크리티컬 확률 100%,RootDesk/MyDesk/Item/BuffPotionLogic.mlua:120,크리티컬 포션! 크리티컬 확률 100%,,,
MLUA_BUFFPOTIONLOGIC_003,파워 포션! 공격력 50% 증가,RootDesk/MyDesk/Item/BuffPotionLogic.mlua:124,파워 포션! 공격력 50% 증가,,,
MLUA_MAPMANAGER_001,빠른 이동으로 몬스터가 빨라집니다!,RootDesk/MyDesk/Map/MapManager.mlua:1316,빠른 이동으로 몬스터가 빨라집니다!,,,
MLUA_MAPMANAGER_002,빠른 이동으로 몬스터가 강해집니다!,RootDesk/MyDesk/Map/MapManager.mlua:1318,빠른 이동으로 몬스터가 강해집니다!,,,
MLUA_MAPMANAGER_003,빠른 이동으로 「절망의 칼날」이 소환되었습니다.,RootDesk/MyDesk/Map/MapManager.mlua:1320,빠른 이동으로 「절망의 칼날」이 소환되었습니다.,,,
MLUA_MAPMOVEUI_001,"가운데에 답이 있고, 오른쪽에 길이 있으며, 왼쪽에 끝이 있다",RootDesk/MyDesk/MapMoveUI.mlua:156,"가운데에 답이 있고, 오른쪽에 길이 있으며, 왼쪽에 끝이 있다",,,
MLUA_MAPTAXILOGIC_001,티켓이 없습니다!,RootDesk/MyDesk/MapTaxiLogic.mlua:31,티켓이 없습니다!,,,
MLUA_MONSTERSPAWNER_001,CHEAT: boss spawn failed (몬스터 없는 존이거나 맵을 못 찾음),[LOG] RootDesk/MyDesk/MonsterSpawner.mlua:645,CHEAT: boss spawn failed (몬스터 없는 존이거나 맵을 못 찾음),,,
MLUA_MONSTERSPAWNER_002,CHEAT: 살아있는 보스가 없다,[LOG] RootDesk/MyDesk/MonsterSpawner.mlua:654,CHEAT: 살아있는 보스가 없다,,,
MLUA_MONSTERSPAWNER_003,CHEAT: elite spawn failed (맵을 못 찾음),[LOG] RootDesk/MyDesk/MonsterSpawner.mlua:705,CHEAT: elite spawn failed (맵을 못 찾음),,,
MLUA_MONSTERSPAWNER_004,CHEAT: elite spawn failed (몬스터 없는 존),[LOG] RootDesk/MyDesk/MonsterSpawner.mlua:710,CHEAT: elite spawn failed (몬스터 없는 존),,,
MLUA_MONSTERSPAWNER_005,보스가 등장합니다!,RootDesk/MyDesk/MonsterSpawner.mlua:1262,보스가 등장합니다!,,,
MLUA_MONSTERSPAWNER_006,검투사가 등장했습니다,RootDesk/MyDesk/MonsterSpawner.mlua:1655,검투사가 등장했습니다,,,
MLUA_MONSTERSPAWNER_007,MonsterSpawner: TiredKnight(검투사) spawned on zone,[LOG] RootDesk/MyDesk/MonsterSpawner.mlua:1656,MonsterSpawner: TiredKnight(검투사) spawned on zone,,,
MLUA_MONSTERSPAWNER_008,뜻밖의 행운! 발록이 등장했습니다!,RootDesk/MyDesk/MonsterSpawner.mlua:2408,뜻밖의 행운! 발록이 등장했습니다!,,,
MLUA_OPTIONUI_001,[ 전투는 자동입니다 ],RootDesk/MyDesk/OptionUI.mlua:143,[ 전투는 자동입니다 ],[ Combat is automatic ],,
MLUA_OPTIONUI_002,캐릭터가 알아서 몬스터를 공격합니다.,RootDesk/MyDesk/OptionUI.mlua:144,캐릭터가 알아서 몬스터를 공격합니다.,Your character attacks monsters on its own.,,
MLUA_OPTIONUI_003,화면에서 몬스터를 한 번 누르면 그 몬스터를 먼저 노립니다.,RootDesk/MyDesk/OptionUI.mlua:145,화면에서 몬스터를 한 번 누르면 그 몬스터를 먼저 노립니다.,Tap a monster on screen to target it first.,,
MLUA_OPTIONUI_004,[ 레벨업하면 카드를 고릅니다 ],RootDesk/MyDesk/OptionUI.mlua:147,[ 레벨업하면 카드를 고릅니다 ],,,
MLUA_OPTIONUI_005,경험치가 가득 차면 화면 오른쪽에 카드 세 장이 나타납니다.,RootDesk/MyDesk/OptionUI.mlua:148,경험치가 가득 차면 화면 오른쪽에 카드 세 장이 나타납니다.,,,
MLUA_OPTIONUI_006,한 장을 골라 새 스킬을 배우거나 가진 스킬을 강화하세요.,RootDesk/MyDesk/OptionUI.mlua:149,한 장을 골라 새 스킬을 배우거나 가진 스킬을 강화하세요.,,,
MLUA_OPTIONUI_007,카드를 길게 누르고 있으면 어떤 효과인지 미리 볼 수 있습니다.,RootDesk/MyDesk/OptionUI.mlua:150,카드를 길게 누르고 있으면 어떤 효과인지 미리 볼 수 있습니다.,,,
MLUA_OPTIONUI_008,[ 같은 스킬을 모으면 강해집니다 ],RootDesk/MyDesk/OptionUI.mlua:152,[ 같은 스킬을 모으면 강해집니다 ],,,
MLUA_OPTIONUI_009,같은 카드를 여러 번 고르면 스킬 레벨이 올라갑니다.,RootDesk/MyDesk/OptionUI.mlua:153,같은 카드를 여러 번 고르면 스킬 레벨이 올라갑니다.,,,
MLUA_OPTIONUI_010,특정 스킬을 함께 갖추면 더 강한 조합 스킬로 바뀌기도 합니다.,RootDesk/MyDesk/OptionUI.mlua:154,특정 스킬을 함께 갖추면 더 강한 조합 스킬로 바뀌기도 합니다.,,,
MLUA_OPTIONUI_011,"어떤 조합이 있는지는 옵션의 ""조합식""에서 확인하세요.",RootDesk/MyDesk/OptionUI.mlua:155,"어떤 조합이 있는지는 옵션의 ""조합식""에서 확인하세요.",,,
MLUA_OPTIONUI_012,[ 좌우 화살표로 구역을 옮깁니다 ],RootDesk/MyDesk/OptionUI.mlua:157,[ 좌우 화살표로 구역을 옮깁니다 ],,,
MLUA_OPTIONUI_013,화면 양옆의 화살표를 누르면 다음 구역으로 넘어갑니다.,RootDesk/MyDesk/OptionUI.mlua:158,화면 양옆의 화살표를 누르면 다음 구역으로 넘어갑니다.,,,
MLUA_OPTIONUI_014,자물쇠가 걸린 길은 그 구역의 보스를 쓰러뜨려야 열립니다.,RootDesk/MyDesk/OptionUI.mlua:159,자물쇠가 걸린 길은 그 구역의 보스를 쓰러뜨려야 열립니다.,,,
MLUA_OPTIONUI_015,[ 쓰러져도 끝이 아닙니다 ],RootDesk/MyDesk/OptionUI.mlua:161,[ 쓰러져도 끝이 아닙니다 ],,,
MLUA_OPTIONUI_016,다이아를 쓰면 쓰러진 자리에서 바로 이어할 수 있습니다.,RootDesk/MyDesk/OptionUI.mlua:162,다이아를 쓰면 쓰러진 자리에서 바로 이어할 수 있습니다.,,,
MLUA_OPTIONUI_017,처음부터 다시 시작하면 이번 판에 모은 잡템이 골드로 바뀝니다.,RootDesk/MyDesk/OptionUI.mlua:163,처음부터 다시 시작하면 이번 판에 모은 잡템이 골드로 바뀝니다.,,,
MLUA_OPTIONUI_018,[ 판이 끝나도 남는 것 ],RootDesk/MyDesk/OptionUI.mlua:165,[ 판이 끝나도 남는 것 ],,,
MLUA_OPTIONUI_019,"장비와 유물, 스킬 강화는 로비에 그대로 남습니다.",RootDesk/MyDesk/OptionUI.mlua:166,"장비와 유물, 스킬 강화는 로비에 그대로 남습니다.",,,
MLUA_OPTIONUI_020,"인벤토리에서 장비를 장착하고, 합성하고, 필요 없는 것은 팔 수 있습니다.",RootDesk/MyDesk/OptionUI.mlua:167,"인벤토리에서 장비를 장착하고, 합성하고, 필요 없는 것은 팔 수 있습니다.",,,
MLUA_PLAYERINVENTORY_001,수상한 점액,RootDesk/MyDesk/PlayerInventory.mlua:134,수상한 점액,,,
MLUA_PLAYERINVENTORY_002,낡은 가죽,RootDesk/MyDesk/PlayerInventory.mlua:135,낡은 가죽,,,
MLUA_PLAYERINVENTORY_003,이블아이의 꼬리,RootDesk/MyDesk/PlayerInventory.mlua:138,이블아이의 꼬리,,,
MLUA_PLAYERINVENTORY_004,커즈아이의 꼬리,RootDesk/MyDesk/PlayerInventory.mlua:139,커즈아이의 꼬리,,,
MLUA_PLAYERINVENTORY_005,달팽이의 껍질,RootDesk/MyDesk/PlayerInventory.mlua:142,달팽이의 껍질,,,
MLUA_PLAYERINVENTORY_006,변형된 달팽이의 껍질,RootDesk/MyDesk/PlayerInventory.mlua:143,변형된 달팽이의 껍질,,,
MLUA_PLAYERINVENTORY_007,버섯의 포자,RootDesk/MyDesk/PlayerInventory.mlua:144,버섯의 포자,,,
MLUA_PLAYERINVENTORY_008,빨간 달팽이의 껍질,RootDesk/MyDesk/PlayerInventory.mlua:145,빨간 달팽이의 껍질,,,
MLUA_PLAYERINVENTORY_009,돼지의 꼬리,RootDesk/MyDesk/PlayerInventory.mlua:146,돼지의 꼬리,,,
MLUA_PLAYERINVENTORY_010,주니어 부기의 뿔,RootDesk/MyDesk/PlayerInventory.mlua:147,주니어 부기의 뿔,,,
MLUA_PLAYERINVENTORY_011,스텀프의 눈물,RootDesk/MyDesk/PlayerInventory.mlua:148,스텀프의 눈물,,,
MLUA_PLAYERINVENTORY_012,옥토퍼스의 다리,RootDesk/MyDesk/PlayerInventory.mlua:149,옥토퍼스의 다리,,,
MLUA_PLAYERINVENTORY_013,리본,RootDesk/MyDesk/PlayerInventory.mlua:150,리본,,,
MLUA_PLAYERINVENTORY_014,음흉한 여우의 꼬리,RootDesk/MyDesk/PlayerInventory.mlua:153,음흉한 여우의 꼬리,,,
MLUA_PLAYERINVENTORY_015,주황버섯의 갓,RootDesk/MyDesk/PlayerInventory.mlua:154,주황버섯의 갓,,,
MLUA_PLAYERINVENTORY_016,로랑의 집게발,RootDesk/MyDesk/PlayerInventory.mlua:157,로랑의 집게발,,,
MLUA_PLAYERINVENTORY_017,엄티의 등껍질,RootDesk/MyDesk/PlayerInventory.mlua:158,엄티의 등껍질,,,
MLUA_PLAYERINVENTORY_018,클랑의 집게발,RootDesk/MyDesk/PlayerInventory.mlua:159,클랑의 집게발,,,
MLUA_PLAYERINVENTORY_019,날치,RootDesk/MyDesk/PlayerInventory.mlua:162,날치,,,
MLUA_PLAYERINVENTORY_020,조개껍데기,RootDesk/MyDesk/PlayerInventory.mlua:163,조개껍데기,,,
MLUA_PLAYERINVENTORY_021,노란 불가사리의 다리,RootDesk/MyDesk/PlayerInventory.mlua:164,노란 불가사리의 다리,,,
MLUA_PLAYERINVENTORY_022,뿔버섯의 갓,RootDesk/MyDesk/PlayerInventory.mlua:167,뿔버섯의 갓,,,
MLUA_PLAYERINVENTORY_023,좀비 머쉬맘의 포자,RootDesk/MyDesk/PlayerInventory.mlua:168,좀비 머쉬맘의 포자,,,
MLUA_PLAYERINVENTORY_024,빛나는 박쥐 날개,RootDesk/MyDesk/PlayerInventory.mlua:171,빛나는 박쥐 날개,,,
MLUA_PLAYERINVENTORY_025,스톤골렘의 돌조각,RootDesk/MyDesk/PlayerInventory.mlua:174,스톤골렘의 돌조각,,,
MLUA_PLAYERINVENTORY_026,다크 스톤골렘의 돌조각,RootDesk/MyDesk/PlayerInventory.mlua:175,다크 스톤골렘의 돌조각,,,
MLUA_PLAYERINVENTORY_027,믹스골렘의 조각,RootDesk/MyDesk/PlayerInventory.mlua:176,믹스골렘의 조각,,,
MLUA_PLAYERINVENTORY_028,아이스 믹스골렘의 조각,RootDesk/MyDesk/PlayerInventory.mlua:177,아이스 믹스골렘의 조각,,,
MLUA_PLAYERINVENTORY_029,페어리의 더듬이,RootDesk/MyDesk/PlayerInventory.mlua:178,페어리의 더듬이,,,
MLUA_PLAYERINVENTORY_030,로얄페어리의 날개,RootDesk/MyDesk/PlayerInventory.mlua:179,로얄페어리의 날개,,,
MLUA_PLAYERINVENTORY_031,그레이의 촉수,RootDesk/MyDesk/PlayerInventory.mlua:182,그레이의 촉수,,,
MLUA_PLAYERINVENTORY_032,반딧불 슬라임의 방울,RootDesk/MyDesk/PlayerInventory.mlua:185,반딧불 슬라임의 방울,,,
MLUA_PLAYERINVENTORY_033,페어리 슬라임의 방울,RootDesk/MyDesk/PlayerInventory.mlua:186,페어리 슬라임의 방울,,,
MLUA_PLAYERINVENTORY_034,워터 엘리먼트의 정수,RootDesk/MyDesk/PlayerInventory.mlua:187,워터 엘리먼트의 정수,,,
MLUA_PLAYERINVENTORY_035,트리 엘리먼트의 나뭇잎,RootDesk/MyDesk/PlayerInventory.mlua:188,트리 엘리먼트의 나뭇잎,,,
MLUA_PLAYERINVENTORY_036,미스틱 위습의 신비한 가루,RootDesk/MyDesk/PlayerInventory.mlua:189,미스틱 위습의 신비한 가루,,,
MLUA_PLAYERINVENTORY_037,하급 마법책,RootDesk/MyDesk/PlayerInventory.mlua:190,하급 마법책,,,
MLUA_PLAYERINVENTORY_038,루팡의 바나나,RootDesk/MyDesk/PlayerInventory.mlua:193,루팡의 바나나,,,
MLUA_PLAYERINVENTORY_039,재규어의 발톱,RootDesk/MyDesk/PlayerInventory.mlua:194,재규어의 발톱,,,
MLUA_PLAYERINVENTORY_040,바나나 갈매기의 깃털,RootDesk/MyDesk/PlayerInventory.mlua:195,바나나 갈매기의 깃털,,,
MLUA_PLAYERINVENTORY_041,좀비루팡이 남긴 바나나 껍질,RootDesk/MyDesk/PlayerInventory.mlua:196,좀비루팡이 남긴 바나나 껍질,,,
MLUA_PLAYERINVENTORY_042,주니어 네키의 가죽,RootDesk/MyDesk/PlayerInventory.mlua:199,주니어 네키의 가죽,,,
MLUA_PLAYERINVENTORY_043,리게이터의 가죽,RootDesk/MyDesk/PlayerInventory.mlua:200,리게이터의 가죽,,,
MLUA_PLAYERINVENTORY_044,크로코의 가죽,RootDesk/MyDesk/PlayerInventory.mlua:201,크로코의 가죽,,,
MLUA_PLAYERINVENTORY_045,늪진흙괴물의 진흙,RootDesk/MyDesk/PlayerInventory.mlua:202,늪진흙괴물의 진흙,,,
MLUA_PLAYERINVENTORY_046,새싹진흙괴물의 새싹,RootDesk/MyDesk/PlayerInventory.mlua:203,새싹진흙괴물의 새싹,,,
MLUA_PLAYERINVENTORY_047,멜러디의 빗자루,RootDesk/MyDesk/PlayerInventory.mlua:204,멜러디의 빗자루,,,
MLUA_PLAYERINVENTORY_048,스티지의 날개,RootDesk/MyDesk/PlayerInventory.mlua:205,스티지의 날개,,,
MLUA_PLAYERINVENTORY_049,주니어 레이스의 뼈,RootDesk/MyDesk/PlayerInventory.mlua:208,주니어 레이스의 뼈,,,
MLUA_PLAYERINVENTORY_050,레이스의 뼈,RootDesk/MyDesk/PlayerInventory.mlua:209,레이스의 뼈,,,
MLUA_PLAYERINVENTORY_051,스켈독의 뼈,RootDesk/MyDesk/PlayerInventory.mlua:210,스켈독의 뼈,,,
MLUA_PLAYERINVENTORY_052,머미독의 붕대,RootDesk/MyDesk/PlayerInventory.mlua:211,머미독의 붕대,,,
MLUA_PLAYERINVENTORY_053,쉐도우 듀어러의 결정,RootDesk/MyDesk/PlayerInventory.mlua:215,쉐도우 듀어러의 결정,,,
MLUA_PLAYERINVENTORY_054,자이언트 쉐도우의 파편,RootDesk/MyDesk/PlayerInventory.mlua:216,자이언트 쉐도우의 파편,,,
MLUA_PLAYERINVENTORY_055,쉐도우 블레이드의 그림자 구슬,RootDesk/MyDesk/PlayerInventory.mlua:217,쉐도우 블레이드의 그림자 구슬,,,
MLUA_PLAYERINVENTORY_056,오다군 정찰병의 철판,RootDesk/MyDesk/PlayerInventory.mlua:218,오다군 정찰병의 철판,,,
MLUA_PLAYERINVENTORY_057,스타픽시의 별조각,RootDesk/MyDesk/PlayerInventory.mlua:225,스타픽시의 별조각,,,
MLUA_PLAYERINVENTORY_058,루나픽시의 달조각,RootDesk/MyDesk/PlayerInventory.mlua:226,루나픽시의 달조각,,,
MLUA_PLAYERINVENTORY_059,네펜데스의 씨앗,RootDesk/MyDesk/PlayerInventory.mlua:227,네펜데스의 씨앗,,,
MLUA_PLAYERINVENTORY_060,러스터픽시의 빛나는 날개,RootDesk/MyDesk/PlayerInventory.mlua:228,러스터픽시의 빛나는 날개,,,
MLUA_PLAYERINVENTORY_061,고스트픽시의 투명한 조각,RootDesk/MyDesk/PlayerInventory.mlua:229,고스트픽시의 투명한 조각,,,
MLUA_PLAYERINVENTORY_062,다크네펜데스의 씨앗,RootDesk/MyDesk/PlayerInventory.mlua:230,다크네펜데스의 씨앗,,,
MLUA_PLAYERINVENTORY_063,거대네펜데스의 씨앗,RootDesk/MyDesk/PlayerInventory.mlua:234,거대네펜데스의 씨앗,,,
MLUA_PLAYERINVENTORY_064,샐리온의 꼬리,RootDesk/MyDesk/PlayerInventory.mlua:241,샐리온의 꼬리,,,
MLUA_PLAYERINVENTORY_065,라이오너의 꼬리,RootDesk/MyDesk/PlayerInventory.mlua:242,라이오너의 꼬리,,,
MLUA_PLAYERINVENTORY_066,루이넬의 꼬리,RootDesk/MyDesk/PlayerInventory.mlua:243,루이넬의 꼬리,,,
MLUA_PLAYERINVENTORY_067,저빌의 치아,RootDesk/MyDesk/PlayerInventory.mlua:244,저빌의 치아,,,
MLUA_PLAYERINVENTORY_068,골든 저빌의 망토,RootDesk/MyDesk/PlayerInventory.mlua:245,골든 저빌의 망토,,,
MLUA_PLAYERINVENTORY_069,페넥의 창,RootDesk/MyDesk/PlayerInventory.mlua:246,페넥의 창,,,
MLUA_PLAYERINVENTORY_070,골든 페넥의 방패,RootDesk/MyDesk/PlayerInventory.mlua:247,골든 페넥의 방패,,,
MLUA_PLAYERINVENTORY_071,스코피의 투구,RootDesk/MyDesk/PlayerInventory.mlua:248,스코피의 투구,,,
MLUA_PLAYERINVENTORY_072,골든 스코피의 투구,RootDesk/MyDesk/PlayerInventory.mlua:249,골든 스코피의 투구,,,
MLUA_PLAYERINVENTORY_073,맘무트의 꼬리,RootDesk/MyDesk/PlayerInventory.mlua:250,맘무트의 꼬리,,,
MLUA_PLAYERINVENTORY_074,골든 맘무트의 상아,RootDesk/MyDesk/PlayerInventory.mlua:251,골든 맘무트의 상아,,,
MLUA_PLAYERINVENTORY_075,주니어 샐리온의 불꽃 구슬,RootDesk/MyDesk/PlayerInventory.mlua:254,주니어 샐리온의 불꽃 구슬,,,
MLUA_PLAYERINVENTORY_076,주니어 라이오너의 번개 주화,RootDesk/MyDesk/PlayerInventory.mlua:255,주니어 라이오너의 번개 주화,,,
MLUA_PLAYERINVENTORY_077,주니어 그류핀의 얼음 돌,RootDesk/MyDesk/PlayerInventory.mlua:256,주니어 그류핀의 얼음 돌,,,
MLUA_PLAYERINVENTORY_078,주니어 루이넬의 보랏빛 주화,RootDesk/MyDesk/PlayerInventory.mlua:257,주니어 루이넬의 보랏빛 주화,,,
MLUA_PLAYERINVENTORY_079,트라고스의 돌조각,RootDesk/MyDesk/PlayerInventory.mlua:258,트라고스의 돌조각,,,
MLUA_PLAYERINVENTORY_080,캐피바라의 황금 결정,RootDesk/MyDesk/PlayerInventory.mlua:259,캐피바라의 황금 결정,,,
MLUA_PLAYERINVENTORY_081,발광 박쥐의 날개,RootDesk/MyDesk/PlayerInventory.mlua:263,발광 박쥐의 날개,,,
MLUA_PLAYERINVENTORY_082,불안정한 에르다스의 정수,RootDesk/MyDesk/PlayerInventory.mlua:267,불안정한 에르다스의 정수,,,
MLUA_PLAYERINVENTORY_083,알 수 없는 티켓,RootDesk/MyDesk/PlayerInventory.mlua:269 | RootDesk/MyDesk/UI/ShadowShopUI.mlua:40 | /ui/ShadowShopGroup/Panel/List/Item2/NameText,알 수 없는 티켓,,,
MLUA_PLAYERINVENTORY_084,알 수 없는 열쇠,RootDesk/MyDesk/PlayerInventory.mlua:273,알 수 없는 열쇠,,,
MLUA_PLAYERINVENTORY_085,알 수 없는 메달,RootDesk/MyDesk/PlayerInventory.mlua:278,알 수 없는 메달,,,
MLUA_PLAYERINVENTORY_086,검투사의 증표,RootDesk/MyDesk/PlayerInventory.mlua:285,검투사의 증표,,,
MLUA_PLAYERINVENTORY_087,리티의 털뭉치,RootDesk/MyDesk/PlayerInventory.mlua:293,리티의 털뭉치,,,
MLUA_PLAYERINVENTORY_088,다크 리티의 털뭉치,RootDesk/MyDesk/PlayerInventory.mlua:294,다크 리티의 털뭉치,,,
MLUA_PLAYERINVENTORY_089,뻣뻣한 깃털,RootDesk/MyDesk/PlayerInventory.mlua:295,뻣뻣한 깃털,,,
MLUA_PLAYERINVENTORY_090,눈덩이,RootDesk/MyDesk/PlayerInventory.mlua:296,눈덩이,,,
MLUA_PLAYERINVENTORY_091,다크 주니어 예티의 가죽,RootDesk/MyDesk/PlayerInventory.mlua:297,다크 주니어 예티의 가죽,,,
MLUA_PLAYERINVENTORY_092,페페 코인,RootDesk/MyDesk/PlayerInventory.mlua:298,페페 코인,,,
MLUA_PLAYERINVENTORY_093,다크 페페의 부리,RootDesk/MyDesk/PlayerInventory.mlua:299,다크 페페의 부리,,,
MLUA_PLAYERINVENTORY_094,헥터의 꼬리,RootDesk/MyDesk/PlayerInventory.mlua:300,헥터의 꼬리,,,
MLUA_PLAYERINVENTORY_095,화이트팽의 꼬리,RootDesk/MyDesk/PlayerInventory.mlua:301,화이트팽의 꼬리,,,
MLUA_PLAYERINVENTORY_096,생크림,RootDesk/MyDesk/PlayerInventory.mlua:302,생크림,,,
MLUA_PLAYERINVENTORY_097,젤라틴,RootDesk/MyDesk/PlayerInventory.mlua:309,젤라틴,,,
MLUA_PLAYERINVENTORY_098,예티의 뿔,RootDesk/MyDesk/PlayerInventory.mlua:310,예티의 뿔,,,
MLUA_PLAYERINVENTORY_099,다크 예티의 뿔,RootDesk/MyDesk/PlayerInventory.mlua:311,다크 예티의 뿔,,,
MLUA_PLAYERINVENTORY_100,얼음 조각,RootDesk/MyDesk/PlayerInventory.mlua:312,얼음 조각,,,
MLUA_PLAYERINVENTORY_101,차가운 얼음조각,RootDesk/MyDesk/PlayerInventory.mlua:313,차가운 얼음조각,,,
MLUA_PLAYERINVENTORY_102,웨어울프의 발톱,RootDesk/MyDesk/PlayerInventory.mlua:319,웨어울프의 발톱,,,
MLUA_PLAYERINVENTORY_103,라이칸스로프의 발톱,RootDesk/MyDesk/PlayerInventory.mlua:320,라이칸스로프의 발톱,,,
MLUA_PLAYERINVENTORY_104,눈송이 결정,RootDesk/MyDesk/PlayerInventory.mlua:321,눈송이 결정,,,
MLUA_PLAYERINVENTORY_105,플라이아이의 눈알,RootDesk/MyDesk/PlayerInventory.mlua:322,플라이아이의 눈알,,,
MLUA_PLAYERINVENTORY_106,레인디어의 뿔,RootDesk/MyDesk/PlayerInventory.mlua:328,레인디어의 뿔,,,
MLUA_PLAYERINVENTORY_107,블러드 레인디어의 방울,RootDesk/MyDesk/PlayerInventory.mlua:329,블러드 레인디어의 방울,,,
MLUA_PLAYERINVENTORY_108,좀비의 잃어버린 어금니,RootDesk/MyDesk/PlayerInventory.mlua:335,좀비의 잃어버린 어금니,,,
MLUA_PLAYERINVENTORY_109,좀비의 잃어버린 금니,RootDesk/MyDesk/PlayerInventory.mlua:336,좀비의 잃어버린 금니,,,
MLUA_PLAYERINVENTORY_110,미믹의 유리병,RootDesk/MyDesk/PlayerInventory.mlua:338,미믹의 유리병,,,
MLUA_PLAYERINVENTORY_111,초대권,RootDesk/MyDesk/PlayerInventory.mlua:344,초대권,,,
MLUA_PLAYERINVENTORY_112,자격의 증표,RootDesk/MyDesk/PlayerInventory.mlua:348,자격의 증표,,,
MLUA_LEVELREWARDLOGIC_001,골드,RootDesk/MyDesk/PlayerLevel/LevelRewardLogic.mlua:100,골드,,,
MLUA_LEVELREWARDLOGIC_002,다이아,RootDesk/MyDesk/PlayerLevel/LevelRewardLogic.mlua:101 | RootDesk/MyDesk/UI/ShopUI.mlua:135 | /ui/TitleGroup/ShopPanel/Tabs/TabDiamond/Label,다이아,,,
MLUA_LEVELREWARDLOGIC_003,유물 뽑기권,RootDesk/MyDesk/PlayerLevel/LevelRewardLogic.mlua:102 | RootDesk/MyDesk/Puzzle/Map24TreasureChestLogic.mlua:109,유물 뽑기권,,,
MLUA_LEVELREWARDLOGIC_004,스킬 뽑기권,RootDesk/MyDesk/PlayerLevel/LevelRewardLogic.mlua:103,스킬 뽑기권,,,
MLUA_LEVELREWARDLOGIC_005,장비,RootDesk/MyDesk/PlayerLevel/LevelRewardLogic.mlua:106,장비,,,
MLUA_LEVELREWARDLOGIC_006,레벨,RootDesk/MyDesk/PlayerLevel/LevelRewardLogic.mlua:111 | RootDesk/MyDesk/PlayerLevel/LevelRewardUI.mlua:313,레벨,,,
MLUA_LEVELREWARDLOGIC_007,보상,RootDesk/MyDesk/PlayerLevel/LevelRewardLogic.mlua:111,보상,,,
MLUA_LEVELREWARDUI_001,모든 보상을 받았어요!,RootDesk/MyDesk/PlayerLevel/LevelRewardUI.mlua:280,모든 보상을 받았어요!,All rewards claimed!,,
MLUA_LEVELREWARDUI_002,이 되면 받을 수 있어요,RootDesk/MyDesk/PlayerLevel/LevelRewardUI.mlua:313,이 되면 받을 수 있어요,,,
MLUA_POLICYGATELOGIC_001,"PolicyGateLogic: 출시 환경이 아님(Maker) -> 정책 조회 생략, 유료 뽑기 허용",[LOG] RootDesk/MyDesk/Policy/PolicyGateLogic.mlua:44,"PolicyGateLogic: 출시 환경이 아님(Maker) -> 정책 조회 생략, 유료 뽑기 허용",,,
MLUA_POLICYGATELOGIC_002,PolicyGateLogic: policy info = nil (Maker 또는 조회 실패) -> 유료 뽑기 허용,[LOG] RootDesk/MyDesk/Policy/PolicyGateLogic.mlua:53,PolicyGateLogic: policy info = nil (Maker 또는 조회 실패) -> 유료 뽑기 허용,,,
MLUA_EP1ZONE2MANOLOGIC_001,마노가 나타났다!,RootDesk/MyDesk/Puzzle/Ep1Zone2ManoLogic.mlua:23,마노가 나타났다!,,,
MLUA_EP2MAP2STATUEPUZZLELOGIC_001,맵 어딘가에 변화가 생겼습니다,RootDesk/MyDesk/Puzzle/Ep2Map2StatuePuzzleLogic.mlua:21 | RootDesk/MyDesk/Puzzle/Ep2Map4PiecePuzzleLogic.mlua:162,맵 어딘가에 변화가 생겼습니다,,,
MLUA_EP2MAP2STATUEPUZZLELOGIC_002,석상이 반응하지 않습니다,RootDesk/MyDesk/Puzzle/Ep2Map2StatuePuzzleLogic.mlua:22,석상이 반응하지 않습니다,,,
MLUA_EP2MAP4CENTAURLOGIC_001,켄타우로스 무리가 나타났습니다!,RootDesk/MyDesk/Puzzle/Ep2Map4CentaurLogic.mlua:69,켄타우로스 무리가 나타났습니다!,,,
MLUA_EP2MAP4GALLERYPORTALTRIGGER_001,가 부족합니다 (,RootDesk/MyDesk/Puzzle/Ep2Map4GalleryPortalTrigger.mlua:47,가 부족합니다 (,,,
MLUA_EP2MINIBEANEASTEREGGLOGIC_001,미니빈이 출현했다!,RootDesk/MyDesk/Puzzle/Ep2MiniBeanEasterEggLogic.mlua:124,미니빈이 출현했다!,,,
MLUA_EP3MAP1INVITATIONEASTEREGGLOGIC_001,맵 어딘가에 변화가 생겼습니다!,RootDesk/MyDesk/Puzzle/Ep3Map1InvitationEasterEggLogic.mlua:37,맵 어딘가에 변화가 생겼습니다!,,,
MLUA_EP3MAP1MUSHROOMLOGIC_001,한겨울의 주황버섯이 나타났다!,RootDesk/MyDesk/Puzzle/Ep3Map1MushroomLogic.mlua:35,한겨울의 주황버섯이 나타났다!,,,
MLUA_EP3MAP2BONUSBOSSLOGIC_001,이미 입장했습니다!,RootDesk/MyDesk/Puzzle/Ep3Map2BonusBossLogic.mlua:63,이미 입장했습니다!,,,
MLUA_EP3MAP2BONUSBOSSLOGIC_002,곧 다른 맵으로 이동합니다!,RootDesk/MyDesk/Puzzle/Ep3Map2BonusBossLogic.mlua:64,곧 다른 맵으로 이동합니다!,,,
MLUA_EP3MAP2LOSTRUDOLPHLOGIC_001,길잃은 루돌프가 등장했다! 터치해보자!,RootDesk/MyDesk/Puzzle/Ep3Map2LostRudolphLogic.mlua:19,길잃은 루돌프가 등장했다! 터치해보자!,,,
MLUA_EP3MAP2LOSTRUDOLPHLOGIC_002,앗..! 멈춰있을 때 다시 시도해 보자!,RootDesk/MyDesk/Puzzle/Ep3Map2LostRudolphLogic.mlua:20,앗..! 멈춰있을 때 다시 시도해 보자!,,,
MLUA_EP3MAP2LOSTRUDOLPHLOGIC_003,산타에게 말을 걸어보자!,RootDesk/MyDesk/Puzzle/Ep3Map2LostRudolphLogic.mlua:21,산타에게 말을 걸어보자!,,,
MLUA_EP3MAP2LOSTRUDOLPHLOGIC_004,"Ep3Map2LostRudolph: caught successfully, no reward (유저 지정)",[LOG] RootDesk/MyDesk/Puzzle/Ep3Map2LostRudolphLogic.mlua:97,"Ep3Map2LostRudolph: caught successfully, no reward (유저 지정)",,,
MLUA_MAP21RELICEASTEREGG_001,실피드,RootDesk/MyDesk/Puzzle/Map21RelicEasterEgg.mlua:115 | RootDesk/MyDesk/UI/CharacterUnlockUI.mlua:52 | RootDesk/MyDesk/UI/WorldCharacterSelectUI.mlua:283 | /ui/CharacterUnlockGroup/Panel/NameText | /ui/TitleGroup/SkillPanel/CharacterFilterList/btnCharSylph,실피드,Sylph,,
MLUA_MAP21RELICEASTEREGG_002,"바람과 함께 전장을 누비는 신비로운 궁수.
빠른 화살로 적의 약점을 꿰뚫고, 거센
바람으로 전장을 지배한다.",RootDesk/MyDesk/Puzzle/Map21RelicEasterEgg.mlua:115 | /ui/CharacterUnlockGroup/Panel/OptionBox/OptionText,"바람과 함께 전장을 누비는 신비로운 궁수.
빠른 화살로 적의 약점을 꿰뚫고, 거센
바람으로 전장을 지배한다.",,,
MLUA_MAP23ERDASEASTEREGGLOGIC_001,정수가 부족합니다,RootDesk/MyDesk/Puzzle/Map23ErdasEasterEggLogic.mlua:29,정수가 부족합니다,,,
MLUA_MAP23ERDASEASTEREGGLOGIC_002,에르다스가 소환되었다.,RootDesk/MyDesk/Puzzle/Map23ErdasEasterEggLogic.mlua:118,에르다스가 소환되었다.,,,
MLUA_MAP23ERDASEASTEREGGLOGIC_003,첫번째,RootDesk/MyDesk/Puzzle/Map23ErdasEasterEggLogic.mlua:123,첫번째,,,
MLUA_MAP23ERDASEASTEREGGLOGIC_004,두번째,RootDesk/MyDesk/Puzzle/Map23ErdasEasterEggLogic.mlua:124,두번째,,,
MLUA_MAP23ERDASEASTEREGGLOGIC_005,세번째,RootDesk/MyDesk/Puzzle/Map23ErdasEasterEggLogic.mlua:126,세번째,,,
MLUA_MAP23ERDASEASTEREGGLOGIC_006,어딘가에 포탈이 활성화되었다!,RootDesk/MyDesk/Puzzle/Map23ErdasEasterEggLogic.mlua:152,어딘가에 포탈이 활성화되었다!,,,
MLUA_MAP24TREASURECHESTLOGIC_001,장 획득!,RootDesk/MyDesk/Puzzle/Map24TreasureChestLogic.mlua:109,장 획득!,,,
MLUA_NINJASTATUEPUZZLELOGIC_001,얄미운 미니무르가 등장했다!,RootDesk/MyDesk/Puzzle/NinjaStatuePuzzleLogic.mlua:79,얄미운 미니무르가 등장했다!,,,
MLUA_RAIDLOGIC_001,캐릭터들이 부활했어요! 다시 보스를 공격합니다,RootDesk/MyDesk/Raid/RaidLogic.mlua:410,캐릭터들이 부활했어요! 다시 보스를 공격합니다,,,
MLUA_RAIDLOGIC_002,주간 레이드,RootDesk/MyDesk/Raid/RaidLogic.mlua:728,주간 레이드,,,
MLUA_RAIDLOGIC_003,등급 보상 + 반지 강화 주문서,RootDesk/MyDesk/Raid/RaidLogic.mlua:728,등급 보상 + 반지 강화 주문서,,,
MLUA_RAIDLOGIC_004,장을 받았어요!,RootDesk/MyDesk/Raid/RaidLogic.mlua:729,장을 받았어요!,,,
MLUA_RAIDLOGIC_005,지금은 받을 수 있는 레이드 보상이 없어요,RootDesk/MyDesk/Raid/RaidLogic.mlua:731,지금은 받을 수 있는 레이드 보상이 없어요,,,
MLUA_RAIDTUTORIALUI_001,레이드가 생성되었습니다!,RootDesk/MyDesk/Raid/RaidTutorialUI.mlua:70 | /ui/TitleGroup/RaidUnlockBanner,레이드가 생성되었습니다!,,,
MLUA_RAIDUI_001,보스 체력,RootDesk/MyDesk/Raid/RaidUI.mlua:275 | /ui/RaidGroup/HpBack/HpText,보스 체력,,,
MLUA_RAIDUI_002,정산 중,RootDesk/MyDesk/Raid/RaidUI.mlua:286,정산 중,,,
MLUA_RELICINVENTORY_001,시그너스의 손수건,RootDesk/MyDesk/Relic/RelicInventory.mlua:56 | /ui/TitleGroup/RelicPanel/ScrollArea/List/RelicSlot_0/Name,시그너스의 손수건,Cygnus's Handkerchief,,
MLUA_RELICINVENTORY_002,만년설화,RootDesk/MyDesk/Relic/RelicInventory.mlua:56 | /ui/TitleGroup/RelicPanel/ScrollArea/List/RelicSlot_1/Name,만년설화,Everlasting Snow Flower,,
MLUA_RELICINVENTORY_003,시몬수의자,RootDesk/MyDesk/Relic/RelicInventory.mlua:56 | /ui/TitleGroup/RelicPanel/ScrollArea/List/RelicSlot_2/Name,시몬수의자,Simon's Chair,,
MLUA_RELICINVENTORY_004,룬,RootDesk/MyDesk/Relic/RelicInventory.mlua:56 | /ui/TitleGroup/RelicPanel/ScrollArea/List/RelicSlot_3/Name,룬,Rune,,
MLUA_RELICINVENTORY_005,봉인된 오브,RootDesk/MyDesk/Relic/RelicInventory.mlua:56 | /ui/TitleGroup/RelicPanel/ScrollArea/List/RelicSlot_4/Name,봉인된 오브,Sealed Orb,,
MLUA_RELICINVENTORY_006,지혜의 항아리,RootDesk/MyDesk/Relic/RelicInventory.mlua:56 | /ui/TitleGroup/RelicPanel/ScrollArea/List/RelicSlot_5/Name,지혜의 항아리,Jar of Wisdom,,
MLUA_RELICINVENTORY_007,에오스의 돌,RootDesk/MyDesk/Relic/RelicInventory.mlua:57 | /ui/TitleGroup/RelicPanel/ScrollArea/List/RelicSlot_6/Name,에오스의 돌,Stone of Eos,,
MLUA_RELICINVENTORY_008,황금 카드,RootDesk/MyDesk/Relic/RelicInventory.mlua:57 | /ui/TitleGroup/RelicPanel/ScrollArea/List/RelicSlot_7/Name,황금 카드,Golden Card,,
MLUA_RELICINVENTORY_009,성배,RootDesk/MyDesk/Relic/RelicInventory.mlua:57 | /ui/TitleGroup/RelicPanel/ScrollArea/List/RelicSlot_8/Name,성배,Holy Grail,,
MLUA_RELICINVENTORY_010,힘의 마법석,RootDesk/MyDesk/Relic/RelicInventory.mlua:57 | /ui/TitleGroup/RelicPanel/ScrollArea/List/RelicSlot_9/Name,힘의 마법석,Magic Stone of Power,,
MLUA_RELICINVENTORY_011,수리검,RootDesk/MyDesk/Relic/RelicInventory.mlua:57 | /ui/TitleGroup/RelicPanel/ScrollArea/List/RelicSlot_10/Name,수리검,Shuriken,,
MLUA_RELICINVENTORY_012,낡은 피아노,RootDesk/MyDesk/Relic/RelicInventory.mlua:57 | /ui/TitleGroup/RelicPanel/ScrollArea/List/RelicSlot_11/Name,낡은 피아노,Old Piano,,
MLUA_RELICINVENTORY_013,무닌,RootDesk/MyDesk/Relic/RelicInventory.mlua:58 | /ui/TitleGroup/RelicPanel/ScrollArea/List/RelicSlot_12/Name,무닌,Munin,,
MLUA_RELICINVENTORY_014,자수정,RootDesk/MyDesk/Relic/RelicInventory.mlua:58 | /ui/TitleGroup/RelicPanel/ScrollArea/List/RelicSlot_13/Name,자수정,Amethyst,,
MLUA_RELICINVENTORY_015,소행성,RootDesk/MyDesk/Relic/RelicInventory.mlua:58 | /ui/TitleGroup/RelicPanel/ScrollArea/List/RelicSlot_14/Name,소행성,Asteroid,,
MLUA_RELICINVENTORY_016,팬더 허수아비,RootDesk/MyDesk/Relic/RelicInventory.mlua:58 | /ui/TitleGroup/RelicPanel/ScrollArea/List/RelicSlot_15/Name,팬더 허수아비,Panda Scarecrow,,
MLUA_RELICINVENTORY_017,복주머니,RootDesk/MyDesk/Relic/RelicInventory.mlua:58 | /ui/TitleGroup/RelicPanel/ScrollArea/List/RelicSlot_16/Name,복주머니,Lucky Pouch,,
MLUA_RELICINVENTORY_018,검은 방패,RootDesk/MyDesk/Relic/RelicInventory.mlua:58 | /ui/TitleGroup/RelicPanel/ScrollArea/List/RelicSlot_17/Name,검은 방패,Black Shield,,
MLUA_RELICINVENTORY_019,기본 공격력,RootDesk/MyDesk/Relic/RelicInventory.mlua:313,기본 공격력,,,
MLUA_RELICINVENTORY_020,기본 공격 속도,RootDesk/MyDesk/Relic/RelicInventory.mlua:314,기본 공격 속도,,,
MLUA_RELICINVENTORY_021,상태이상 지속 시간,RootDesk/MyDesk/Relic/RelicInventory.mlua:315,상태이상 지속 시간,,,
MLUA_RELICINVENTORY_022,보스에게 가하는 피해,RootDesk/MyDesk/Relic/RelicInventory.mlua:316,보스에게 가하는 피해,,,
MLUA_RELICINVENTORY_023,스킬 피해량,RootDesk/MyDesk/Relic/RelicInventory.mlua:317,스킬 피해량,,,
MLUA_RELICINVENTORY_024,스킬 쿨타임 감소,RootDesk/MyDesk/Relic/RelicInventory.mlua:318,스킬 쿨타임 감소,,,
MLUA_RELICINVENTORY_025,적 이동 속도 감소,RootDesk/MyDesk/Relic/RelicInventory.mlua:319,적 이동 속도 감소,,,
MLUA_RELICINVENTORY_026,보스 스킬 드롭율,RootDesk/MyDesk/Relic/RelicInventory.mlua:320,보스 스킬 드롭율,,,
MLUA_RELICINVENTORY_027,골드 획득,RootDesk/MyDesk/Relic/RelicInventory.mlua:321,골드 획득,,,
MLUA_RELICINVENTORY_028,상태이상 적에게 주는 피해,RootDesk/MyDesk/Relic/RelicInventory.mlua:322,상태이상 적에게 주는 피해,,,
MLUA_RELICINVENTORY_029,치명타 시 2배 코인 확률,RootDesk/MyDesk/Relic/RelicInventory.mlua:323,치명타 시 2배 코인 확률,,,
MLUA_RELICINVENTORY_030,경험치 획득,RootDesk/MyDesk/Relic/RelicInventory.mlua:324,경험치 획득,,,
MLUA_RELICINVENTORY_031,크리티컬 피해,RootDesk/MyDesk/Relic/RelicInventory.mlua:325,크리티컬 피해,,,
MLUA_RELICINVENTORY_032,크리티컬 확률,RootDesk/MyDesk/Relic/RelicInventory.mlua:326,크리티컬 확률,,,
MLUA_RELICINVENTORY_033,포션 회복량,RootDesk/MyDesk/Relic/RelicInventory.mlua:327,포션 회복량,,,
MLUA_RELICINVENTORY_034,체력 10% 미만 시 무적,RootDesk/MyDesk/Relic/RelicInventory.mlua:328,체력 10% 미만 시 무적,,,
MLUA_RELICINVENTORY_035,포션 드롭율,RootDesk/MyDesk/Relic/RelicInventory.mlua:329,포션 드롭율,,,
MLUA_RELICINVENTORY_036,몬스터에게 입는 피해 감소,RootDesk/MyDesk/Relic/RelicInventory.mlua:330,몬스터에게 입는 피해 감소,,,
MLUA_RELICINVENTORY_037,알 수 없는 효과,RootDesk/MyDesk/Relic/RelicInventory.mlua:331,알 수 없는 효과,,,
MLUA_RELICUPGRADEUI_001,보유 시,RootDesk/MyDesk/Relic/RelicUpgradeUI.mlua:86,보유 시,,,
MLUA_RELICUPGRADEUI_002,— 아직 보유하지 않은 유물입니다,RootDesk/MyDesk/Relic/RelicUpgradeUI.mlua:86,— 아직 보유하지 않은 유물입니다,,,
MLUA_RELICUPGRADEUI_003,최대 레벨입니다,RootDesk/MyDesk/Relic/RelicUpgradeUI.mlua:96 | RootDesk/MyDesk/Skill/SkillUpgradeUI.mlua:103,최대 레벨입니다,,,
MLUA_RELICUPGRADEUI_004,다음 레벨:,RootDesk/MyDesk/Relic/RelicUpgradeUI.mlua:109,다음 레벨:,,,
MLUA_RELICUPGRADEUI_005,코인,RootDesk/MyDesk/Relic/RelicUpgradeUI.mlua:110 | RootDesk/MyDesk/Skill/SkillUpgradeUI.mlua:116,코인,,,
MLUA_SKILLUPGRADEUI_001,다음 레벨: Lv.,RootDesk/MyDesk/Skill/SkillUpgradeUI.mlua:115,다음 레벨: Lv.,,,
MLUA_SKILLUPGRADEUI_002,다음 효과 상승 구간(Lv3/6/9)까지의 축적 단계 (효과 없음),RootDesk/MyDesk/Skill/SkillUpgradeUI.mlua:133,다음 효과 상승 구간(Lv3/6/9)까지의 축적 단계 (효과 없음),,,
MLUA_SKILLUPGRADEUI_003,전체 쿨타임 2% 감소,RootDesk/MyDesk/Skill/SkillUpgradeUI.mlua:136,전체 쿨타임 2% 감소,,,
MLUA_SKILLUPGRADEUI_004,전체 쿨타임 4% 감소,RootDesk/MyDesk/Skill/SkillUpgradeUI.mlua:137,전체 쿨타임 4% 감소,,,
MLUA_SKILLUPGRADEUI_005,전체 쿨타임 6% 감소,RootDesk/MyDesk/Skill/SkillUpgradeUI.mlua:138,전체 쿨타임 6% 감소,,,
MLUA_SKILLUPGRADEUI_006,회복량 5% 증가,RootDesk/MyDesk/Skill/SkillUpgradeUI.mlua:140 | RootDesk/MyDesk/Skill/SkillUpgradeUI.mlua:374,회복량 5% 증가,,,
MLUA_SKILLUPGRADEUI_007,회복량 7% 증가,RootDesk/MyDesk/Skill/SkillUpgradeUI.mlua:141 | RootDesk/MyDesk/Skill/SkillUpgradeUI.mlua:375,회복량 7% 증가,,,
MLUA_SKILLUPGRADEUI_008,회복량 9% 증가,RootDesk/MyDesk/Skill/SkillUpgradeUI.mlua:142 | RootDesk/MyDesk/Skill/SkillUpgradeUI.mlua:376,회복량 9% 증가,,,
MLUA_SKILLUPGRADEUI_009,받는 피해 3% 감소,RootDesk/MyDesk/Skill/SkillUpgradeUI.mlua:144,받는 피해 3% 감소,,,
MLUA_SKILLUPGRADEUI_010,받는 피해 6% 감소,RootDesk/MyDesk/Skill/SkillUpgradeUI.mlua:145,받는 피해 6% 감소,,,
MLUA_SKILLUPGRADEUI_011,받는 피해 9% 감소,RootDesk/MyDesk/Skill/SkillUpgradeUI.mlua:146,받는 피해 9% 감소,,,
MLUA_SKILLUPGRADEUI_012,대미지 10% 증가,RootDesk/MyDesk/Skill/SkillUpgradeUI.mlua:148 | RootDesk/MyDesk/Skill/SkillUpgradeUI.mlua:152 | RootDesk/MyDesk/Skill/SkillUpgradeUI.mlua:156 | RootDesk/MyDesk/Skill/SkillUpgradeUI.mlua:160 | RootDesk/MyDesk/Skill/SkillUpgradeUI.mlua:164,대미지 10% 증가,,,
MLUA_SKILLUPGRADEUI_013,스턴 지속시간 1초 증가,RootDesk/MyDesk/Skill/SkillUpgradeUI.mlua:149,스턴 지속시간 1초 증가,,,
MLUA_SKILLUPGRADEUI_014,스턴 확률 10% 증가,RootDesk/MyDesk/Skill/SkillUpgradeUI.mlua:150 | RootDesk/MyDesk/Skill/SkillUpgradeUI.mlua:194,스턴 확률 10% 증가,,,
MLUA_SKILLUPGRADEUI_015,쿨타임 5% 감소,RootDesk/MyDesk/Skill/SkillUpgradeUI.mlua:153 | RootDesk/MyDesk/Skill/SkillUpgradeUI.mlua:157 | RootDesk/MyDesk/Skill/SkillUpgradeUI.mlua:161 | RootDesk/MyDesk/Skill/SkillUpgradeUI.mlua:165 | RootDesk/MyDesk/Skill/SkillUpgradeUI.mlua:181,쿨타임 5% 감소,,,
MLUA_SKILLUPGRADEUI_016,20% 확률로 빙결 스택 +1,RootDesk/MyDesk/Skill/SkillUpgradeUI.mlua:154,20% 확률로 빙결 스택 +1,,,
MLUA_SKILLUPGRADEUI_017,출혈 대미지 2% 증가,RootDesk/MyDesk/Skill/SkillUpgradeUI.mlua:158,출혈 대미지 2% 증가,,,
MLUA_SKILLUPGRADEUI_018,크리티컬 확률 5% 증가,RootDesk/MyDesk/Skill/SkillUpgradeUI.mlua:162 | RootDesk/MyDesk/Skill/SkillUpgradeUI.mlua:166 | RootDesk/MyDesk/Skill/SkillUpgradeUI.mlua:190,크리티컬 확률 5% 증가,,,
MLUA_SKILLUPGRADEUI_019,크리티컬 확률 +4%,RootDesk/MyDesk/Skill/SkillUpgradeUI.mlua:169 | RootDesk/MyDesk/Skill/SkillUpgradeUI.mlua:285 | RootDesk/MyDesk/Skill/SkillUpgradeUI.mlua:367,크리티컬 확률 +4%,,,
MLUA_SKILLUPGRADEUI_020,크리티컬 확률 +6%,RootDesk/MyDesk/Skill/SkillUpgradeUI.mlua:170 | RootDesk/MyDesk/Skill/SkillUpgradeUI.mlua:286 | RootDesk/MyDesk/Skill/SkillUpgradeUI.mlua:368 | RootDesk/MyDesk/Skill/SkillUpgradeUI.mlua:403 | RootDesk/MyDesk/Skill/SkillUpgradeUI.mlua:424,크리티컬 확률 +6%,,,
MLUA_SKILLUPGRADEUI_021,빙결 스택당 보너스대미지 +3%,RootDesk/MyDesk/Skill/SkillUpgradeUI.mlua:172,빙결 스택당 보너스대미지 +3%,,,
MLUA_SKILLUPGRADEUI_022,빙결 스택당 보너스대미지 +6%,RootDesk/MyDesk/Skill/SkillUpgradeUI.mlua:173,빙결 스택당 보너스대미지 +6%,,,
MLUA_SKILLUPGRADEUI_023,빙결 스택당 보너스대미지 +9%,RootDesk/MyDesk/Skill/SkillUpgradeUI.mlua:174,빙결 스택당 보너스대미지 +9%,,,
MLUA_SKILLUPGRADEUI_024,전체 스킬 피해량 2% 증가,RootDesk/MyDesk/Skill/SkillUpgradeUI.mlua:176,전체 스킬 피해량 2% 증가,,,
MLUA_SKILLUPGRADEUI_025,전체 스킬 피해량 4% 증가,RootDesk/MyDesk/Skill/SkillUpgradeUI.mlua:177,전체 스킬 피해량 4% 증가,,,
MLUA_SKILLUPGRADEUI_026,전체 스킬 피해량 6% 증가,RootDesk/MyDesk/Skill/SkillUpgradeUI.mlua:178,전체 스킬 피해량 6% 증가,,,
MLUA_SKILLUPGRADEUI_027,2연타 확률 +5%,RootDesk/MyDesk/Skill/SkillUpgradeUI.mlua:182,2연타 확률 +5%,,,
MLUA_SKILLUPGRADEUI_028,10% 확률로 빙결 스택 +1,RootDesk/MyDesk/Skill/SkillUpgradeUI.mlua:186,10% 확률로 빙결 스택 +1,,,
MLUA_SKILLUPGRADEUI_029,10% 확률로 빙결 스택 +2,RootDesk/MyDesk/Skill/SkillUpgradeUI.mlua:198,10% 확률로 빙결 스택 +2,,,
MLUA_SKILLUPGRADEUI_030,크리티컬 확률 10% 추가,RootDesk/MyDesk/Skill/SkillUpgradeUI.mlua:202 | RootDesk/MyDesk/Skill/SkillUpgradeUI.mlua:206,크리티컬 확률 10% 추가,,,
MLUA_SKILLUPGRADEUI_031,2연타 확률 +10%,RootDesk/MyDesk/Skill/SkillUpgradeUI.mlua:210,2연타 확률 +10%,,,
MLUA_SKILLUPGRADEUI_032,10% 확률로 빙결 스택 +3,RootDesk/MyDesk/Skill/SkillUpgradeUI.mlua:214,10% 확률로 빙결 스택 +3,,,
MLUA_SKILLUPGRADEUI_033,추가 타격 +1,RootDesk/MyDesk/Skill/SkillUpgradeUI.mlua:222 | RootDesk/MyDesk/Skill/SkillUpgradeUI.mlua:226,추가 타격 +1,,,
MLUA_SKILLUPGRADEUI_034,슬로우 확률 +10%,RootDesk/MyDesk/Skill/SkillUpgradeUI.mlua:230,슬로우 확률 +10%,,,
MLUA_SKILLUPGRADEUI_035,슬로우 상태 적 추가 대미지 +10%,RootDesk/MyDesk/Skill/SkillUpgradeUI.mlua:234,슬로우 상태 적 추가 대미지 +10%,,,
MLUA_SKILLUPGRADEUI_036,유지시간 +1초,RootDesk/MyDesk/Skill/SkillUpgradeUI.mlua:238 | RootDesk/MyDesk/Skill/SkillUpgradeUI.mlua:258,유지시간 +1초,,,
MLUA_SKILLUPGRADEUI_037,크리티컬 확률 +5%,RootDesk/MyDesk/Skill/SkillUpgradeUI.mlua:242 | RootDesk/MyDesk/Skill/SkillUpgradeUI.mlua:246 | RootDesk/MyDesk/Skill/SkillUpgradeUI.mlua:387 | RootDesk/MyDesk/Skill/SkillUpgradeUI.mlua:388 | RootDesk/MyDesk/Skill/SkillUpgradeUI.mlua:389,크리티컬 확률 +5%,,,
MLUA_SKILLUPGRADEUI_038,충돌 대미지 +15%,RootDesk/MyDesk/Skill/SkillUpgradeUI.mlua:250,충돌 대미지 +15%,,,
MLUA_SKILLUPGRADEUI_039,쿨타임 8% 감소,RootDesk/MyDesk/Skill/SkillUpgradeUI.mlua:253 | RootDesk/MyDesk/Skill/SkillUpgradeUI.mlua:257 | RootDesk/MyDesk/Skill/SkillUpgradeUI.mlua:261 | RootDesk/MyDesk/Skill/SkillUpgradeUI.mlua:265 | RootDesk/MyDesk/Skill/SkillUpgradeUI.mlua:269,쿨타임 8% 감소,,,
MLUA_SKILLUPGRADEUI_040,스턴 시간 +1초,RootDesk/MyDesk/Skill/SkillUpgradeUI.mlua:254,스턴 시간 +1초,,,
MLUA_SKILLUPGRADEUI_041,대미지 15% 증가,RootDesk/MyDesk/Skill/SkillUpgradeUI.mlua:256 | RootDesk/MyDesk/Skill/SkillUpgradeUI.mlua:260 | RootDesk/MyDesk/Skill/SkillUpgradeUI.mlua:264 | RootDesk/MyDesk/Skill/SkillUpgradeUI.mlua:268 | RootDesk/MyDesk/Skill/SkillUpgradeUI.mlua:272,대미지 15% 증가,,,
MLUA_SKILLUPGRADEUI_042,추가 타격 +2,RootDesk/MyDesk/Skill/SkillUpgradeUI.mlua:262 | RootDesk/MyDesk/Skill/SkillUpgradeUI.mlua:266,추가 타격 +2,,,
MLUA_SKILLUPGRADEUI_043,크리티컬 확률 +8%,RootDesk/MyDesk/Skill/SkillUpgradeUI.mlua:270 | RootDesk/MyDesk/Skill/SkillUpgradeUI.mlua:274 | RootDesk/MyDesk/Skill/SkillUpgradeUI.mlua:278 | RootDesk/MyDesk/Skill/SkillUpgradeUI.mlua:395 | RootDesk/MyDesk/Skill/SkillUpgradeUI.mlua:396,크리티컬 확률 +8%,,,
MLUA_SKILLUPGRADEUI_044,쿨타임 2% 감소,RootDesk/MyDesk/Skill/SkillUpgradeUI.mlua:280 | RootDesk/MyDesk/Skill/SkillUpgradeUI.mlua:402 | RootDesk/MyDesk/Skill/SkillUpgradeUI.mlua:423,쿨타임 2% 감소,,,
MLUA_SKILLUPGRADEUI_045,쿨타임 4% 감소,RootDesk/MyDesk/Skill/SkillUpgradeUI.mlua:281 | RootDesk/MyDesk/Skill/SkillUpgradeUI.mlua:402 | RootDesk/MyDesk/Skill/SkillUpgradeUI.mlua:423,쿨타임 4% 감소,,,
MLUA_SKILLUPGRADEUI_046,쿨타임 6% 감소,RootDesk/MyDesk/Skill/SkillUpgradeUI.mlua:282 | RootDesk/MyDesk/Skill/SkillUpgradeUI.mlua:402 | RootDesk/MyDesk/Skill/SkillUpgradeUI.mlua:423,쿨타임 6% 감소,,,
MLUA_SKILLUPGRADEUI_047,크리티컬 대미지 +3%,RootDesk/MyDesk/Skill/SkillUpgradeUI.mlua:288 | RootDesk/MyDesk/Skill/SkillUpgradeUI.mlua:404 | RootDesk/MyDesk/Skill/SkillUpgradeUI.mlua:425,크리티컬 대미지 +3%,,,
MLUA_SKILLUPGRADEUI_048,크리티컬 대미지 +6%,RootDesk/MyDesk/Skill/SkillUpgradeUI.mlua:289 | RootDesk/MyDesk/Skill/SkillUpgradeUI.mlua:404 | RootDesk/MyDesk/Skill/SkillUpgradeUI.mlua:425,크리티컬 대미지 +6%,,,
MLUA_SKILLUPGRADEUI_049,크리티컬 대미지 +9%,RootDesk/MyDesk/Skill/SkillUpgradeUI.mlua:290 | RootDesk/MyDesk/Skill/SkillUpgradeUI.mlua:404 | RootDesk/MyDesk/Skill/SkillUpgradeUI.mlua:425,크리티컬 대미지 +9%,,,
MLUA_SKILLUPGRADEUI_050,추가 공격 확률 +3%,RootDesk/MyDesk/Skill/SkillUpgradeUI.mlua:292 | RootDesk/MyDesk/Skill/SkillUpgradeUI.mlua:426,추가 공격 확률 +3%,,,
MLUA_SKILLUPGRADEUI_051,추가 공격 확률 +6%,RootDesk/MyDesk/Skill/SkillUpgradeUI.mlua:293 | RootDesk/MyDesk/Skill/SkillUpgradeUI.mlua:426,추가 공격 확률 +6%,,,
MLUA_SKILLUPGRADEUI_052,추가 공격 확률 +9%,RootDesk/MyDesk/Skill/SkillUpgradeUI.mlua:294 | RootDesk/MyDesk/Skill/SkillUpgradeUI.mlua:426,추가 공격 확률 +9%,,,
MLUA_SKILLUPGRADEUI_053,피해량 2% 증가,RootDesk/MyDesk/Skill/SkillUpgradeUI.mlua:296 | RootDesk/MyDesk/Skill/SkillUpgradeUI.mlua:378 | RootDesk/MyDesk/Skill/SkillUpgradeUI.mlua:406 | RootDesk/MyDesk/Skill/SkillUpgradeUI.mlua:427,피해량 2% 증가,,,
MLUA_SKILLUPGRADEUI_054,피해량 4% 증가,RootDesk/MyDesk/Skill/SkillUpgradeUI.mlua:297 | RootDesk/MyDesk/Skill/SkillUpgradeUI.mlua:379 | RootDesk/MyDesk/Skill/SkillUpgradeUI.mlua:406 | RootDesk/MyDesk/Skill/SkillUpgradeUI.mlua:427,피해량 4% 증가,,,
MLUA_SKILLUPGRADEUI_055,피해량 6% 증가,RootDesk/MyDesk/Skill/SkillUpgradeUI.mlua:298 | RootDesk/MyDesk/Skill/SkillUpgradeUI.mlua:380 | RootDesk/MyDesk/Skill/SkillUpgradeUI.mlua:406 | RootDesk/MyDesk/Skill/SkillUpgradeUI.mlua:427,피해량 6% 증가,,,
MLUA_SKILLUPGRADEUI_056,추가 콤보 발동 확률 +50%,RootDesk/MyDesk/Skill/SkillUpgradeUI.mlua:304 | RootDesk/MyDesk/Skill/SkillUpgradeUI.mlua:308 | RootDesk/MyDesk/Skill/SkillUpgradeUI.mlua:312 | RootDesk/MyDesk/Skill/SkillUpgradeUI.mlua:320 | RootDesk/MyDesk/Skill/SkillUpgradeUI.mlua:328,추가 콤보 발동 확률 +50%,,,
MLUA_SKILLUPGRADEUI_057,충돌 대미지 20% 증가,RootDesk/MyDesk/Skill/SkillUpgradeUI.mlua:316,충돌 대미지 20% 증가,,,
MLUA_SKILLUPGRADEUI_058,강화 타격 확률 +10%,RootDesk/MyDesk/Skill/SkillUpgradeUI.mlua:324 | RootDesk/MyDesk/Skill/SkillUpgradeUI.mlua:360,강화 타격 확률 +10%,,,
MLUA_SKILLUPGRADEUI_059,소환수 대미지 10% 증가,RootDesk/MyDesk/Skill/SkillUpgradeUI.mlua:332,소환수 대미지 10% 증가,,,
MLUA_SKILLUPGRADEUI_060,스턴 지속시간 +1초,RootDesk/MyDesk/Skill/SkillUpgradeUI.mlua:336,스턴 지속시간 +1초,,,
MLUA_SKILLUPGRADEUI_061,2타 대미지 +10%,RootDesk/MyDesk/Skill/SkillUpgradeUI.mlua:340,2타 대미지 +10%,,,
MLUA_SKILLUPGRADEUI_062,충돌·착지 대미지 15% 증가,RootDesk/MyDesk/Skill/SkillUpgradeUI.mlua:344,충돌·착지 대미지 15% 증가,,,
MLUA_SKILLUPGRADEUI_063,콤보 폭발 대미지 15% 증가,RootDesk/MyDesk/Skill/SkillUpgradeUI.mlua:348,콤보 폭발 대미지 15% 증가,,,
MLUA_SKILLUPGRADEUI_064,검기 대미지 15% 증가,RootDesk/MyDesk/Skill/SkillUpgradeUI.mlua:352,검기 대미지 15% 증가,,,
MLUA_SKILLUPGRADEUI_065,소환수 대미지 15% 증가,RootDesk/MyDesk/Skill/SkillUpgradeUI.mlua:356,소환수 대미지 15% 증가,,,
MLUA_SKILLUPGRADEUI_066,콤보 발동 확률 +3%,RootDesk/MyDesk/Skill/SkillUpgradeUI.mlua:362,콤보 발동 확률 +3%,,,
MLUA_SKILLUPGRADEUI_067,콤보 발동 확률 +6%,RootDesk/MyDesk/Skill/SkillUpgradeUI.mlua:363,콤보 발동 확률 +6%,,,
MLUA_SKILLUPGRADEUI_068,콤보 발동 확률 +9%,RootDesk/MyDesk/Skill/SkillUpgradeUI.mlua:364,콤보 발동 확률 +9%,,,
MLUA_SKILLUPGRADEUI_069,콤보 폭발 대미지 +5%,RootDesk/MyDesk/Skill/SkillUpgradeUI.mlua:370,콤보 폭발 대미지 +5%,,,
MLUA_SKILLUPGRADEUI_070,콤보 폭발 대미지 +10%,RootDesk/MyDesk/Skill/SkillUpgradeUI.mlua:371,콤보 폭발 대미지 +10%,,,
MLUA_SKILLUPGRADEUI_071,콤보 폭발 대미지 +15%,RootDesk/MyDesk/Skill/SkillUpgradeUI.mlua:372,콤보 폭발 대미지 +15%,,,
MLUA_SKILLUPGRADEUI_072,지속시간 +1초,RootDesk/MyDesk/Skill/SkillUpgradeUI.mlua:393 | RootDesk/MyDesk/Skill/SkillUpgradeUI.mlua:420,지속시간 +1초,,,
MLUA_SKILLUPGRADEUI_073,대미지 5% 증가,RootDesk/MyDesk/Skill/SkillUpgradeUI.mlua:394 | RootDesk/MyDesk/Skill/SkillUpgradeUI.mlua:413,대미지 5% 증가,,,
MLUA_SKILLUPGRADEUI_074,지속시간 +2초,RootDesk/MyDesk/Skill/SkillUpgradeUI.mlua:400,지속시간 +2초,,,
MLUA_SKILLUPGRADEUI_075,크리티컬 확률 +9%,RootDesk/MyDesk/Skill/SkillUpgradeUI.mlua:403 | RootDesk/MyDesk/Skill/SkillUpgradeUI.mlua:424,크리티컬 확률 +9%,,,
MLUA_SKILLUPGRADEUI_076,회피 확률 +4%,RootDesk/MyDesk/Skill/SkillUpgradeUI.mlua:405 | RootDesk/MyDesk/Skill/SkillUpgradeUI.mlua:428,회피 확률 +4%,,,
MLUA_SKILLUPGRADEUI_077,회피 확률 +6%,RootDesk/MyDesk/Skill/SkillUpgradeUI.mlua:405 | RootDesk/MyDesk/Skill/SkillUpgradeUI.mlua:428,회피 확률 +6%,,,
MLUA_SKILLINVENTORY_001,포션,RootDesk/MyDesk/SkillInventory.mlua:42,포션,,,
MLUA_SKILLINVENTORY_002,에로우 일루전,RootDesk/MyDesk/SkillInventory.mlua:72 | /ui/TitleGroup/SkillPanel/ScrollArea/List/SkillSlot_28/Name,에로우 일루전,Arrow Illusion,,
MLUA_DAMAGESKINLOGIC_001,기본,RootDesk/MyDesk/UI/DamageSkinLogic.mlua:40,기본,,,
MLUA_DAMAGESKINLOGIC_002,젤리빈,RootDesk/MyDesk/UI/DamageSkinLogic.mlua:42,젤리빈,,,
MLUA_DAMAGESKINLOGIC_003,고스트,RootDesk/MyDesk/UI/DamageSkinLogic.mlua:44,고스트,,,
MLUA_DAMAGESKINLOGIC_004,스타플래닛,RootDesk/MyDesk/UI/DamageSkinLogic.mlua:46,스타플래닛,,,
MLUA_DAMAGESKINLOGIC_005,블랙로즈,RootDesk/MyDesk/UI/DamageSkinLogic.mlua:48,블랙로즈,,,
MLUA_DAMAGESKINLOGIC_006,전설의 Ver.2,RootDesk/MyDesk/UI/DamageSkinLogic.mlua:50,전설의 Ver.2,,,
MLUA_DAMAGESKINLOGIC_007,보안관,RootDesk/MyDesk/UI/DamageSkinLogic.mlua:52,보안관,,,
MLUA_DIASHOPUI_001,상품 준비 중입니다,RootDesk/MyDesk/UI/DiaShopUI.mlua:249 | RootDesk/MyDesk/UI/ShopUI.mlua:332,상품 준비 중입니다,,,
MLUA_DPSMETERUI_001,DPS 접기,RootDesk/MyDesk/UI/DpsMeterUI.mlua:35 | /ui/DefaultGroup/DpsMeter/Toggle,DPS 접기,,,
MLUA_DPSMETERUI_002,DPS 보기,RootDesk/MyDesk/UI/DpsMeterUI.mlua:36,DPS 보기,,,
MLUA_GAMEOVERUI_001,점,RootDesk/MyDesk/UI/GameOverUI.mlua:125,점,pts,,
MLUA_GAMEOVERUI_002,이어하기,RootDesk/MyDesk/UI/GameOverUI.mlua:159 | /ui/GameOverGroup/GameOverBack/GameOverPanel/BtnContinue/Label,이어하기,Continue,,
MLUA_RANKUI_001,기록 없음,RootDesk/MyDesk/UI/RankUI.mlua:229,기록 없음,No Record,,
MLUA_RANKUI_002,위 밖,RootDesk/MyDesk/UI/RankUI.mlua:245,위 밖,,,
MLUA_RANKUI_003,집계 중,RootDesk/MyDesk/UI/RankUI.mlua:247,집계 중,,,
MLUA_RANKUI_004,모험가,RootDesk/MyDesk/UI/RankUI.mlua:287,모험가,,,
MLUA_RELICUI_001,미보유,RootDesk/MyDesk/UI/RelicUI.mlua:140,미보유,,,
MLUA_RUNSTARTCONFIRMUI_001,인벤토리가 가득 찼어요!,RootDesk/MyDesk/UI/RunStartConfirmUI.mlua:79,인벤토리가 가득 찼어요!,,,
MLUA_RUNSTARTCONFIRMUI_002,"자리가 없는 아이템은 사라져요.
그래도 시작할까요?",RootDesk/MyDesk/UI/RunStartConfirmUI.mlua:80 | /ui/RunStartConfirmGroup/Panel/SubMessage,"자리가 없는 아이템은 사라져요.
그래도 시작할까요?",,,
MLUA_SHADOWSHOPUI_001,엘릭서 포션,RootDesk/MyDesk/UI/ShadowShopUI.mlua:39 | /ui/ShadowShopGroup/Panel/List/Item1/NameText,엘릭서 포션,Elixir Potion,,
MLUA_SHADOWSHOPUI_002,스킬 레벨이 최대치입니다!,RootDesk/MyDesk/UI/ShadowShopUI.mlua:54,스킬 레벨이 최대치입니다!,,,
MLUA_SHADOWSHOPUI_003,매진,RootDesk/MyDesk/UI/ShadowShopUI.mlua:310 | RootDesk/MyDesk/UI/ShadowShopUI.mlua:331,매진,,,
MLUA_SHADOWSHOPUI_004,구매 완료!,RootDesk/MyDesk/UI/ShadowShopUI.mlua:786 | /ui/ShadowShopGroup/Panel/PurchaseToastText,구매 완료!,,,
MLUA_SHOPPURCHASELOGIC_001,스타터 패키지,RootDesk/MyDesk/UI/ShopPurchaseLogic.mlua:30 | /ui/GameOverGroup/DiaShop/Panel/ScrollArea/List/ProductCard_0/NameText | /ui/TitleGroup/ShopPanel/ScrollArea/List/ProductCard_0/NameText,스타터 패키지,Starter Package,,
MLUA_SHOPPURCHASELOGIC_002,"다이아 500
구미호 대미지 스킨",RootDesk/MyDesk/UI/ShopPurchaseLogic.mlua:30,"다이아 500
구미호 대미지 스킨",,,
MLUA_SHOPPURCHASELOGIC_003,160 코인,RootDesk/MyDesk/UI/ShopPurchaseLogic.mlua:30,160 코인,,,
MLUA_SHOPPURCHASELOGIC_004,1회 한정,RootDesk/MyDesk/UI/ShopPurchaseLogic.mlua:30 | /ui/GameOverGroup/DiaShop/Panel/ScrollArea/List/ProductCard_0/BonusBadge/BadgeText | /ui/TitleGroup/ShopPanel/ScrollArea/List/ProductCard_0/BonusBadge/BadgeText,1회 한정,One-Time Only,,
MLUA_SHOPPURCHASELOGIC_005,다이아 300,RootDesk/MyDesk/UI/ShopPurchaseLogic.mlua:31 | /ui/GameOverGroup/DiaShop/Panel/ScrollArea/List/ProductCard_1/NameText | /ui/TitleGroup/ShopPanel/ScrollArea/List/ProductCard_1/NameText,다이아 300,300 Diamonds,,
MLUA_SHOPPURCHASELOGIC_006,440 코인,RootDesk/MyDesk/UI/ShopPurchaseLogic.mlua:31,440 코인,,,
MLUA_SHOPPURCHASELOGIC_007,다이아 600,RootDesk/MyDesk/UI/ShopPurchaseLogic.mlua:32 | /ui/GameOverGroup/DiaShop/Panel/ScrollArea/List/ProductCard_2/NameText | /ui/TitleGroup/ShopPanel/ScrollArea/List/ProductCard_2/NameText,다이아 600,600 Diamonds,,
MLUA_SHOPPURCHASELOGIC_008,880 코인,RootDesk/MyDesk/UI/ShopPurchaseLogic.mlua:32,880 코인,,,
MLUA_SHOPPURCHASELOGIC_009,"다이아 1,300",RootDesk/MyDesk/UI/ShopPurchaseLogic.mlua:33 | /ui/GameOverGroup/DiaShop/Panel/ScrollArea/List/ProductCard_3/NameText | /ui/TitleGroup/ShopPanel/ScrollArea/List/ProductCard_3/NameText,"다이아 1,300","1,300 Diamonds",,
MLUA_SHOPPURCHASELOGIC_010,보너스 100 포함,RootDesk/MyDesk/UI/ShopPurchaseLogic.mlua:33 | /ui/GameOverGroup/DiaShop/Panel/ScrollArea/List/ProductCard_3/DescText | /ui/TitleGroup/ShopPanel/ScrollArea/List/ProductCard_3/DescText,보너스 100 포함,Includes 100 bonus,,
MLUA_SHOPPURCHASELOGIC_011,"1,760 코인",RootDesk/MyDesk/UI/ShopPurchaseLogic.mlua:33,"1,760 코인",,,
MLUA_SHOPPURCHASELOGIC_012,"다이아 2,800",RootDesk/MyDesk/UI/ShopPurchaseLogic.mlua:34 | /ui/GameOverGroup/DiaShop/Panel/ScrollArea/List/ProductCard_4/NameText | /ui/TitleGroup/ShopPanel/ScrollArea/List/ProductCard_4/NameText,"다이아 2,800","2,800 Diamonds",,
MLUA_SHOPPURCHASELOGIC_013,보너스 300 포함,RootDesk/MyDesk/UI/ShopPurchaseLogic.mlua:34 | /ui/GameOverGroup/DiaShop/Panel/ScrollArea/List/ProductCard_4/DescText | /ui/TitleGroup/ShopPanel/ScrollArea/List/ProductCard_4/DescText,보너스 300 포함,Includes 300 bonus,,
MLUA_SHOPPURCHASELOGIC_014,"3,480 코인",RootDesk/MyDesk/UI/ShopPurchaseLogic.mlua:34,"3,480 코인",,,
MLUA_SHOPPURCHASELOGIC_015,"다이아 6,500",RootDesk/MyDesk/UI/ShopPurchaseLogic.mlua:35 | /ui/GameOverGroup/DiaShop/Panel/ScrollArea/List/ProductCard_5/NameText | /ui/GameOverGroup/DiaShop/Panel/ScrollArea/List/ProductCard_6/NameText | /ui/TitleGroup/ShopPanel/ScrollArea/List/ProductCard_5/NameText | /ui/TitleGroup/ShopPanel/ScrollArea/List/ProductCard_6/NameText,"다이아 6,500","6,500 Diamonds",,
MLUA_SHOPPURCHASELOGIC_016,"보너스 1,100 포함",RootDesk/MyDesk/UI/ShopPurchaseLogic.mlua:35 | /ui/GameOverGroup/DiaShop/Panel/ScrollArea/List/ProductCard_5/DescText | /ui/GameOverGroup/DiaShop/Panel/ScrollArea/List/ProductCard_6/DescText | /ui/TitleGroup/ShopPanel/ScrollArea/List/ProductCard_5/DescText | /ui/TitleGroup/ShopPanel/ScrollArea/List/ProductCard_6/DescText,"보너스 1,100 포함","Includes 1,100 bonus",,
MLUA_SHOPPURCHASELOGIC_017,"7,880 코인",RootDesk/MyDesk/UI/ShopPurchaseLogic.mlua:35,"7,880 코인",,,
MLUA_SHOPPURCHASELOGIC_018,"다이아 8,500",RootDesk/MyDesk/UI/ShopPurchaseLogic.mlua:39,"다이아 8,500","8,500 Diamonds",,
MLUA_SHOPPURCHASELOGIC_019,"보너스 1,700 포함",RootDesk/MyDesk/UI/ShopPurchaseLogic.mlua:39,"보너스 1,700 포함","Includes 1,700 bonus",,
MLUA_SHOPPURCHASELOGIC_020,"10,000 코인",RootDesk/MyDesk/UI/ShopPurchaseLogic.mlua:39,"10,000 코인",,,
MLUA_SHOPUI_001,장착중,RootDesk/MyDesk/UI/ShopUI.mlua:127 | RootDesk/MyDesk/UIItemSlot.mlua:301,장착중,Equipped,,
MLUA_SHOPUI_002,장착하기,RootDesk/MyDesk/UI/ShopUI.mlua:130,장착하기,Owned,,
MLUA_SHOPUI_003,스타터팩 전용,RootDesk/MyDesk/UI/ShopUI.mlua:132,스타터팩 전용,,,
MLUA_SHOPUI_004,스타터 패키지에서만 얻을 수 있어요,RootDesk/MyDesk/UI/ShopUI.mlua:166,스타터 패키지에서만 얻을 수 있어요,,,
MLUA_SHOPUI_005,이미 구매한 상품입니다,RootDesk/MyDesk/UI/ShopUI.mlua:341,이미 구매한 상품입니다,,,
MLUA_TUTORIALGUIDEUI_001,"다가오는 몬스터를 처치하세요!
몬스터를 터치하면 해당 몬스터를 우선 공격합니다.",RootDesk/MyDesk/UI/TutorialGuideUI.mlua:33,"다가오는 몬스터를 처치하세요!
몬스터를 터치하면 해당 몬스터를 우선 공격합니다.",,,
MLUA_TUTORIALGUIDEUI_002,몬스터를 잡아서 레벨을 올려보세요!,RootDesk/MyDesk/UI/TutorialGuideUI.mlua:69,몬스터를 잡아서 레벨을 올려보세요!,,,
MLUA_TUTORIALGUIDEUI_003,카드를 눌러 스킬을 배워보세요!,RootDesk/MyDesk/UI/TutorialGuideUI.mlua:71,카드를 눌러 스킬을 배워보세요!,,,
MLUA_TUTORIALGUIDEUI_004,"레벨업하며 다양한 스킬을 조합하고 몰려오는 몬스터를 물리치세요!
맵 곳곳에 숨겨진 이스터에그도 놓치지 마세요!",RootDesk/MyDesk/UI/TutorialGuideUI.mlua:75,"레벨업하며 다양한 스킬을 조합하고 몰려오는 몬스터를 물리치세요!
맵 곳곳에 숨겨진 이스터에그도 놓치지 마세요!",,,
MLUA_TUTORIALGUIDEUI_005,맵 곳곳에 숨겨진 다양한 이스터에그를 찾아보세요!,RootDesk/MyDesk/UI/TutorialGuideUI.mlua:81,맵 곳곳에 숨겨진 다양한 이스터에그를 찾아보세요!,,,
MLUA_WORLDCHARACTERSELECTUI_001,아르카나,RootDesk/MyDesk/UI/WorldCharacterSelectUI.mlua:88 | /ui/TitleGroup/SkillPanel/CharacterFilterList/btnCharArcana,아르카나,Arcana,,
MLUA_WORLDCHARACTERSELECTUI_002,번개와 얼음을 자유자재로 다루는 살짝 어벙한 마법사,RootDesk/MyDesk/UI/WorldCharacterSelectUI.mlua:88,번개와 얼음을 자유자재로 다루는 살짝 어벙한 마법사,,,
MLUA_WORLDCHARACTERSELECTUI_003,장비 250개를 획득하세요!,RootDesk/MyDesk/UI/WorldCharacterSelectUI.mlua:98 | RootDesk/MyDesk/UI/WorldCharacterSelectUI.mlua:319,장비 250개를 획득하세요!,,,
MLUA_WORLDCHARACTERSELECTUI_004,"아무 몬스터 100,000마리를 처치하세요!",RootDesk/MyDesk/UI/WorldCharacterSelectUI.mlua:102 | RootDesk/MyDesk/UI/WorldCharacterSelectUI.mlua:333,"아무 몬스터 100,000마리를 처치하세요!",,,
MLUA_WORLDCHARACTERSELECTUI_005,"%
체력",RootDesk/MyDesk/UI/WorldCharacterSelectUI.mlua:206,"%
체력",,,
MLUA_WORLDCHARACTERSELECTUI_006,폭풍을 머금은 화살로 전장을 휩쓰는 궁수,RootDesk/MyDesk/UI/WorldCharacterSelectUI.mlua:284,폭풍을 머금은 화살로 전장을 휩쓰는 궁수,,,
MLUA_WORLDCHARACTERSELECTUI_007,태초의 마을에 숨겨진 봉인을 찾아 해제하세요!,RootDesk/MyDesk/UI/WorldCharacterSelectUI.mlua:288,태초의 마을에 숨겨진 봉인을 찾아 해제하세요!,,,
MLUA_WORLDCHARACTERSELECTUI_008,강인한 육체와 엄청난 힘으로 적을 압도하는 전사,RootDesk/MyDesk/UI/WorldCharacterSelectUI.mlua:300,강인한 육체와 엄청난 힘으로 적을 압도하는 전사,,,
MLUA_WORLDCHARACTERSELECTUI_009,구름정원 콜로세움에서 1위를 차지하세요!,RootDesk/MyDesk/UI/WorldCharacterSelectUI.mlua:304,구름정원 콜로세움에서 1위를 차지하세요!,,,
MLUA_WORLDCHARACTERSELECTUI_010,준비 중인 캐릭터입니다.,RootDesk/MyDesk/UI/WorldCharacterSelectUI.mlua:378,준비 중인 캐릭터입니다.,,,
MLUA_WORLDCHARACTERSELECTUI_011,"장비
(",RootDesk/MyDesk/UI/WorldCharacterSelectUI.mlua:382,"장비
(",,,
MLUA_WORLDCHARACTERSELECTUI_012,"몬스터 처치
(",RootDesk/MyDesk/UI/WorldCharacterSelectUI.mlua:384,"몬스터 처치
(",,,
MLUA_UIEQUIPPEDGEARPANEL_001,UIEquippedGearPanel: comingSoonText 바인딩 없음,[LOG] RootDesk/MyDesk/UIEquippedGearPanel.mlua:83,UIEquippedGearPanel: comingSoonText 바인딩 없음,,,
MLUA_UIEQUIPPEDGEARPANEL_002,UIEquippedGearPanel: 하의 칸(잠김) 클릭 -> Coming Soon 표시,[LOG] RootDesk/MyDesk/UIEquippedGearPanel.mlua:111,UIEquippedGearPanel: 하의 칸(잠김) 클릭 -> Coming Soon 표시,,,
MLUA_UIEQUIPPEDGEARPANEL_003,캐시 아이템,RootDesk/MyDesk/UIEquippedGearPanel.mlua:209 | /ui/EquipmentGroup/Inventory/Panel/EquipPanel/PlayerInfo/AvatarViewToggle/Label,캐시 아이템,,,
MLUA_UIEQUIPPEDGEARPANEL_004,장비 보기,RootDesk/MyDesk/UIEquippedGearPanel.mlua:211,장비 보기,,,
MLUA_ZONE21ALIENEASTEREGGLOGIC_001,외계인의 습격이 일어납니다!,RootDesk/MyDesk/Zone21AlienEasterEggLogic.mlua:48,외계인의 습격이 일어납니다!,,,
UI_ACHIEVEMENTGROUP_001,모두 받기,/ui/AchievementGroup/Panel/BtnClaimAll,모두 받기,Claim All,,
UI_ACHIEVEMENTGROUP_002,업적 달성 0 / 50,/ui/AchievementGroup/Panel/CountText,업적 달성 0 / 50,,,
UI_ACHIEVEMENTGROUP_003,업적 조건,/ui/AchievementGroup/Panel/List/Grid/RowTemplate/DescText,업적 조건,,,
UI_ACHIEVEMENTGROUP_004,업적 이름,/ui/AchievementGroup/Panel/List/Grid/RowTemplate/NameText,업적 이름,,,
UI_CHARACTERUNLOCKGROUP_001,획득,/ui/CharacterUnlockGroup/Panel/BtnAcquire,획득,,,
UI_DEFAULTGROUP_001,보너스 스테이지,/ui/DefaultGroup/BonusBossBoard/Inner/Label | /ui/DefaultGroup/Map10BonusBossBoard/Inner/Label,보너스 스테이지,,,
UI_DEFAULTGROUP_002,쿨타임 : 0s,/ui/DefaultGroup/CardTooltip/TooltipCd,쿨타임 : 0s,,,
UI_DEFAULTGROUP_003,데미지 : 0,/ui/DefaultGroup/CardTooltip/TooltipDmg,데미지 : 0,,,
UI_DEFAULTGROUP_004,카드 이름,/ui/DefaultGroup/CardTooltip/TooltipName,카드 이름,Card Name,,
UI_DEFAULTGROUP_005,총 대미지,/ui/DefaultGroup/DpsMeter/Board/Footer/Label,총 대미지,,,
UI_DEFAULTGROUP_006,히든맵 탈출까지,/ui/DefaultGroup/Ep3Map4Ester1Board/Inner/Label,히든맵 탈출까지,,,
UI_DEFAULTGROUP_007,경험치 2배!,/ui/DefaultGroup/ExpBoostBoard/Inner/Label,경험치 2배!,,,
UI_DEFAULTGROUP_008,남은 시간,/ui/DefaultGroup/TimeAttackBoard/Inner/Label,남은 시간,,,
UI_EPISODEREWARDGROUP_001,에피소드 보상,/ui/EpisodeRewardGroup/Panel/Title,에피소드 보상,,,
UI_EPISODEREWARDGROUP_002,"EP1 
5분 생존!",/ui/EpisodeRewardGroup/Panel/Viewport/Strip/Card1/Label,"EP1 
5분 생존!",,,
UI_EPISODEREWARDGROUP_003,"EP1 
10분 생존!",/ui/EpisodeRewardGroup/Panel/Viewport/Strip/Card2/Label,"EP1 
10분 생존!",,,
UI_EPISODEREWARDGROUP_004,"EP1 
15분 생존!",/ui/EpisodeRewardGroup/Panel/Viewport/Strip/Card3/Label,"EP1 
15분 생존!",,,
UI_EPISODEREWARDGROUP_005,"EP2 
5분 생존!",/ui/EpisodeRewardGroup/Panel/Viewport/Strip/Card4/Label,"EP2 
5분 생존!",,,
UI_EPISODEREWARDGROUP_006,"EP2 
10분 생존!",/ui/EpisodeRewardGroup/Panel/Viewport/Strip/Card5/Label,"EP2 
10분 생존!",,,
UI_EPISODEREWARDGROUP_007,"EP2 
15분 생존!",/ui/EpisodeRewardGroup/Panel/Viewport/Strip/Card6/Label,"EP2 
15분 생존!",,,
UI_EPISODEREWARDGROUP_008,"EP3 
5분 생존!",/ui/EpisodeRewardGroup/Panel/Viewport/Strip/Card7/Label,"EP3 
5분 생존!",,,
UI_EPISODEREWARDGROUP_009,"EP3 
10분 생존!",/ui/EpisodeRewardGroup/Panel/Viewport/Strip/Card8/Label,"EP3 
10분 생존!",,,
UI_EPISODEREWARDGROUP_010,"EP3 
15분 생존!",/ui/EpisodeRewardGroup/Panel/Viewport/Strip/Card9/Label,"EP3 
15분 생존!",,,
UI_EQUIPMENTGROUP_001,합성,/ui/EquipmentGroup/Inventory/ComposePopup/Panel/ComposeButton | /ui/EquipmentGroup/Inventory/EquipPopup/Panel/LeftColumn/ComposeButton/Label,합성,,,
UI_EQUIPMENTGROUP_002,노말 → 레어,/ui/EquipmentGroup/Inventory/ComposePopup/Panel/LeftColumn/BG_2/InfoBox/GradeText,노말 → 레어,,,
UI_EQUIPMENTGROUP_003,품질 - 유지,/ui/EquipmentGroup/Inventory/ComposePopup/Panel/LeftColumn/BG_2/InfoBox/QualityRow1/Label | /ui/EquipmentGroup/Inventory/ComposePopup/Panel/LeftColumn/BG_2/InfoBox/QualityRow2/Label,품질 - 유지,,,
UI_EQUIPMENTGROUP_004,품질 승급 확률,/ui/EquipmentGroup/Inventory/ComposePopup/Panel/LeftColumn/BG_2/InfoBox/QualityTitle,품질 승급 확률,,,
UI_EQUIPMENTGROUP_005,스킬 추가!,/ui/EquipmentGroup/Inventory/ComposePopup/Panel/LeftColumn/BG_2/InfoBox/SkillText,스킬 추가!,,,
UI_EQUIPMENTGROUP_006,합성 결과,/ui/EquipmentGroup/Inventory/ComposePopup/Panel/LeftColumn/BG_2/InfoBox/TitleText,합성 결과,,,
UI_EQUIPMENTGROUP_007,전체,/ui/EquipmentGroup/Inventory/ComposePopup/Panel/RightPanel/TabHolder/All/Background/UIText | /ui/EquipmentGroup/Inventory/Panel/InventoryPanel/TabHolder/All/Background/UIText | /ui/ShadowShopGroup/Panel/TabAll | /ui/TitleGroup/SkillPanel/CharacterFilterList/btnCharAll | /ui/TitleGroup/SkillPanel/GradeFilterList/btnGradeAll,전체,All,,
UI_EQUIPMENTGROUP_008,아니오,/ui/EquipmentGroup/Inventory/ComposePopup/Panel/RiskWarning/Box/CancelButton | /ui/EquipmentGroup/Inventory/SellConfirm/Panel/BtnNo | /ui/OptionGroup/ConfirmPanel/BtnNo,아니오,,,
UI_EQUIPMENTGROUP_009,예,/ui/EquipmentGroup/Inventory/ComposePopup/Panel/RiskWarning/Box/ConfirmButton | /ui/EquipmentGroup/Inventory/SellConfirm/Panel/BtnYes | /ui/OptionGroup/ConfirmPanel/BtnYes,예,,,
UI_EQUIPMENTGROUP_010,"높은 등급의 장비가 사라집니다.
합성 후에는 되돌릴 수 없습니다.",/ui/EquipmentGroup/Inventory/ComposePopup/Panel/RiskWarning/Box/SubMessage,"높은 등급의 장비가 사라집니다.
합성 후에는 되돌릴 수 없습니다.",,,
UI_EQUIPMENTGROUP_011,정말 합성하시겠습니까?,/ui/EquipmentGroup/Inventory/ComposePopup/Panel/RiskWarning/Box/Text,정말 합성하시겠습니까?,,,
UI_EQUIPMENTGROUP_012,장비 합성,/ui/EquipmentGroup/Inventory/ComposePopup/Panel/Title,장비 합성,,,
UI_EQUIPMENTGROUP_013,일괄 레벨업,/ui/EquipmentGroup/Inventory/EquipPopup/Panel/ButtonBatchLevelUp/Label,일괄 레벨업,,,
UI_EQUIPMENTGROUP_014,레벨업,/ui/EquipmentGroup/Inventory/EquipPopup/Panel/ButtonLevelUp/Label,레벨업,,,
UI_EQUIPMENTGROUP_015,잠금,/ui/EquipmentGroup/Inventory/EquipPopup/Panel/ButtonLock/TextLock,잠금,,,
UI_EQUIPMENTGROUP_016,삭제,/ui/EquipmentGroup/Inventory/EquipPopup/Panel/LeftColumn/ButtonDelete/Label,삭제,,,
UI_EQUIPMENTGROUP_017,아이템 설명,/ui/EquipmentGroup/Inventory/EquipPopup/Panel/RightColumn/DescBox/Text,아이템 설명,,,
UI_EQUIPMENTGROUP_018,（등급 도달 시 해금）,/ui/EquipmentGroup/Inventory/EquipPopup/Panel/RightColumn/GradeSkillBox/Row0/Text | /ui/EquipmentGroup/Inventory/EquipPopup/Panel/RightColumn/GradeSkillBox/Row1/Text | /ui/EquipmentGroup/Inventory/EquipPopup/Panel/RightColumn/GradeSkillBox/Row2/Text | /ui/EquipmentGroup/Inventory/EquipPopup/Panel/RightColumn/GradeSkillBox/Row3/Text | /ui/EquipmentGroup/Inventory/EquipPopup/Panel/RightColumn/GradeSkillBox/Row4/Text,（등급 도달 시 해금）,,,
UI_EQUIPMENTGROUP_019,등급 스킬,/ui/EquipmentGroup/Inventory/EquipPopup/Panel/RightColumn/GradeSkillBox/Title,등급 스킬,,,
UI_EQUIPMENTGROUP_020,아이템 이름,/ui/EquipmentGroup/Inventory/EquipPopup/Panel/Title | /ui/ShadowShopGroup/Panel/List/ItemTemplate/NameText,아이템 이름,,,
UI_EQUIPMENTGROUP_021,닉네임,/ui/EquipmentGroup/Inventory/Panel/EquipPanel/PlayerInfo/NameBackground/Name,닉네임,,,
UI_EQUIPMENTGROUP_022,무기 강화 주문서,/ui/EquipmentGroup/Inventory/Panel/ItemNameTooltip/Label,무기 강화 주문서,,,
UI_EQUIPMENTGROUP_023,확인,/ui/EquipmentGroup/Inventory/UsePopup/Panel/ButtonConfirm | /ui/PopupGroup/PopupBack/PopupPanel/PopupBtnOK | /ui/WorldCharacterSelectGroup/Panel/BtnConfirm,확인,OK,,
UI_EQUIPMENTGROUP_024,내용을 입력하세요,/ui/EquipmentGroup/Inventory/UsePopup/Panel/Message,내용을 입력하세요,,,
UI_EQUIPMENTGROUP_025,팝업 제목,/ui/EquipmentGroup/Inventory/UsePopup/Panel/Title,팝업 제목,,,
UI_GACHAGROUP_001,닫기,/ui/GachaGroup/GachaProbInfo/Window/BtnCloseProb,닫기,,,
UI_GACHAGROUP_002,아이템,/ui/GachaGroup/GachaProbInfo/Window/Header/HName,아이템,,,
UI_GACHAGROUP_003,확률,/ui/GachaGroup/GachaProbInfo/Window/Header/HPct,확률,,,
UI_GACHAGROUP_004,"공개된 확률은 게임법 시행령에 따라 반올림한 값으로
합산된 결과가 100%가 되지 않을 수 있습니다.",/ui/GachaGroup/GachaProbInfo/Window/Notice,"공개된 확률은 게임법 시행령에 따라 반올림한 값으로
합산된 결과가 100%가 되지 않을 수 있습니다.",,,
UI_GACHAGROUP_005,획득 확률,/ui/GachaGroup/GachaProbInfo/Window/Title,획득 확률,,,
UI_GACHAGROUP_006,획득한 유물!,/ui/GachaGroup/Panel/Bg_cover/ResultLayer/ResultTitle,획득한 유물!,,,
UI_GACHAGROUP_007,유물 뽑기,/ui/GachaGroup/Panel/Title,유물 뽑기,,,
UI_GAMEOVERGROUP_001,"다이아 500
골드 100,000",/ui/GameOverGroup/DiaShop/Panel/ScrollArea/List/ProductCard_0/DescText | /ui/TitleGroup/ShopPanel/ScrollArea/List/ProductCard_0/DescText,"다이아 500
골드 100,000",,,
UI_GAMEOVERGROUP_002,구매 완료,/ui/GameOverGroup/DiaShop/Panel/ScrollArea/List/ProductCard_0/SoldOutCover/SoldOutText | /ui/GameOverGroup/DiaShop/Panel/ScrollArea/List/ProductCard_1/SoldOutCover/SoldOutText | /ui/GameOverGroup/DiaShop/Panel/ScrollArea/List/ProductCard_2/SoldOutCover/SoldOutText | /ui/GameOverGroup/DiaShop/Panel/ScrollArea/List/ProductCard_3/SoldOutCover/SoldOutText | /ui/GameOverGroup/DiaShop/Panel/ScrollArea/List/ProductCard_4/SoldOutCover/SoldOutText,구매 완료,Purchased,,
UI_GAMEOVERGROUP_003,다이아 상점,/ui/GameOverGroup/DiaShop/Panel/Title,다이아 상점,Diamond Shop,,
UI_GAMEOVERGROUP_004,"이어하기
재화 900",/ui/GameOverGroup/GameOverBack/GameOverPanel/BtnContinue,"이어하기
재화 900",,,
UI_GAMEOVERGROUP_005,다시하기,/ui/GameOverGroup/GameOverBack/GameOverPanel/BtnRestart | /ui/GameOverGroup/GameOverBack/GameOverPanel/BtnRestart/Label | /ui/GameOverGroup/GameOverBack/GameOverPanel/BtnRestartOvertime | /ui/GameOverGroup/GameOverBack/GameOverPanel/BtnRestartOvertime/Label,다시하기,Retry,,
UI_GAMEOVERGROUP_006,획득 스코어,/ui/GameOverGroup/GameOverBack/GameOverPanel/ScoreBox/ScoreLabel,획득 스코어,Score Earned,,
UI_GAMEOVERGROUP_007,0 점,/ui/GameOverGroup/GameOverBack/GameOverPanel/ScoreBox/ScoreValueText,0 점,,,
UI_IDLEREWARDGROUP_001,장비 인벤토리가 가득 찼어요!,/ui/IdleRewardGroup/ConfirmPanel/Message,장비 인벤토리가 가득 찼어요!,,,
UI_IDLEREWARDGROUP_002,"자리가 없는 장비는 사라져요.
그래도 받을까요?",/ui/IdleRewardGroup/ConfirmPanel/SubMessage,"자리가 없는 장비는 사라져요.
그래도 받을까요?",,,
UI_IDLEREWARDGROUP_003,(최대 24시간),/ui/IdleRewardGroup/Panel/CapText,(최대 24시간),,,
UI_IDLEREWARDGROUP_004,장비는 2시간마다 1개씩 쌓여요,/ui/IdleRewardGroup/Panel/GearBox/Empty,장비는 2시간마다 1개씩 쌓여요,,,
UI_IDLEREWARDGROUP_005,자동 시간 : 00분 00초,/ui/IdleRewardGroup/Panel/TimeText,자동 시간 : 00분 00초,,,
UI_IDLEREWARDGROUP_006,방치 보상,/ui/IdleRewardGroup/Panel/Title,방치 보상,,,
UI_LEVELREWARDGROUP_001,레벨 5 보상,/ui/LevelRewardGroup/Panel/SubTitle,레벨 5 보상,,,
UI_LOADINGGROUP_001,본 월드는 생성형 AI를 활용하여 제작된 콘텐츠를 포함하고 있습니다.,/ui/LoadingGroup/Screen/AiNotice,본 월드는 생성형 AI를 활용하여 제작된 콘텐츠를 포함하고 있습니다.,,,
UI_OPTIONGROUP_001,정말 게임을 종료할까요?,/ui/OptionGroup/ConfirmPanel/Message,정말 게임을 종료할까요?,,,
UI_OPTIONGROUP_002,이번 판이 여기서 끝납니다.,/ui/OptionGroup/ConfirmPanel/SubMessage,이번 판이 여기서 끝납니다.,,,
UI_OPTIONGROUP_003,조합식,/ui/OptionGroup/FusionPanel/Title,조합식,,,
UI_OPTIONGROUP_004,배경음,/ui/OptionGroup/OptionPanel/BgmToggle/Label,배경음,,,
UI_OPTIONGROUP_005,조합,/ui/OptionGroup/OptionPanel/BtnFusion,조합,,,
UI_OPTIONGROUP_006,게임 종료,/ui/OptionGroup/OptionPanel/BtnQuit,게임 종료,,,
UI_OPTIONGROUP_007,게임 방법,/ui/OptionGroup/OptionPanel/BtnTutorial | /ui/OptionGroup/TutorialPanel/Title,게임 방법,,,
UI_OPTIONGROUP_008,효과음,/ui/OptionGroup/OptionPanel/SfxToggle/Label,효과음,,,
UI_OPTIONGROUP_009,옵션,/ui/OptionGroup/OptionPanel/Title,옵션,,,
UI_POPUPGROUP_001,팝업 메시지,/ui/PopupGroup/PopupBack/PopupPanel/PopupMessage,팝업 메시지,,,
UI_RAIDGROUP_001,보상 받기,/ui/RaidGroup/BtnClaim | /ui/RaidGroup/LockPanel/BtnClaimPending,보상 받기,,,
UI_RAIDGROUP_002,캐릭터 화력 (초당),/ui/RaidGroup/DpsWindow/Title,캐릭터 화력 (초당),,,
UI_RAIDGROUP_003,보상을 받아야 새 시즌이 시작됩니다,/ui/RaidGroup/LockPanel/Msg,보상을 받아야 새 시즌이 시작됩니다,,,
UI_RAIDGROUP_004,지난 시즌 레이드 종료,/ui/RaidGroup/LockPanel/Title,지난 시즌 레이드 종료,,,
UI_RAIDGROUP_005,부활!,/ui/RaidGroup/RevivePanel/BtnRevive,부활!,,,
UI_RAIDGROUP_006,"24시간 넘게 자리를 비워
캐릭터들이 유령이 되었어요",/ui/RaidGroup/RevivePanel/Msg,"24시간 넘게 자리를 비워
캐릭터들이 유령이 되었어요",,,
UI_RAIDGROUP_007,남은시간,/ui/RaidGroup/TimeBox/Label,남은시간,,,
UI_RELICUPGRADEGROUP_001,유물명,/ui/RelicUpgradeGroup/Panel/NameText | /ui/SkillUpgradeGroup/Panel/NameText,유물명,,,
UI_RELICUPGRADEGROUP_002,옵션 설명,/ui/RelicUpgradeGroup/Panel/OptionBox/OptionText | /ui/SkillUpgradeGroup/Panel/OptionBox/OptionText,옵션 설명,,,
UI_RELICUPGRADEGROUP_003,10000코인,/ui/RelicUpgradeGroup/Panel/UpgradeButton/CostText | /ui/SkillUpgradeGroup/Panel/UpgradeButton/CostText,10000코인,,,
UI_RELICUPGRADEGROUP_004,업그레이드,/ui/RelicUpgradeGroup/Panel/UpgradeButton/TitleText | /ui/SkillUpgradeGroup/Panel/UpgradeButton/TitleText,업그레이드,Upgrade,,
UI_RUNSTARTCONFIRMGROUP_001,시작,/ui/RunStartConfirmGroup/Panel/BtnYes,시작,,,
UI_RUNSTARTCONFIRMGROUP_002,무기 인벤토리가 가득 찼어요!,/ui/RunStartConfirmGroup/Panel/Message,무기 인벤토리가 가득 찼어요!,,,
UI_SHADOWSHOPGROUP_001,구매,/ui/ShadowShopGroup/Panel/BtnPurchase,구매,,,
UI_SHADOWSHOPGROUP_002,그림자 정수,/ui/ShadowShopGroup/Panel/CurrencyBar/Label,그림자 정수,,,
UI_SHADOWSHOPGROUP_003,남은 수량: 0,/ui/ShadowShopGroup/Panel/List/ItemTemplate/StockText,남은 수량: 0,,,
UI_SHADOWSHOPGROUP_004,비밀 상점,/ui/ShadowShopGroup/Panel/TitleBar/Title,비밀 상점,,,
UI_TITLEGROUP_001,게임 시작,/ui/TitleGroup/BattlePanel/BtnStart,게임 시작,Start Game,,
UI_TITLEGROUP_002,"일반 게임을 진행하면 자동으로
레이드 공격이 진행됩니다!",/ui/TitleGroup/RaidTutorial/Step1/Label,"일반 게임을 진행하면 자동으로
레이드 공격이 진행됩니다!",,,
UI_TITLEGROUP_003,"일반 게임을 플레이할수록
레이드 대미지가 높아집니다!",/ui/TitleGroup/RaidTutorial/Step2/Label,"일반 게임을 플레이할수록
레이드 대미지가 높아집니다!",,,
UI_TITLEGROUP_004,"24시간 미접속 시 캐릭터가
죽을 수 있으니 주의하세요!",/ui/TitleGroup/RaidTutorial/Step3/Label,"24시간 미접속 시 캐릭터가
죽을 수 있으니 주의하세요!",,,
UI_TITLEGROUP_005,"높은 등급을 달성하고 특별한
보상을 획득하세요!",/ui/TitleGroup/RaidTutorial/Step4/Label,"높은 등급을 달성하고 특별한
보상을 획득하세요!",,,
UI_TITLEGROUP_006,아직 등록된 기록이 없어요,/ui/TitleGroup/RankPanel/Board/EmptyText,아직 등록된 기록이 없어요,No records yet,,
UI_TITLEGROUP_007,이름,/ui/TitleGroup/RankPanel/Board/Header/ColName,이름,Name,,
UI_TITLEGROUP_008,순위,/ui/TitleGroup/RankPanel/Board/Header/ColRank,순위,Rank,,
UI_TITLEGROUP_009,점수,/ui/TitleGroup/RankPanel/Board/Header/ColScore,점수,Score,,
UI_TITLEGROUP_010,내 순위,/ui/TitleGroup/RankPanel/Board/MyRankRow/Label,내 순위,My Rank,,
UI_TITLEGROUP_011,랭킹 (준비중),/ui/TitleGroup/RankPanel/ComingSoon,랭킹 (준비중),Ranking (Coming Soon),,
UI_TITLEGROUP_012,타임어택 랭킹,/ui/TitleGroup/RankPanel/Tabs/TabTimeAttack/Label,타임어택 랭킹,Time Attack,,
UI_TITLEGROUP_013,무제한 랭킹,/ui/TitleGroup/RankPanel/Tabs/TabUnlimited/Label,무제한 랭킹,Endless,,
UI_TITLEGROUP_014,랭킹,/ui/TitleGroup/RankPanel/Title | /ui/TitleGroup/TabBar/BtnRankLabel,랭킹,Ranking,,
UI_TITLEGROUP_015,유물 (준비중),/ui/TitleGroup/RelicPanel/ComingSoon,유물 (준비중),Relics (Coming Soon),,
UI_TITLEGROUP_016,대미지 스킨,/ui/TitleGroup/ShopPanel/Tabs/TabSkin/Label,대미지 스킨,Damage Skin,,
UI_TITLEGROUP_017,상점,/ui/TitleGroup/ShopPanel/Title | /ui/TitleGroup/TabBar/BtnShopLabel,상점,Shop,,
UI_TITLEGROUP_018,캐릭터 ▼,/ui/TitleGroup/SkillPanel/CharacterFilterBtn,캐릭터 ▼,Character ▼,,
UI_TITLEGROUP_019,등급 ▼,/ui/TitleGroup/SkillPanel/GradeFilterBtn,등급 ▼,Grade ▼,,
UI_TITLEGROUP_020,스킬 1,/ui/TitleGroup/SkillPanel/ScrollArea/List/SkillSlot_0/Name,스킬 1,,,
UI_TITLEGROUP_021,스킬 2,/ui/TitleGroup/SkillPanel/ScrollArea/List/SkillSlot_1/Name,스킬 2,,,
UI_TITLEGROUP_022,스킬 11,/ui/TitleGroup/SkillPanel/ScrollArea/List/SkillSlot_10/Name,스킬 11,,,
UI_TITLEGROUP_023,스킬 12,/ui/TitleGroup/SkillPanel/ScrollArea/List/SkillSlot_11/Name,스킬 12,,,
UI_TITLEGROUP_024,스킬 13,/ui/TitleGroup/SkillPanel/ScrollArea/List/SkillSlot_12/Name,스킬 13,,,
UI_TITLEGROUP_025,스킬 14,/ui/TitleGroup/SkillPanel/ScrollArea/List/SkillSlot_13/Name,스킬 14,,,
UI_TITLEGROUP_026,스킬 15,/ui/TitleGroup/SkillPanel/ScrollArea/List/SkillSlot_14/Name,스킬 15,,,
UI_TITLEGROUP_027,스킬 16,/ui/TitleGroup/SkillPanel/ScrollArea/List/SkillSlot_15/Name,스킬 16,,,
UI_TITLEGROUP_028,스킬 17,/ui/TitleGroup/SkillPanel/ScrollArea/List/SkillSlot_16/Name,스킬 17,,,
UI_TITLEGROUP_029,스킬 18,/ui/TitleGroup/SkillPanel/ScrollArea/List/SkillSlot_17/Name,스킬 18,,,
UI_TITLEGROUP_030,스킬 3,/ui/TitleGroup/SkillPanel/ScrollArea/List/SkillSlot_2/Name,스킬 3,,,
UI_TITLEGROUP_031,스킬 4,/ui/TitleGroup/SkillPanel/ScrollArea/List/SkillSlot_3/Name,스킬 4,,,
UI_TITLEGROUP_032,스킬 5,/ui/TitleGroup/SkillPanel/ScrollArea/List/SkillSlot_4/Name,스킬 5,,,
UI_TITLEGROUP_033,스킬 6,/ui/TitleGroup/SkillPanel/ScrollArea/List/SkillSlot_5/Name,스킬 6,,,
UI_TITLEGROUP_034,스킬 7,/ui/TitleGroup/SkillPanel/ScrollArea/List/SkillSlot_6/Name,스킬 7,,,
UI_TITLEGROUP_035,스킬 8,/ui/TitleGroup/SkillPanel/ScrollArea/List/SkillSlot_7/Name,스킬 8,,,
UI_TITLEGROUP_036,스킬 9,/ui/TitleGroup/SkillPanel/ScrollArea/List/SkillSlot_8/Name,스킬 9,,,
UI_TITLEGROUP_037,스킬 10,/ui/TitleGroup/SkillPanel/ScrollArea/List/SkillSlot_9/Name,스킬 10,,,
UI_TITLEGROUP_038,전투,/ui/TitleGroup/TabBar/BtnBattleLabel,전투,Battle,,
UI_WORLDCHARACTERSELECTGROUP_001,CC기를 보유한 마법사,/ui/WorldCharacterSelectGroup/Panel/CharDescPanel/DescText,CC기를 보유한 마법사,,,
UI_WORLDCHARACTERSELECTGROUP_002,썬콜법사,/ui/WorldCharacterSelectGroup/Panel/CharDescPanel/NameText | /ui/WorldCharacterSelectGroup/Panel/CharScrollArea/CharList/CharSlot_0/Name,썬콜법사,,,
UI_WORLDCHARACTERSELECTGROUP_003,준비중,/ui/WorldCharacterSelectGroup/Panel/CharScrollArea/CharList/CharSlot_1/Name | /ui/WorldCharacterSelectGroup/Panel/CharScrollArea/CharList/CharSlot_2/Name | /ui/WorldCharacterSelectGroup/Panel/CharScrollArea/CharList/CharSlot_3/Name | /ui/WorldCharacterSelectGroup/Panel/CharScrollArea/CharList/CharSlot_4/Name | /ui/WorldCharacterSelectGroup/Panel/CharScrollArea/CharList/CharSlot_5/Name,준비중,,,
UI_WORLDCHARACTERSELECTGROUP_004,무제한 모드,/ui/WorldCharacterSelectGroup/Panel/UnlimitedModeBg/Label,무제한 모드,,,
UI_WORLDCHARACTERSELECTGROUP_005,태초의 마을 10분 생존 시 열림,/ui/WorldCharacterSelectGroup/Panel/WorldImageCenterPhoto/LockOverlay/Hint,태초의 마을 10분 생존 시 열림,,,
FMT_ACHIEVEMENTUI_001,업적 {0} / {1},RootDesk/MyDesk/Achievement/AchievementUI.mlua:184,업적 {0} / {1},,,
FMT_CARDMANAGER_001,{0} (+{1}강화),RootDesk/MyDesk/Card/CardManager.mlua:18337,{0} (+{1}강화),,,
FMT_CARDMANAGER_002,콜드 빔 Lv.{0},RootDesk/MyDesk/Card/CardManager.mlua:18339,콜드 빔 Lv.{0},,,
FMT_CARDMANAGER_003,썬더 볼트 Lv.{0},RootDesk/MyDesk/Card/CardManager.mlua:18341,썬더 볼트 Lv.{0},,,
FMT_CARDMANAGER_004,매직 부스터 Lv.{0},RootDesk/MyDesk/Card/CardManager.mlua:18343,매직 부스터 Lv.{0},,,
FMT_CARDMANAGER_005,매직 크리티컬 Lv.{0},RootDesk/MyDesk/Card/CardManager.mlua:18344,매직 크리티컬 Lv.{0},,,
FMT_CARDMANAGER_006,대미지 : {0},RootDesk/MyDesk/Card/CardManager.mlua:18391,대미지 : {0},,,
FMT_CARDMANAGER_007,쿨타임 -{0}%  (영구),RootDesk/MyDesk/Card/CardManager.mlua:18396,쿨타임 -{0}%  (영구),,,
FMT_CARDMANAGER_008,크리티컬 {0}%  (영구),RootDesk/MyDesk/Card/CardManager.mlua:18398,크리티컬 {0}%  (영구),,,
FMT_CARDMANAGER_009,아이스 보너스 : +{0}%/스택,RootDesk/MyDesk/Card/CardManager.mlua:18405,아이스 보너스 : +{0}%/스택,,,
FMT_CARDMANAGER_010,피해 감소 : -{0}%  (영구),RootDesk/MyDesk/Card/CardManager.mlua:18425,피해 감소 : -{0}%  (영구),,,
FMT_CARDMANAGER_011,대미지 증가 : +{0}%  (영구),RootDesk/MyDesk/Card/CardManager.mlua:18433,대미지 증가 : +{0}%  (영구),,,
FMT_CARDMANAGER_012,대미지 : {0}  (타격당),RootDesk/MyDesk/Card/CardManager.mlua:18447,대미지 : {0}  (타격당),,,
FMT_CARDMANAGER_013,크리티컬 대미지 +{0}%  (영구),RootDesk/MyDesk/Card/CardManager.mlua:18475,크리티컬 대미지 +{0}%  (영구),,,
FMT_CARDMANAGER_014,추가 공격 확률 {0}%  (영구),RootDesk/MyDesk/Card/CardManager.mlua:18477,추가 공격 확률 {0}%  (영구),,,
FMT_CARDMANAGER_015,스택 확률 : {0}%  (영구),RootDesk/MyDesk/Card/CardManager.mlua:18481,스택 확률 : {0}%  (영구),,,
FMT_CARDMANAGER_016,강화 코마 대미지 {0}%  (영구),RootDesk/MyDesk/Card/CardManager.mlua:18503,강화 코마 대미지 {0}%  (영구),,,
FMT_CARDMANAGER_017,{0}초마다 체력 {1}% 회복  (영구),RootDesk/MyDesk/Card/CardManager.mlua:18505,{0}초마다 체력 {1}% 회복  (영구),,,
FMT_CARDMANAGER_018,피해량 증가 : +{0}%  (영구),RootDesk/MyDesk/Card/CardManager.mlua:18507,피해량 증가 : +{0}%  (영구),,,
FMT_CARDMANAGER_019,공격 회피 {0}%  (영구),RootDesk/MyDesk/Card/CardManager.mlua:18517,공격 회피 {0}%  (영구),,,
FMT_CARDMANAGER_020,추가 공격 {0}% (대미지 {1}%)  (영구),RootDesk/MyDesk/Card/CardManager.mlua:18529,추가 공격 {0}% (대미지 {1}%)  (영구),,,
FMT_CARDMANAGER_021,대미지 : {0}  (초당)  |  추가 대미지 : {1},RootDesk/MyDesk/Card/CardManager.mlua:18553,대미지 : {0}  (초당)  |  추가 대미지 : {1},,,
FMT_CARDMANAGER_022,대미지 : {0}  (메소 1개당),RootDesk/MyDesk/Card/CardManager.mlua:18560,대미지 : {0}  (메소 1개당),,,
FMT_CARDMANAGER_023,스킬 복사 {0}%  |  기본공격 복사 {1}%,RootDesk/MyDesk/Card/CardManager.mlua:18562,스킬 복사 {0}%  |  기본공격 복사 {1}%,,,
FMT_CARDMANAGER_024,대미지 : {0}  (초당 틱),RootDesk/MyDesk/Card/CardManager.mlua:18566,대미지 : {0}  (초당 틱),,,
FMT_CARDMANAGER_025,대미지 : {0}  (초당),RootDesk/MyDesk/Card/CardManager.mlua:18573,대미지 : {0}  (초당),,,
FMT_CARDMANAGER_026,쿨타임 : {0}s,RootDesk/MyDesk/Card/CardManager.mlua:18598,쿨타임 : {0}s,,,
FMT_CARDMANAGER_027,타겟 : {0}명,RootDesk/MyDesk/Card/CardManager.mlua:18613,타겟 : {0}명,,,
FMT_CARDMANAGER_028,타겟 : {0}명  |  슬로우 3s,RootDesk/MyDesk/Card/CardManager.mlua:18615,타겟 : {0}명  |  슬로우 3s,,,
FMT_CARDMANAGER_029,타겟 {0}명  |  스턴 {1}% {2}초(보스/엘리트 {3}초),RootDesk/MyDesk/Card/CardManager.mlua:18621,타겟 {0}명  |  스턴 {1}% {2}초(보스/엘리트 {3}초),,,
FMT_CARDMANAGER_030,타겟 {0}명,RootDesk/MyDesk/Card/CardManager.mlua:18623,타겟 {0}명,,,
FMT_CARDMANAGER_031,{0}치명타 20%,RootDesk/MyDesk/Card/CardManager.mlua:18632,{0}치명타 20%,,,
FMT_CARDMANAGER_032,{0}광역,RootDesk/MyDesk/Card/CardManager.mlua:18636,{0}광역,,,
FMT_CARDMANAGER_033,타겟 {0}명  |  범위 광역,RootDesk/MyDesk/Card/CardManager.mlua:18650,타겟 {0}명  |  범위 광역,,,
FMT_CARDMANAGER_034,{0}  |  출혈 {1}%/틱 (3초),RootDesk/MyDesk/Card/CardManager.mlua:18651,{0}  |  출혈 {1}%/틱 (3초),,,
FMT_CARDMANAGER_035,{0}  |  25% 확률 2연타(2타 50%),RootDesk/MyDesk/Card/CardManager.mlua:18654,{0}  |  25% 확률 2연타(2타 50%),,,
FMT_CARDMANAGER_036,광역  |  {0}타,RootDesk/MyDesk/Card/CardManager.mlua:18658,광역  |  {0}타,,,
FMT_CARDMANAGER_037,{0}  |  넉백,RootDesk/MyDesk/Card/CardManager.mlua:18659,{0}  |  넉백,,,
FMT_CARDMANAGER_038,타겟 {0}명  |  속박 {1}초,RootDesk/MyDesk/Card/CardManager.mlua:18663,타겟 {0}명  |  속박 {1}초,,,
FMT_CARDMANAGER_039,타겟 {0}명  |  빙결 스택+1,RootDesk/MyDesk/Card/CardManager.mlua:18665,타겟 {0}명  |  빙결 스택+1,,,
FMT_CARDMANAGER_040,타겟 {0}명  |  3연타  |  스턴 {1}% {2}초,RootDesk/MyDesk/Card/CardManager.mlua:18669,타겟 {0}명  |  3연타  |  스턴 {1}% {2}초,,,
FMT_CARDMANAGER_041,"타겟 {0}명  |  슬로우, 빙결 스택2",RootDesk/MyDesk/Card/CardManager.mlua:18671,"타겟 {0}명  |  슬로우, 빙결 스택2",,,
FMT_CARDMANAGER_042,연쇄 {0}명  |  치명타+20%  |  마지막 착탄 +{1}%,RootDesk/MyDesk/Card/CardManager.mlua:18674,연쇄 {0}명  |  치명타+20%  |  마지막 착탄 +{1}%,,,
FMT_CARDMANAGER_043,고정 광역  |  {0}% 확률 2연타(2타 50%),RootDesk/MyDesk/Card/CardManager.mlua:18680,고정 광역  |  {0}% 확률 2연타(2타 50%),,,
FMT_CARDMANAGER_044,타겟 {0}명  |  빙결 스택+1  |  추가타 대미지 {1}%,RootDesk/MyDesk/Card/CardManager.mlua:18683,타겟 {0}명  |  빙결 스택+1  |  추가타 대미지 {1}%,,,
FMT_CARDMANAGER_045,타겟 {0}명  |  속박 3초  |  추가타 대미지 {1}%,RootDesk/MyDesk/Card/CardManager.mlua:18686,타겟 {0}명  |  속박 3초  |  추가타 대미지 {1}%,,,
FMT_CARDMANAGER_046,화살 {0}발,RootDesk/MyDesk/Card/CardManager.mlua:18691,화살 {0}발,,,
FMT_CARDMANAGER_047,{0}  |  강화 화살 {1}% ({2}% 대미지),RootDesk/MyDesk/Card/CardManager.mlua:18693,{0}  |  강화 화살 {1}% ({2}% 대미지),,,
FMT_CARDMANAGER_048,착탄 {0}개  |  광역  |  슬로우 {1}% {2}초,RootDesk/MyDesk/Card/CardManager.mlua:18697,착탄 {0}개  |  광역  |  슬로우 {1}% {2}초,,,
FMT_CARDMANAGER_049,착탄 {0}개  |  광역  |  슬로우 대상 +{1}% 대미지,RootDesk/MyDesk/Card/CardManager.mlua:18703,착탄 {0}개  |  광역  |  슬로우 대상 +{1}% 대미지,,,
FMT_CARDMANAGER_050,유지 {0}초  |  광역  |  슬로우 대상 +{1}% 대미지,RootDesk/MyDesk/Card/CardManager.mlua:18707,유지 {0}초  |  광역  |  슬로우 대상 +{1}% 대미지,,,
FMT_CARDMANAGER_051,화살 {0}발  |  관통 {1}회,RootDesk/MyDesk/Card/CardManager.mlua:18709,화살 {0}발  |  관통 {1}회,,,
FMT_CARDMANAGER_052,착탄 {0}개  |  광역,RootDesk/MyDesk/Card/CardManager.mlua:18711,착탄 {0}개  |  광역,,,
FMT_CARDMANAGER_053,화살 {0}발  |  관통 {1}회  |  크리티컬 +{2}%,RootDesk/MyDesk/Card/CardManager.mlua:18715,화살 {0}발  |  관통 {1}회  |  크리티컬 +{2}%,,,
FMT_CARDMANAGER_054,착탄 {0}개  |  광역  |  크리티컬 +{1}%,RootDesk/MyDesk/Card/CardManager.mlua:18719,착탄 {0}개  |  광역  |  크리티컬 +{1}%,,,
FMT_CARDMANAGER_055,타겟 2명  |  넉백  |  타격 유닛 {0}%  |  광역 {1}% 대미지,RootDesk/MyDesk/Card/CardManager.mlua:18724,타겟 2명  |  넉백  |  타격 유닛 {0}%  |  광역 {1}% 대미지,,,
FMT_CARDMANAGER_056,타겟 {0}명  |  넉백  |  충돌 대상 {1}% 대미지,RootDesk/MyDesk/Card/CardManager.mlua:18726,타겟 {0}명  |  넉백  |  충돌 대상 {1}% 대미지,,,
FMT_CARDMANAGER_057,"착탄 {0}개  |  광역  |  슬로우, 스턴 {1}초  |  슬로우 대상 {2}% 대미지",RootDesk/MyDesk/Card/CardManager.mlua:18730,"착탄 {0}개  |  광역  |  슬로우, 스턴 {1}초  |  슬로우 대상 {2}% 대미지",,,
FMT_CARDMANAGER_058,유지 {0}초  |  광역  |  크리티컬 {1}%  |  슬로우 대상 {2}% 대미지,RootDesk/MyDesk/Card/CardManager.mlua:18735,유지 {0}초  |  광역  |  크리티컬 {1}%  |  슬로우 대상 {2}% 대미지,,,
FMT_CARDMANAGER_059,최대 {0}명 연사  |  추가 타격 {1}% ({2}% 대미지),RootDesk/MyDesk/Card/CardManager.mlua:18741,최대 {0}명 연사  |  추가 타격 {1}% ({2}% 대미지),,,
FMT_CARDMANAGER_060,연사 {0}발  |  강화 확률(화살마다) {1}%  |  강화 시 {2}연타({3}초 간격),RootDesk/MyDesk/Card/CardManager.mlua:18747,연사 {0}발  |  강화 확률(화살마다) {1}%  |  강화 시 {2}연타({3}초 간격),,,
FMT_CARDMANAGER_061,추가 공격 대미지 {0}%,RootDesk/MyDesk/Card/CardManager.mlua:18749,추가 공격 대미지 {0}%,,,
FMT_CARDMANAGER_062,타겟 {0}명  |  콤보스택 +1,RootDesk/MyDesk/Card/CardManager.mlua:18751,타겟 {0}명  |  콤보스택 +1,,,
FMT_CARDMANAGER_063,타겟 {0}명  |  광역  |  콤보스택 +1,RootDesk/MyDesk/Card/CardManager.mlua:18755,타겟 {0}명  |  광역  |  콤보스택 +1,,,
FMT_CARDMANAGER_064,타겟 {0}명  |  넉백  |  타격 유닛 {1}% 대미지,RootDesk/MyDesk/Card/CardManager.mlua:18757,타겟 {0}명  |  넉백  |  타격 유닛 {1}% 대미지,,,
FMT_CARDMANAGER_065,타겟 {0}명  |  2연타(70%/50%)  |  {1}% 확률 4연타(60/50/40/30%),RootDesk/MyDesk/Card/CardManager.mlua:18761,타겟 {0}명  |  2연타(70%/50%)  |  {1}% 확률 4연타(60/50/40/30%),,,
FMT_CARDMANAGER_066,타겟 {0}명  |  속박{1}초  |  콤보스택 +1,RootDesk/MyDesk/Card/CardManager.mlua:18763,타겟 {0}명  |  속박{1}초  |  콤보스택 +1,,,
FMT_CARDMANAGER_067,지속 {0}초  |  2연타(50%/50%)  |  광역,RootDesk/MyDesk/Card/CardManager.mlua:18765,지속 {0}초  |  2연타(50%/50%)  |  광역,,,
FMT_CARDMANAGER_068,타겟 {0}명  |  콤보스택 +2  |  스턴 {1}초,RootDesk/MyDesk/Card/CardManager.mlua:18767,타겟 {0}명  |  콤보스택 +2  |  스턴 {1}초,,,
FMT_CARDMANAGER_069,타겟 {0}명  |  광역  |  2타 대미지 {1}%  |  콤보스택 +1,RootDesk/MyDesk/Card/CardManager.mlua:18769,타겟 {0}명  |  광역  |  2타 대미지 {1}%  |  콤보스택 +1,,,
FMT_CARDMANAGER_070,넉백  |  타격 유닛 {0}%  |  광역 대미지 {1}%,RootDesk/MyDesk/Card/CardManager.mlua:18772,넉백  |  타격 유닛 {0}%  |  광역 대미지 {1}%,,,
FMT_CARDMANAGER_071,타겟 {0}명  |  콤보스택 +2,RootDesk/MyDesk/Card/CardManager.mlua:18774,타겟 {0}명  |  콤보스택 +2,,,
FMT_CARDMANAGER_072,타겟 {0}명  |  검기 {1}개  |  콤보스택 +1,RootDesk/MyDesk/Card/CardManager.mlua:18776,타겟 {0}명  |  검기 {1}개  |  콤보스택 +1,,,
FMT_CARDMANAGER_073,타겟 {0}명  |  광역,RootDesk/MyDesk/Card/CardManager.mlua:18782,타겟 {0}명  |  광역,,,
FMT_CARDMANAGER_074,타겟 {0}명  |  분열 {1}개({2}%),RootDesk/MyDesk/Card/CardManager.mlua:18785,타겟 {0}명  |  분열 {1}개({2}%),,,
FMT_CARDMANAGER_075,지속 {0}초  |  추적  |  경로상 적 타격,RootDesk/MyDesk/Card/CardManager.mlua:18790,지속 {0}초  |  추적  |  경로상 적 타격,,,
FMT_CARDMANAGER_076,지속 {0}초  |  추적  |  경로상 적 타격  |  소멸 시 폭발 {1}%(광역),RootDesk/MyDesk/Card/CardManager.mlua:18792,지속 {0}초  |  추적  |  경로상 적 타격  |  소멸 시 폭발 {1}%(광역),,,
FMT_CARDMANAGER_077,타겟 1명  |  광역  |  스턴 {0}초({1}%),RootDesk/MyDesk/Card/CardManager.mlua:18796,타겟 1명  |  광역  |  스턴 {0}초({1}%),,,
FMT_CARDMANAGER_078,타겟 {0}명  |  속박 {1}초(100%)  |  보스·엘리트 지속 1/2,RootDesk/MyDesk/Card/CardManager.mlua:18799,타겟 {0}명  |  속박 {1}초(100%)  |  보스·엘리트 지속 1/2,,,
FMT_CARDMANAGER_079,타겟 {0}명  |  지속 {1}초  |  설치 광역(범위 점차 증가),RootDesk/MyDesk/Card/CardManager.mlua:18802,타겟 {0}명  |  지속 {1}초  |  설치 광역(범위 점차 증가),,,
FMT_CARDMANAGER_080,타겟 {0}명  |  지속 {1}초  |  설치 광역(범위 점차 증가)  |  출혈 {2}%/초({3}초),RootDesk/MyDesk/Card/CardManager.mlua:18805,타겟 {0}명  |  지속 {1}초  |  설치 광역(범위 점차 증가)  |  출혈 {2}%/초({3}초),,,
FMT_CARDMANAGER_081,타겟 {0}명  |  관통 {1}마리,RootDesk/MyDesk/Card/CardManager.mlua:18808,타겟 {0}명  |  관통 {1}마리,,,
FMT_CARDMANAGER_082,타겟 {0}명  |  4연타({1}% × 4)  |  크리 +{2}%,RootDesk/MyDesk/Card/CardManager.mlua:18810,타겟 {0}명  |  4연타({1}% × 4)  |  크리 +{2}%,,,
FMT_CARDMANAGER_083,{0}발  |  관통 {1}마리({2}/{3}/{4}/{5}%),RootDesk/MyDesk/Card/CardManager.mlua:18814,{0}발  |  관통 {1}마리({2}/{3}/{4}/{5}%),,,
FMT_CARDMANAGER_084,타겟 {0}명  |  속박 {1}초(100%)  |  해제 시 추가타 {2}~{3}%  |  보스·엘리트 지속 1/2,RootDesk/MyDesk/Card/CardManager.mlua:18817,타겟 {0}명  |  속박 {1}초(100%)  |  해제 시 추가타 {2}~{3}%  |  보스·엘리트 지속 1/2,,,
FMT_CARDMANAGER_085,"타겟 {0}명  |  광역  |  스톰 {1}초 추적(닿으면 {2}%, 같은 대상 {3}초당 1회)",RootDesk/MyDesk/Card/CardManager.mlua:18820,"타겟 {0}명  |  광역  |  스톰 {1}초 추적(닿으면 {2}%, 같은 대상 {3}초당 1회)",,,
FMT_CARDMANAGER_086,타겟 {0}명  |  3연타(40/30/30%),RootDesk/MyDesk/Card/CardManager.mlua:18823,타겟 {0}명  |  3연타(40/30/30%),,,
FMT_CARDMANAGER_087,타겟 {0}명  |  2연타({1}/{2}%),RootDesk/MyDesk/Card/CardManager.mlua:18826,타겟 {0}명  |  2연타({1}/{2}%),,,
FMT_CARDMANAGER_088,타겟 {0}명  |  5연타(각 {1}%)  |  광역,RootDesk/MyDesk/Card/CardManager.mlua:18832,타겟 {0}명  |  5연타(각 {1}%)  |  광역,,,
FMT_CARDMANAGER_089,타겟 {0}명  |  명중 -{1}%(보스/엘리트 절반)  |  지속 {2}초  |  광역  |  추가 대미지 {3}%,RootDesk/MyDesk/Card/CardManager.mlua:18835,타겟 {0}명  |  명중 -{1}%(보스/엘리트 절반)  |  지속 {2}초  |  광역  |  추가 대미지 {3}%,,,
FMT_CARDMANAGER_090,타겟 2명  |  크리티컬 확률 +{0}%  |  광역  |  메소 100%/아이템 50%,RootDesk/MyDesk/Card/CardManager.mlua:18838,타겟 2명  |  크리티컬 확률 +{0}%  |  광역  |  메소 100%/아이템 50%,,,
FMT_CARDMANAGER_091,메소 폭발  |  2연타(50/50%)  |  스턴 {0}% 확률 {1}초  |  기본 공격 시 30% 확률 메소 드랍,RootDesk/MyDesk/Card/CardManager.mlua:18841,메소 폭발  |  2연타(50/50%)  |  스턴 {0}% 확률 {1}초  |  기본 공격 시 30% 확률 메소 드랍,,,
FMT_CARDMANAGER_092,지속 {0}초  |  분신 소환 대미지  |  스킬 {1}%  |  기본공격 {2}%,RootDesk/MyDesk/Card/CardManager.mlua:18843,지속 {0}초  |  분신 소환 대미지  |  스킬 {1}%  |  기본공격 {2}%,,,
FMT_CARDMANAGER_093,착탄 {0}개  |  스턴 {1}초,RootDesk/MyDesk/Card/CardManager.mlua:18849,착탄 {0}개  |  스턴 {1}초,,,
FMT_CARDMANAGER_094,타겟 {0}명  |  3연타({1}/{2}/{3}%),RootDesk/MyDesk/Card/CardManager.mlua:18852,타겟 {0}명  |  3연타({1}/{2}/{3}%),,,
FMT_CARDMANAGER_095,타겟 {0}명  |  명중 -{1}%(보스/엘리트 절반)  |  지속 {2}초  |  광역,RootDesk/MyDesk/Card/CardManager.mlua:18855,타겟 {0}명  |  명중 -{1}%(보스/엘리트 절반)  |  지속 {2}초  |  광역,,,
FMT_CARDMANAGER_096,타겟 {0}명  |  크리티컬 확률 +{1}%  |  광역,RootDesk/MyDesk/Card/CardManager.mlua:18858,타겟 {0}명  |  크리티컬 확률 +{1}%  |  광역,,,
FMT_CARDMANAGER_097,타겟 {0}명  |  메소 드랍 100%  |  아이템 드랍 {1}%,RootDesk/MyDesk/Card/CardManager.mlua:18860,타겟 {0}명  |  메소 드랍 100%  |  아이템 드랍 {1}%,,,
FMT_CARDMANAGER_098,메소 폭발  |  광역  |  기본 공격 시 {0}% 확률로 메소 드랍,RootDesk/MyDesk/Card/CardManager.mlua:18863,메소 폭발  |  광역  |  기본 공격 시 {0}% 확률로 메소 드랍,,,
FMT_CARDMANAGER_099,지속 {0}초  |  분신 소환 대미지 {1}%,RootDesk/MyDesk/Card/CardManager.mlua:18865,지속 {0}초  |  분신 소환 대미지 {1}%,,,
FMT_EPISODEREWARDUI_001,"EP{0}
{1}분 생존!",RootDesk/MyDesk/EpisodeReward/EpisodeRewardUI.mlua:180,"EP{0}
{1}분 생존!",,,
FMT_EPISODEREWARDUI_002,{0} 달성! 보상을 받으세요,RootDesk/MyDesk/EpisodeReward/EpisodeRewardUI.mlua:231,{0} 달성! 보상을 받으세요,,,
FMT_EPISODEREWARDUI_003,EP{0}에서 한 판 {1}분을 버티면 받을 수 있어요 (타임어택·무제한 모두),RootDesk/MyDesk/EpisodeReward/EpisodeRewardUI.mlua:234,EP{0}에서 한 판 {1}분을 버티면 받을 수 있어요 (타임어택·무제한 모두),,,
FMT_EPISODEREWARDUI_004,EP{0}에서 {1}분을 버텨야 받을 수 있어요,RootDesk/MyDesk/EpisodeReward/EpisodeRewardUI.mlua:255,EP{0}에서 {1}분을 버텨야 받을 수 있어요,,,
FMT_EPISODEREWARDUI_005,{0} 칸이 가득 찼어요! 정리한 뒤 다시 받아주세요,RootDesk/MyDesk/EpisodeReward/EpisodeRewardUI.mlua:314,{0} 칸이 가득 찼어요! 정리한 뒤 다시 받아주세요,,,
FMT_GACHAUI_001,{0} 뽑기,RootDesk/MyDesk/GachaUI.mlua:478,{0} 뽑기,,,
FMT_GACHAUI_002,획득한 {0}!,RootDesk/MyDesk/GachaUI.mlua:480,획득한 {0}!,,,
FMT_GACHAUI_003,{0} 뽑기 X1,RootDesk/MyDesk/GachaUI.mlua:481,{0} 뽑기 X1,,,
FMT_GACHAUI_004,{0} 뽑기 X10,RootDesk/MyDesk/GachaUI.mlua:482,{0} 뽑기 X10,,,
FMT_GACHAUI_005,무료 ({0}),RootDesk/MyDesk/GachaUI.mlua:498,무료 ({0}),,,
FMT_IDLEREWARDUI_001,자동 시간 : {0},RootDesk/MyDesk/IdleReward/IdleRewardUI.mlua:195,자동 시간 : {0},,,
FMT_IDLEREWARDUI_002,{0} · 진행 보너스 +{1}%,RootDesk/MyDesk/IdleReward/IdleRewardUI.mlua:198,{0} · 진행 보너스 +{1}%,,,
FMT_IDLEREWARDUI_003,{0} — 가득 찼어요!),RootDesk/MyDesk/IdleReward/IdleRewardUI.mlua:200,{0} — 가득 찼어요!),,,
FMT_IDLEREWARDUI_004,"장비는 {0}시간마다 1개씩 쌓여요
(다음 장비까지 {1})",RootDesk/MyDesk/IdleReward/IdleRewardUI.mlua:250,"장비는 {0}시간마다 1개씩 쌓여요
(다음 장비까지 {1})",,,
FMT_IDLEREWARDUI_005,최소 {0}분은 방치해야 받을 수 있어요,RootDesk/MyDesk/IdleReward/IdleRewardUI.mlua:291,최소 {0}분은 방치해야 받을 수 있어요,,,
FMT_IDLEREWARDUI_006,장비 인벤토리가 가득 찼어요! 자리가 없는 장비 {0}개는 사라질 수 있어요,RootDesk/MyDesk/IdleReward/IdleRewardUI.mlua:329,장비 인벤토리가 가득 찼어요! 자리가 없는 장비 {0}개는 사라질 수 있어요,,,
FMT_IDLEREWARDUI_007,"자리가 없는 장비 {0}개는 사라져요.
그래도 받을까요?",RootDesk/MyDesk/IdleReward/IdleRewardUI.mlua:333,"자리가 없는 장비 {0}개는 사라져요.
그래도 받을까요?",,,
FMT_UICOMPOSEPOPUP_001,"{0}
(최고 등급)",RootDesk/MyDesk/Inventory/UI/UIComposePopup.mlua:667,"{0}
(최고 등급)",,,
FMT_UICOMPOSEPOPUP_002,품질 {0} 유지,RootDesk/MyDesk/Inventory/UI/UIComposePopup.mlua:689,품질 {0} 유지,,,
FMT_UICOMPOSEPOPUP_003,품질 {0} 승급,RootDesk/MyDesk/Inventory/UI/UIComposePopup.mlua:690,품질 {0} 승급,,,
FMT_LEVELREWARDUI_001,레벨 {0}이 되면 받을 수 있어요,RootDesk/MyDesk/PlayerLevel/LevelRewardUI.mlua:313,레벨 {0}이 되면 받을 수 있어요,,,
FMT_RAIDLOGIC_001,주간 레이드 {0} 등급 보상 + 반지 강화 주문서 {1}장을 받았어요!,RootDesk/MyDesk/Raid/RaidLogic.mlua:728,주간 레이드 {0} 등급 보상 + 반지 강화 주문서 {1}장을 받았어요!,,,
FMT_RAIDUI_001,보스 체력  {0}%,RootDesk/MyDesk/Raid/RaidUI.mlua:275,보스 체력  {0}%,,,
FMT_RELICUPGRADEUI_001,"{0}
보유 시 {1}{2} — 아직 보유하지 않은 유물입니다",RootDesk/MyDesk/Relic/RelicUpgradeUI.mlua:86,"{0}
보유 시 {1}{2} — 아직 보유하지 않은 유물입니다",,,
FMT_RELICUPGRADEUI_002,"{0} {1}{2}
최대 레벨입니다",RootDesk/MyDesk/Relic/RelicUpgradeUI.mlua:96,"{0} {1}{2}
최대 레벨입니다",,,
FMT_RELICUPGRADEUI_003,{0}코인,RootDesk/MyDesk/Relic/RelicUpgradeUI.mlua:110,{0}코인,,,
FMT_SKILLUPGRADEUI_001,"다음 레벨: Lv.{0}
{1}",RootDesk/MyDesk/Skill/SkillUpgradeUI.mlua:115,"다음 레벨: Lv.{0}
{1}",,,
FMT_GAMEOVERUI_001,{0} 점,RootDesk/MyDesk/UI/GameOverUI.mlua:125,{0} 점,,,
FMT_RANKUI_001,{0}위 밖,RootDesk/MyDesk/UI/RankUI.mlua:245,{0}위 밖,,,
FMT_RUNSTARTCONFIRMUI_001,{0} 인벤토리가 가득 찼어요!,RootDesk/MyDesk/UI/RunStartConfirmUI.mlua:79,{0} 인벤토리가 가득 찼어요!,,,
FMT_SHOPUI_001,다이아 {0},RootDesk/MyDesk/UI/ShopUI.mlua:135,다이아 {0},,,
FMT_WORLDCHARACTERSELECTUI_001,"공격력 {0}%
체력 {1}%",RootDesk/MyDesk/UI/WorldCharacterSelectUI.mlua:206,"공격력 {0}%
체력 {1}%",,,
FMT_WORLDCHARACTERSELECTUI_002,"{0}

장비
({1} / {2})",RootDesk/MyDesk/UI/WorldCharacterSelectUI.mlua:382,"{0}

장비
({1} / {2})",,,
FMT_WORLDCHARACTERSELECTUI_003,"{0}

몬스터 처치
({1} / {2})",RootDesk/MyDesk/UI/WorldCharacterSelectUI.mlua:384,"{0}

몬스터 처치
({1} / {2})",,,
FMT_EP2MAP2ARENALOGIC_001,다시하기 (-{0}),RootDesk/MyDesk/Ep2Map2ArenaLogic.mlua,다시하기 (-{0}),,,
FMT_ATTENDANCELOGIC_001,{0}개,RootDesk/MyDesk/Attendance/AttendanceLogic.mlua,{0}개,,,
FMT_EPISODEREWARDLOGIC_001,EP{0} {1}분 생존!,RootDesk/MyDesk/EpisodeReward/EpisodeRewardLogic.mlua,EP{0} {1}분 생존!,,,
FMT_EPISODEREWARDLOGIC_002,{0} {1}분 생존 시 열림,RootDesk/MyDesk/EpisodeReward/EpisodeRewardLogic.mlua,{0} {1}분 생존 시 열림,,,
FMT_LEVELREWARDLOGIC_001,{0} 무기,RootDesk/MyDesk/PlayerLevel/LevelRewardLogic.mlua,{0} 무기,,,
FMT_LEVELREWARDLOGIC_002,{0} 장비,RootDesk/MyDesk/PlayerLevel/LevelRewardLogic.mlua,{0} 장비,,,
FMT_LEVELREWARDLOGIC_003,레벨 {0} 보상,RootDesk/MyDesk/PlayerLevel/LevelRewardLogic.mlua,레벨 {0} 보상,,,
FMT_MAP23ERDASEASTEREGGLOGIC_001,{0} 에르다스가 소환되었다.,RootDesk/MyDesk/Puzzle/Map23ErdasEasterEggLogic.mlua,{0} 에르다스가 소환되었다.,,,
FMT_MAP24TREASURECHESTLOGIC_001,유물 뽑기권 {0}장 획득!,RootDesk/MyDesk/Puzzle/Map24TreasureChestLogic.mlua,유물 뽑기권 {0}장 획득!,,,
FMT_EP2MAP4GALLERYPORTALTRIGGER_001,{0}가 부족합니다 ({1}/{2}),RootDesk/MyDesk/Puzzle/Ep2Map4GalleryPortalTrigger.mlua,{0}가 부족합니다 ({1}/{2}),,,
FMT_RELICUPGRADEUI_004,"{0} {1}{2}
다음 레벨: {3}{2}",RootDesk/MyDesk/Relic/RelicUpgradeUI.mlua,"{0} {1}{2}
다음 레벨: {3}{2}",,,
FMT_CARDMANAGER_100,중복 스킬을 획득해 {0} 스킬의 레벨이 올랐습니다!,RootDesk/MyDesk/Card/CardManager.mlua,중복 스킬을 획득해 {0} 스킬의 레벨이 올랐습니다!,,,
FMT_CARDMANAGER_101,카드 {0},RootDesk/MyDesk/Card/CardManager.mlua,카드 {0},,,
