Key,한국어원문,위치(Note),en,zh-TW,ja
FMT_ACHIEVEMENTUI_001,업적 {0} / {1},RootDesk/MyDesk/Achievement/AchievementUI.mlua:184,Achievement {0} / {1},成就 {0} / {1},実績 {0} / {1}
FMT_ATTENDANCELOGIC_001,{0}개,RootDesk/MyDesk/Attendance/AttendanceLogic.mlua,{0},{0},{0}
FMT_CARDMANAGER_001,{0} (+{1}강화),RootDesk/MyDesk/Card/CardManager.mlua:18337,{0} (+{1}Upgrade),{0} (+{1}強化),{0} (+{1}強化)
FMT_CARDMANAGER_002,콜드 빔 Lv.{0},RootDesk/MyDesk/Card/CardManager.mlua:18339,Cold Beam Lv.{0},寒冰光束 Lv.{0},コールドビーム Lv.{0}
FMT_CARDMANAGER_003,썬더 볼트 Lv.{0},RootDesk/MyDesk/Card/CardManager.mlua:18341,Thunder Bolt Lv.{0},雷電術 Lv.{0},サンダーボルト Lv.{0}
FMT_CARDMANAGER_004,매직 부스터 Lv.{0},RootDesk/MyDesk/Card/CardManager.mlua:18343,Magic Booster Lv.{0},魔法增幅 Lv.{0},マジックブースター Lv.{0}
FMT_CARDMANAGER_005,매직 크리티컬 Lv.{0},RootDesk/MyDesk/Card/CardManager.mlua:18344,Magic Critical Lv.{0},魔法暴擊 Lv.{0},マジッククリティカル Lv.{0}
FMT_CARDMANAGER_006,대미지 : {0},RootDesk/MyDesk/Card/CardManager.mlua:18391,Damage : {0},傷害 : {0},ダメージ : {0}
FMT_CARDMANAGER_007,쿨타임 -{0}%  (영구),RootDesk/MyDesk/Card/CardManager.mlua:18396,Cooldown -{0}%  (Permanent),冷卻時間 -{0}%  (永久),クールタイム -{0}%  (永続)
FMT_CARDMANAGER_008,크리티컬 {0}%  (영구),RootDesk/MyDesk/Card/CardManager.mlua:18398,Critical {0}%  (Permanent),暴擊 {0}%  (永久),クリティカル {0}%  (永続)
FMT_CARDMANAGER_009,아이스 보너스 : +{0}%/스택,RootDesk/MyDesk/Card/CardManager.mlua:18405,Ice Bonus : +{0}%/Stack,冰 加成 : +{0}%/層數,アイス ボーナス : +{0}%/スタック
FMT_CARDMANAGER_010,피해 감소 : -{0}%  (영구),RootDesk/MyDesk/Card/CardManager.mlua:18425,Damage Reduction : -{0}%  (Permanent),傷害 減少 : -{0}%  (永久),ダメージ 減少 : -{0}%  (永続)
FMT_CARDMANAGER_011,대미지 증가 : +{0}%  (영구),RootDesk/MyDesk/Card/CardManager.mlua:18433,Damage Increase : +{0}%  (Permanent),傷害 增加 : +{0}%  (永久),ダメージ 増加 : +{0}%  (永続)
FMT_CARDMANAGER_012,대미지 : {0}  (타격당),RootDesk/MyDesk/Card/CardManager.mlua:18447,Damage : {0}  (per hit),傷害 : {0}  (每次命中),ダメージ : {0}  (1ヒットあたり)
FMT_CARDMANAGER_013,크리티컬 대미지 +{0}%  (영구),RootDesk/MyDesk/Card/CardManager.mlua:18475,Critical Damage +{0}%  (Permanent),暴擊 傷害 +{0}%  (永久),クリティカル ダメージ +{0}%  (永続)
FMT_CARDMANAGER_014,추가 공격 확률 {0}%  (영구),RootDesk/MyDesk/Card/CardManager.mlua:18477,Additional Attack Chance {0}%  (Permanent),追加攻擊 機率 {0}%  (永久),追加攻撃 確率 {0}%  (永続)
FMT_CARDMANAGER_015,스택 확률 : {0}%  (영구),RootDesk/MyDesk/Card/CardManager.mlua:18481,Stack Chance : {0}%  (Permanent),層數 機率 : {0}%  (永久),スタック 確率 : {0}%  (永続)
FMT_CARDMANAGER_016,강화 코마 대미지 {0}%  (영구),RootDesk/MyDesk/Card/CardManager.mlua:18503,Enhanced Koma Damage {0}%  (Permanent),強化 Koma 傷害 {0}%  (永久),強化 コマ ダメージ {0}%  (永続)
FMT_CARDMANAGER_017,{0}초마다 체력 {1}% 회복  (영구),RootDesk/MyDesk/Card/CardManager.mlua:18505,{0}severy HP {1}% Restore  (Permanent),{0}秒每 生命值 {1}% 恢復  (永久),{0}秒ごとに HP {1}% 回復  (永続)
FMT_CARDMANAGER_018,피해량 증가 : +{0}%  (영구),RootDesk/MyDesk/Card/CardManager.mlua:18507,Damage Increase : +{0}%  (Permanent),傷害 增加 : +{0}%  (永久),ダメージ 増加 : +{0}%  (永続)
FMT_CARDMANAGER_019,공격 회피 {0}%  (영구),RootDesk/MyDesk/Card/CardManager.mlua:18517,Attack Evasion {0}%  (Permanent),攻擊 閃避 {0}%  (永久),攻撃 回避 {0}%  (永続)
FMT_CARDMANAGER_020,추가 공격 {0}% (대미지 {1}%)  (영구),RootDesk/MyDesk/Card/CardManager.mlua:18529,Additional Attack {0}% (Damage {1}%)  (Permanent),追加攻擊 {0}% (傷害 {1}%)  (永久),追加攻撃 {0}% (ダメージ {1}%)  (永続)
FMT_CARDMANAGER_021,대미지 : {0}  (초당)  |  추가 대미지 : {1},RootDesk/MyDesk/Card/CardManager.mlua:18553,Damage : {0}  (per second)  |  Additional Damage : {1},傷害 : {0}  (每秒)  |  額外 傷害 : {1},ダメージ : {0}  (毎秒)  |  追加 ダメージ : {1}
FMT_CARDMANAGER_022,대미지 : {0}  (메소 1개당),RootDesk/MyDesk/Card/CardManager.mlua:18560,Damage : {0}  (Meso 1per),傷害 : {0}  (楓幣 1每個),ダメージ : {0}  (メル 11個あたり)
FMT_CARDMANAGER_023,스킬 복사 {0}%  |  기본공격 복사 {1}%,RootDesk/MyDesk/Card/CardManager.mlua:18562,Skill Copy {0}%  |  Basic Attack Copy {1}%,技能複製 {0}%  |  普通攻擊 複製 {1}%,スキルコピー {0}%  |  通常攻撃 コピー {1}%
FMT_CARDMANAGER_024,대미지 : {0}  (초당 틱),RootDesk/MyDesk/Card/CardManager.mlua:18566,Damage : {0}  (per tick),傷害 : {0}  (每秒 跳),ダメージ : {0}  (毎秒 ティック)
FMT_CARDMANAGER_025,대미지 : {0}  (초당),RootDesk/MyDesk/Card/CardManager.mlua:18573,Damage : {0}  (per second),傷害 : {0}  (每秒),ダメージ : {0}  (毎秒)
FMT_CARDMANAGER_026,쿨타임 : {0}s,RootDesk/MyDesk/Card/CardManager.mlua:18598,Cooldown : {0}s,冷卻時間 : {0}s,クールタイム : {0}s
FMT_CARDMANAGER_027,타겟 : {0}명,RootDesk/MyDesk/Card/CardManager.mlua:18613,Targets : {0} targets,目標 : {0}個目標,ターゲット : {0}体
FMT_CARDMANAGER_028,타겟 : {0}명  |  슬로우 3s,RootDesk/MyDesk/Card/CardManager.mlua:18615,Targets : {0} targets  |  Slow 3s,目標 : {0}個目標  |  緩速 3s,ターゲット : {0}体  |  スロー 3s
FMT_CARDMANAGER_029,타겟 {0}명  |  스턴 {1}% {2}초(보스/엘리트 {3}초),RootDesk/MyDesk/Card/CardManager.mlua:18621,Targets {0} targets  |  Stun {1}% {2}s(Boss/Elite {3}s),目標 {0}個目標  |  暈眩 {1}% {2}秒(首領/菁英 {3}秒),ターゲット {0}体  |  スタン {1}% {2}秒(ボス/エリート {3}秒)
FMT_CARDMANAGER_030,타겟 {0}명,RootDesk/MyDesk/Card/CardManager.mlua:18623,Targets {0} targets,目標 {0}個目標,ターゲット {0}体
FMT_CARDMANAGER_031,{0}치명타 20%,RootDesk/MyDesk/Card/CardManager.mlua:18632,{0}Critical 20%,{0}chi個目標擊 20%,{0}chi体ヒット 20%
FMT_CARDMANAGER_032,{0}광역,RootDesk/MyDesk/Card/CardManager.mlua:18636,{0}Area,{0}範圍,{0}範囲
FMT_CARDMANAGER_033,타겟 {0}명  |  범위 광역,RootDesk/MyDesk/Card/CardManager.mlua:18650,Targets {0} targets  |  Area,目標 {0}個目標  |  範圍,ターゲット {0}体  |  範囲
FMT_CARDMANAGER_034,{0}  |  출혈 {1}%/틱 (3초),RootDesk/MyDesk/Card/CardManager.mlua:18651,{0}  |  Bleed {1}%/tick (3s),{0}  |  流血 {1}%/跳 (3秒),{0}  |  出血 {1}%/ティック (3秒)
FMT_CARDMANAGER_035,{0}  |  25% 확률 2연타(2타 50%),RootDesk/MyDesk/Card/CardManager.mlua:18654,{0}  |  25% Chance 2 hits(2 hits 50%),{0}  |  25% 機率 2連擊(2擊 50%),{0}  |  25% 確率 2連打(2ヒット 50%)
FMT_CARDMANAGER_036,광역  |  {0}타,RootDesk/MyDesk/Card/CardManager.mlua:18658,Area  |  {0}hits,範圍  |  {0}擊,範囲  |  {0}ヒット
FMT_CARDMANAGER_037,{0}  |  넉백,RootDesk/MyDesk/Card/CardManager.mlua:18659,{0}  |  Knockback,{0}  |  擊退,{0}  |  ノックバック
FMT_CARDMANAGER_038,타겟 {0}명  |  속박 {1}초,RootDesk/MyDesk/Card/CardManager.mlua:18663,Targets {0} targets  |  Bind {1}s,目標 {0}個目標  |  束縛 {1}秒,ターゲット {0}体  |  拘束 {1}秒
FMT_CARDMANAGER_039,타겟 {0}명  |  빙결 스택+1,RootDesk/MyDesk/Card/CardManager.mlua:18665,Targets {0} targets  |  Freeze Stack+1,目標 {0}個目標  |  冰凍 層數+1,ターゲット {0}体  |  凍結 スタック+1
FMT_CARDMANAGER_040,타겟 {0}명  |  3연타  |  스턴 {1}% {2}초,RootDesk/MyDesk/Card/CardManager.mlua:18669,Targets {0} targets  |  3hits  |  Stun {1}% {2}s,目標 {0}個目標  |  3連擊  |  暈眩 {1}% {2}秒,ターゲット {0}体  |  3連打  |  スタン {1}% {2}秒
FMT_CARDMANAGER_041,"타겟 {0}명  |  슬로우, 빙결 스택2",RootDesk/MyDesk/Card/CardManager.mlua:18671,"Targets {0} targets  |  Slow, Freeze Stack2","目標 {0}個目標  |  緩速, 冰凍 層數2","ターゲット {0}体  |  スロー, 凍結 スタック2"
FMT_CARDMANAGER_042,연쇄 {0}명  |  치명타+20%  |  마지막 착탄 +{1}%,RootDesk/MyDesk/Card/CardManager.mlua:18674,Chain {0} targets  |  Critical+20%  |  Final impact +{1}%,連鎖 {0}個目標  |  chi個目標擊+20%  |  majimak 命中 +{1}%,連鎖 {0}体  |  chi体ヒット+20%  |  majimak 着弾 +{1}%
FMT_CARDMANAGER_043,고정 광역  |  {0}% 확률 2연타(2타 50%),RootDesk/MyDesk/Card/CardManager.mlua:18680,Fixed Area  |  {0}% Chance 2 hits(2 hits 50%),固定 範圍  |  {0}% 機率 2連擊(2擊 50%),固定 範囲  |  {0}% 確率 2連打(2ヒット 50%)
FMT_CARDMANAGER_044,타겟 {0}명  |  빙결 스택+1  |  추가타 대미지 {1}%,RootDesk/MyDesk/Card/CardManager.mlua:18683,Targets {0} targets  |  Freeze Stack+1  |  Additional Hit Damage {1}%,目標 {0}個目標  |  冰凍 層數+1  |  追加攻擊 傷害 {1}%,ターゲット {0}体  |  凍結 スタック+1  |  追加攻撃 ダメージ {1}%
FMT_CARDMANAGER_045,타겟 {0}명  |  속박 3초  |  추가타 대미지 {1}%,RootDesk/MyDesk/Card/CardManager.mlua:18686,Targets {0} targets  |  Bind 3s  |  Additional Hit Damage {1}%,目標 {0}個目標  |  束縛 3秒  |  追加攻擊 傷害 {1}%,ターゲット {0}体  |  拘束 3秒  |  追加攻撃 ダメージ {1}%
FMT_CARDMANAGER_046,화살 {0}발,RootDesk/MyDesk/Card/CardManager.mlua:18691,Arrows {0}shots,箭矢 {0}發,矢 {0}発
FMT_CARDMANAGER_047,{0}  |  강화 화살 {1}% ({2}% 대미지),RootDesk/MyDesk/Card/CardManager.mlua:18693,{0}  |  Enhanced Arrow {1}% ({2}% Damage),{0}  |  強化 箭矢 {1}% ({2}% 傷害),{0}  |  強化 矢 {1}% ({2}% ダメージ)
FMT_CARDMANAGER_048,착탄 {0}개  |  광역  |  슬로우 {1}% {2}초,RootDesk/MyDesk/Card/CardManager.mlua:18697,Impacts {0}  |  Area  |  Slow {1}% {2}s,命中 {0}  |  範圍  |  緩速 {1}% {2}秒,着弾 {0}  |  範囲  |  スロー {1}% {2}秒
FMT_CARDMANAGER_049,착탄 {0}개  |  광역  |  슬로우 대상 +{1}% 대미지,RootDesk/MyDesk/Card/CardManager.mlua:18703,Impacts {0}  |  Area  |  Slow target +{1}% Damage,命中 {0}  |  範圍  |  緩速 目標 +{1}% 傷害,着弾 {0}  |  範囲  |  スロー 対象 +{1}% ダメージ
FMT_CARDMANAGER_050,유지 {0}초  |  광역  |  슬로우 대상 +{1}% 대미지,RootDesk/MyDesk/Card/CardManager.mlua:18707,Duration {0}s  |  Area  |  Slow target +{1}% Damage,持續 {0}秒  |  範圍  |  緩速 目標 +{1}% 傷害,持続 {0}秒  |  範囲  |  スロー 対象 +{1}% ダメージ
FMT_CARDMANAGER_051,화살 {0}발  |  관통 {1}회,RootDesk/MyDesk/Card/CardManager.mlua:18709,Arrows {0}shots  |  Pierce {1}times,箭矢 {0}發  |  穿透 {1}次,矢 {0}発  |  貫通 {1}回
FMT_CARDMANAGER_052,착탄 {0}개  |  광역,RootDesk/MyDesk/Card/CardManager.mlua:18711,Impacts {0}  |  Area,命中 {0}  |  範圍,着弾 {0}  |  範囲
FMT_CARDMANAGER_053,화살 {0}발  |  관통 {1}회  |  크리티컬 +{2}%,RootDesk/MyDesk/Card/CardManager.mlua:18715,Arrows {0}shots  |  Pierce {1}times  |  Critical +{2}%,箭矢 {0}發  |  穿透 {1}次  |  暴擊 +{2}%,矢 {0}発  |  貫通 {1}回  |  クリティカル +{2}%
FMT_CARDMANAGER_054,착탄 {0}개  |  광역  |  크리티컬 +{1}%,RootDesk/MyDesk/Card/CardManager.mlua:18719,Impacts {0}  |  Area  |  Critical +{1}%,命中 {0}  |  範圍  |  暴擊 +{1}%,着弾 {0}  |  範囲  |  クリティカル +{1}%
FMT_CARDMANAGER_055,타겟 2명  |  넉백  |  타격 유닛 {0}%  |  광역 {1}% 대미지,RootDesk/MyDesk/Card/CardManager.mlua:18724,Targets 2 targets  |  Knockback  |  hitsgyeok unit {0}%  |  Area {1}% Damage,目標 2個目標  |  擊退  |  擊gyeok yunit {0}%  |  範圍 {1}% 傷害,ターゲット 2体  |  ノックバック  |  ヒットgyeok yunit {0}%  |  範囲 {1}% ダメージ
FMT_CARDMANAGER_056,타겟 {0}명  |  넉백  |  충돌 대상 {1}% 대미지,RootDesk/MyDesk/Card/CardManager.mlua:18726,Targets {0} targets  |  Knockback  |  Collision target {1}% Damage,目標 {0}個目標  |  擊退  |  碰撞 目標 {1}% 傷害,ターゲット {0}体  |  ノックバック  |  衝突 対象 {1}% ダメージ
FMT_CARDMANAGER_057,"착탄 {0}개  |  광역  |  슬로우, 스턴 {1}초  |  슬로우 대상 {2}% 대미지",RootDesk/MyDesk/Card/CardManager.mlua:18730,"Impacts {0}  |  Area  |  Slow, Stun {1}s  |  Slow target {2}% Damage","命中 {0}  |  範圍  |  緩速, 暈眩 {1}秒  |  緩速 目標 {2}% 傷害","着弾 {0}  |  範囲  |  スロー, スタン {1}秒  |  スロー 対象 {2}% ダメージ"
FMT_CARDMANAGER_058,유지 {0}초  |  광역  |  크리티컬 {1}%  |  슬로우 대상 {2}% 대미지,RootDesk/MyDesk/Card/CardManager.mlua:18735,Duration {0}s  |  Area  |  Critical {1}%  |  Slow target {2}% Damage,持續 {0}秒  |  範圍  |  暴擊 {1}%  |  緩速 目標 {2}% 傷害,持続 {0}秒  |  範囲  |  クリティカル {1}%  |  スロー 対象 {2}% ダメージ
FMT_CARDMANAGER_059,최대 {0}명 연사  |  추가 타격 {1}% ({2}% 대미지),RootDesk/MyDesk/Card/CardManager.mlua:18741,Max {0} targets Rapid fire  |  Additional Hit {1}% ({2}% Damage),最大 {0}個目標 連射  |  追加攻擊 {1}% ({2}% 傷害),最大 {0}体 連射  |  追加ヒット {1}% ({2}% ダメージ)
FMT_CARDMANAGER_060,연사 {0}발  |  강화 확률(화살마다) {1}%  |  강화 시 {2}연타({3}초 간격),RootDesk/MyDesk/Card/CardManager.mlua:18747,Rapid Fire {0} shots | Upgrade chance (per arrow) {1}% | When upgraded: {2} hits ({3}s interval),連射 {0}發 | 強化機率（每支箭）{1}% | 強化時：{2}連擊（間隔{3}秒）,連射 {0}発 | 強化確率（矢1本につき）{1}% | 強化時：{2}連打（{3}秒間隔）
FMT_CARDMANAGER_061,추가 공격 대미지 {0}%,RootDesk/MyDesk/Card/CardManager.mlua:18749,Additional Attack Damage {0}%,追加攻擊 傷害 {0}%,追加攻撃 ダメージ {0}%
FMT_CARDMANAGER_062,타겟 {0}명  |  콤보스택 +1,RootDesk/MyDesk/Card/CardManager.mlua:18751,Targets {0} targets  |  Combo Stack +1,目標 {0}個目標  |  連擊層數 +1,ターゲット {0}体  |  コンボスタック +1
FMT_CARDMANAGER_063,타겟 {0}명  |  광역  |  콤보스택 +1,RootDesk/MyDesk/Card/CardManager.mlua:18755,Targets {0} targets  |  Area  |  Combo Stack +1,目標 {0}個目標  |  範圍  |  連擊層數 +1,ターゲット {0}体  |  範囲  |  コンボスタック +1
FMT_CARDMANAGER_064,타겟 {0}명  |  넉백  |  타격 유닛 {1}% 대미지,RootDesk/MyDesk/Card/CardManager.mlua:18757,Targets {0} targets  |  Knockback  |  hitsgyeok unit {1}% Damage,目標 {0}個目標  |  擊退  |  擊gyeok yunit {1}% 傷害,ターゲット {0}体  |  ノックバック  |  ヒットgyeok yunit {1}% ダメージ
FMT_CARDMANAGER_065,타겟 {0}명  |  2연타(70%/50%)  |  {1}% 확률 4연타(60/50/40/30%),RootDesk/MyDesk/Card/CardManager.mlua:18761,Targets {0} targets  |  2 hits(70%/50%)  |  {1}% Chance 4hits(60/50/40/30%),目標 {0}個目標  |  2連擊(70%/50%)  |  {1}% 機率 4連擊(60/50/40/30%),ターゲット {0}体  |  2連打(70%/50%)  |  {1}% 確率 4連打(60/50/40/30%)
FMT_CARDMANAGER_066,타겟 {0}명  |  속박{1}초  |  콤보스택 +1,RootDesk/MyDesk/Card/CardManager.mlua:18763,Targets {0} targets  |  Bind{1}s  |  Combo Stack +1,目標 {0}個目標  |  束縛{1}秒  |  連擊層數 +1,ターゲット {0}体  |  拘束{1}秒  |  コンボスタック +1
FMT_CARDMANAGER_067,지속 {0}초  |  2연타(50%/50%)  |  광역,RootDesk/MyDesk/Card/CardManager.mlua:18765,Duration {0}s  |  2 hits(50%/50%)  |  Area,持續 {0}秒  |  2連擊(50%/50%)  |  範圍,持続 {0}秒  |  2連打(50%/50%)  |  範囲
FMT_CARDMANAGER_068,타겟 {0}명  |  콤보스택 +2  |  스턴 {1}초,RootDesk/MyDesk/Card/CardManager.mlua:18767,Targets {0} targets  |  Combo Stack +2  |  Stun {1}s,目標 {0}個目標  |  連擊層數 +2  |  暈眩 {1}秒,ターゲット {0}体  |  コンボスタック +2  |  スタン {1}秒
FMT_CARDMANAGER_069,타겟 {0}명  |  광역  |  2타 대미지 {1}%  |  콤보스택 +1,RootDesk/MyDesk/Card/CardManager.mlua:18769,Targets {0} targets  |  Area  |  2 hits Damage {1}%  |  Combo Stack +1,目標 {0}個目標  |  範圍  |  2擊 傷害 {1}%  |  連擊層數 +1,ターゲット {0}体  |  範囲  |  2ヒット ダメージ {1}%  |  コンボスタック +1
FMT_CARDMANAGER_070,넉백  |  타격 유닛 {0}%  |  광역 대미지 {1}%,RootDesk/MyDesk/Card/CardManager.mlua:18772,Knockback  |  hitsgyeok unit {0}%  |  Area Damage {1}%,擊退  |  擊gyeok yunit {0}%  |  範圍 傷害 {1}%,ノックバック  |  ヒットgyeok yunit {0}%  |  範囲 ダメージ {1}%
FMT_CARDMANAGER_071,타겟 {0}명  |  콤보스택 +2,RootDesk/MyDesk/Card/CardManager.mlua:18774,Targets {0} targets  |  Combo Stack +2,目標 {0}個目標  |  連擊層數 +2,ターゲット {0}体  |  コンボスタック +2
FMT_CARDMANAGER_072,타겟 {0}명  |  검기 {1}개  |  콤보스택 +1,RootDesk/MyDesk/Card/CardManager.mlua:18776,Targets {0} targets  |  Sword energy {1}  |  Combo Stack +1,目標 {0}個目標  |  劍氣 {1}個  |  連擊層數 +1,ターゲット {0}体  |  剣気 {1}個  |  コンボスタック +1
FMT_CARDMANAGER_073,타겟 {0}명  |  광역,RootDesk/MyDesk/Card/CardManager.mlua:18782,Targets {0} targets  |  Area,目標 {0}個目標  |  範圍,ターゲット {0}体  |  範囲
FMT_CARDMANAGER_074,타겟 {0}명  |  분열 {1}개({2}%),RootDesk/MyDesk/Card/CardManager.mlua:18785,Targets {0} targets  |  Splits {1}({2}%),目標 {0}個目標  |  分裂 {1}個({2}%),ターゲット {0}体  |  分裂 {1}個({2}%)
FMT_CARDMANAGER_075,지속 {0}초  |  추적  |  경로상 적 타격,RootDesk/MyDesk/Card/CardManager.mlua:18790,Duration {0}s  |  Homing  |  Hits enemies along the path,持續 {0}秒  |  追蹤  |  gyeong以sang 敵人 擊gyeok,持続 {0}秒  |  追尾  |  gyeongでsang 敵 ヒットgyeok
FMT_CARDMANAGER_076,지속 {0}초  |  추적  |  경로상 적 타격  |  소멸 시 폭발 {1}%(광역),RootDesk/MyDesk/Card/CardManager.mlua:18792,Duration {0}s | Tracking | Hits enemies along the path | Explodes on expiration for {1}% (AoE),持續 {0}秒 | 追蹤 | 攻擊路徑上的敵人 | 消失時爆炸 {1}%（範圍）,持続 {0}秒 | 追尾 | 経路上の敵に命中 | 消滅時に{1}%の範囲爆発
FMT_CARDMANAGER_077,타겟 1명  |  광역  |  스턴 {0}초({1}%),RootDesk/MyDesk/Card/CardManager.mlua:18796,Targets 1 targets  |  Area  |  Stun {0}s({1}%),目標 1個目標  |  範圍  |  暈眩 {0}秒({1}%),ターゲット 1体  |  範囲  |  スタン {0}秒({1}%)
FMT_CARDMANAGER_078,타겟 {0}명  |  속박 {1}초(100%)  |  보스·엘리트 지속 1/2,RootDesk/MyDesk/Card/CardManager.mlua:18799,Targets {0} targets  |  Bind {1}s(100%)  |  Boss·Elite Duration 1/2,目標 {0}個目標  |  束縛 {1}秒(100%)  |  首領·菁英 持續 1/2,ターゲット {0}体  |  拘束 {1}秒(100%)  |  ボス·エリート 持続 1/2
FMT_CARDMANAGER_079,타겟 {0}명  |  지속 {1}초  |  설치 광역(범위 점차 증가),RootDesk/MyDesk/Card/CardManager.mlua:18802,Targets {0} targets  |  Duration {1}s  |  Deploys Area(Area gradually expands),目標 {0}個目標  |  持續 {1}秒  |  設置 範圍(範圍 jeomcha 增加),ターゲット {0}体  |  持続 {1}秒  |  設置 範囲(範囲 jeomcha 増加)
FMT_CARDMANAGER_080,타겟 {0}명  |  지속 {1}초  |  설치 광역(범위 점차 증가)  |  출혈 {2}%/초({3}초),RootDesk/MyDesk/Card/CardManager.mlua:18805,Targets {0} targets  |  Duration {1}s  |  Deploys Area(Area gradually expands)  |  Bleed {2}%/s({3}s),目標 {0}個目標  |  持續 {1}秒  |  設置 範圍(範圍 jeomcha 增加)  |  流血 {2}%/秒({3}秒),ターゲット {0}体  |  持続 {1}秒  |  設置 範囲(範囲 jeomcha 増加)  |  出血 {2}%/秒({3}秒)
FMT_CARDMANAGER_081,타겟 {0}명  |  관통 {1}마리,RootDesk/MyDesk/Card/CardManager.mlua:18808,Targets {0} targets  |  Pierce {1}monsters,目標 {0}個目標  |  穿透 {1}隻,ターゲット {0}体  |  貫通 {1}体
FMT_CARDMANAGER_082,타겟 {0}명  |  4연타({1}% × 4)  |  크리 +{2}%,RootDesk/MyDesk/Card/CardManager.mlua:18810,Targets {0} targets  |  4hits({1}% × 4)  |  Crit +{2}%,目標 {0}個目標  |  4連擊({1}% × 4)  |  暴擊 +{2}%,ターゲット {0}体  |  4連打({1}% × 4)  |  クリティカル +{2}%
FMT_CARDMANAGER_083,{0}발  |  관통 {1}마리({2}/{3}/{4}/{5}%),RootDesk/MyDesk/Card/CardManager.mlua:18814,{0}shots  |  Pierce {1}monsters({2}/{3}/{4}/{5}%),{0}發  |  穿透 {1}隻({2}/{3}/{4}/{5}%),{0}発  |  貫通 {1}体({2}/{3}/{4}/{5}%)
FMT_CARDMANAGER_084,타겟 {0}명  |  속박 {1}초(100%)  |  해제 시 추가타 {2}~{3}%  |  보스·엘리트 지속 1/2,RootDesk/MyDesk/Card/CardManager.mlua:18817,Targets {0} | Bind for {1}s (100%) | Bonus hit on release {2}~{3}% | Boss/Elite duration 1/2,目標 {0}個 | 束縛 {1}秒（100%） | 解除時追加攻擊 {2}~{3}% | 首領・菁英持續時間 1/2,ターゲット {0}体 | {1}秒拘束（100%） | 解除時に追加攻撃 {2}～{3}% | ボス・エリート持続時間 1/2
FMT_CARDMANAGER_085,"타겟 {0}명  |  광역  |  스톰 {1}초 추적(닿으면 {2}%, 같은 대상 {3}초당 1회)",RootDesk/MyDesk/Card/CardManager.mlua:18820,"Targets {0} | AoE | Storm {1}s homing ({2}% on contact, once per {3}s against the same target)",目標 {0}個 | 範圍 | 風暴追蹤 {1}秒（命中時{2}%，同一目標每{3}秒1次）,ターゲット {0}体 | 範囲 | ストーム追尾 {1}秒（接触時{2}%、同じ対象には{3}秒に1回）
FMT_CARDMANAGER_086,타겟 {0}명  |  3연타(40/30/30%),RootDesk/MyDesk/Card/CardManager.mlua:18823,Targets {0} targets  |  3hits(40/30/30%),目標 {0}個目標  |  3連擊(40/30/30%),ターゲット {0}体  |  3連打(40/30/30%)
FMT_CARDMANAGER_087,타겟 {0}명  |  2연타({1}/{2}%),RootDesk/MyDesk/Card/CardManager.mlua:18826,Targets {0} targets  |  2 hits({1}/{2}%),目標 {0}個目標  |  2連擊({1}/{2}%),ターゲット {0}体  |  2連打({1}/{2}%)
FMT_CARDMANAGER_088,타겟 {0}명  |  5연타(각 {1}%)  |  광역,RootDesk/MyDesk/Card/CardManager.mlua:18832,Targets {0} | 5 hits ({1}% each) | AoE,目標 {0}個 | 5連擊（每次{1}%）| 範圍,ターゲット {0}体 | 5連打（各{1}%）| 範囲
FMT_CARDMANAGER_089,타겟 {0}명  |  명중 -{1}%(보스/엘리트 절반)  |  지속 {2}초  |  광역  |  추가 대미지 {3}%,RootDesk/MyDesk/Card/CardManager.mlua:18835,Targets {0} | Hit: -{1}% (half for bosses/elites) | Duration {2}s | AoE | Additional damage {3}%,目標 {0}個 | 命中時-{1}%（首領／菁英減半）| 持續{2}秒 | 範圍 | 額外傷害{3}%,ターゲット {0}体 | 命中時-{1}%（ボス・エリートは半減）| 持続{2}秒 | 範囲 | 追加ダメージ{3}%
FMT_CARDMANAGER_090,타겟 2명  |  크리티컬 확률 +{0}%  |  광역  |  메소 100%/아이템 50%,RootDesk/MyDesk/Card/CardManager.mlua:18838,Targets 2 targets  |  Critical Chance +{0}%  |  Area  |  Meso 100%/Item 50%,目標 2個目標  |  暴擊 機率 +{0}%  |  範圍  |  楓幣 100%/道具 50%,ターゲット 2体  |  クリティカル 確率 +{0}%  |  範囲  |  メル 100%/アイテム 50%
FMT_CARDMANAGER_091,메소 폭발  |  2연타(50/50%)  |  스턴 {0}% 확률 {1}초  |  기본 공격 시 30% 확률 메소 드랍,RootDesk/MyDesk/Card/CardManager.mlua:18841,Meso Explosion | 2 hits (50/50%) | Stun {0}% chance for {1}s | Basic attacks have a 30% chance to drop Mesos,楓幣爆炸 | 2連擊（50/50%） | 暈眩 {0}%機率，持續{1}秒 | 基本攻擊有30%機率掉落楓幣,メル爆発 | 2連打（50/50%） | {0}%の確率で{1}秒スタン | 通常攻撃時、30%の確率でメルをドロップ
FMT_CARDMANAGER_092,지속 {0}초  |  분신 소환 대미지  |  스킬 {1}%  |  기본공격 {2}%,RootDesk/MyDesk/Card/CardManager.mlua:18843,Duration {0}s  |  Clone Summon Damage  |  Skill {1}%  |  Basic Attack {2}%,持續 {0}秒  |  分身 召喚 傷害  |  技能 {1}%  |  普通攻擊 {2}%,持続 {0}秒  |  分身 召喚 ダメージ  |  スキル {1}%  |  通常攻撃 {2}%
FMT_CARDMANAGER_093,착탄 {0}개  |  스턴 {1}초,RootDesk/MyDesk/Card/CardManager.mlua:18849,Impacts {0}  |  Stun {1}s,命中 {0}  |  暈眩 {1}秒,着弾 {0}  |  スタン {1}秒
FMT_CARDMANAGER_094,타겟 {0}명  |  3연타({1}/{2}/{3}%),RootDesk/MyDesk/Card/CardManager.mlua:18852,Targets {0} targets  |  3hits({1}/{2}/{3}%),目標 {0}個目標  |  3連擊({1}/{2}/{3}%),ターゲット {0}体  |  3連打({1}/{2}/{3}%)
FMT_CARDMANAGER_095,타겟 {0}명  |  명중 -{1}%(보스/엘리트 절반)  |  지속 {2}초  |  광역,RootDesk/MyDesk/Card/CardManager.mlua:18855,Targets {0} | Hit: -{1}% (half for bosses/elites) | Duration {2}s | AoE,目標 {0}個 | 命中時-{1}%（首領／菁英減半）| 持續{2}秒 | 範圍,ターゲット {0}体 | 命中時-{1}%（ボス・エリートは半減）| 持続{2}秒 | 範囲
FMT_CARDMANAGER_096,타겟 {0}명  |  크리티컬 확률 +{1}%  |  광역,RootDesk/MyDesk/Card/CardManager.mlua:18858,Targets {0} targets  |  Critical Chance +{1}%  |  Area,目標 {0}個目標  |  暴擊 機率 +{1}%  |  範圍,ターゲット {0}体  |  クリティカル 確率 +{1}%  |  範囲
FMT_CARDMANAGER_097,타겟 {0}명  |  메소 드랍 100%  |  아이템 드랍 {1}%,RootDesk/MyDesk/Card/CardManager.mlua:18860,Targets {0} targets  |  Meso Drop 100%  |  Item Drop {1}%,目標 {0}個目標  |  楓幣 deurap 100%  |  道具 deurap {1}%,ターゲット {0}体  |  メル deurap 100%  |  アイテム deurap {1}%
FMT_CARDMANAGER_098,메소 폭발  |  광역  |  기본 공격 시 {0}% 확률로 메소 드랍,RootDesk/MyDesk/Card/CardManager.mlua:18863,Meso Explosion | AoE | Basic attacks have a {0}% chance to drop Mesos,楓幣爆炸 | 範圍 | 基本攻擊有{0}%機率掉落楓幣,メル爆発 | 範囲 | 通常攻撃時、{0}%の確率でメルをドロップ
FMT_CARDMANAGER_099,지속 {0}초  |  분신 소환 대미지 {1}%,RootDesk/MyDesk/Card/CardManager.mlua:18865,Duration {0}s  |  Clone Summon Damage {1}%,持續 {0}秒  |  分身 召喚 傷害 {1}%,持続 {0}秒  |  分身 召喚 ダメージ {1}%
FMT_CARDMANAGER_100,중복 스킬을 획득해 {0} 스킬의 레벨이 올랐습니다!,RootDesk/MyDesk/Card/CardManager.mlua,"Gained a duplicate skill, increasing the level of skill {0}!",獲得重複技能，技能{0}的等級提升了！,重複スキルを獲得し、スキル{0}のレベルが上がりました！
FMT_CARDMANAGER_101,카드 {0},RootDesk/MyDesk/Card/CardManager.mlua,Card {0},卡片 {0},カード {0}
FMT_EP2MAP2ARENALOGIC_001,다시하기 (-{0}),RootDesk/MyDesk/Ep2Map2ArenaLogic.mlua,Retry (-{0}),重新開始 (-{0}),リトライ (-{0})
FMT_EP2MAP4GALLERYPORTALTRIGGER_001,{0}가 부족합니다 ({1}/{2}),RootDesk/MyDesk/Puzzle/Ep2Map4GalleryPortalTrigger.mlua,{0}  Insufficient ({1}/{2}),{0} 不足 ({1}/{2}),{0} 不足しています ({1}/{2})
FMT_EPISODEREWARDLOGIC_001,EP{0} {1}분 생존!,RootDesk/MyDesk/EpisodeReward/EpisodeRewardLogic.mlua,EP{0} {1}min Survive!,EP{0} {1}分 生存!,EP{0} {1}分 生存!
FMT_EPISODEREWARDLOGIC_002,{0} {1}분 생존 시 열림,RootDesk/MyDesk/EpisodeReward/EpisodeRewardLogic.mlua,Unlocked after surviving for {1} minutes in {0},在{0}生存{1}分鐘後解鎖,{0}で{1}分間生存すると解放
FMT_EPISODEREWARDUI_001,"EP{0}
{1}분 생존!",RootDesk/MyDesk/EpisodeReward/EpisodeRewardUI.mlua:180,"EP{0}
{1}min Survive!","EP{0}
{1}分 生存!","EP{0}
{1}分 生存!"
FMT_EPISODEREWARDUI_002,{0} 달성! 보상을 받으세요,RootDesk/MyDesk/EpisodeReward/EpisodeRewardUI.mlua:231,{0} Achieve! Reward  bateuseyo,{0} 達成! 請領取獎勵,{0} 達成! 報酬を受け取ってください
FMT_EPISODEREWARDUI_003,EP{0}에서 한 판 {1}분을 버티면 받을 수 있어요 (타임어택·무제한 모두),RootDesk/MyDesk/EpisodeReward/EpisodeRewardUI.mlua:234,Available after surviving {1} minute(s) in a single run of EP{0} (both Time Attack and Unlimited),在EP{0}單局生存{1}分鐘後即可領取（限時挑戰、無限模式皆可）,EP{0}で1回のプレイ中に{1}分生存すると受け取れます（タイムアタック・無制限どちらも可）
FMT_EPISODEREWARDUI_004,EP{0}에서 {1}분을 버텨야 받을 수 있어요,RootDesk/MyDesk/EpisodeReward/EpisodeRewardUI.mlua:255,Available after surviving {1} minutes in EP{0},EP{0}で生存{1}分鐘後即可領取,EP{0}で{1}分生存すると受け取れます
FMT_EPISODEREWARDUI_005,{0} 칸이 가득 찼어요! 정리한 뒤 다시 받아주세요,RootDesk/MyDesk/EpisodeReward/EpisodeRewardUI.mlua:314,{0} slots are full! Clear some space and claim it again.,{0}格已滿！整理空間後再領取。,{0}枠がいっぱいです！整理してからもう一度受け取ってください。
FMT_GACHAUI_001,{0} 뽑기,RootDesk/MyDesk/GachaUI.mlua:478,{0} Draw,{0} 抽取,{0} ガチャ
FMT_GACHAUI_002,획득한 {0}!,RootDesk/MyDesk/GachaUI.mlua:480,Obtainone {0}!,獲得一 {0}!,獲得1つ {0}!
FMT_GACHAUI_003,{0} 뽑기 X1,RootDesk/MyDesk/GachaUI.mlua:481,{0} Draw x1,{0} 抽取 x1,{0} ガチャ x1
FMT_GACHAUI_004,{0} 뽑기 X10,RootDesk/MyDesk/GachaUI.mlua:482,{0} Draw x10,{0} 抽取 x10,{0} ガチャ x10
FMT_GACHAUI_005,무료 ({0}),RootDesk/MyDesk/GachaUI.mlua:498,Free ({0}),免費 ({0}),無料 ({0})
FMT_GAMEOVERUI_001,{0} 점,RootDesk/MyDesk/UI/GameOverUI.mlua:125,{0} points,{0}分,{0}点
FMT_IDLEREWARDUI_001,자동 시간 : {0},RootDesk/MyDesk/IdleReward/IdleRewardUI.mlua:195,Automatic time : {0},自動 時間 : {0},自動 時間 : {0}
FMT_IDLEREWARDUI_002,{0} · 진행 보너스 +{1}%,RootDesk/MyDesk/IdleReward/IdleRewardUI.mlua:198,{0} · proceed Bonus +{1}%,{0} · 進行 加成 +{1}%,{0} · 進行 ボーナス +{1}%
FMT_IDLEREWARDUI_003,{0} — 가득 찼어요!),RootDesk/MyDesk/IdleReward/IdleRewardUI.mlua:200,{0} — Full Full!),{0} — 已滿 已滿!),{0} — 満杯 満杯!)
FMT_IDLEREWARDUI_004,"장비는 {0}시간마다 1개씩 쌓여요
(다음 장비까지 {1})",RootDesk/MyDesk/IdleReward/IdleRewardUI.mlua:250,"Equipment accumulates at a rate of 1 item every {0} hours.
(Until the next equipment: {1})","裝備每{0}小時累積1件。
（距離下一件裝備：{1}）","装備は{0}時間ごとに1個ずつ貯まります。
（次の装備まで：{1}）"
FMT_IDLEREWARDUI_005,최소 {0}분은 방치해야 받을 수 있어요,RootDesk/MyDesk/IdleReward/IdleRewardUI.mlua:291,You must leave it idle for at least {0} minutes to claim it.,至少閒置{0}分鐘後才能領取。,最低{0}分間放置すると受け取れます。
FMT_IDLEREWARDUI_006,장비 인벤토리가 가득 찼어요! 자리가 없는 장비 {0}개는 사라질 수 있어요,RootDesk/MyDesk/IdleReward/IdleRewardUI.mlua:329,Equipment inventory is full! Up to {0} equipment items with no space may disappear.,裝備背包已滿！沒有空間的裝備最多可能有{0}件消失。,装備インベントリがいっぱいです！空きがない装備は最大{0}個消える場合があります。
FMT_IDLEREWARDUI_007,"자리가 없는 장비 {0}개는 사라져요.
그래도 받을까요?",RootDesk/MyDesk/IdleReward/IdleRewardUI.mlua:333,"space None Equipment {0}  will disappear.
even so receivekkayo?","空間 沒有 裝備 {0} 會消失.
即使如此 獲得kkayo?","空きが なし 装備 {0} 消えます.
それでも 受け取るkkayo?"
FMT_LEVELREWARDLOGIC_001,{0} 무기,RootDesk/MyDesk/PlayerLevel/LevelRewardLogic.mlua,{0} Weapon,{0} 武器,{0} 武器
FMT_LEVELREWARDLOGIC_002,{0} 장비,RootDesk/MyDesk/PlayerLevel/LevelRewardLogic.mlua,{0} Equipment,{0} 裝備,{0} 装備
FMT_LEVELREWARDLOGIC_003,레벨 {0} 보상,RootDesk/MyDesk/PlayerLevel/LevelRewardLogic.mlua,Level {0} Reward,等級 {0} 獎勵,レベル {0} 報酬
FMT_LEVELREWARDUI_001,레벨 {0}이 되면 받을 수 있어요,RootDesk/MyDesk/PlayerLevel/LevelRewardUI.mlua:313,Available when you reach level {0},達到等級{0}後即可領取,レベル{0}になると受け取れます
FMT_MAP23ERDASEASTEREGGLOGIC_001,{0} 에르다스가 소환되었다.,RootDesk/MyDesk/Puzzle/Map23ErdasEasterEggLogic.mlua,{0} Erdas have been summoned.,{0}隻艾爾達斯已被召喚。,{0}体のエルダスが召喚された。
FMT_MAP24TREASURECHESTLOGIC_001,유물 뽑기권 {0}장 획득!,RootDesk/MyDesk/Puzzle/Map24TreasureChestLogic.mlua,Obtained {0} Relic Draw Tickets!,獲得遺物抽獎券{0}張！,遺物ガチャ券を{0}枚獲得！
FMT_RAIDLOGIC_001,주간 레이드 {0} 등급 보상 + 반지 강화 주문서 {1}장을 받았어요!,RootDesk/MyDesk/Raid/RaidLogic.mlua:728,You received the weekly Raid {0} Grade reward + {1} Ring Enhancement Scroll(s)!,你獲得了每週突襲{0}等級獎勵＋戒指強化卷軸{1}張！,週間レイド{0}ランク報酬＋指輪強化書{1}枚を受け取りました！
FMT_RAIDUI_001,보스 체력  {0}%,RootDesk/MyDesk/Raid/RaidUI.mlua:275,Boss HP  {0}%,首領 生命值  {0}%,ボス HP  {0}%
FMT_RANKUI_001,{0}위 밖,RootDesk/MyDesk/UI/RankUI.mlua:245,Outside the top {0},排名在{0}名以外,{0}位圏外
FMT_RELICUPGRADEUI_001,"{0}
보유 시 {1}{2} — 아직 보유하지 않은 유물입니다",RootDesk/MyDesk/Relic/RelicUpgradeUI.mlua:86,"{0}
When owned: {1}{2} — You do not own this relic yet","{0}
持有時：{1}{2} — 尚未持有此遺物","{0}
所持時：{1}{2} — まだ所持していない遺物です"
FMT_RELICUPGRADEUI_002,"{0} {1}{2}
최대 레벨입니다",RootDesk/MyDesk/Relic/RelicUpgradeUI.mlua:96,"{0} {1}{2}
Max Levelipnida","{0} {1}{2}
最大 等級ipnida","{0} {1}{2}
最大 レベルipnida"
FMT_RELICUPGRADEUI_003,{0}코인,RootDesk/MyDesk/Relic/RelicUpgradeUI.mlua:110,{0}Coin,{0}硬幣,{0}コイン
FMT_RELICUPGRADEUI_004,"{0} {1}{2}
다음 레벨: {3}{2}",RootDesk/MyDesk/Relic/RelicUpgradeUI.mlua,"{0} {1}{2}
Next Level: {3}{2}","{0} {1}{2}
下一個 等級: {3}{2}","{0} {1}{2}
次 レベル: {3}{2}"
FMT_RUNSTARTCONFIRMUI_001,{0} 인벤토리가 가득 찼어요!,RootDesk/MyDesk/UI/RunStartConfirmUI.mlua:79,{0} Inventory Full Full!,{0} 背包 已滿 已滿!,{0} インベントリが 満杯 満杯!
FMT_SHOPUI_001,다이아 {0},RootDesk/MyDesk/UI/ShopUI.mlua:135,Diamond {0},鑽石 {0},ダイヤ {0}
FMT_SKILLUPGRADEUI_001,"다음 레벨: Lv.{0}
{1}",RootDesk/MyDesk/Skill/SkillUpgradeUI.mlua:115,"Next Level: Lv.{0}
{1}","下一個 等級: Lv.{0}
{1}","次 レベル: Lv.{0}
{1}"
FMT_UICOMPOSEPOPUP_001,"{0}
(최고 등급)",RootDesk/MyDesk/Inventory/UI/UIComposePopup.mlua:667,"{0}
(Highest Grade)","{0}
（最高等級）","{0}
（最高ランク）"
FMT_UICOMPOSEPOPUP_002,품질 {0} 유지,RootDesk/MyDesk/Inventory/UI/UIComposePopup.mlua:689,Quality {0} Duration,品質 {0} 持續,品質 {0} 持続
FMT_UICOMPOSEPOPUP_003,품질 {0} 승급,RootDesk/MyDesk/Inventory/UI/UIComposePopup.mlua:690,Quality {0} Promotion,品質 {0}升級,品質 {0}昇格
FMT_WORLDCHARACTERSELECTUI_001,"공격력 {0}%
체력 {1}%",RootDesk/MyDesk/UI/WorldCharacterSelectUI.mlua:206,"Attackryeok {0}%
HP {1}%","攻擊ryeok {0}%
生命值 {1}%","攻撃ryeok {0}%
HP {1}%"
FMT_WORLDCHARACTERSELECTUI_002,"{0}

장비
({1} / {2})",RootDesk/MyDesk/UI/WorldCharacterSelectUI.mlua:382,"{0}

Equipment
({1} / {2})","{0}

裝備
({1} / {2})","{0}

装備
({1} / {2})"
FMT_WORLDCHARACTERSELECTUI_003,"{0}

몬스터 처치
({1} / {2})",RootDesk/MyDesk/UI/WorldCharacterSelectUI.mlua:384,"{0}

Monster Defeat
({1} / {2})","{0}

怪物 擊殺
({1} / {2})","{0}

モンスター 討伐
({1} / {2})"
MLUA_ACHIEVEMENTLOGIC_001,초보 사냥꾼,RootDesk/MyDesk/Achievement/AchievementLogic.mlua:47,sbo Hunter,秒bo 獵人,秒bo ハンター
MLUA_ACHIEVEMENTLOGIC_002,"몬스터 1,000마리 처치",RootDesk/MyDesk/Achievement/AchievementLogic.mlua:47,"Monster 1,000monsters Defeat","怪物 1,000隻 擊殺","モンスター 1,000体 討伐"
MLUA_ACHIEVEMENTLOGIC_003,숙련된 사냥꾼,RootDesk/MyDesk/Achievement/AchievementLogic.mlua:48,Skilled Hunter,熟練的獵人,熟練ハンター
MLUA_ACHIEVEMENTLOGIC_004,"몬스터 10,000마리 처치",RootDesk/MyDesk/Achievement/AchievementLogic.mlua:48,"Monster 10,000monsters Defeat","怪物 10,000隻 擊殺","モンスター 10,000体 討伐"
MLUA_ACHIEVEMENTLOGIC_005,전설의 사냥꾼,RootDesk/MyDesk/Achievement/AchievementLogic.mlua:49,Legendary Hunter,傳說 獵人,伝説の ハンター
MLUA_ACHIEVEMENTLOGIC_006,"몬스터 100,000마리 처치",RootDesk/MyDesk/Achievement/AchievementLogic.mlua:49,"Monster 100,000monsters Defeat","怪物 100,000隻 擊殺","モンスター 100,000体 討伐"
MLUA_ACHIEVEMENTLOGIC_007,엘리트 사냥꾼,RootDesk/MyDesk/Achievement/AchievementLogic.mlua:50,Elite Hunter,菁英 獵人,エリート ハンター
MLUA_ACHIEVEMENTLOGIC_008,엘리트 몬스터 10마리 처치,RootDesk/MyDesk/Achievement/AchievementLogic.mlua:50,Elite Monster 10monsters Defeat,菁英 怪物 10隻 擊殺,エリート モンスター 10体 討伐
MLUA_ACHIEVEMENTLOGIC_009,엘리트 학살자,RootDesk/MyDesk/Achievement/AchievementLogic.mlua:51,Elite Slayer,菁英獵殺者,エリートスレイヤー
MLUA_ACHIEVEMENTLOGIC_010,엘리트 몬스터 100마리 처치,RootDesk/MyDesk/Achievement/AchievementLogic.mlua:51,Elite Monster 100monsters Defeat,菁英 怪物 100隻 擊殺,エリート モンスター 100体 討伐
MLUA_ACHIEVEMENTLOGIC_011,첫 보스 처치,RootDesk/MyDesk/Achievement/AchievementLogic.mlua:52,First Boss Defeat,首次擊敗首領,初めてボスを倒す
MLUA_ACHIEVEMENTLOGIC_012,보스 몬스터 1회 처치,RootDesk/MyDesk/Achievement/AchievementLogic.mlua:52,Boss Monster 1times Defeat,首領 怪物 1次 擊殺,ボス モンスター 1回 討伐
MLUA_ACHIEVEMENTLOGIC_013,보스 헌터,RootDesk/MyDesk/Achievement/AchievementLogic.mlua:53,Boss Hunter,首領獵人,ボスハンター
MLUA_ACHIEVEMENTLOGIC_014,보스 몬스터 10회 처치,RootDesk/MyDesk/Achievement/AchievementLogic.mlua:53,Boss Monster 10times Defeat,首領 怪物 10次 擊殺,ボス モンスター 10回 討伐
MLUA_ACHIEVEMENTLOGIC_015,보스 슬레이어,RootDesk/MyDesk/Achievement/AchievementLogic.mlua:54,Boss seulreis eo,首領 seulreeo,ボス seulreeo
MLUA_ACHIEVEMENTLOGIC_016,보스 몬스터 50회 처치,RootDesk/MyDesk/Achievement/AchievementLogic.mlua:54,Boss Monster 50times Defeat,首領 怪物 50次 擊殺,ボス モンスター 50回 討伐
MLUA_ACHIEVEMENTLOGIC_017,하늘의 사냥꾼,RootDesk/MyDesk/Achievement/AchievementLogic.mlua:55,haneulof  Hunter,haneul的 獵人,haneulの ハンター
MLUA_ACHIEVEMENTLOGIC_018,비행 몬스터 300마리 처치,RootDesk/MyDesk/Achievement/AchievementLogic.mlua:55,Defeat 300 flying monsters,擊敗300隻飛行怪物,飛行モンスターを300体倒す
MLUA_ACHIEVEMENTLOGIC_019,달팽이 박사,RootDesk/MyDesk/Achievement/AchievementLogic.mlua:57,Snail Doctor,蝸牛博士,カタツムリ博士
MLUA_ACHIEVEMENTLOGIC_020,달팽이류 몬스터 100마리 처치,RootDesk/MyDesk/Achievement/AchievementLogic.mlua:57,dalpaengis ryu Monster 100monsters Defeat,dalpaengryu 怪物 100隻 擊殺,dalpaengryu モンスター 100体 討伐
MLUA_ACHIEVEMENTLOGIC_021,버섯 채집가,RootDesk/MyDesk/Achievement/AchievementLogic.mlua:58,Mushroom Gatherer,蘑菇採集家,キノコ採集家
MLUA_ACHIEVEMENTLOGIC_022,버섯류 몬스터 100마리 처치,RootDesk/MyDesk/Achievement/AchievementLogic.mlua:58,Defeat 100 mushroom-type monsters,擊敗100隻蘑菇類怪物,キノコ系モンスターを100体倒す
MLUA_ACHIEVEMENTLOGIC_023,돼지 몰이꾼,RootDesk/MyDesk/Achievement/AchievementLogic.mlua:59,Pig Herder,豬隻牧人,イノシシ使い
MLUA_ACHIEVEMENTLOGIC_024,돼지·멧돼지류 몬스터 100마리 처치,RootDesk/MyDesk/Achievement/AchievementLogic.mlua:59,Defeat 100 pig/wild boar-type monsters,擊敗100隻豬・野豬類怪物,豚・イノシシ系モンスターを100体倒す
MLUA_ACHIEVEMENTLOGIC_025,말랑말랑,RootDesk/MyDesk/Achievement/AchievementLogic.mlua:60,Soft and Fluffy,軟綿綿,ふわふわ
MLUA_ACHIEVEMENTLOGIC_026,슬라임류 몬스터 100마리 처치,RootDesk/MyDesk/Achievement/AchievementLogic.mlua:60,Defeat 100 slime-type monsters,擊敗100隻史萊姆類怪物,スライム系モンスターを100体倒す
MLUA_ACHIEVEMENTLOGIC_027,벌목꾼,RootDesk/MyDesk/Achievement/AchievementLogic.mlua:61,Lumberjack,伐木工,木こり
MLUA_ACHIEVEMENTLOGIC_028,스텀프류 몬스터 100마리 처치,RootDesk/MyDesk/Achievement/AchievementLogic.mlua:61,Defeat 100 Stump-type monsters,擊敗100隻樹樁類怪物,スタンプ系モンスターを100体倒す
MLUA_ACHIEVEMENTLOGIC_029,픽시 사냥꾼,RootDesk/MyDesk/Achievement/AchievementLogic.mlua:62,Pixie Hunter,皮克西獵人,ピクシーハンター
MLUA_ACHIEVEMENTLOGIC_030,픽시류 몬스터 200마리 처치,RootDesk/MyDesk/Achievement/AchievementLogic.mlua:62,Defeat 200 Pixie-type monsters,擊敗200隻皮克西類怪物,ピクシー系モンスターを200体倒す
MLUA_ACHIEVEMENTLOGIC_031,식물학자,RootDesk/MyDesk/Achievement/AchievementLogic.mlua:63,Botanist,植物學家,植物学者
MLUA_ACHIEVEMENTLOGIC_032,네펜데스류 몬스터 100마리 처치,RootDesk/MyDesk/Achievement/AchievementLogic.mlua:63,Defeat 100 Nependeath-type monsters,擊敗100隻奈佩德斯類怪物,ネペンデス系モンスターを100体倒す
MLUA_ACHIEVEMENTLOGIC_033,돌깨는 자,RootDesk/MyDesk/Achievement/AchievementLogic.mlua:64,Stone Breaker,碎石者,石割り人
MLUA_ACHIEVEMENTLOGIC_034,골렘류 몬스터 100마리 처치,RootDesk/MyDesk/Achievement/AchievementLogic.mlua:64,Defeat 100 Golem-type monsters,擊敗100隻魔像類怪物,ゴーレム系モンスターを100体倒す
MLUA_ACHIEVEMENTLOGIC_035,설원의 사냥꾼,RootDesk/MyDesk/Achievement/AchievementLogic.mlua:65,seolwonof  Hunter,seolwon的 獵人,seolwonの ハンター
MLUA_ACHIEVEMENTLOGIC_036,예티류 몬스터 100마리 처치,RootDesk/MyDesk/Achievement/AchievementLogic.mlua:65,Defeat 100 Yeti-type monsters,擊敗100隻雪吉拉類怪物,イエティ系モンスターを100体倒す
MLUA_ACHIEVEMENTLOGIC_037,숨은 비밀 발견,RootDesk/MyDesk/Achievement/AchievementLogic.mlua:67,Discover a hidden secret,發現隱藏的秘密,隠された秘密を発見する
MLUA_ACHIEVEMENTLOGIC_038,이스터에그 1개 발견,RootDesk/MyDesk/Achievement/AchievementLogic.mlua:67,Easter Egg 1 Discover,彩蛋 1個 發現,イースターエッグ 1個 発見
MLUA_ACHIEVEMENTLOGIC_039,탐험가,RootDesk/MyDesk/Achievement/AchievementLogic.mlua:68,Explorer,探險家,探検家
MLUA_ACHIEVEMENTLOGIC_040,이스터에그 10개 발견,RootDesk/MyDesk/Achievement/AchievementLogic.mlua:68,Easter Egg 10 Discover,彩蛋 10個 發現,イースターエッグ 10個 発見
MLUA_ACHIEVEMENTLOGIC_041,비밀 수집가,RootDesk/MyDesk/Achievement/AchievementLogic.mlua:69,Secret Collector,秘密 收藏家,秘密 コレクター
MLUA_ACHIEVEMENTLOGIC_042,이스터에그 50개 발견,RootDesk/MyDesk/Achievement/AchievementLogic.mlua:69,Easter Egg 50 Discover,彩蛋 50個 發現,イースターエッグ 50個 発見
MLUA_ACHIEVEMENTLOGIC_043,보물 사냥꾼,RootDesk/MyDesk/Achievement/AchievementLogic.mlua:70,Treasure Hunter,寶藏獵人,トレジャーハンター
MLUA_ACHIEVEMENTLOGIC_044,보물상자 10개 열기,RootDesk/MyDesk/Achievement/AchievementLogic.mlua:70,Open 10 treasure chests,開啟10個寶箱,宝箱を10個開ける
MLUA_ACHIEVEMENTLOGIC_045,물약 애호가,RootDesk/MyDesk/Achievement/AchievementLogic.mlua:72,Potion Enthusiast,藥水愛好者,ポーション愛好家
MLUA_ACHIEVEMENTLOGIC_046,빨간·하얀 포션 50개 획득,RootDesk/MyDesk/Achievement/AchievementLogic.mlua:72,Red·White Potion 50 Obtain,紅色·白色 藥水 50個 獲得,赤い·白い ポーション 50個 獲得
MLUA_ACHIEVEMENTLOGIC_047,엘릭서 수집가,RootDesk/MyDesk/Achievement/AchievementLogic.mlua:73,Elixir Collector,秘藥 收藏家,エリクサー コレクター
MLUA_ACHIEVEMENTLOGIC_048,파워 엘릭서 10개 획득,RootDesk/MyDesk/Achievement/AchievementLogic.mlua:73,Obtain 10 Power Elixirs,獲得10個力量秘藥,パワーエリクサーを10個獲得
MLUA_ACHIEVEMENTLOGIC_049,버프 마니아,RootDesk/MyDesk/Achievement/AchievementLogic.mlua:74,Buff Maniac,增益狂熱者,バフマニア
MLUA_ACHIEVEMENTLOGIC_050,버프 포션 10개 획득,RootDesk/MyDesk/Achievement/AchievementLogic.mlua:74,Buff Potion 10 Obtain,增益 藥水 10個 獲得,バフ ポーション 10個 獲得
MLUA_ACHIEVEMENTLOGIC_051,포션 소믈리에,RootDesk/MyDesk/Achievement/AchievementLogic.mlua:75,Potion someulriin,藥水 someulri在,ポーション someulriに
MLUA_ACHIEVEMENTLOGIC_052,버프 포션 3종 모두 획득,RootDesk/MyDesk/Achievement/AchievementLogic.mlua:75,Obtain all 3 types of Buff Potions,獲得全部3種增益藥水,3種類すべてのバフポーションを獲得
MLUA_ACHIEVEMENTLOGIC_053,모험의 시작,RootDesk/MyDesk/Achievement/AchievementLogic.mlua:77,moheomof  Start,moheom的 開始,moheomの 開始
MLUA_ACHIEVEMENTLOGIC_054,게임 10판 플레이,RootDesk/MyDesk/Achievement/AchievementLogic.mlua:77,Play 10 games,遊玩10場遊戲,ゲームを10回プレイ
MLUA_ACHIEVEMENTLOGIC_055,베테랑 모험가,RootDesk/MyDesk/Achievement/AchievementLogic.mlua:78,Veteran Adventurer,老練冒險家,ベテラン冒険者
MLUA_ACHIEVEMENTLOGIC_056,게임 100판 플레이,RootDesk/MyDesk/Achievement/AchievementLogic.mlua:78,Play 100 games,遊玩100場遊戲,ゲームを100回プレイ
MLUA_ACHIEVEMENTLOGIC_057,성장하는 모험가,RootDesk/MyDesk/Achievement/AchievementLogic.mlua:79,Growing Adventurer,成長中的冒險家,成長する冒険者
MLUA_ACHIEVEMENTLOGIC_058,한 판에서 레벨 20 달성,RootDesk/MyDesk/Achievement/AchievementLogic.mlua:79,one gamesin Level 20 Achieve,一 場在 等級 20 達成,1つ 回で レベル 20 達成
MLUA_ACHIEVEMENTLOGIC_059,한계 돌파,RootDesk/MyDesk/Achievement/AchievementLogic.mlua:80,Break the Limit,突破極限,限界突破
MLUA_ACHIEVEMENTLOGIC_060,한 판에서 레벨 50 달성,RootDesk/MyDesk/Achievement/AchievementLogic.mlua:80,one gamesin Level 50 Achieve,一 場在 等級 50 達成,1つ 回で レベル 50 達成
MLUA_ACHIEVEMENTLOGIC_061,태초의 마을 수호자,RootDesk/MyDesk/Achievement/AchievementLogic.mlua:81,taesof  Village Guardian,tae秒的 村莊 守護者,tae秒の 村 守護者
MLUA_ACHIEVEMENTLOGIC_062,태초의 마을에서 15분 생존,RootDesk/MyDesk/Achievement/AchievementLogic.mlua:81,taesof  Villagein 15min Survive,tae秒的 村莊在 15分 生存,tae秒の 村で 15分 生存
MLUA_ACHIEVEMENTLOGIC_063,구름정원 수호자,RootDesk/MyDesk/Achievement/AchievementLogic.mlua:82,Cloud Garden Guardian,雲庭園 守護者,雲の庭園 守護者
MLUA_ACHIEVEMENTLOGIC_064,구름정원에서 15분 생존,RootDesk/MyDesk/Achievement/AchievementLogic.mlua:82,Cloud Gardenin 15min Survive,雲庭園在 15分 生存,雲の庭園で 15分 生存
MLUA_ACHIEVEMENTLOGIC_065,엘나스 수호자,RootDesk/MyDesk/Achievement/AchievementLogic.mlua:83,El Nath Guardian,艾納斯 守護者,エルナス 守護者
MLUA_ACHIEVEMENTLOGIC_066,엘나스에서 15분 생존,RootDesk/MyDesk/Achievement/AchievementLogic.mlua:83,El Nathin 15min Survive,艾納斯在 15分 生存,エルナスで 15分 生存
MLUA_ACHIEVEMENTLOGIC_067,절제된 강함,RootDesk/MyDesk/Achievement/AchievementLogic.mlua:84,Controlled Strength,節制的力量,節制された強さ
MLUA_ACHIEVEMENTLOGIC_068,스킬 5개 이하로 15분 생존,RootDesk/MyDesk/Achievement/AchievementLogic.mlua:84,Skill 5 is hawith 15min Survive,技能 5個 ha以 15分 生存,スキル 5個 haで 15分 生存
MLUA_ACHIEVEMENTLOGIC_069,미니멀리스트,RootDesk/MyDesk/Achievement/AchievementLogic.mlua:85,Minimalist,極簡主義者,ミニマリスト
MLUA_ACHIEVEMENTLOGIC_070,스킬 3개 이하로 10분 생존,RootDesk/MyDesk/Achievement/AchievementLogic.mlua:85,Skill 3 is hawith 10min Survive,技能 3個 ha以 10分 生存,スキル 3個 haで 10分 生存
MLUA_ACHIEVEMENTLOGIC_071,불굴의 의지,RootDesk/MyDesk/Achievement/AchievementLogic.mlua:86,bulgulof  of ji,bulgul的 的ji,bulgulの のji
MLUA_ACHIEVEMENTLOGIC_072,이어하기 없이 15분 생존,RootDesk/MyDesk/Achievement/AchievementLogic.mlua:86,Continue eopsis  15min Survive,繼續 eops 15分 生存,続ける eops 15分 生存
MLUA_ACHIEVEMENTLOGIC_073,알뜰한 모험가,RootDesk/MyDesk/Achievement/AchievementLogic.mlua:87,altteulone Adventurer,altteul一 冒險家,altteul1つ 冒険者
MLUA_ACHIEVEMENTLOGIC_074,"게임 중 골드 누적 10,000 획득",RootDesk/MyDesk/Achievement/AchievementLogic.mlua:87,"Game during Gold nuEnemy 10,000 Obtain","遊戲 期間 金幣 nu敵人 10,000 獲得","ゲーム 中 ゴールド nu敵 10,000 獲得"
MLUA_ACHIEVEMENTLOGIC_075,메소 부자,RootDesk/MyDesk/Achievement/AchievementLogic.mlua:88,Meso Rich,楓幣富豪,メル長者
MLUA_ACHIEVEMENTLOGIC_076,"게임 중 골드 누적 100,000 획득",RootDesk/MyDesk/Achievement/AchievementLogic.mlua:88,"Game during Gold nuEnemy 100,000 Obtain","遊戲 期間 金幣 nu敵人 100,000 獲得","ゲーム 中 ゴールド nu敵 100,000 獲得"
MLUA_ACHIEVEMENTLOGIC_077,스킬 마스터,RootDesk/MyDesk/Achievement/AchievementLogic.mlua:90,Skill Master,技能大師,スキルマスター
MLUA_ACHIEVEMENTLOGIC_078,스킬 1개를 Lv5로 강화,RootDesk/MyDesk/Achievement/AchievementLogic.mlua:90,Skill 1  Lv5with Upgrade,技能 1個 Lv5以 強化,スキル 1個 Lv5で 強化
MLUA_ACHIEVEMENTLOGIC_079,스킬 전문가,RootDesk/MyDesk/Achievement/AchievementLogic.mlua:91,Skill Expert,技能專家,スキルの達人
MLUA_ACHIEVEMENTLOGIC_080,스킬 Lv5 달성 10회,RootDesk/MyDesk/Achievement/AchievementLogic.mlua:91,Skill Lv5 Achieve 10times,技能 Lv5 達成 10次,スキル Lv5 達成 10回
MLUA_ACHIEVEMENTLOGIC_081,스킬의 달인,RootDesk/MyDesk/Achievement/AchievementLogic.mlua:92,Skillof  Master,技能的 達人,スキルの 達人
MLUA_ACHIEVEMENTLOGIC_082,스킬 Lv5 달성 50회,RootDesk/MyDesk/Achievement/AchievementLogic.mlua:92,Skill Lv5 Achieve 50times,技能 Lv5 達成 50次,スキル Lv5 達成 50回
MLUA_ACHIEVEMENTLOGIC_083,첫 조합,RootDesk/MyDesk/Achievement/AchievementLogic.mlua:93,First Combination,首次組合,初めての組み合わせ
MLUA_ACHIEVEMENTLOGIC_084,조합 스킬 1종 발견,RootDesk/MyDesk/Achievement/AchievementLogic.mlua:93,Discover 1 combination skill,發現1種組合技能,組み合わせスキルを1種類発見
MLUA_ACHIEVEMENTLOGIC_085,조합 연구가,RootDesk/MyDesk/Achievement/AchievementLogic.mlua:94,Combination Researcher,組合研究家,組み合わせ研究家
MLUA_ACHIEVEMENTLOGIC_086,조합 스킬 10종 발견,RootDesk/MyDesk/Achievement/AchievementLogic.mlua:94,Discover 10 combination skills,發現10種組合技能,組み合わせスキルを10種類発見
MLUA_ACHIEVEMENTLOGIC_087,조합의 대가,RootDesk/MyDesk/Achievement/AchievementLogic.mlua:95,Master of Combinations,組合大師,組み合わせの達人
MLUA_ACHIEVEMENTLOGIC_088,조합 스킬 20종 발견,RootDesk/MyDesk/Achievement/AchievementLogic.mlua:95,Discover 20 combination skills,發現20種組合技能,組み合わせスキルを20種類発見
MLUA_ACHIEVEMENTLOGIC_089,대장장이 견습생,RootDesk/MyDesk/Achievement/AchievementLogic.mlua:97,Blacksmith Apprentice,鐵匠學徒,鍛冶屋見習い
MLUA_ACHIEVEMENTLOGIC_090,장비 강화 10회 성공,RootDesk/MyDesk/Achievement/AchievementLogic.mlua:97,Equipment Upgrade 10times Success,裝備 強化 10次 成功,装備 強化 10回 成功
MLUA_ACHIEVEMENTLOGIC_091,명장,RootDesk/MyDesk/Achievement/AchievementLogic.mlua:98,targetsjang,個目標jang,体jang
MLUA_ACHIEVEMENTLOGIC_092,장비 강화 100회 성공,RootDesk/MyDesk/Achievement/AchievementLogic.mlua:98,Equipment Upgrade 100times Success,裝備 強化 100次 成功,装備 強化 100回 成功
MLUA_ACHIEVEMENTLOGIC_093,합성의 달인,RootDesk/MyDesk/Achievement/AchievementLogic.mlua:99,hapseongof  Master,hapseong的 達人,hapseongの 達人
MLUA_ACHIEVEMENTLOGIC_094,장비 합성 5회 성공,RootDesk/MyDesk/Achievement/AchievementLogic.mlua:99,Successfully synthesize equipment 5 times,成功合成裝備5次,装備合成を5回成功
MLUA_ACHIEVEMENTLOGIC_095,장비 수집가,RootDesk/MyDesk/Achievement/AchievementLogic.mlua:100,Equipment Collector,裝備 收藏家,装備 コレクター
MLUA_ACHIEVEMENTLOGIC_096,장비 50개 획득,RootDesk/MyDesk/Achievement/AchievementLogic.mlua:100,Equipment 50 Obtain,裝備 50個 獲得,装備 50個 獲得
MLUA_ACHIEVEMENTLOGIC_097,상인,RootDesk/MyDesk/Achievement/AchievementLogic.mlua:101,Merchant,商人,商人
MLUA_ACHIEVEMENTLOGIC_098,장비 100개 판매,RootDesk/MyDesk/Achievement/AchievementLogic.mlua:101,Equipment 100 gamesmae,裝備 100個 場mae,装備 100個 回mae
MLUA_ACHIEVEMENTLOGIC_099,업적 사냥꾼,RootDesk/MyDesk/Achievement/AchievementLogic.mlua:103,Achievement Hunter,成就 獵人,実績 ハンター
MLUA_ACHIEVEMENTLOGIC_100,업적 30개 달성,RootDesk/MyDesk/Achievement/AchievementLogic.mlua:103,Achievement 30 Achieve,成就 30個 達成,実績 30個 達成
MLUA_ACHIEVEMENTUI_002,달성!,RootDesk/MyDesk/Achievement/AchievementUI.mlua:211,Achieve!,達成!,達成!
MLUA_ACHIEVEMENTUI_003,받을 수 있는 업적 보상이 없어요,RootDesk/MyDesk/Achievement/AchievementUI.mlua:291,There are no achievement rewards available to claim,沒有可領取的成就獎勵,受け取れる実績報酬はありません
MLUA_ATTENDANCEUI_001,완료,RootDesk/MyDesk/Attendance/AttendanceUI.mlua:120 | RootDesk/MyDesk/Attendance/AttendanceUI.mlua:232 | RootDesk/MyDesk/EpisodeReward/EpisodeRewardUI.mlua:173 | RootDesk/MyDesk/EpisodeReward/EpisodeRewardUI.mlua:375 | RootDesk/MyDesk/PlayerLevel/LevelRewardUI.mlua:234,Complete,完成,完了
MLUA_ATTENDANCEUI_002,내일 다시 받을 수 있어요,RootDesk/MyDesk/Attendance/AttendanceUI.mlua:183,You can claim it again tomorrow,明天可以再次領取,明日また受け取れます
MLUA_BUFFPOTIONLOGIC_001,흡혈 포션! 때릴 때마다 체력을 회복,RootDesk/MyDesk/Item/BuffPotionLogic.mlua:116,Vampire Potion! Restore HP whenever you attack,吸血藥水！每次攻擊時恢復HP,吸血ポーション！攻撃するたびにHPを回復
MLUA_BUFFPOTIONLOGIC_002,크리티컬 포션! 크리티컬 확률 100%,RootDesk/MyDesk/Item/BuffPotionLogic.mlua:120,Critical Potion! Critical Chance 100%,暴擊 藥水! 暴擊 機率 100%,クリティカル ポーション! クリティカル 確率 100%
MLUA_BUFFPOTIONLOGIC_003,파워 포션! 공격력 50% 증가,RootDesk/MyDesk/Item/BuffPotionLogic.mlua:124,Power Potion! Attack increases by 50%,力量藥水！攻擊力增加50%,パワーポーション！攻撃力50%増加
MLUA_CARDMANAGER_001,기본 공격,RootDesk/MyDesk/Card/CardManager.mlua:26 | RootDesk/MyDesk/Card/CardManager.mlua:799 | RootDesk/MyDesk/Card/CardManager.mlua:829 | RootDesk/MyDesk/Card/CardManager.mlua:2712 | RootDesk/MyDesk/Card/CardManager.mlua:2741,Basic Attack,基本 攻擊,基本 攻撃
MLUA_CARDMANAGER_002,매직 클로,RootDesk/MyDesk/Card/CardManager.mlua:30 | RootDesk/MyDesk/Card/CardManager.mlua:15942 | RootDesk/MyDesk/Card/CardManager.mlua:18326,Magic keulwith,魔法 keul以,マジック keulで
MLUA_CARDMANAGER_003,콜드 빔,RootDesk/MyDesk/Card/CardManager.mlua:31 | RootDesk/MyDesk/Card/CardManager.mlua:15943 | RootDesk/MyDesk/SkillInventory.mlua:45,Cold Beam,寒冰光束,コールドビーム
MLUA_CARDMANAGER_004,썬더 볼트,RootDesk/MyDesk/Card/CardManager.mlua:32 | RootDesk/MyDesk/Card/CardManager.mlua:15944 | RootDesk/MyDesk/SkillInventory.mlua:44,Thunder Bolt,雷電術,サンダーボルト
MLUA_CARDMANAGER_005,메테오,RootDesk/MyDesk/Card/CardManager.mlua:33 | RootDesk/MyDesk/Card/CardManager.mlua:15945 | RootDesk/MyDesk/Card/CardManager.mlua:18332,Meteor,流星,メテオ
MLUA_CARDMANAGER_006,매직 부스터,RootDesk/MyDesk/Card/CardManager.mlua:332 | RootDesk/MyDesk/Card/CardManager.mlua:15946 | RootDesk/MyDesk/SkillInventory.mlua:41,Magic Booster,魔法增幅,マジックブースター
MLUA_CARDMANAGER_007,매직 크리티컬,RootDesk/MyDesk/Card/CardManager.mlua:333 | RootDesk/MyDesk/Card/CardManager.mlua:15947 | RootDesk/MyDesk/SkillInventory.mlua:49,Magic Critical,魔法暴擊,マジッククリティカル
MLUA_CARDMANAGER_008,에너지볼트,RootDesk/MyDesk/Card/CardManager.mlua:345 | RootDesk/MyDesk/SkillInventory.mlua:47,EnergyBolt,能量閃電術,エネルギーボルト
MLUA_CARDMANAGER_009,프리징 이펙트,RootDesk/MyDesk/Card/CardManager.mlua:365 | RootDesk/MyDesk/SkillInventory.mlua:50,Freezing Effect,冰凍效果,フリージングエフェクト
MLUA_CARDMANAGER_010,매직 아머,RootDesk/MyDesk/Card/CardManager.mlua:371 | RootDesk/MyDesk/SkillInventory.mlua:43,Magic Armor,魔法護甲,マジックアーマー
MLUA_CARDMANAGER_011,메디테이션,RootDesk/MyDesk/Card/CardManager.mlua:377 | RootDesk/MyDesk/SkillInventory.mlua:51,mediteis syeon,meditesyeon,meditesyeon
MLUA_CARDMANAGER_012,헤일 버스트,RootDesk/MyDesk/Card/CardManager.mlua:419 | RootDesk/MyDesk/SkillInventory.mlua:60,Hail Burst,冰雹爆發,ヘイルバースト
MLUA_CARDMANAGER_013,아이스 커터,RootDesk/MyDesk/Card/CardManager.mlua:543 | RootDesk/MyDesk/SkillInventory.mlua:46,Ice Cutter,冰 切割,アイス カッター
MLUA_CARDMANAGER_014,페페,RootDesk/MyDesk/Card/CardManager.mlua:566 | RootDesk/MyDesk/SkillInventory.mlua:52,Pepe,企鵝,ペペ
MLUA_CARDMANAGER_015,썬더 커터,RootDesk/MyDesk/Card/CardManager.mlua:597 | RootDesk/MyDesk/SkillInventory.mlua:48,Thunder Cutter,雷電 切割,サンダー カッター
MLUA_CARDMANAGER_016,더블 커터,RootDesk/MyDesk/Card/CardManager.mlua:628 | RootDesk/MyDesk/SkillInventory.mlua:58,morebeul Cutter,更多beul 切割,さらにbeul カッター
MLUA_CARDMANAGER_017,킹페페,RootDesk/MyDesk/Card/CardManager.mlua:652 | RootDesk/MyDesk/SkillInventory.mlua:59,kingPepe,king企鵝,kingペペ
MLUA_CARDMANAGER_018,아쿠아 트랩,RootDesk/MyDesk/Card/CardManager.mlua:772 | RootDesk/MyDesk/SkillInventory.mlua:54,Aqua Trap,水之陷阱,アクアトラップ
MLUA_CARDMANAGER_019,슈리켄 버스트,RootDesk/MyDesk/Card/CardManager.mlua:2772 | RootDesk/MyDesk/Card/CardRegistry.mlua:405 | RootDesk/MyDesk/SkillInventory.mlua:135,Shuriken Burst,手裏劍爆發,手裏剣バースト
MLUA_CARDMANAGER_020,슈리켄 봄버,RootDesk/MyDesk/Card/CardManager.mlua:3026 | RootDesk/MyDesk/Card/CardRegistry.mlua:509 | RootDesk/MyDesk/SkillInventory.mlua:143,Shuriken Bomber,手裏劍轟炸,手裏剣ボンバー
MLUA_CARDMANAGER_021,윈드 탈리스만,RootDesk/MyDesk/Card/CardManager.mlua:3339 | RootDesk/MyDesk/Card/CardRegistry.mlua:411 | RootDesk/MyDesk/SkillInventory.mlua:137,Wind Talisman,風之護符,ウィンドタリスマン
MLUA_CARDMANAGER_022,스톰 탈리스만,RootDesk/MyDesk/Card/CardManager.mlua:3555 | RootDesk/MyDesk/Card/CardRegistry.mlua:530 | RootDesk/MyDesk/SkillInventory.mlua:149,Storm Talisman,風暴護符,ストームタリスマン
MLUA_CARDMANAGER_023,쉐도우 스플릿,RootDesk/MyDesk/Card/CardManager.mlua:3844 | RootDesk/MyDesk/Card/CardRegistry.mlua:418 | RootDesk/MyDesk/SkillInventory.mlua:138,Shadow Split,暗影分裂,シャドースプリット
MLUA_CARDMANAGER_024,팬텀 스플릿,RootDesk/MyDesk/Card/CardManager.mlua:4140 | RootDesk/MyDesk/Card/CardRegistry.mlua:540 | RootDesk/MyDesk/SkillInventory.mlua:145,Phantom Split,幻影分裂,ファントムスプリット
MLUA_CARDMANAGER_025,스로잉 윙대거,RootDesk/MyDesk/Card/CardManager.mlua:4383 | RootDesk/MyDesk/Card/CardRegistry.mlua:425 | RootDesk/MyDesk/SkillInventory.mlua:139,Throwing Wing Dagger,投擲翼刃,スローイングウィングダガー
MLUA_CARDMANAGER_026,스로잉 붐대거,RootDesk/MyDesk/Card/CardManager.mlua:4640 | RootDesk/MyDesk/Card/CardRegistry.mlua:550 | RootDesk/MyDesk/SkillInventory.mlua:146,Throwing Boom Dagger,投擲爆破匕首,スローイングブームダガー
MLUA_CARDMANAGER_027,쇼다운 챌린지,RootDesk/MyDesk/Card/CardManager.mlua:5026 | RootDesk/MyDesk/Card/CardRegistry.mlua:432 | RootDesk/MyDesk/SkillInventory.mlua:140,Showdown Challenge,決鬥挑戰,ショーダウンチャレンジ
MLUA_CARDMANAGER_029,쇼다운 임팩트,RootDesk/MyDesk/Card/CardManager.mlua:5356 | RootDesk/MyDesk/Card/CardRegistry.mlua:559 | RootDesk/MyDesk/SkillInventory.mlua:148,Showdown Impact,決鬥衝擊,ショーダウンインパクト
MLUA_CARDMANAGER_031,스핀 스로우,RootDesk/MyDesk/Card/CardManager.mlua:5514 | RootDesk/MyDesk/Card/CardRegistry.mlua:439 | RootDesk/MyDesk/SkillInventory.mlua:141,Spin Throw,旋轉投擲,スピンスロー
MLUA_CARDMANAGER_032,블러드 스로우,RootDesk/MyDesk/Card/CardManager.mlua:5704 | RootDesk/MyDesk/Card/CardRegistry.mlua:568 | RootDesk/MyDesk/SkillInventory.mlua:147,Blood Throw,血之投擲,ブラッドスロー
MLUA_CARDMANAGER_033,쉐도우 트랩,RootDesk/MyDesk/Card/CardManager.mlua:5925 | RootDesk/MyDesk/Card/CardRegistry.mlua:446 | RootDesk/MyDesk/SkillInventory.mlua:136,Shadow Trap,暗影陷阱,シャドートラップ
MLUA_CARDMANAGER_034,데스 트랩,RootDesk/MyDesk/Card/CardManager.mlua:6141 | RootDesk/MyDesk/Card/CardRegistry.mlua:519 | RootDesk/MyDesk/SkillInventory.mlua:144,Death Trap,死亡陷阱,デストラップ
MLUA_CARDMANAGER_035,럭키 세븐,RootDesk/MyDesk/Card/CardManager.mlua:6354 | RootDesk/MyDesk/Card/CardRegistry.mlua:399 | RootDesk/MyDesk/SkillInventory.mlua:134,Lucky Seven,幸運七,ラッキーセブン
MLUA_CARDMANAGER_036,슈퍼 세븐,RootDesk/MyDesk/Card/CardManager.mlua:6492 | RootDesk/MyDesk/Card/CardRegistry.mlua:498 | RootDesk/MyDesk/SkillInventory.mlua:142,Super Seven,超級七,スーパーセブン
MLUA_CARDMANAGER_037,무스펠하임,RootDesk/MyDesk/Card/CardManager.mlua:7171 | RootDesk/MyDesk/Card/CardRegistry.mlua:230 | RootDesk/MyDesk/SkillInventory.mlua:113,Muspelheim,穆斯貝爾海姆,ムスペルヘイム
MLUA_CARDMANAGER_038,스카링 소드,RootDesk/MyDesk/Card/CardManager.mlua:9608 | RootDesk/MyDesk/Card/CardRegistry.mlua:90 | RootDesk/MyDesk/SkillInventory.mlua:94 | /ui/TitleGroup/SkillPanel/ScrollArea/List/SkillSlot_47/Name,Scarring Sword,傷痕之劍,スカーリングソード
MLUA_CARDMANAGER_039,바람의 시,RootDesk/MyDesk/Card/CardManager.mlua:10122 | RootDesk/MyDesk/SkillInventory.mlua:64 | /ui/TitleGroup/SkillPanel/ScrollArea/List/SkillSlot_20/Name,Wind's Poem,風之詩,風の詩
MLUA_CARDMANAGER_040,폭풍의 시,RootDesk/MyDesk/Card/CardManager.mlua:10219 | RootDesk/MyDesk/SkillInventory.mlua:74 | /ui/TitleGroup/SkillPanel/ScrollArea/List/SkillSlot_30/Name,Storm's Poem,暴風之詩,嵐の詩
MLUA_CARDMANAGER_041,애로우 블로우,RootDesk/MyDesk/Card/CardManager.mlua:10447 | RootDesk/MyDesk/SkillInventory.mlua:65 | /ui/TitleGroup/SkillPanel/ScrollArea/List/SkillSlot_21/Name,Arrow Blow,箭矢 吹擊,アロー ブロー
MLUA_CARDMANAGER_042,강화 애로우 블로우,RootDesk/MyDesk/Card/CardManager.mlua:10623 | RootDesk/MyDesk/SkillInventory.mlua:75 | /ui/TitleGroup/SkillPanel/ScrollArea/List/SkillSlot_31/Name,Upgrade Arrow Blow,強化 箭矢 吹擊,強化 アロー ブロー
MLUA_CARDMANAGER_043,아이스 퀴버,RootDesk/MyDesk/Card/CardManager.mlua:10849 | RootDesk/MyDesk/SkillInventory.mlua:66 | /ui/TitleGroup/SkillPanel/ScrollArea/List/SkillSlot_22/Name,Ice Quiver,冰之箭袋,アイスクイバー
MLUA_CARDMANAGER_044,파이어 퀴버,RootDesk/MyDesk/Card/CardManager.mlua:10984 | RootDesk/MyDesk/SkillInventory.mlua:67 | /ui/TitleGroup/SkillPanel/ScrollArea/List/SkillSlot_23/Name,Fire Quiver,火之箭袋,ファイアクイバー
MLUA_CARDMANAGER_045,애로우 일루전,RootDesk/MyDesk/Card/CardManager.mlua:11134,Arrow Illusion,箭矢幻影,アローイリュージョン
MLUA_CARDMANAGER_046,피닉스,RootDesk/MyDesk/Card/CardManager.mlua:11354 | RootDesk/MyDesk/SkillInventory.mlua:68 | /ui/TitleGroup/SkillPanel/ScrollArea/List/SkillSlot_24/Name,Phoenix,鳳凰,フェニックス
MLUA_CARDMANAGER_047,이볼브,RootDesk/MyDesk/Card/CardManager.mlua:11740 | RootDesk/MyDesk/SkillInventory.mlua:73 | /ui/TitleGroup/SkillPanel/ScrollArea/List/SkillSlot_29/Name,Evolve,進化,イボルブ
MLUA_CARDMANAGER_048,리트리트 샷,RootDesk/MyDesk/Card/CardManager.mlua:12127 | RootDesk/MyDesk/SkillInventory.mlua:69 | /ui/TitleGroup/SkillPanel/ScrollArea/List/SkillSlot_25/Name,Retreat Shot,撤退射擊,リトリートショット
MLUA_CARDMANAGER_049,에로우 플레터,RootDesk/MyDesk/Card/CardManager.mlua:12458 | RootDesk/MyDesk/SkillInventory.mlua:76 | /ui/TitleGroup/SkillPanel/ScrollArea/List/SkillSlot_32/Name,Arrow Fletter,箭矢 peulreteo,アロー peulreteo
MLUA_CARDMANAGER_050,언카운터 에로우,RootDesk/MyDesk/Card/CardManager.mlua:12775 | RootDesk/MyDesk/SkillInventory.mlua:70 | /ui/TitleGroup/SkillPanel/ScrollArea/List/SkillSlot_26/Name,Uncounter Arrow,無法反擊之箭,アンカウンターアロー
MLUA_CARDMANAGER_051,언카운트에로우V,RootDesk/MyDesk/Card/CardManager.mlua:12947 | RootDesk/MyDesk/SkillInventory.mlua:77 | /ui/TitleGroup/SkillPanel/ScrollArea/List/SkillSlot_33/Name,eonkaunteuArrowV,eonkaunteu箭矢V,eonkaunteuアローV
MLUA_CARDMANAGER_052,플레시 미라주,RootDesk/MyDesk/Card/CardManager.mlua:13096 | RootDesk/MyDesk/SkillInventory.mlua:71 | /ui/TitleGroup/SkillPanel/ScrollArea/List/SkillSlot_27/Name,Flash Mirage,peulresi miraju,peulresi miraju
MLUA_CARDMANAGER_053,플레시 봄버,RootDesk/MyDesk/Card/CardManager.mlua:13523 | RootDesk/MyDesk/SkillInventory.mlua:78 | /ui/TitleGroup/SkillPanel/ScrollArea/List/SkillSlot_34/Name,Flash Bomber,peulresi bombeo,peulresi bombeo
MLUA_CARDMANAGER_054,보우 액셀레이션,RootDesk/MyDesk/Card/CardManager.mlua:13756 | RootDesk/MyDesk/SkillInventory.mlua:79 | /ui/TitleGroup/SkillPanel/ScrollArea/List/SkillSlot_35/Name,Bow Acceleration,弓術加速,ボウアクセラレーション
MLUA_CARDMANAGER_055,꿰뚫는 의지,RootDesk/MyDesk/Card/CardManager.mlua:13760 | RootDesk/MyDesk/SkillInventory.mlua:80 | /ui/TitleGroup/SkillPanel/ScrollArea/List/SkillSlot_36/Name,Piercing Will,貫穿的意志,貫く意志
MLUA_CARDMANAGER_056,크리티컬 샷,RootDesk/MyDesk/Card/CardManager.mlua:13764 | RootDesk/MyDesk/SkillInventory.mlua:81 | /ui/TitleGroup/SkillPanel/ScrollArea/List/SkillSlot_37/Name,Critical Shot,致命射擊,クリティカルショット
MLUA_CARDMANAGER_057,파이널 어택 : 활,RootDesk/MyDesk/Card/CardManager.mlua:13768 | RootDesk/MyDesk/SkillInventory.mlua:82 | /ui/TitleGroup/SkillPanel/ScrollArea/List/SkillSlot_38/Name,Final Attack: Bow,終極攻擊：弓,ファイナルアタック：弓
MLUA_CARDMANAGER_058,연속 사격,RootDesk/MyDesk/Card/CardManager.mlua:13772 | RootDesk/MyDesk/SkillInventory.mlua:83 | /ui/TitleGroup/SkillPanel/ScrollArea/List/SkillSlot_39/Name,Rapid Fire,連續射擊,連続射撃
MLUA_CARDMANAGER_059,아쿠아 서지,RootDesk/MyDesk/Card/CardManager.mlua:13895,Aqua Surge,水流 湧流,アクア サージ
MLUA_CARDMANAGER_060,헤일 스톤,RootDesk/MyDesk/Card/CardManager.mlua:14022 | RootDesk/MyDesk/SkillInventory.mlua:53,Hail Stone,冰雹 石,ヘイル ストーン
MLUA_CARDMANAGER_061,썬더스톰,RootDesk/MyDesk/Card/CardManager.mlua:14049 | RootDesk/MyDesk/SkillInventory.mlua:55,ThunderStorm,雷電風暴,サンダーストーム
MLUA_CARDMANAGER_062,아이스 스트라이크,RootDesk/MyDesk/Card/CardManager.mlua:14086 | RootDesk/MyDesk/SkillInventory.mlua:56,Ice seuteurais keu,冰 seuteurakeu,アイス seuteurakeu
MLUA_CARDMANAGER_063,체인 라이트닝,RootDesk/MyDesk/Card/CardManager.mlua:14113 | RootDesk/MyDesk/SkillInventory.mlua:57,Chain Lightning,鎖鏈 閃電,チェイン ライトニング
MLUA_CARDMANAGER_064,다이아가 부족합니다,RootDesk/MyDesk/Card/CardManager.mlua:15152 | RootDesk/MyDesk/Card/CardManager.mlua:23975 | RootDesk/MyDesk/Inventory/UI/UIInventory.mlua:416 | RootDesk/MyDesk/UI/DamageSkinLogic.mlua:161,Diamond  Insufficient,鑽石 不足,ダイヤ 不足しています
MLUA_CARDMANAGER_065,"해금! (대미지 110, 타겟 2명, 슬로우 3초)",RootDesk/MyDesk/Card/CardManager.mlua:16351,"Unlocked! (Damage 110, Targets 2 targets, Slow 3s)","解鎖! (傷害 110, 目標 2個目標, 緩速 3秒)","解放! (ダメージ 110, ターゲット 2体, スロー 3秒)"
MLUA_CARDMANAGER_066,피해량 +50,RootDesk/MyDesk/Card/CardManager.mlua:16352 | RootDesk/MyDesk/Card/CardManager.mlua:16354 | RootDesk/MyDesk/Card/CardManager.mlua:16355 | RootDesk/MyDesk/Card/CardManager.mlua:16402 | RootDesk/MyDesk/Card/CardManager.mlua:16419,Damage +50,傷害 +50,ダメージ +50
MLUA_CARDMANAGER_067,공격 대상 +1,RootDesk/MyDesk/Card/CardManager.mlua:16353 | RootDesk/MyDesk/Card/CardManager.mlua:16401 | RootDesk/MyDesk/Card/CardManager.mlua:16427 | RootDesk/MyDesk/Card/CardManager.mlua:16432 | RootDesk/MyDesk/Card/CardManager.mlua:16435,Attack target +1,攻擊 目標 +1,攻撃 対象 +1
MLUA_CARDMANAGER_068,"해금! (대미지 90, 타겟 2명)",RootDesk/MyDesk/Card/CardManager.mlua:16359,"Unlocked! (Damage 90, Targets 2 targets)","解鎖! (傷害 90, 目標 2個目標)","解放! (ダメージ 90, ターゲット 2体)"
MLUA_CARDMANAGER_069,"스턴 효과 신규 획득 (확률 25%, 지속 2초)",RootDesk/MyDesk/Card/CardManager.mlua:16360,"Stun Effect New Obtain (Chance 25%, Duration 2s)","暈眩 效果 新 獲得 (機率 25%, 持續 2秒)","スタン 効果 新規 獲得 (確率 25%, 持続 2秒)"
MLUA_CARDMANAGER_070,피해량 +40,RootDesk/MyDesk/Card/CardManager.mlua:16361 | RootDesk/MyDesk/Card/CardManager.mlua:16549 | RootDesk/MyDesk/Card/CardManager.mlua:16695 | RootDesk/MyDesk/Card/CardManager.mlua:16702 | RootDesk/MyDesk/Card/CardManager.mlua:16710,Damage +40,傷害 +40,ダメージ +40
MLUA_CARDMANAGER_071,"공격 대상 +1, 스턴 +1초",RootDesk/MyDesk/Card/CardManager.mlua:16362,"Attack target +1, Stun +1s","攻擊 目標 +1, 暈眩 +1秒","攻撃 対象 +1, スタン +1秒"
MLUA_CARDMANAGER_072,"피해량 +40, 스턴 확률 +5%",RootDesk/MyDesk/Card/CardManager.mlua:16363,"Damage +40, Stun Chance +5%","傷害 +40, 暈眩 機率 +5%","ダメージ +40, スタン 確率 +5%"
MLUA_CARDMANAGER_073,"해금! (모든 스킬 쿨타임 -5%, 영구)",RootDesk/MyDesk/Card/CardManager.mlua:16367,"Unlocked! (All Skill Cooldown -5%, Permanent)","解鎖! (所有 技能 冷卻時間 -5%, 永久)","解放! (すべて スキル クールタイム -5%, 永続)"
MLUA_CARDMANAGER_074,쿨타임 감소량 +2%,RootDesk/MyDesk/Card/CardManager.mlua:16368 | RootDesk/MyDesk/Card/CardManager.mlua:16370 | RootDesk/MyDesk/Card/CardManager.mlua:16562 | RootDesk/MyDesk/Card/CardManager.mlua:16564 | RootDesk/MyDesk/Card/CardManager.mlua:16924,Cooldown Reductionryang +2%,冷卻時間 減少ryang +2%,クールタイム 減少ryang +2%
MLUA_CARDMANAGER_075,쿨타임 감소량 +3%,RootDesk/MyDesk/Card/CardManager.mlua:16369 | RootDesk/MyDesk/Card/CardManager.mlua:16371 | RootDesk/MyDesk/Card/CardManager.mlua:16563 | RootDesk/MyDesk/Card/CardManager.mlua:16565 | RootDesk/MyDesk/Card/CardManager.mlua:16925,Cooldown Reductionryang +3%,冷卻時間 減少ryang +3%,クールタイム 減少ryang +3%
MLUA_CARDMANAGER_076,"해금! (크리티컬 확률 10%, 영구)",RootDesk/MyDesk/Card/CardManager.mlua:16375 | RootDesk/MyDesk/Card/CardManager.mlua:16569 | RootDesk/MyDesk/Card/CardManager.mlua:16721 | RootDesk/MyDesk/Card/CardManager.mlua:16931 | RootDesk/MyDesk/Card/CardManager.mlua:17021,"Unlocked! (Critical Chance 10%, Permanent)","解鎖! (暴擊 機率 10%, 永久)","解放! (クリティカル 確率 10%, 永続)"
MLUA_CARDMANAGER_077,크리티컬 확률 +2%,RootDesk/MyDesk/Card/CardManager.mlua:16376 | RootDesk/MyDesk/Card/CardManager.mlua:16378 | RootDesk/MyDesk/Card/CardManager.mlua:16570 | RootDesk/MyDesk/Card/CardManager.mlua:16572 | RootDesk/MyDesk/Card/CardManager.mlua:16722,Critical Chance +2%,暴擊 機率 +2%,クリティカル 確率 +2%
MLUA_CARDMANAGER_078,크리티컬 확률 +3%,RootDesk/MyDesk/Card/CardManager.mlua:16377 | RootDesk/MyDesk/Card/CardManager.mlua:16379 | RootDesk/MyDesk/Card/CardManager.mlua:16571 | RootDesk/MyDesk/Card/CardManager.mlua:16573 | RootDesk/MyDesk/Card/CardManager.mlua:16723,Critical Chance +3%,暴擊 機率 +3%,クリティカル 確率 +3%
MLUA_CARDMANAGER_079,해금! (대미지 150),RootDesk/MyDesk/Card/CardManager.mlua:16383,Unlocked! (Damage 150),解鎖! (傷害 150),解放! (ダメージ 150)
MLUA_CARDMANAGER_080,"2연타로 강화, 피해량 대폭 증가",RootDesk/MyDesk/Card/CardManager.mlua:16384,"Enhanced with 2 hits, greatly increased damage",以2連擊強化，大幅增加傷害,2連打で強化し、ダメージが大幅に増加
MLUA_CARDMANAGER_081,치명타 확률 20% 신규 획득,RootDesk/MyDesk/Card/CardManager.mlua:16385,Critical Chance 20% New Obtain,chi個目標擊 機率 20% 新 獲得,chi体ヒット 確率 20% 新規 獲得
MLUA_CARDMANAGER_082,피해량 +100,RootDesk/MyDesk/Card/CardManager.mlua:16386,Damage +100,傷害 +100,ダメージ +100
MLUA_CARDMANAGER_083,명중 시 광역 폭발 피해 신규 획득,RootDesk/MyDesk/Card/CardManager.mlua:16387,"On hit, newly gain an AoE explosion effect",命中時新增範圍爆炸傷害,命中時、範囲爆発ダメージを新たに獲得
MLUA_CARDMANAGER_084,"해금! (아이스 보너스 +5%/스택, 패시브)",RootDesk/MyDesk/Card/CardManager.mlua:16391,"Unlocked! (Ice Bonus +5%/Stack, Passive)","解鎖! (冰 加成 +5%/層數, 被動)","解放! (アイス ボーナス +5%/スタック, パッシブ)"
MLUA_CARDMANAGER_085,아이스 보너스 +1%p,RootDesk/MyDesk/Card/CardManager.mlua:16392,Ice Bonus +1%p,冰 加成 +1%p,アイス ボーナス +1%p
MLUA_CARDMANAGER_086,적중 시 번개 연쇄 효과 신규 획득,RootDesk/MyDesk/Card/CardManager.mlua:16393,"On hit, newly gain a lightning chain effect",命中時新增閃電連鎖效果,命中時、雷の連鎖効果を新たに獲得
MLUA_CARDMANAGER_087,번개 연쇄 대상 +1마리,RootDesk/MyDesk/Card/CardManager.mlua:16394,beon Chain target +1monsters,閃電 連鎖 目標 +1隻,雷 連鎖 対象 +1体
MLUA_CARDMANAGER_088,"번개 연쇄 대상 +1마리, 5스택 시 빙결 폭발 신규 획득",RootDesk/MyDesk/Card/CardManager.mlua:16395,"Lightning chain targets +1; at 5 stacks, newly gain a freeze explosion",閃電連鎖目標數+1；5層時新增冰凍爆炸,雷の連鎖対象+1体、5スタック時に凍結爆発を新たに獲得
MLUA_CARDMANAGER_089,"해금! (대미지 110, 광역 범위, 타겟 1명)",RootDesk/MyDesk/Card/CardManager.mlua:16399,"Unlocked! (Damage 110, Area, Targets 1 targets)","解鎖! (傷害 110, 範圍, 目標 1個目標)","解放! (ダメージ 110, 範囲, ターゲット 1体)"
MLUA_CARDMANAGER_090,출혈 효과 신규 획득,RootDesk/MyDesk/Card/CardManager.mlua:16400,Bleed Effect New Obtain,流血 效果 新 獲得,出血 効果 新規 獲得
MLUA_CARDMANAGER_091,출혈 피해량 증가,RootDesk/MyDesk/Card/CardManager.mlua:16403,Bleed Damage Increase,流血 傷害 增加,出血 ダメージ 増加
MLUA_CARDMANAGER_092,"해금! (대미지 300, 고정 광역)",RootDesk/MyDesk/Card/CardManager.mlua:16407,"Unlocked! (Damage 300, Fixed Area)","解鎖! (傷害 300, 固定 範圍)","解放! (ダメージ 300, 固定 範囲)"
MLUA_CARDMANAGER_093,쿨타임 감소,RootDesk/MyDesk/Card/CardManager.mlua:16408 | RootDesk/MyDesk/Card/CardManager.mlua:16434,Cooldown Reduction,冷卻時間 減少,クールタイム 減少
MLUA_CARDMANAGER_094,범위 증가,RootDesk/MyDesk/Card/CardManager.mlua:16409,Area Increase,範圍 增加,範囲 増加
MLUA_CARDMANAGER_095,피해량 +70,RootDesk/MyDesk/Card/CardManager.mlua:16410,Damage +70,傷害 +70,ダメージ +70
MLUA_CARDMANAGER_096,"쿨타임 감소, 확률적 2연타 효과 신규 획득",RootDesk/MyDesk/Card/CardManager.mlua:16411,"Cooldown Reduction, ChanceEnemy 2 hits Effect New Obtain","冷卻時間 減少, 機率敵人 2連擊 效果 新 獲得","クールタイム 減少, 確率敵 2連打 効果 新規 獲得"
MLUA_CARDMANAGER_097,"해금! (대미지 100, 광역 범위, 1타)",RootDesk/MyDesk/Card/CardManager.mlua:16415,"Unlocked! (Damage 100, Area, 1hits)","解鎖! (傷害 100, 範圍, 1擊)","解放! (ダメージ 100, 範囲, 1ヒット)"
MLUA_CARDMANAGER_098,타격 횟수 증가,RootDesk/MyDesk/Card/CardManager.mlua:16416 | RootDesk/MyDesk/Card/CardManager.mlua:16418,hitsgyeok hoescan Increase,擊gyeok hoes可以 增加,ヒットgyeok hoes可能 増加
MLUA_CARDMANAGER_099,"피해량 +50, 넉백 효과 신규 획득",RootDesk/MyDesk/Card/CardManager.mlua:16417,"Damage +50, Knockback Effect New Obtain","傷害 +50, 擊退 效果 新 獲得","ダメージ +50, ノックバック 効果 新規 獲得"
MLUA_CARDMANAGER_100,"해금! (대미지 75, 타겟 2명, 속박 1초)",RootDesk/MyDesk/Card/CardManager.mlua:16423,"Unlocked! (Damage 75, Targets 2 targets, Bind 1s)","解鎖! (傷害 75, 目標 2個目標, 束縛 1秒)","解放! (ダメージ 75, ターゲット 2体, 拘束 1秒)"
MLUA_CARDMANAGER_101,"공격 대상 +1, 속박 지속 증가",RootDesk/MyDesk/Card/CardManager.mlua:16425,"Attack target +1, Bind Duration Increase","攻擊 目標 +1, 束縛 持續 增加","攻撃 対象 +1, 拘束 持続 増加"
MLUA_CARDMANAGER_102,"해금! (대미지 120, 타겟 1명, 빙결 스택 +1)",RootDesk/MyDesk/Card/CardManager.mlua:16431,"Unlocked! (Damage 120, Targets 1 targets, Freeze Stack +1)","解鎖! (傷害 120, 目標 1個目標, 冰凍 層數 +1)","解放! (ダメージ 120, ターゲット 1体, 凍結 スタック +1)"
MLUA_CARDMANAGER_103,"해금! (대미지 350, 광역 범위, 3연타, 스턴 40% 3초)",RootDesk/MyDesk/Card/CardManager.mlua:16439,"Unlocked! (Damage 350, Area, 3hits, Stun 40% 3s)","解鎖! (傷害 350, 範圍, 3連擊, 暈眩 40% 3秒)","解放! (ダメージ 350, 範囲, 3連打, スタン 40% 3秒)"
MLUA_CARDMANAGER_104,"피해량 +88, 공격 대상 +1",RootDesk/MyDesk/Card/CardManager.mlua:16440,"Damage +88, Attack target +1","傷害 +88, 攻擊 目標 +1","ダメージ +88, 攻撃 対象 +1"
MLUA_CARDMANAGER_105,"피해량 +87, 스턴 확률 +10%",RootDesk/MyDesk/Card/CardManager.mlua:16441,"Damage +87, Stun Chance +10%","傷害 +87, 暈眩 機率 +10%","ダメージ +87, スタン 確率 +10%"
MLUA_CARDMANAGER_106,"해금! (대미지 250, 타겟 3명, 슬로우, 빙결 스택 2)",RootDesk/MyDesk/Card/CardManager.mlua:16445,"Unlocked! (Damage 250, Targets 3 targets, Slow, Freeze Stack 2)","解鎖! (傷害 250, 目標 3個目標, 緩速, 冰凍 層數 2)","解放! (ダメージ 250, ターゲット 3体, スロー, 凍結 スタック 2)"
MLUA_CARDMANAGER_107,"피해량 +50, 공격 대상 +1",RootDesk/MyDesk/Card/CardManager.mlua:16447 | RootDesk/MyDesk/Card/CardManager.mlua:16717 | RootDesk/MyDesk/Card/CardManager.mlua:16767,"Damage +50, Attack target +1","傷害 +50, 攻擊 目標 +1","ダメージ +50, 攻撃 対象 +1"
MLUA_CARDMANAGER_108,"해금! (피격 피해 -5%, 영구)",RootDesk/MyDesk/Card/CardManager.mlua:16451,"Unlocked! (pigyeok Damage -5%, Permanent)","解鎖! (pigyeok 傷害 -5%, 永久)","解放! (pigyeok ダメージ -5%, 永続)"
MLUA_CARDMANAGER_109,피해 감소량 +2%,RootDesk/MyDesk/Card/CardManager.mlua:16452 | RootDesk/MyDesk/Card/CardManager.mlua:16454,Damage Reductionryang +2%,傷害 減少ryang +2%,ダメージ 減少ryang +2%
MLUA_CARDMANAGER_110,피해 감소량 +3%,RootDesk/MyDesk/Card/CardManager.mlua:16453 | RootDesk/MyDesk/Card/CardManager.mlua:16455,Damage Reductionryang +3%,傷害 減少ryang +3%,ダメージ 減少ryang +3%
MLUA_CARDMANAGER_111,"해금! (대미지 300, 연쇄 3명, 치명타+20%, 마지막 착탄 +50%)",RootDesk/MyDesk/Card/CardManager.mlua:16459,"Unlocked! (Damage 300, Chain 3 targets, Critical+20%, Final impact +50%)","解鎖! (傷害 300, 連鎖 3個目標, chi個目標擊+20%, majimak 命中 +50%)","解放! (ダメージ 300, 連鎖 3体, chi体ヒット+20%, majimak 着弾 +50%)"
MLUA_CARDMANAGER_112,"피해량 +50, 연쇄 대상 +1, 마지막 착탄 보너스 +10%",RootDesk/MyDesk/Card/CardManager.mlua:16460 | RootDesk/MyDesk/Card/CardManager.mlua:16461,"Damage +50, Chain target +1, Final impact Bonus +10%","傷害 +50, 連鎖 目標 +1, majimak 命中 加成 +10%","ダメージ +50, 連鎖 対象 +1, majimak 着弾 ボーナス +10%"
MLUA_CARDMANAGER_113,"해금! (대미지 300, 광역+관통, 출혈, 넉백)",RootDesk/MyDesk/Card/CardManager.mlua:16465,"Unlocked! (Damage 300, Area+Pierce, Bleed, Knockback)","解鎖! (傷害 300, 範圍+穿透, 流血, 擊退)","解放! (ダメージ 300, 範囲+貫通, 出血, ノックバック)"
MLUA_CARDMANAGER_114,"해금! (대미지 400, 고정 광역, 확률적 2연타 25%)",RootDesk/MyDesk/Card/CardManager.mlua:16471,"Unlocked! (Damage 400, Fixed Area, ChanceEnemy 2 hits 25%)","解鎖! (傷害 400, 固定 範圍, 機率敵人 2連擊 25%)","解放! (ダメージ 400, 固定 範囲, 確率敵 2連打 25%)"
MLUA_CARDMANAGER_115,"피해량 +50, 2연타 확률 +5%",RootDesk/MyDesk/Card/CardManager.mlua:16472,"Damage +50, 2 hits Chance +5%","傷害 +50, 2連擊 機率 +5%","ダメージ +50, 2連打 確率 +5%"
MLUA_CARDMANAGER_116,"피해량 +50, 범위 증가, 2연타 확률 +10%",RootDesk/MyDesk/Card/CardManager.mlua:16473,"Damage +50, Area Increase, 2 hits Chance +10%","傷害 +50, 範圍 增加, 2連擊 機率 +10%","ダメージ +50, 範囲 増加, 2連打 確率 +10%"
MLUA_CARDMANAGER_117,"해금! (피해량 +3%, 영구)",RootDesk/MyDesk/Card/CardManager.mlua:16477,"Unlocked! (Damage +3%, Permanent)","解鎖! (傷害 +3%, 永久)","解放! (ダメージ +3%, 永続)"
MLUA_CARDMANAGER_118,피해량 증가 +3%p,RootDesk/MyDesk/Card/CardManager.mlua:16478 | RootDesk/MyDesk/Card/CardManager.mlua:16479 | RootDesk/MyDesk/Card/CardManager.mlua:16480 | RootDesk/MyDesk/Card/CardManager.mlua:16481 | RootDesk/MyDesk/Card/CardManager.mlua:16594,Damage Increase +3%p,傷害 增加 +3%p,ダメージ 増加 +3%p
MLUA_CARDMANAGER_119,"해금! (대미지 200, 타겟 3명, 빙결 스택+1, 추가타 대미지 60%)",RootDesk/MyDesk/Card/CardManager.mlua:16485,"Unlocked! (Damage 200, Targets 3 targets, Freeze Stack+1, Additional Hit Damage 60%)","解鎖! (傷害 200, 目標 3個目標, 冰凍 層數+1, 追加攻擊 傷害 60%)","解放! (ダメージ 200, ターゲット 3体, 凍結 スタック+1, 追加攻撃 ダメージ 60%)"
MLUA_CARDMANAGER_120,"피해량 +50, 추가타 대미지 확률 +10%",RootDesk/MyDesk/Card/CardManager.mlua:16486,"Damage +50, Additional Hit Damage Chance +10%","傷害 +50, 追加攻擊 傷害 機率 +10%","ダメージ +50, 追加攻撃 ダメージ 確率 +10%"
MLUA_CARDMANAGER_121,"피해량 +50, 공격 대상 +1, 추가타 대미지 확률 +10%",RootDesk/MyDesk/Card/CardManager.mlua:16487,"Damage +50, Attack target +1, Additional Hit Damage Chance +10%","傷害 +50, 攻擊 目標 +1, 追加攻擊 傷害 機率 +10%","ダメージ +50, 攻撃 対象 +1, 追加攻撃 ダメージ 確率 +10%"
MLUA_CARDMANAGER_122,"해금! (대미지 200, 타겟 4명, 속박 3초, 종료 직전 추가타 50%)",RootDesk/MyDesk/Card/CardManager.mlua:16491,"Unlocked! (Damage 200, Targets 4 targets, Bind 3s, End jikjeon Additional Hit 50%)","解鎖! (傷害 200, 目標 4個目標, 束縛 3秒, 結束 jikjeon 追加攻擊 50%)","解放! (ダメージ 200, ターゲット 4体, 拘束 3秒, 終了 jikjeon 追加攻撃 50%)"
MLUA_CARDMANAGER_123,"피해량 +40, 공격 대상 +1, 추가타 확률 +10%",RootDesk/MyDesk/Card/CardManager.mlua:16492 | RootDesk/MyDesk/Card/CardManager.mlua:16493,"Damage +40, Attack target +1, Additional Hit Chance +10%","傷害 +40, 攻擊 目標 +1, 追加攻擊 機率 +10%","ダメージ +40, 攻撃 対象 +1, 追加攻撃 確率 +10%"
MLUA_CARDMANAGER_124,"해금! (대미지 45, 타겟 4명)",RootDesk/MyDesk/Card/CardManager.mlua:16497,"Unlocked! (Damage 45, Targets 4 targets)","解鎖! (傷害 45, 目標 4個目標)","解放! (ダメージ 45, ターゲット 4体)"
MLUA_CARDMANAGER_125,피해량 +20,RootDesk/MyDesk/Card/CardManager.mlua:16499 | RootDesk/MyDesk/Card/CardManager.mlua:16501 | RootDesk/MyDesk/Card/CardManager.mlua:16546 | RootDesk/MyDesk/Card/CardManager.mlua:16548 | RootDesk/MyDesk/Card/CardManager.mlua:16653,Damage +20,傷害 +20,ダメージ +20
MLUA_CARDMANAGER_126,"해금! (대미지 120, 화살 2발)",RootDesk/MyDesk/Card/CardManager.mlua:16505,"Unlocked! (Damage 120, Arrows 2shots)","解鎖! (傷害 120, 箭矢 2發)","解放! (ダメージ 120, 矢 2発)"
MLUA_CARDMANAGER_127,강화 화살 효과 신규 획득 (확률 20%),RootDesk/MyDesk/Card/CardManager.mlua:16506,Enhanced Arrow Effect New Obtain (Chance 20%),強化 箭矢 效果 新 獲得 (機率 20%),強化 矢 効果 新規 獲得 (確率 20%)
MLUA_CARDMANAGER_128,"피해량 +50, 강화 화살 대미지 +10%",RootDesk/MyDesk/Card/CardManager.mlua:16507,"Damage +50, Enhanced Arrow Damage +10%","傷害 +50, 強化 箭矢 傷害 +10%","ダメージ +50, 強化 矢 ダメージ +10%"
MLUA_CARDMANAGER_129,강화 화살 대미지 +20%,RootDesk/MyDesk/Card/CardManager.mlua:16508,Enhanced Arrow Damage +20%,強化 箭矢 傷害 +20%,強化 矢 ダメージ +20%
MLUA_CARDMANAGER_130,"피해량 +40, 강화 화살 대미지 +20%",RootDesk/MyDesk/Card/CardManager.mlua:16509,"Damage +40, Enhanced Arrow Damage +20%","傷害 +40, 強化 箭矢 傷害 +20%","ダメージ +40, 強化 矢 ダメージ +20%"
MLUA_CARDMANAGER_131,"해금! (대미지 100, 착탄 1개, 슬로우 40% 2초)",RootDesk/MyDesk/Card/CardManager.mlua:16513,"Unlocked! (Damage 100, Impacts 1, Slow 40% 2s)","解鎖! (傷害 100, 命中 1個, 緩速 40% 2秒)","解放! (ダメージ 100, 着弾 1個, スロー 40% 2秒)"
MLUA_CARDMANAGER_132,"착탄 지점 +1, 슬로우 +1초",RootDesk/MyDesk/Card/CardManager.mlua:16514 | RootDesk/MyDesk/Card/CardManager.mlua:16516,"Impacts point +1, Slow +1s","命中 jijeom +1, 緩速 +1秒","着弾 jijeom +1, スロー +1秒"
MLUA_CARDMANAGER_133,"피해량 +50, 슬로우 확률 +10%",RootDesk/MyDesk/Card/CardManager.mlua:16515 | RootDesk/MyDesk/Card/CardManager.mlua:16517,"Damage +50, Slow Chance +10%","傷害 +50, 緩速 機率 +10%","ダメージ +50, スロー 確率 +10%"
MLUA_CARDMANAGER_134,"해금! (대미지 100, 착탄 1개, 슬로우 대상 추가 피해 +39%)",RootDesk/MyDesk/Card/CardManager.mlua:16521,"Unlocked! (Damage 100, Impacts 1, Slow target Additional Damage +39%)","解鎖! (傷害 100, 命中 1個, 緩速 目標 額外 傷害 +39%)","解放! (ダメージ 100, 着弾 1個, スロー 対象 追加 ダメージ +39%)"
MLUA_CARDMANAGER_135,"착탄 지점 +1, 슬로우 대상 추가 피해",RootDesk/MyDesk/Card/CardManager.mlua:16522 | RootDesk/MyDesk/Card/CardManager.mlua:16524,"Impacts point +1, Slow target Additional Damage","命中 jijeom +1, 緩速 目標 額外 傷害","着弾 jijeom +1, スロー 対象 追加 ダメージ"
MLUA_CARDMANAGER_136,"피해량 +50, 슬로우 대상 추가 피해",RootDesk/MyDesk/Card/CardManager.mlua:16523 | RootDesk/MyDesk/Card/CardManager.mlua:16525,"Damage +50, Slow target Additional Damage","傷害 +50, 緩速 目標 額外 傷害","ダメージ +50, スロー 対象 追加 ダメージ"
MLUA_CARDMANAGER_137,"해금! (대미지 120, 유지 3초, 슬로우 대상 추가 피해 +39%)",RootDesk/MyDesk/Card/CardManager.mlua:16529,"Unlocked! (Damage 120, Duration 3s, Slow target Additional Damage +39%)","解鎖! (傷害 120, 持續 3秒, 緩速 目標 額外 傷害 +39%)","解放! (ダメージ 120, 持続 3秒, スロー 対象 追加 ダメージ +39%)"
MLUA_CARDMANAGER_138,"지속 +1초, 범위 증가, 슬로우 대상 추가 피해",RootDesk/MyDesk/Card/CardManager.mlua:16530,"Duration +1s, Area Increase, Slow target Additional Damage","持續 +1秒, 範圍 增加, 緩速 目標 額外 傷害","持続 +1秒, 範囲 増加, スロー 対象 追加 ダメージ"
MLUA_CARDMANAGER_139,"피해량 +30, 지속 +1초, 슬로우 대상 추가 피해",RootDesk/MyDesk/Card/CardManager.mlua:16531 | RootDesk/MyDesk/Card/CardManager.mlua:16532,"Damage +30, Duration +1s, Slow target Additional Damage","傷害 +30, 持續 +1秒, 緩速 目標 額外 傷害","ダメージ +30, 持続 +1秒, スロー 対象 追加 ダメージ"
MLUA_CARDMANAGER_140,"피해량 +50, 지속 +1초, 범위 증가, 슬로우 대상 추가 피해",RootDesk/MyDesk/Card/CardManager.mlua:16533,"Damage +50, Duration +1s, Area Increase, Slow target Additional Damage","傷害 +50, 持續 +1秒, 範圍 增加, 緩速 目標 額外 傷害","ダメージ +50, 持続 +1秒, 範囲 増加, スロー 対象 追加 ダメージ"
MLUA_CARDMANAGER_141,"해금! (대미지 80, 화살 2발, 관통 1회)",RootDesk/MyDesk/Card/CardManager.mlua:16537,"Unlocked! (Damage 80, Arrows 2shots, Pierce 1times)","解鎖! (傷害 80, 箭矢 2發, 穿透 1次)","解放! (ダメージ 80, 矢 2発, 貫通 1回)"
MLUA_CARDMANAGER_142,"피해량 +20, 화살 개수 +1",RootDesk/MyDesk/Card/CardManager.mlua:16538 | RootDesk/MyDesk/Card/CardManager.mlua:16540,"Damage +20, Arrows can +1","傷害 +20, 箭矢 個可以 +1","ダメージ +20, 矢 個可能 +1"
MLUA_CARDMANAGER_143,"피해량 +20, 관통 횟수 +1",RootDesk/MyDesk/Card/CardManager.mlua:16539 | RootDesk/MyDesk/Card/CardManager.mlua:16541,"Damage +20, Pierce hoescan +1","傷害 +20, 穿透 hoes可以 +1","ダメージ +20, 貫通 hoes可能 +1"
MLUA_CARDMANAGER_144,"해금! (대미지 100, 착탄 1개, 광역)",RootDesk/MyDesk/Card/CardManager.mlua:16545,"Unlocked! (Damage 100, Impacts 1, Area)","解鎖! (傷害 100, 命中 1個, 範圍)","解放! (ダメージ 100, 着弾 1個, 範囲)"
MLUA_CARDMANAGER_145,"피해량 +20, 착탄 지점 +1, 쿨타임 감소",RootDesk/MyDesk/Card/CardManager.mlua:16547,"Damage +20, Impacts point +1, Cooldown Reduction","傷害 +20, 命中 jijeom +1, 冷卻時間 減少","ダメージ +20, 着弾 jijeom +1, クールタイム 減少"
MLUA_CARDMANAGER_146,"해금! (대미지 100, 타겟 1명, 넉백, 충돌 대상 30% 대미지)",RootDesk/MyDesk/Card/CardManager.mlua:16553 | RootDesk/MyDesk/Card/CardManager.mlua:16675,"Unlocked! (Damage 100, Targets 1 targets, Knockback, Collision target 30% Damage)","解鎖! (傷害 100, 目標 1個目標, 擊退, 碰撞 目標 30% 傷害)","解放! (ダメージ 100, ターゲット 1体, ノックバック, 衝突 対象 30% ダメージ)"
MLUA_CARDMANAGER_147,"피해량 +40, 충돌 대미지 +10%",RootDesk/MyDesk/Card/CardManager.mlua:16555 | RootDesk/MyDesk/Card/CardManager.mlua:16557 | RootDesk/MyDesk/Card/CardManager.mlua:16677 | RootDesk/MyDesk/Card/CardManager.mlua:16679,"Damage +40, Collision Damage +10%","傷害 +40, 碰撞 傷害 +10%","ダメージ +40, 衝突 ダメージ +10%"
MLUA_CARDMANAGER_148,"피해량 +20, 충돌 대미지 +10%",RootDesk/MyDesk/Card/CardManager.mlua:16556 | RootDesk/MyDesk/Card/CardManager.mlua:16678,"Damage +20, Collision Damage +10%","傷害 +20, 碰撞 傷害 +10%","ダメージ +20, 衝突 ダメージ +10%"
MLUA_CARDMANAGER_149,"해금! (쿨타임 -5%, 영구)",RootDesk/MyDesk/Card/CardManager.mlua:16561 | RootDesk/MyDesk/Card/CardManager.mlua:16923 | RootDesk/MyDesk/Card/CardManager.mlua:17013,"Unlocked! (Cooldown -5%, Permanent)","解鎖! (冷卻時間 -5%, 永久)","解放! (クールタイム -5%, 永続)"
MLUA_CARDMANAGER_150,"해금! (크리티컬 대미지 +10%, 영구)",RootDesk/MyDesk/Card/CardManager.mlua:16577 | RootDesk/MyDesk/Card/CardManager.mlua:16939 | RootDesk/MyDesk/Card/CardManager.mlua:17029,"Unlocked! (Critical Damage +10%, Permanent)","解鎖! (暴擊 傷害 +10%, 永久)","解放! (クリティカル ダメージ +10%, 永続)"
MLUA_CARDMANAGER_151,크리티컬 대미지 +10%,RootDesk/MyDesk/Card/CardManager.mlua:16578 | RootDesk/MyDesk/Card/CardManager.mlua:16579 | RootDesk/MyDesk/Card/CardManager.mlua:16580 | RootDesk/MyDesk/Card/CardManager.mlua:16581 | RootDesk/MyDesk/Card/CardManager.mlua:16940,Critical Damage +10%,暴擊 傷害 +10%,クリティカル ダメージ +10%
MLUA_CARDMANAGER_152,"해금! (추가 공격 확률 10%, 대미지 100%, 영구)",RootDesk/MyDesk/Card/CardManager.mlua:16585,"Unlocked! (Additional Attack Chance 10%, Damage 100%, Permanent)","解鎖! (追加攻擊 機率 10%, 傷害 100%, 永久)","解放! (追加攻撃 確率 10%, ダメージ 100%, 永続)"
MLUA_CARDMANAGER_153,"추가 공격 확률 +5%, 대미지 +20%",RootDesk/MyDesk/Card/CardManager.mlua:16586 | RootDesk/MyDesk/Card/CardManager.mlua:16587 | RootDesk/MyDesk/Card/CardManager.mlua:16588 | RootDesk/MyDesk/Card/CardManager.mlua:16589,"Additional Attack Chance +5%, Damage +20%","追加攻擊 機率 +5%, 傷害 +20%","追加攻撃 確率 +5%, ダメージ +20%"
MLUA_CARDMANAGER_154,"해금! (피해량 +5%, 영구)",RootDesk/MyDesk/Card/CardManager.mlua:16593 | RootDesk/MyDesk/Card/CardManager.mlua:16745 | RootDesk/MyDesk/Card/CardManager.mlua:17005 | RootDesk/MyDesk/Card/CardManager.mlua:17037,"Unlocked! (Damage +5%, Permanent)","解鎖! (傷害 +5%, 永久)","解放! (ダメージ +5%, 永続)"
MLUA_CARDMANAGER_155,피해량 증가 +4%p,RootDesk/MyDesk/Card/CardManager.mlua:16595 | RootDesk/MyDesk/Card/CardManager.mlua:16596 | RootDesk/MyDesk/Card/CardManager.mlua:16597 | RootDesk/MyDesk/Card/CardManager.mlua:16747 | RootDesk/MyDesk/Card/CardManager.mlua:16748,Damage Increase +4%p,傷害 增加 +4%p,ダメージ 増加 +4%p
MLUA_CARDMANAGER_156,"해금! (대미지 200, 착탄 2개, 슬로우, 스턴 2초, 슬로우 대상 추가 피해 +120%)",RootDesk/MyDesk/Card/CardManager.mlua:16601,"Unlocked! (Damage 200, Impacts 2, Slow, Stun 2s, Slow target Additional Damage +120%)","解鎖! (傷害 200, 命中 2個, 緩速, 暈眩 2秒, 緩速 目標 額外 傷害 +120%)","解放! (ダメージ 200, 着弾 2個, スロー, スタン 2秒, スロー 対象 追加 ダメージ +120%)"
MLUA_CARDMANAGER_157,"피해량 +40, 슬로우, 스턴 +1초, 슬로우 대상 추가 피해",RootDesk/MyDesk/Card/CardManager.mlua:16602,"Damage +40, Slow, Stun +1s, Slow target Additional Damage","傷害 +40, 緩速, 暈眩 +1秒, 緩速 目標 額外 傷害","ダメージ +40, スロー, スタン +1秒, スロー 対象 追加 ダメージ"
MLUA_CARDMANAGER_158,"피해량 +20, 범위 증가, 슬로우, 스턴 +1초, 슬로우 대상 추가 피해",RootDesk/MyDesk/Card/CardManager.mlua:16603,"Damage +20, Area Increase, Slow, Stun +1s, Slow target Additional Damage","傷害 +20, 範圍 增加, 緩速, 暈眩 +1秒, 緩速 目標 額外 傷害","ダメージ +20, 範囲 増加, スロー, スタン +1秒, スロー 対象 追加 ダメージ"
MLUA_CARDMANAGER_159,"해금! (대미지 300, 유지 5초, 크리티컬 10%, 슬로우 대상 추가 피해 +120%)",RootDesk/MyDesk/Card/CardManager.mlua:16607,"Unlocked! (Damage 300, Duration 5s, Critical 10%, Slow target Additional Damage +120%)","解鎖! (傷害 300, 持續 5秒, 暴擊 10%, 緩速 目標 額外 傷害 +120%)","解放! (ダメージ 300, 持続 5秒, クリティカル 10%, スロー 対象 追加 ダメージ +120%)"
MLUA_CARDMANAGER_160,"피해량 +20, 지속 +1초, 크리티컬 +5%, 슬로우 대상 추가 피해",RootDesk/MyDesk/Card/CardManager.mlua:16608 | RootDesk/MyDesk/Card/CardManager.mlua:16609,"Damage +20, Duration +1s, Critical +5%, Slow target Additional Damage","傷害 +20, 持續 +1秒, 暴擊 +5%, 緩速 目標 額外 傷害","ダメージ +20, 持続 +1秒, クリティカル +5%, スロー 対象 追加 ダメージ"
MLUA_CARDMANAGER_161,"해금! (대미지 100, 최대 6명 연사, 추가 타격 확률 15%)",RootDesk/MyDesk/Card/CardManager.mlua:16613,"Unlocked! (Damage 100, Max 6 targets Rapid fire, Additional Hit Chance 15%)","解鎖! (傷害 100, 最大 6個目標 連射, 追加攻擊 機率 15%)","解放! (ダメージ 100, 最大 6体 連射, 追加ヒット 確率 15%)"
MLUA_CARDMANAGER_162,"피해량 +20, 연사 대상 +1, 추가 타격 대미지 증가",RootDesk/MyDesk/Card/CardManager.mlua:16614,"Damage +20, Rapid fire target +1, Additional Hit Damage Increase","傷害 +20, 連射目標 +1, 追加攻擊 傷害 增加","ダメージ +20, 連射対象 +1, 追加ヒット ダメージ 増加"
MLUA_CARDMANAGER_163,"피해량 +20, 연사 대상 +1, 추가 타격 확률 +5%, 대미지 증가",RootDesk/MyDesk/Card/CardManager.mlua:16615,"Damage +20, Rapid fire target +1, Additional Hit Chance +5%, Damage Increase","傷害 +20, 連射目標 +1, 追加攻擊 機率 +5%, 傷害 增加","ダメージ +20, 連射対象 +1, 追加ヒット 確率 +5%, ダメージ 増加"
MLUA_CARDMANAGER_164,"해금! (대미지 230, 연사 3발, 강화 확률 20%, 강화 시 3연타)",RootDesk/MyDesk/Card/CardManager.mlua:16619,"Unlocked! (Damage 230, Rapid Fire 3 shots, Upgrade chance 20%, 3 hits when upgraded)",解鎖！（傷害230、連射3發、強化機率20%、強化時3連擊）,解放！（ダメージ230、連射3発、強化確率20%、強化時3連打）
MLUA_CARDMANAGER_165,"피해량 +20, 강화 확률 +5%",RootDesk/MyDesk/Card/CardManager.mlua:16620,"Damage +20, Upgrade chance +5%","傷害 +20, 強化 機率 +5%","ダメージ +20, 強化 確率 +5%"
MLUA_CARDMANAGER_166,"피해량 +50, 연사 개수 +1, 강화 확률 +5%",RootDesk/MyDesk/Card/CardManager.mlua:16621,"Damage +50, Rapid fire can +1, Upgrade chance +5%","傷害 +50, 連射 個可以 +1, 強化 機率 +5%","ダメージ +50, 連射 個可能 +1, 強化 確率 +5%"
MLUA_CARDMANAGER_167,"해금! (대미지 180, 화살 5발, 관통 4회, 크리티컬 +10%)",RootDesk/MyDesk/Card/CardManager.mlua:16625,"Unlocked! (Damage 180, Arrows 5shots, Pierce 4times, Critical +10%)","解鎖! (傷害 180, 箭矢 5發, 穿透 4次, 暴擊 +10%)","解放! (ダメージ 180, 矢 5発, 貫通 4回, クリティカル +10%)"
MLUA_CARDMANAGER_168,"피해량 +20, 쿨타임 감소, 크리티컬 +5%",RootDesk/MyDesk/Card/CardManager.mlua:16626,"Damage +20, Cooldown Reduction, Critical +5%","傷害 +20, 冷卻時間 減少, 暴擊 +5%","ダメージ +20, クールタイム 減少, クリティカル +5%"
MLUA_CARDMANAGER_169,"피해량 +20, 화살 개수 +1, 크리티컬 +5%",RootDesk/MyDesk/Card/CardManager.mlua:16627,"Damage +20, Arrows can +1, Critical +5%","傷害 +20, 箭矢 個可以 +1, 暴擊 +5%","ダメージ +20, 矢 個可能 +1, クリティカル +5%"
MLUA_CARDMANAGER_170,"해금! (대미지 250, 착탄 3개, 광역, 크리티컬 +10%)",RootDesk/MyDesk/Card/CardManager.mlua:16631,"Unlocked! (Damage 250, Impacts 3, Area, Critical +10%)","解鎖! (傷害 250, 命中 3個, 範圍, 暴擊 +10%)","解放! (ダメージ 250, 着弾 3個, 範囲, クリティカル +10%)"
MLUA_CARDMANAGER_171,"피해량 +50, 크리티컬 +5%",RootDesk/MyDesk/Card/CardManager.mlua:16632,"Damage +50, Critical +5%","傷害 +50, 暴擊 +5%","ダメージ +50, クリティカル +5%"
MLUA_CARDMANAGER_172,"피해량 +50, 착탄 지점 +1, 크리티컬 +5%",RootDesk/MyDesk/Card/CardManager.mlua:16633,"Damage +50, Impacts point +1, Critical +5%","傷害 +50, 命中 jijeom +1, 暴擊 +5%","ダメージ +50, 着弾 jijeom +1, クリティカル +5%"
MLUA_CARDMANAGER_173,"해금! (대미지 180, 타겟 2명, 넉백, 충돌 대미지 80%, 정지 시 폭발 50%)",RootDesk/MyDesk/Card/CardManager.mlua:16637,"Unlocked! (Damage 180, 2 targets, Knockback, Collision damage 80%, Explosion on stop 50%)",解鎖！（傷害180、目標2個、擊退、碰撞傷害80%、停止時爆炸50%）,解放！（ダメージ180、ターゲット2体、ノックバック、衝突ダメージ80%、停止時に50%の爆発）
MLUA_CARDMANAGER_174,"피해량 +20, 충돌 대미지 증가, 폭발 대미지 증가",RootDesk/MyDesk/Card/CardManager.mlua:16638,"Damage +20, Collision Damage Increase, Explosion Damage Increase","傷害 +20, 碰撞 傷害 增加, 爆炸 傷害 增加","ダメージ +20, 衝突 ダメージ 増加, 爆発 ダメージ 増加"
MLUA_CARDMANAGER_175,"피해량 +20, 충돌 대미지 증가, 폭발 대미지 대폭 증가",RootDesk/MyDesk/Card/CardManager.mlua:16639,"Damage +20, Collision Damage Increase, Explosion Damage daepok Increase","傷害 +20, 碰撞 傷害 增加, 爆炸 傷害 daepok 增加","ダメージ +20, 衝突 ダメージ 増加, 爆発 ダメージ daepok 増加"
MLUA_CARDMANAGER_176,"해금! (콤보 스택 확률 10%, 영구)",RootDesk/MyDesk/Card/CardManager.mlua:16643,"Unlocked! (Combo Stack Chance 10%, Permanent)","解鎖! (連擊 層數 機率 10%, 永久)","解放! (コンボ スタック 確率 10%, 永続)"
MLUA_CARDMANAGER_177,스택 확률 +5%,RootDesk/MyDesk/Card/CardManager.mlua:16644 | RootDesk/MyDesk/Card/CardManager.mlua:16645 | RootDesk/MyDesk/Card/CardManager.mlua:16647,Stack Chance +5%,層數 機率 +5%,スタック 確率 +5%
MLUA_CARDMANAGER_178,스택 확률 +10%,RootDesk/MyDesk/Card/CardManager.mlua:16646,Stack Chance +10%,層數 機率 +10%,スタック 確率 +10%
MLUA_CARDMANAGER_179,"해금! (대미지 130, 타겟 1명, 콤보스택 +1)",RootDesk/MyDesk/Card/CardManager.mlua:16651,"Unlocked! (Damage 130, Targets 1 targets, Combo Stack +1)","解鎖! (傷害 130, 目標 1個目標, 連擊層數 +1)","解放! (ダメージ 130, ターゲット 1体, コンボスタック +1)"
MLUA_CARDMANAGER_180,"피해량 +20, 공격 대상 +1",RootDesk/MyDesk/Card/CardManager.mlua:16652 | RootDesk/MyDesk/Card/CardManager.mlua:16661 | RootDesk/MyDesk/Card/CardManager.mlua:16668 | RootDesk/MyDesk/Card/CardManager.mlua:16671 | RootDesk/MyDesk/Card/CardManager.mlua:16685,"Damage +20, Attack target +1","傷害 +20, 攻擊 目標 +1","ダメージ +20, 攻撃 対象 +1"
MLUA_CARDMANAGER_181,피해량 +30,RootDesk/MyDesk/Card/CardManager.mlua:16654 | RootDesk/MyDesk/Card/CardManager.mlua:16772 | RootDesk/MyDesk/Card/CardManager.mlua:16853 | RootDesk/MyDesk/Card/CardManager.mlua:16855 | RootDesk/MyDesk/Card/CardManager.mlua:16919,Damage +30,傷害 +30,ダメージ +30
MLUA_CARDMANAGER_182,"피해량 +40, 공격 대상 +1",RootDesk/MyDesk/Card/CardManager.mlua:16655 | RootDesk/MyDesk/Card/CardManager.mlua:16703 | RootDesk/MyDesk/Card/CardManager.mlua:16895,"Damage +40, Attack target +1","傷害 +40, 攻擊 目標 +1","ダメージ +40, 攻撃 対象 +1"
MLUA_CARDMANAGER_183,"해금! (대미지 120, 타겟 1명, 콤보스택 +1)",RootDesk/MyDesk/Card/CardManager.mlua:16659,"Unlocked! (Damage 120, Targets 1 targets, Combo Stack +1)","解鎖! (傷害 120, 目標 1個目標, 連擊層數 +1)","解放! (ダメージ 120, ターゲット 1体, コンボスタック +1)"
MLUA_CARDMANAGER_184,"피해량 +20, 쿨타임 감소",RootDesk/MyDesk/Card/CardManager.mlua:16660,"Damage +20, Cooldown Reduction","傷害 +20, 冷卻時間 減少","ダメージ +20, クールタイム 減少"
MLUA_CARDMANAGER_185,"해금! (대미지 120, 타겟 1명, 광역, 콤보스택 +1)",RootDesk/MyDesk/Card/CardManager.mlua:16667 | RootDesk/MyDesk/Card/CardManager.mlua:16683,"Unlocked! (Damage 120, Targets 1 targets, Area, Combo Stack +1)","解鎖! (傷害 120, 目標 1個目標, 範圍, 連擊層數 +1)","解放! (ダメージ 120, ターゲット 1体, 範囲, コンボスタック +1)"
MLUA_CARDMANAGER_186,"해금! (대미지 100, 타겟 1명, 일반 2연타, 확률적 4연타 10%)",RootDesk/MyDesk/Card/CardManager.mlua:16691,"Unlocked! (Damage 100, Targets 1 targets, Normal 2 hits, ChanceEnemy 4hits 10%)","解鎖! (傷害 100, 目標 1個目標, 一般 2連擊, 機率敵人 4連擊 10%)","解放! (ダメージ 100, ターゲット 1体, 通常 2連打, 確率敵 4連打 10%)"
MLUA_CARDMANAGER_187,"해금! (대미지 120, 타겟 1명, 속박(도약) 1초, 콤보스택 +1)",RootDesk/MyDesk/Card/CardManager.mlua:16699,"Unlocked! (Damage 120, Targets 1 targets, Bind(doyak) 1s, Combo Stack +1)","解鎖! (傷害 120, 目標 1個目標, 束縛(doyak) 1秒, 連擊層數 +1)","解放! (ダメージ 120, ターゲット 1体, 拘束(doyak) 1秒, コンボスタック +1)"
MLUA_CARDMANAGER_188,"해금! (대미지 120, 지속 4초, 2초마다 2연타)",RootDesk/MyDesk/Card/CardManager.mlua:16707,"Unlocked! (Damage 120, Duration 4s, 2severy 2 hits)","解鎖! (傷害 120, 持續 4秒, 2秒每 2連擊)","解放! (ダメージ 120, 持続 4秒, 2秒ごとに 2連打)"
MLUA_CARDMANAGER_189,"피해량 +20, 지속 +1초",RootDesk/MyDesk/Card/CardManager.mlua:16709 | RootDesk/MyDesk/Card/CardManager.mlua:16801 | RootDesk/MyDesk/Card/CardManager.mlua:16807,"Damage +20, Duration +1s","傷害 +20, 持續 +1秒","ダメージ +20, 持続 +1秒"
MLUA_CARDMANAGER_190,"해금! (대미지 350, 타겟 3명, 콤보스택 +2, 스턴 2초 100%)",RootDesk/MyDesk/Card/CardManager.mlua:16715,"Unlocked! (Damage 350, Targets 3 targets, Combo Stack +2, Stun 2s 100%)","解鎖! (傷害 350, 目標 3個目標, 連擊層數 +2, 暈眩 2秒 100%)","解放! (ダメージ 350, ターゲット 3体, コンボスタック +2, スタン 2秒 100%)"
MLUA_CARDMANAGER_191,"해금! (콤보 폭발 대미지 220%, 영구)",RootDesk/MyDesk/Card/CardManager.mlua:16729,"Unlocked! (Combo Explosion Damage 220%, Permanent)","解鎖! (連擊 爆炸 傷害 220%, 永久)","解放! (コンボ 爆発 ダメージ 220%, 永続)"
MLUA_CARDMANAGER_192,폭발 대미지 +10%,RootDesk/MyDesk/Card/CardManager.mlua:16730 | RootDesk/MyDesk/Card/CardManager.mlua:16731 | RootDesk/MyDesk/Card/CardManager.mlua:16732 | RootDesk/MyDesk/Card/CardManager.mlua:16733,Explosion Damage +10%,爆炸 傷害 +10%,爆発 ダメージ +10%
MLUA_CARDMANAGER_193,"해금! (15초마다 체력 2% 회복, 영구)",RootDesk/MyDesk/Card/CardManager.mlua:16737,"Unlocked! (15severy HP 2% Restore, Permanent)","解鎖! (15秒每 生命值 2% 恢復, 永久)","解放! (15秒ごとに HP 2% 回復, 永続)"
MLUA_CARDMANAGER_194,회복량 +1%,RootDesk/MyDesk/Card/CardManager.mlua:16738 | RootDesk/MyDesk/Card/CardManager.mlua:16739 | RootDesk/MyDesk/Card/CardManager.mlua:16740 | RootDesk/MyDesk/Card/CardManager.mlua:16741,Restoreryang +1%,恢復ryang +1%,回復ryang +1%
MLUA_CARDMANAGER_195,"해금! (대미지 300, 타겟 3명, 광역 2타 범위공격 50%)",RootDesk/MyDesk/Card/CardManager.mlua:16753,"Unlocked! (Damage 300, Targets 3 targets, Area 2 hits AreaAttack 50%)","解鎖! (傷害 300, 目標 3個目標, 範圍 2擊 範圍攻擊 50%)","解放! (ダメージ 300, ターゲット 3体, 範囲 2ヒット 範囲攻撃 50%)"
MLUA_CARDMANAGER_196,"피해량 +84, 범위 2타 대미지 +10%",RootDesk/MyDesk/Card/CardManager.mlua:16754,"Damage +84, Area 2 hits Damage +10%","傷害 +84, 範圍 2擊 傷害 +10%","ダメージ +84, 範囲 2ヒット ダメージ +10%"
MLUA_CARDMANAGER_197,"피해량 +126, 공격 대상 +1, 범위 2타 대미지 +10%",RootDesk/MyDesk/Card/CardManager.mlua:16755,"Damage +126, Attack target +1, Area 2 hits Damage +10%","傷害 +126, 攻擊 目標 +1, 範圍 2擊 傷害 +10%","ダメージ +126, 攻撃 対象 +1, 範囲 2ヒット ダメージ +10%"
MLUA_CARDMANAGER_198,"해금! (대미지 200, 넉백, 충돌 대미지 60%, 착지 시 범위 폭발 60%)",RootDesk/MyDesk/Card/CardManager.mlua:16759,"Unlocked! (Damage 200, Knockback, Collision damage 60%, AoE explosion on landing 60%)",解鎖！（傷害200、擊退、碰撞傷害60%、著地時範圍爆炸60%）,解放！（ダメージ200、ノックバック、衝突ダメージ60%、着地時に60%の範囲爆発）
MLUA_CARDMANAGER_199,"피해량 +20, 충돌·폭발 대미지 +10%",RootDesk/MyDesk/Card/CardManager.mlua:16760,"Damage +20, Collision·Explosion Damage +10%","傷害 +20, 碰撞·爆炸 傷害 +10%","ダメージ +20, 衝突·爆発 ダメージ +10%"
MLUA_CARDMANAGER_200,"피해량 +40, 충돌·폭발 대미지 +10%",RootDesk/MyDesk/Card/CardManager.mlua:16761,"Damage +40, Collision·Explosion Damage +10%","傷害 +40, 碰撞·爆炸 傷害 +10%","ダメージ +40, 衝突·爆発 ダメージ +10%"
MLUA_CARDMANAGER_201,"해금! (대미지 300, 타겟 3명, 콤보스택 +2)",RootDesk/MyDesk/Card/CardManager.mlua:16765,"Unlocked! (Damage 300, Targets 3 targets, Combo Stack +2)","解鎖! (傷害 300, 目標 3個目標, 連擊層數 +2)","解放! (ダメージ 300, ターゲット 3体, コンボスタック +2)"
MLUA_CARDMANAGER_202,"해금! (대미지 230, 타겟 2명, 부채꼴 검기 4개 발사, 콤보스택 +1)",RootDesk/MyDesk/Card/CardManager.mlua:16771,"Unlocked! (Damage 230, Targets 2 targets, buchaekkol Sword energy 4 shotssa, Combo Stack +1)","解鎖! (傷害 230, 目標 2個目標, buchaekkol 劍氣 4個 發sa, 連擊層數 +1)","解放! (ダメージ 230, ターゲット 2体, buchaekkol 剣気 4個 発sa, コンボスタック +1)"
MLUA_CARDMANAGER_203,"피해량 +40, 공격 대상 +1, 검기 개수 증가",RootDesk/MyDesk/Card/CardManager.mlua:16773,"Damage +40, Attack target +1, Sword energy can Increase","傷害 +40, 攻擊 目標 +1, 劍氣 個可以 增加","ダメージ +40, 攻撃 対象 +1, 剣気 個可能 増加"
MLUA_CARDMANAGER_204,"해금! (대미지 280, 지속 4초, 2초마다 2연타)",RootDesk/MyDesk/Card/CardManager.mlua:16777,"Unlocked! (Damage 280, Duration 4s, 2severy 2 hits)","解鎖! (傷害 280, 持續 4秒, 2秒每 2連擊)","解放! (ダメージ 280, 持続 4秒, 2秒ごとに 2連打)"
MLUA_CARDMANAGER_205,"피해량 +40, 지속 +1초",RootDesk/MyDesk/Card/CardManager.mlua:16779,"Damage +40, Duration +1s","傷害 +40, 持續 +1秒","ダメージ +40, 持続 +1秒"
MLUA_CARDMANAGER_206,"해금! (대미지 230, 타겟 3명, 일반 2연타, 확률적 4연타 15%)",RootDesk/MyDesk/Card/CardManager.mlua:16783,"Unlocked! (Damage 230, Targets 3 targets, Normal 2 hits, ChanceEnemy 4hits 15%)","解鎖! (傷害 230, 目標 3個目標, 一般 2連擊, 機率敵人 4連擊 15%)","解放! (ダメージ 230, ターゲット 3体, 通常 2連打, 確率敵 4連打 15%)"
MLUA_CARDMANAGER_207,"피해량 +30, 4연타 확률 +5%",RootDesk/MyDesk/Card/CardManager.mlua:16784,"Damage +30, 4hits Chance +5%","傷害 +30, 4連擊 機率 +5%","ダメージ +30, 4連打 確率 +5%"
MLUA_CARDMANAGER_208,"피해량 +40, 4연타 확률 +10%",RootDesk/MyDesk/Card/CardManager.mlua:16785,"Damage +40, 4hits Chance +10%","傷害 +40, 4連擊 機率 +10%","ダメージ +40, 4連打 確率 +10%"
MLUA_CARDMANAGER_209,"해금! (대미지 70, 타겟 1명, 속박 1초)",RootDesk/MyDesk/Card/CardManager.mlua:16789,"Unlocked! (Damage 70, Targets 1 targets, Bind 1s)","解鎖! (傷害 70, 目標 1個目標, 束縛 1秒)","解放! (ダメージ 70, ターゲット 1体, 拘束 1秒)"
MLUA_CARDMANAGER_210,"피해량 +20, 타겟 2명",RootDesk/MyDesk/Card/CardManager.mlua:16790 | RootDesk/MyDesk/Card/CardManager.mlua:16799,"Damage +20, Targets 2 targets","傷害 +20, 目標 2個目標","ダメージ +20, ターゲット 2体"
MLUA_CARDMANAGER_211,"피해량 +20, 속박 2초",RootDesk/MyDesk/Card/CardManager.mlua:16791,"Damage +20, Bind 2s","傷害 +20, 束縛 2秒","ダメージ +20, 拘束 2秒"
MLUA_CARDMANAGER_212,"피해량 +20, 타겟 3명",RootDesk/MyDesk/Card/CardManager.mlua:16792,"Damage +20, Targets 3 targets","傷害 +20, 目標 3個目標","ダメージ +20, ターゲット 3体"
MLUA_CARDMANAGER_213,피해량 +10,RootDesk/MyDesk/Card/CardManager.mlua:16793,Damage +10,傷害 +10,ダメージ +10
MLUA_CARDMANAGER_214,"해금! (대미지 80, 타겟 1명, 지속 2초, 범위 점차 증가)",RootDesk/MyDesk/Card/CardManager.mlua:16797,"Unlocked! (Damage 80, Targets 1 targets, Duration 2s, Area gradually expands)","解鎖! (傷害 80, 目標 1個目標, 持續 2秒, 範圍 jeomcha 增加)","解放! (ダメージ 80, ターゲット 1体, 持続 2秒, 範囲 jeomcha 増加)"
MLUA_CARDMANAGER_215,"조합! (대미지 180, 타겟 2명, 지속 2초, 출혈 30%/초)",RootDesk/MyDesk/Card/CardManager.mlua:16805,"johap! (Damage 180, Targets 2 targets, Duration 2s, Bleed 30%/s)","johap! (傷害 180, 目標 2個目標, 持續 2秒, 流血 30%/秒)","johap! (ダメージ 180, ターゲット 2体, 持続 2秒, 出血 30%/秒)"
MLUA_CARDMANAGER_216,"해금! (대미지 80, 타겟 1명, 광역)",RootDesk/MyDesk/Card/CardManager.mlua:16811,"Unlocked! (Damage 80, Targets 1 targets, Area)","解鎖! (傷害 80, 目標 1個目標, 範圍)","解放! (ダメージ 80, ターゲット 1体, 範囲)"
MLUA_CARDMANAGER_217,"해금! (대미지 60, 3초간 추적, 경로상 적 타격)",RootDesk/MyDesk/Card/CardManager.mlua:16819,"Unlocked! (Damage 60, 3sgan Homing, Hits enemies along the path)","解鎖! (傷害 60, 3秒gan 追蹤, gyeong以sang 敵人 擊gyeok)","解放! (ダメージ 60, 3秒gan 追尾, gyeongでsang 敵 ヒットgyeok)"
MLUA_CARDMANAGER_218,"해금! (대미지 120, 타겟 1명, 분열 3개 30%)",RootDesk/MyDesk/Card/CardManager.mlua:16827,"Unlocked! (Damage 120, Targets 1 targets, Splits 3 30%)","解鎖! (傷害 120, 目標 1個目標, 分裂 3個 30%)","解放! (ダメージ 120, ターゲット 1体, 分裂 3個 30%)"
MLUA_CARDMANAGER_219,"피해량 +20, 분열 대미지 +10%",RootDesk/MyDesk/Card/CardManager.mlua:16828 | RootDesk/MyDesk/Card/CardManager.mlua:16830,"Damage +20, Splits Damage +10%","傷害 +20, 分裂 傷害 +10%","ダメージ +20, 分裂 ダメージ +10%"
MLUA_CARDMANAGER_220,"피해량 +20, 공격 대상 +1, 분열 대미지 +10%",RootDesk/MyDesk/Card/CardManager.mlua:16829,"Damage +20, Attack target +1, Splits Damage +10%","傷害 +20, 攻擊 目標 +1, 分裂 傷害 +10%","ダメージ +20, 攻撃 対象 +1, 分裂 ダメージ +10%"
MLUA_CARDMANAGER_221,"피해량 +40, 분열 대미지 +10%",RootDesk/MyDesk/Card/CardManager.mlua:16831,"Damage +40, Splits Damage +10%","傷害 +40, 分裂 傷害 +10%","ダメージ +40, 分裂 ダメージ +10%"
MLUA_CARDMANAGER_222,"해금! (대미지 130, 타겟 1명, 광역)",RootDesk/MyDesk/Card/CardManager.mlua:16835,"Unlocked! (Damage 130, Targets 1 targets, Area)","解鎖! (傷害 130, 目標 1個目標, 範圍)","解放! (ダメージ 130, ターゲット 1体, 範囲)"
MLUA_CARDMANAGER_223,"피해량 +30, 공격 대상 +1",RootDesk/MyDesk/Card/CardManager.mlua:16837 | RootDesk/MyDesk/Card/CardManager.mlua:16854 | RootDesk/MyDesk/Card/CardManager.mlua:16917,"Damage +30, Attack target +1","傷害 +30, 攻擊 目標 +1","ダメージ +30, 攻撃 対象 +1"
MLUA_CARDMANAGER_224,피해량 +60,RootDesk/MyDesk/Card/CardManager.mlua:16839,Damage +60,傷害 +60,ダメージ +60
MLUA_CARDMANAGER_225,"해금! (대미지 110, 타겟 1명, 관통 1마리 30%)",RootDesk/MyDesk/Card/CardManager.mlua:16843,"Unlocked! (Damage 110, Targets 1 targets, Pierce 1monsters 30%)","解鎖! (傷害 110, 目標 1個目標, 穿透 1隻 30%)","解放! (ダメージ 110, ターゲット 1体, 貫通 1体 30%)"
MLUA_CARDMANAGER_226,"피해량 +20, 관통 +1마리(30/20%)",RootDesk/MyDesk/Card/CardManager.mlua:16844,"Damage +20, Pierce +1monsters(30/20%)","傷害 +20, 穿透 +1隻(30/20%)","ダメージ +20, 貫通 +1体(30/20%)"
MLUA_CARDMANAGER_227,"피해량 +20, 공격 대상 +1, 관통 비율 상승(40/30%)",RootDesk/MyDesk/Card/CardManager.mlua:16845,"Damage +20, Attack target +1, Pierce Ratio Increase(40/30%)","傷害 +20, 攻擊 目標 +1, 穿透 比例 增加(40/30%)","ダメージ +20, 攻撃 対象 +1, 貫通 割合 上昇(40/30%)"
MLUA_CARDMANAGER_228,"피해량 +20, 관통 +1마리(40/30/20%)",RootDesk/MyDesk/Card/CardManager.mlua:16846,"Damage +20, Pierce +1monsters(40/30/20%)","傷害 +20, 穿透 +1隻(40/30/20%)","ダメージ +20, 貫通 +1体(40/30/20%)"
MLUA_CARDMANAGER_229,"피해량 +30, 관통 비율 상승(50/40/30%)",RootDesk/MyDesk/Card/CardManager.mlua:16847,"Damage +30, Pierce Ratio Increase(50/40/30%)","傷害 +30, 穿透 比例 增加(50/40/30%)","ダメージ +30, 貫通 割合 上昇(50/40/30%)"
MLUA_CARDMANAGER_230,"해금! (대미지 100, 타겟 1명, 3연타 40/30/30%)",RootDesk/MyDesk/Card/CardManager.mlua:16851,"Unlocked! (Damage 100, Targets 1 targets, 3hits 40/30/30%)","解鎖! (傷害 100, 目標 1個目標, 3連擊 40/30/30%)","解放! (ダメージ 100, ターゲット 1体, 3連打 40/30/30%)"
MLUA_CARDMANAGER_231,"해금! (대미지 150, 타겟 1명, 2연타)",RootDesk/MyDesk/Card/CardManager.mlua:16859,"Unlocked! (Damage 150, Targets 1 targets, 2 hits)","解鎖! (傷害 150, 目標 1個目標, 2連擊)","解放! (ダメージ 150, ターゲット 1体, 2連打)"
MLUA_CARDMANAGER_232,"피해량 +54, 공격 대상 +1, 타격 강도 증가",RootDesk/MyDesk/Card/CardManager.mlua:16860,"Damage +54, Attack target +1, hitsgyeok Strength Increase","傷害 +54, 攻擊 目標 +1, 擊gyeok 強度 增加","ダメージ +54, 攻撃 対象 +1, ヒットgyeok 強度 増加"
MLUA_CARDMANAGER_233,"피해량 +76, 타격 강도 증가",RootDesk/MyDesk/Card/CardManager.mlua:16861,"Damage +76, hitsgyeok Strength Increase","傷害 +76, 擊gyeok 強度 增加","ダメージ +76, ヒットgyeok 強度 増加"
MLUA_CARDMANAGER_234,"피해량 +72, 타격 강도 증가",RootDesk/MyDesk/Card/CardManager.mlua:16862,"Damage +72, hitsgyeok Strength Increase","傷害 +72, 擊gyeok 強度 增加","ダメージ +72, ヒットgyeok 強度 増加"
MLUA_CARDMANAGER_235,"피해량 +116, 공격 대상 +1, 타격 강도 증가",RootDesk/MyDesk/Card/CardManager.mlua:16863,"Damage +116, Attack target +1, hitsgyeok Strength Increase","傷害 +116, 攻擊 目標 +1, 擊gyeok 強度 增加","ダメージ +116, 攻撃 対象 +1, ヒットgyeok 強度 増加"
MLUA_CARDMANAGER_236,"해금! (대미지 117, 타겟 1명, 3연타)",RootDesk/MyDesk/Card/CardManager.mlua:16867,"Unlocked! (Damage 117, Targets 1 targets, 3hits)","解鎖! (傷害 117, 目標 1個目標, 3連擊)","解放! (ダメージ 117, ターゲット 1体, 3連打)"
MLUA_CARDMANAGER_237,"피해량 +33, 공격 대상 +1, 타격 강도 증가",RootDesk/MyDesk/Card/CardManager.mlua:16868,"Damage +33, Attack target +1, hitsgyeok Strength Increase","傷害 +33, 攻擊 目標 +1, 擊gyeok 強度 增加","ダメージ +33, 攻撃 対象 +1, ヒットgyeok 強度 増加"
MLUA_CARDMANAGER_238,"피해량 +84, 타격 강도 증가",RootDesk/MyDesk/Card/CardManager.mlua:16869,"Damage +84, hitsgyeok Strength Increase","傷害 +84, 擊gyeok 強度 增加","ダメージ +84, ヒットgyeok 強度 増加"
MLUA_CARDMANAGER_239,"피해량 +66, 타격 강도 증가",RootDesk/MyDesk/Card/CardManager.mlua:16870,"Damage +66, hitsgyeok Strength Increase","傷害 +66, 擊gyeok 強度 增加","ダメージ +66, ヒットgyeok 強度 増加"
MLUA_CARDMANAGER_240,"피해량 +114, 공격 대상 +1, 타격 강도 증가",RootDesk/MyDesk/Card/CardManager.mlua:16871,"Damage +114, Attack target +1, hitsgyeok Strength Increase","傷害 +114, 攻擊 目標 +1, 擊gyeok 強度 增加","ダメージ +114, 攻撃 対象 +1, ヒットgyeok 強度 増加"
MLUA_CARDMANAGER_241,"해금! (초당 대미지 20, 타겟 1명, 명중 -20%, 지속 3초)",RootDesk/MyDesk/Card/CardManager.mlua:16875,"Unlocked! (per second Damage 20, Targets 1 targets,  targetsduring -20%, Duration 3s)","解鎖! (每秒 傷害 20, 目標 1個目標, 個目標期間 -20%, 持續 3秒)","解放! (毎秒 ダメージ 20, ターゲット 1体, 体中 -20%, 持続 3秒)"
MLUA_CARDMANAGER_242,"초당 대미지 +10, 공격 대상 +1, 명중 감소 +10%",RootDesk/MyDesk/Card/CardManager.mlua:16876,"per second Damage +10, Attack target +1,  targetsduring Reduction +10%","每秒 傷害 +10, 攻擊 目標 +1, 個目標期間 減少 +10%","毎秒 ダメージ +10, 攻撃 対象 +1, 体中 減少 +10%"
MLUA_CARDMANAGER_243,"초당 대미지 +20, 명중 감소 +10%, 지속 +1초",RootDesk/MyDesk/Card/CardManager.mlua:16877,"per second Damage +20,  targetsduring Reduction +10%, Duration +1s","每秒 傷害 +20, 個目標期間 減少 +10%, 持續 +1秒","毎秒 ダメージ +20, 体中 減少 +10%, 持続 +1秒"
MLUA_CARDMANAGER_244,"초당 대미지 +10, 명중 감소 +10%",RootDesk/MyDesk/Card/CardManager.mlua:16878,"per second Damage +10,  targetsduring Reduction +10%","每秒 傷害 +10, 個目標期間 減少 +10%","毎秒 ダメージ +10, 体中 減少 +10%"
MLUA_CARDMANAGER_245,"초당 대미지 +30, 공격 대상 +1, 명중 감소 +10%, 지속 +1초",RootDesk/MyDesk/Card/CardManager.mlua:16879,"per second Damage +30, Attack target +1,  targetsduring Reduction +10%, Duration +1s","每秒 傷害 +30, 攻擊 目標 +1, 個目標期間 減少 +10%, 持續 +1秒","毎秒 ダメージ +30, 攻撃 対象 +1, 体中 減少 +10%, 持続 +1秒"
MLUA_CARDMANAGER_246,"해금! (대미지 130, 타겟 1명, 크리티컬 확률 +10%)",RootDesk/MyDesk/Card/CardManager.mlua:16883,"Unlocked! (Damage 130, Targets 1 targets, Critical Chance +10%)","解鎖! (傷害 130, 目標 1個目標, 暴擊 機率 +10%)","解放! (ダメージ 130, ターゲット 1体, クリティカル 確率 +10%)"
MLUA_CARDMANAGER_247,"피해량 +20, 크리티컬 +5%",RootDesk/MyDesk/Card/CardManager.mlua:16884 | RootDesk/MyDesk/Card/CardManager.mlua:16886,"Damage +20, Critical +5%","傷害 +20, 暴擊 +5%","ダメージ +20, クリティカル +5%"
MLUA_CARDMANAGER_248,"피해량 +30, 공격 대상 +1, 크리티컬 +5%",RootDesk/MyDesk/Card/CardManager.mlua:16885,"Damage +30, Attack target +1, Critical +5%","傷害 +30, 攻擊 目標 +1, 暴擊 +5%","ダメージ +30, 攻撃 対象 +1, クリティカル +5%"
MLUA_CARDMANAGER_249,"피해량 +60, 크리티컬 +5%",RootDesk/MyDesk/Card/CardManager.mlua:16887 | RootDesk/MyDesk/Card/CardManager.mlua:17073,"Damage +60, Critical +5%","傷害 +60, 暴擊 +5%","ダメージ +60, クリティカル +5%"
MLUA_CARDMANAGER_250,"해금! (대미지 100, 타겟 2명, 메소 드랍 100%, 아이템 드랍 50%)",RootDesk/MyDesk/Card/CardManager.mlua:16891,"Unlocked! (Damage 100, Targets 2 targets, Meso Drop 100%, Item Drop 50%)","解鎖! (傷害 100, 目標 2個目標, 楓幣 deurap 100%, 道具 deurap 50%)","解放! (ダメージ 100, ターゲット 2体, メル deurap 100%, アイテム deurap 50%)"
MLUA_CARDMANAGER_251,"해금! (대미지 150, 착지한 메소 전부 동시 폭발, 기본공격 시 메소 드랍 5%)",RootDesk/MyDesk/Card/CardManager.mlua:16899,"Unlocked! (Damage 150, all Mesos on landing explode simultaneously, 5% Meso drop chance on basic attacks)",解鎖！（傷害150、落地的楓幣全部同時爆炸、基本攻擊有5%機率掉落楓幣）,解放！（ダメージ150、着地したメルがすべて同時に爆発、通常攻撃時5%の確率でメルをドロップ）
MLUA_CARDMANAGER_252,"피해량 +30, 메소 드랍 확률 +5%",RootDesk/MyDesk/Card/CardManager.mlua:16900 | RootDesk/MyDesk/Card/CardManager.mlua:16902 | RootDesk/MyDesk/Card/CardManager.mlua:16903,"Damage +30, Meso Drop Chance +5%","傷害 +30, 楓幣 deurap 機率 +5%","ダメージ +30, メル deurap 確率 +5%"
MLUA_CARDMANAGER_253,"피해량 +30, 범위 증가, 메소 드랍 확률 +5%",RootDesk/MyDesk/Card/CardManager.mlua:16901,"Damage +30, Area Increase, Meso Drop Chance +5%","傷害 +30, 範圍 增加, 楓幣 deurap 機率 +5%","ダメージ +30, 範囲 増加, メル deurap 確率 +5%"
MLUA_CARDMANAGER_254,"해금! (지속 5초, 기본공격/스킬 복사 대미지 60%, 소환 1체)",RootDesk/MyDesk/Card/CardManager.mlua:16907,"Unlocked! (Duration 5s, Basic Attack/Skill Copy Damage 60%, Summon 1che)","解鎖! (持續 5秒, 普通攻擊/技能複製 傷害 60%, 召喚 1che)","解放! (持続 5秒, 通常攻撃/スキルコピー ダメージ 60%, 召喚 1che)"
MLUA_CARDMANAGER_255,복사 대미지 +10%,RootDesk/MyDesk/Card/CardManager.mlua:16908 | RootDesk/MyDesk/Card/CardManager.mlua:16910 | RootDesk/MyDesk/Card/CardManager.mlua:16911,Copy Damage +10%,複製 傷害 +10%,コピー ダメージ +10%
MLUA_CARDMANAGER_256,"지속 +1초, 복사 대미지 +10%",RootDesk/MyDesk/Card/CardManager.mlua:16909,"Duration +1s, Copy Damage +10%","持續 +1秒, 複製 傷害 +10%","持続 +1秒, コピー ダメージ +10%"
MLUA_CARDMANAGER_257,"해금! (대미지 140, 타겟 1명, 스턴 100%, 지속 2초)",RootDesk/MyDesk/Card/CardManager.mlua:16915,"Unlocked! (Damage 140, Targets 1 targets, Stun 100%, Duration 2s)","解鎖! (傷害 140, 目標 1個目標, 暈眩 100%, 持續 2秒)","解放! (ダメージ 140, ターゲット 1体, スタン 100%, 持続 2秒)"
MLUA_CARDMANAGER_258,"해금! (공격 회피 3%, 영구)",RootDesk/MyDesk/Card/CardManager.mlua:16947 | RootDesk/MyDesk/Card/CardManager.mlua:17045,"Unlocked! (Attack Evasion 3%, Permanent)","解鎖! (攻擊 閃避 3%, 永久)","解放! (攻撃 回避 3%, 永続)"
MLUA_CARDMANAGER_259,공격 회피 +2%,RootDesk/MyDesk/Card/CardManager.mlua:16948 | RootDesk/MyDesk/Card/CardManager.mlua:16949 | RootDesk/MyDesk/Card/CardManager.mlua:16950,Attack Evasion +2%,攻擊 閃避 +2%,攻撃 回避 +2%
MLUA_CARDMANAGER_260,공격 회피 +3%,RootDesk/MyDesk/Card/CardManager.mlua:16951,Attack Evasion +3%,攻擊 閃避 +3%,攻撃 回避 +3%
MLUA_CARDMANAGER_261,"조합! (대미지 210, 타겟 4명, 4연타 30%, 크리 +20%)",RootDesk/MyDesk/Card/CardManager.mlua:16955,"johap! (Damage 210, Targets 4 targets, 4hits 30%, Crit +20%)","johap! (傷害 210, 目標 4個目標, 4連擊 30%, 暴擊 +20%)","johap! (ダメージ 210, ターゲット 4体, 4連打 30%, クリティカル +20%)"
MLUA_CARDMANAGER_262,"조합! (대미지 200, 2발, 관통 4마리 50/40/30/20%)",RootDesk/MyDesk/Card/CardManager.mlua:16961,"johap! (Damage 200, 2shots, Pierce 4monsters 50/40/30/20%)","johap! (傷害 200, 2發, 穿透 4隻 50/40/30/20%)","johap! (ダメージ 200, 2発, 貫通 4体 50/40/30/20%)"
MLUA_CARDMANAGER_263,"피해량 +20, 관통 비율 +10%p",RootDesk/MyDesk/Card/CardManager.mlua:16962 | RootDesk/MyDesk/Card/CardManager.mlua:16963,"Damage +20, Pierce Ratio +10%p","傷害 +20, 穿透 比例 +10%p","ダメージ +20, 貫通 割合 +10%p"
MLUA_CARDMANAGER_264,"조합! (대미지 160, 타겟 3명, 속박 2초, 해제 시 추가타 30~100%)",RootDesk/MyDesk/Card/CardManager.mlua:16967,"Combination! (Damage 160, 3 targets, Bind 2s, Bonus hit on release 30~100%)",組合！（傷害160、目標3個、束縛2秒、解除時追加攻擊30～100%）,組み合わせ！（ダメージ160、ターゲット3体、2秒拘束、解除時に追加攻撃30～100%）
MLUA_CARDMANAGER_265,"조합! (대미지 280, 타겟 2명, 스톰 2초 — 닿으면 30%)",RootDesk/MyDesk/Card/CardManager.mlua:16973,"johap! (Damage 280, Targets 2 targets, Storm 2s — daheumyeon 30%)","johap! (傷害 280, 目標 2個目標, 風暴 2秒 — daheumyeon 30%)","johap! (ダメージ 280, ターゲット 2体, ストーム 2秒 — daheumyeon 30%)"
MLUA_CARDMANAGER_266,"피해량 +20, 스톰 대미지 +10%p",RootDesk/MyDesk/Card/CardManager.mlua:16974 | RootDesk/MyDesk/Card/CardManager.mlua:16975,"Damage +20, Storm Damage +10%p","傷害 +20, 風暴 傷害 +10%p","ダメージ +20, ストーム ダメージ +10%p"
MLUA_CARDMANAGER_267,"조합! (대미지 220, 타겟 2명, 5개 분열 80%)",RootDesk/MyDesk/Card/CardManager.mlua:16979,"johap! (Damage 220, Targets 2 targets, 5 Splits 80%)","johap! (傷害 220, 目標 2個目標, 5個 分裂 80%)","johap! (ダメージ 220, ターゲット 2体, 5個 分裂 80%)"
MLUA_CARDMANAGER_268,"피해량 +20, 분열 대미지 +10%p",RootDesk/MyDesk/Card/CardManager.mlua:16980 | RootDesk/MyDesk/Card/CardManager.mlua:16981,"Damage +20, Splits Damage +10%p","傷害 +20, 分裂 傷害 +10%p","ダメージ +20, 分裂 ダメージ +10%p"
MLUA_CARDMANAGER_269,"조합! (대미지 160, 지속 3초, 소멸 시 폭발 40%)",RootDesk/MyDesk/Card/CardManager.mlua:16985,"Combination! (Damage 160, Duration 3s, Explosion on expiration 40%)",組合！（傷害160、持續3秒、消失時爆炸40%）,組み合わせ！（ダメージ160、持続3秒、消滅時に40%の爆発）
MLUA_CARDMANAGER_270,"피해량 +20, 폭발 대미지 +10%p",RootDesk/MyDesk/Card/CardManager.mlua:16986 | RootDesk/MyDesk/Card/CardManager.mlua:16987,"Damage +20, Explosion Damage +10%p","傷害 +20, 爆炸 傷害 +10%p","ダメージ +20, 爆発 ダメージ +10%p"
MLUA_CARDMANAGER_271,"조합! (대미지 220, 타겟 1명 광역, 스턴 2초 100%)",RootDesk/MyDesk/Card/CardManager.mlua:16991,"johap! (Damage 220, Targets 1 targets Area, Stun 2s 100%)","johap! (傷害 220, 目標 1個目標 範圍, 暈眩 2秒 100%)","johap! (ダメージ 220, ターゲット 1体 範囲, スタン 2秒 100%)"
MLUA_CARDMANAGER_272,"해금! (기본 공격 10% 확률로 추가 공격 100%, 영구)",RootDesk/MyDesk/Card/CardManager.mlua:16997,"Unlocked! (Basic Attack 10% Chancewith Additional Attack 100%, Permanent)","解鎖! (基本 攻擊 10% 機率以 追加攻擊 100%, 永久)","解放! (基本 攻撃 10% 確率で 追加攻撃 100%, 永続)"
MLUA_CARDMANAGER_273,"발동 확률 +5%, 추가 공격 대미지 +20%",RootDesk/MyDesk/Card/CardManager.mlua:16998 | RootDesk/MyDesk/Card/CardManager.mlua:16999 | RootDesk/MyDesk/Card/CardManager.mlua:17000 | RootDesk/MyDesk/Card/CardManager.mlua:17001,"Activate Chance +5%, Additional Attack Damage +20%","發動 機率 +5%, 追加攻擊 傷害 +20%","発動 確率 +5%, 追加攻撃 ダメージ +20%"
MLUA_CARDMANAGER_274,피해량 +3%,RootDesk/MyDesk/Card/CardManager.mlua:17006,Damage +3%,傷害 +3%,ダメージ +3%
MLUA_CARDMANAGER_275,피해량 +4%,RootDesk/MyDesk/Card/CardManager.mlua:17007 | RootDesk/MyDesk/Card/CardManager.mlua:17008 | RootDesk/MyDesk/Card/CardManager.mlua:17009,Damage +4%,傷害 +4%,ダメージ +4%
MLUA_CARDMANAGER_276,회피 확률 +2%,RootDesk/MyDesk/Card/CardManager.mlua:17046 | RootDesk/MyDesk/Card/CardManager.mlua:17047 | RootDesk/MyDesk/Card/CardManager.mlua:17048 | RootDesk/MyDesk/Skill/SkillUpgradeUI.mlua:405 | RootDesk/MyDesk/Skill/SkillUpgradeUI.mlua:428,Evasion Chance +2%,閃避 機率 +2%,回避 確率 +2%
MLUA_CARDMANAGER_277,회피 확률 +3%,RootDesk/MyDesk/Card/CardManager.mlua:17049,Evasion Chance +3%,閃避 機率 +3%,回避 確率 +3%
MLUA_CARDMANAGER_278,"해금! (대미지 560, 타겟 3명, 2연타)",RootDesk/MyDesk/Card/CardManager.mlua:17053,"Unlocked! (Damage 560, Targets 3 targets, 2 hits)","解鎖! (傷害 560, 目標 3個目標, 2連擊)","解放! (ダメージ 560, ターゲット 3体, 2連打)"
MLUA_CARDMANAGER_279,"피해량 +100, 타격 강도 증가",RootDesk/MyDesk/Card/CardManager.mlua:17054,"Damage +100, hitsgyeok Strength Increase","傷害 +100, 擊gyeok 強度 增加","ダメージ +100, ヒットgyeok 強度 増加"
MLUA_CARDMANAGER_280,"피해량 +108, 공격 대상 +1, 타격 강도 증가",RootDesk/MyDesk/Card/CardManager.mlua:17055,"Damage +108, Attack target +1, hitsgyeok Strength Increase","傷害 +108, 攻擊 目標 +1, 擊gyeok 強度 增加","ダメージ +108, 攻撃 対象 +1, ヒットgyeok 強度 増加"
MLUA_CARDMANAGER_281,"해금! (대미지 494, 타겟 4명, 5연타, 범위 공격)",RootDesk/MyDesk/Card/CardManager.mlua:17059,"Unlocked! (Damage 494, Targets 4 targets, 5hits, Area Attack)","解鎖! (傷害 494, 目標 4個目標, 5連擊, 範圍 攻擊)","解放! (ダメージ 494, ターゲット 4体, 5連打, 範囲 攻撃)"
MLUA_CARDMANAGER_282,"피해량 +86, 타격 강도 증가",RootDesk/MyDesk/Card/CardManager.mlua:17060,"Damage +86, hitsgyeok Strength Increase","傷害 +86, 擊gyeok 強度 增加","ダメージ +86, ヒットgyeok 強度 増加"
MLUA_CARDMANAGER_283,"피해량 +133, 타격 강도 증가",RootDesk/MyDesk/Card/CardManager.mlua:17061,"Damage +133, hitsgyeok Strength Increase","傷害 +133, 擊gyeok 強度 增加","ダメージ +133, ヒットgyeok 強度 増加"
MLUA_CARDMANAGER_284,"해금! (초당 대미지 90, 추가 대미지 108, 타겟 3명, 지속 5초)",RootDesk/MyDesk/Card/CardManager.mlua:17065,"Unlocked! (per second Damage 90, Additional Damage 108, Targets 3 targets, Duration 5s)","解鎖! (每秒 傷害 90, 額外 傷害 108, 目標 3個目標, 持續 5秒)","解放! (毎秒 ダメージ 90, 追加 ダメージ 108, ターゲット 3体, 持続 5秒)"
MLUA_CARDMANAGER_285,"초당 대미지 +10, 추가 대미지 +32",RootDesk/MyDesk/Card/CardManager.mlua:17066,"per second Damage +10, Additional Damage +32","每秒 傷害 +10, 額外 傷害 +32","毎秒 ダメージ +10, 追加 ダメージ +32"
MLUA_CARDMANAGER_286,"초당 대미지 +10, 추가 대미지 +36",RootDesk/MyDesk/Card/CardManager.mlua:17067,"per second Damage +10, Additional Damage +36","每秒 傷害 +10, 額外 傷害 +36","毎秒 ダメージ +10, 追加 ダメージ +36"
MLUA_CARDMANAGER_287,"해금! (대미지 352, 타겟 2명(넉백), 크리티컬 확률 +30%, 메소·아이템 드랍)",RootDesk/MyDesk/Card/CardManager.mlua:17071,"Unlocked! (Damage 352, Targets 2 targets(Knockback), Critical Chance +30%, Meso·Item Drop)","解鎖! (傷害 352, 目標 2個目標(擊退), 暴擊 機率 +30%, 楓幣·道具 deurap)","解放! (ダメージ 352, ターゲット 2体(ノックバック), クリティカル 確率 +30%, メル·アイテム deurap)"
MLUA_CARDMANAGER_288,"피해량 +56, 크리티컬 +5%",RootDesk/MyDesk/Card/CardManager.mlua:17072,"Damage +56, Critical +5%","傷害 +56, 暴擊 +5%","ダメージ +56, クリティカル +5%"
MLUA_CARDMANAGER_289,"해금! (대미지 300, 메소 1개당, 스턴 확률 50% 1초, 메소 드랍 30%)",RootDesk/MyDesk/Card/CardManager.mlua:17077,"Unlocked! (Damage 300, Meso 1per, Stun Chance 50% 1s, Meso Drop 30%)","解鎖! (傷害 300, 楓幣 1每個, 暈眩 機率 50% 1秒, 楓幣 deurap 30%)","解放! (ダメージ 300, メル 11個あたり, スタン 確率 50% 1秒, メル deurap 30%)"
MLUA_CARDMANAGER_290,"피해량 +20, 스턴 확률 +10%",RootDesk/MyDesk/Card/CardManager.mlua:17078,"Damage +20, Stun Chance +10%","傷害 +20, 暈眩 機率 +10%","ダメージ +20, スタン 確率 +10%"
MLUA_CARDMANAGER_291,"피해량 +20, 스턴 확률 +10%, 스턴 +1초",RootDesk/MyDesk/Card/CardManager.mlua:17079,"Damage +20, Stun Chance +10%, Stun +1s","傷害 +20, 暈眩 機率 +10%, 暈眩 +1秒","ダメージ +20, スタン 確率 +10%, スタン +1秒"
MLUA_CARDMANAGER_292,"해금! (스킬 복사 110%, 기본공격 복사 110%, 분신 2체)",RootDesk/MyDesk/Card/CardManager.mlua:17083,"Unlocked! (Skill Copy 110%, Basic Attack Copy 110%, Clone 2che)","解鎖! (技能複製 110%, 普通攻擊 複製 110%, 分身 2che)","解放! (スキルコピー 110%, 通常攻撃 コピー 110%, 分身 2che)"
MLUA_CARDMANAGER_293,"스킬 복사 +10%, 기본공격 복사 +20%",RootDesk/MyDesk/Card/CardManager.mlua:17084 | RootDesk/MyDesk/Card/CardManager.mlua:17085,"Skill Copy +10%, Basic Attack Copy +20%","技能複製 +10%, 普通攻擊 複製 +20%","スキルコピー +10%, 通常攻撃 コピー +20%"
MLUA_CARDMANAGER_294,"해금! (초당 틱 대미지 78, 타겟 2명, 착탄 시 스턴 3초, 연무 지속 2초)",RootDesk/MyDesk/Card/CardManager.mlua:17089,"Unlocked! (78 tick damage per second, 2 targets, 3s stun on hit, mist duration 2s)",解鎖！（每秒78點持續傷害、目標2個、命中時暈眩3秒、煙霧持續2秒）,解放！（毎秒78の継続ダメージ、ターゲット2体、命中時3秒スタン、煙霧持続2秒）
MLUA_CARDMANAGER_295,"초당 틱 대미지 +34, 연무 +1초",RootDesk/MyDesk/Card/CardManager.mlua:17090,"per second tick Damage +34, yeonmu +1s","每秒 跳 傷害 +34, yeonmu +1秒","毎秒 ティック ダメージ +34, yeonmu +1秒"
MLUA_CARDMANAGER_296,"초당 틱 대미지 +38, 연무 +1초",RootDesk/MyDesk/Card/CardManager.mlua:17091,"per second tick Damage +38, yeonmu +1s","每秒 跳 傷害 +38, yeonmu +1秒","毎秒 ティック ダメージ +38, yeonmu +1秒"
MLUA_CARDMANAGER_328,패시브 스킬,RootDesk/MyDesk/Card/CardManager.mlua:18588,Passive Skill,被動 技能,パッシブ スキル
MLUA_CARDMANAGER_337,전체 범위  |  화염 DoT 3회,RootDesk/MyDesk/Card/CardManager.mlua:18616,All Area  |  hwayeom DoT 3times,全部 範圍  |  hwayeom DoT 3次,全体 範囲  |  hwayeom DoT 3回
MLUA_CARDMANAGER_338,2연타,RootDesk/MyDesk/Card/CardManager.mlua:18619,2 hits,2連擊,2連打
MLUA_CARDMANAGER_341,연쇄 3개 (50%/35%/15%)  |  5스택 시 빙결 폭발,RootDesk/MyDesk/Card/CardManager.mlua:18631,Chain 3 (50%/35%/15%) | Freeze explosion at 5 stacks,連鎖3個（50%/35%/15%）| 5層時冰凍爆炸,連鎖3体（50%/35%/15%）| 5スタックで凍結爆発
MLUA_CARDMANAGER_342,연쇄 2개 (50%/35%),RootDesk/MyDesk/Card/CardManager.mlua:18633,Chain 2 (50%/35%),連鎖 2個 (50%/35%),連鎖 2個 (50%/35%)
MLUA_CARDMANAGER_343,연쇄 1개 (50%),RootDesk/MyDesk/Card/CardManager.mlua:18635,Chain 1 (50%),連鎖 1個 (50%),連鎖 1個 (50%)
MLUA_CARDMANAGER_347,고정 광역,RootDesk/MyDesk/Card/CardManager.mlua:18643,Fixed Area,固定 範圍,固定 範囲
MLUA_CARDMANAGER_353,초,RootDesk/MyDesk/Card/CardManager.mlua:18653 | RootDesk/MyDesk/Card/CardManager.mlua:18659 | RootDesk/MyDesk/Card/CardManager.mlua:18687 | RootDesk/MyDesk/Card/CardManager.mlua:18757 | RootDesk/MyDesk/Card/CardManager.mlua:18839,s,秒,秒
MLUA_CARDMANAGER_359,광역  |  출혈 5%/틱  |  넉백,RootDesk/MyDesk/Card/CardManager.mlua:18666,Area  |  Bleed 5%/tick  |  Knockback,範圍  |  流血 5%/跳  |  擊退,範囲  |  出血 5%/ティック  |  ノックバック
MLUA_CARDMANAGER_416,타겟 1명  |  광역,RootDesk/MyDesk/Card/CardManager.mlua:18784,Targets 1 targets  |  Area,目標 1個目標  |  範圍,ターゲット 1体  |  範囲
MLUA_CARDMANAGER_460,지속회복,RootDesk/MyDesk/Card/CardManager.mlua:22970,DurationRestore,持續恢復,持続回復
MLUA_CARDMANAGER_461,기본공격,RootDesk/MyDesk/Card/CardManager.mlua:22971 | RootDesk/MyDesk/Card/CardManager.mlua:22972 | RootDesk/MyDesk/Card/CardManager.mlua:22973 | RootDesk/MyDesk/Card/CardManager.mlua:22974 | RootDesk/MyDesk/Card/CardManager.mlua:22975,Basic Attack,普通攻擊,通常攻撃
MLUA_CARDMANAGER_462,다단타격,RootDesk/MyDesk/Card/CardManager.mlua:22976,dadanhitsgyeok,dadan擊gyeok,dadanヒットgyeok
MLUA_CARDMANAGER_463,"관통,둔화",RootDesk/MyDesk/Card/CardManager.mlua:22977,"Pierce,dunhwa","穿透,dunhwa","貫通,dunhwa"
MLUA_CARDMANAGER_464,"관통,스턴",RootDesk/MyDesk/Card/CardManager.mlua:22978,"Pierce,Stun","穿透,暈眩","貫通,スタン"
MLUA_CARDMANAGER_465,"광역,화상",RootDesk/MyDesk/Card/CardManager.mlua:22979,"Area,hwasang","範圍,hwasang","範囲,hwasang"
MLUA_CARDMANAGER_466,쿨감버프,RootDesk/MyDesk/Card/CardManager.mlua:22980,kulgamBuff,kulgam增益,kulgamバフ
MLUA_CARDMANAGER_467,크리티컬버프,RootDesk/MyDesk/Card/CardManager.mlua:22981,CriticalBuff,暴擊增益,クリティカルバフ
MLUA_CARDMANAGER_468,"관통,연쇄",RootDesk/MyDesk/Card/CardManager.mlua:22982,"Pierce,Chain","穿透,連鎖","貫通,連鎖"
MLUA_CARDMANAGER_469,"빙결,연쇄",RootDesk/MyDesk/Card/CardManager.mlua:22983,"Freeze,Chain","冰凍,連鎖","凍結,連鎖"
MLUA_CARDMANAGER_470,"광역,출혈",RootDesk/MyDesk/Card/CardManager.mlua:22984,"Area,Bleed","範圍,流血","範囲,出血"
MLUA_CARDMANAGER_471,"고정,광역",RootDesk/MyDesk/Card/CardManager.mlua:22985,"Fixed,Area","固定,範圍","固定,範囲"
MLUA_CARDMANAGER_472,"광역,넉백",RootDesk/MyDesk/Card/CardManager.mlua:22986 | RootDesk/MyDesk/Card/CardRegistry.mlua:232,"Area,Knockback","範圍,擊退","範囲,ノックバック"
MLUA_CARDMANAGER_473,"다중,속박",RootDesk/MyDesk/Card/CardManager.mlua:22987,"Multi,Bind","多重,束縛","多重,拘束"
MLUA_CARDMANAGER_474,"다중,빙결",RootDesk/MyDesk/Card/CardManager.mlua:22988,"Multi,Freeze","多重,冰凍","多重,凍結"
MLUA_CARDMANAGER_475,"광역,스턴,3연타",RootDesk/MyDesk/Card/CardManager.mlua:22989,"Area,Stun,3hits","範圍,暈眩,3連擊","範囲,スタン,3連打"
MLUA_CARDMANAGER_476,"다중,슬로우,빙결",RootDesk/MyDesk/Card/CardManager.mlua:22990,"Multi,Slow,Freeze","多重,緩速,冰凍","多重,スロー,凍結"
MLUA_CARDMANAGER_477,"패시브,피해감소",RootDesk/MyDesk/Card/CardManager.mlua:22991,"Passive,DamageReduction","被動,傷害減少","パッシブ,ダメージ減少"
MLUA_CARDMANAGER_478,"연쇄,치명타",RootDesk/MyDesk/Card/CardManager.mlua:22992,"Chain,Critical","連鎖,chi個目標擊","連鎖,chi体ヒット"
MLUA_CARDMANAGER_479,"광역,관통,출혈,넉백",RootDesk/MyDesk/Card/CardManager.mlua:22993,"Area,Pierce,Bleed,Knockback","範圍,穿透,流血,擊退","範囲,貫通,出血,ノックバック"
MLUA_CARDMANAGER_480,"고정,광역,확률2연타",RootDesk/MyDesk/Card/CardManager.mlua:22994,"Fixed,Area,Chance2 hits","固定,範圍,機率2連擊","固定,範囲,確率2連打"
MLUA_CARDMANAGER_481,"패시브,피해증가",RootDesk/MyDesk/Card/CardManager.mlua:22995 | RootDesk/MyDesk/Card/CardManager.mlua:23017 | RootDesk/MyDesk/Card/CardRegistry.mlua:133 | RootDesk/MyDesk/Card/CardRegistry.mlua:292 | RootDesk/MyDesk/Card/CardRegistry.mlua:481,"Passive,DamageIncrease","被動,傷害增加","パッシブ,ダメージ増加"
MLUA_CARDMANAGER_482,"다중,빙결,범위",RootDesk/MyDesk/Card/CardManager.mlua:22996,"Multi,Freeze,Area","多重,冰凍,範圍","多重,凍結,範囲"
MLUA_CARDMANAGER_483,"다중,속박,추가타",RootDesk/MyDesk/Card/CardManager.mlua:22997,"Multi,Bind,Additional Hit","多重,束縛,追加攻擊","多重,拘束,追加攻撃"
MLUA_CARDMANAGER_484,"다중,관통",RootDesk/MyDesk/Card/CardManager.mlua:22998,"Multi,Pierce","多重,穿透","多重,貫通"
MLUA_CARDMANAGER_485,"단일,확률강화",RootDesk/MyDesk/Card/CardManager.mlua:22999,"Single Target,ChanceUpgrade","單體,機率強化","単体,確率強化"
MLUA_CARDMANAGER_486,"광역,다중,슬로우",RootDesk/MyDesk/Card/CardManager.mlua:23000,"Area,Multi,Slow","範圍,多重,緩速","範囲,多重,スロー"
MLUA_CARDMANAGER_487,"광역,다중,슬로우대상추가딜",RootDesk/MyDesk/Card/CardManager.mlua:23001,"Area,Multi,SlowtargetAdditionaldil","範圍,多重,緩速目標額外dil","範囲,多重,スロー対象追加dil"
MLUA_CARDMANAGER_488,"소환,광역,지속딜,슬로우대상추가딜",RootDesk/MyDesk/Card/CardManager.mlua:23002,"Summon,Area,Durationdil,SlowtargetAdditionaldil","召喚,範圍,持續dil,緩速目標額外dil","召喚,範囲,持続dil,スロー対象追加dil"
MLUA_CARDMANAGER_489,"횡,관통,다중",RootDesk/MyDesk/Card/CardManager.mlua:23003,"hoeng,Pierce,Multi","hoeng,穿透,多重","hoeng,貫通,多重"
MLUA_CARDMANAGER_490,"종,범위,다중",RootDesk/MyDesk/Card/CardManager.mlua:23004,"jong,Area,Multi","jong,範圍,多重","jong,範囲,多重"
MLUA_CARDMANAGER_491,"횡,관통,크리티컬",RootDesk/MyDesk/Card/CardManager.mlua:23005,"hoeng,Pierce,Critical","hoeng,穿透,暴擊","hoeng,貫通,クリティカル"
MLUA_CARDMANAGER_492,"종,범위,크리티컬",RootDesk/MyDesk/Card/CardManager.mlua:23006,"jong,Area,Critical","jong,範圍,暴擊","jong,範囲,クリティカル"
MLUA_CARDMANAGER_493,"넉백,충돌,폭발",RootDesk/MyDesk/Card/CardManager.mlua:23007,"Knockback,Collision,Explosion","擊退,碰撞,爆炸","ノックバック,衝突,爆発"
MLUA_CARDMANAGER_494,"단일,넉백",RootDesk/MyDesk/Card/CardManager.mlua:23008,"Single Target,Knockback","單體,擊退","単体,ノックバック"
MLUA_CARDMANAGER_495,"광역,다중,슬로우,스턴,추가딜",RootDesk/MyDesk/Card/CardManager.mlua:23009,"Area,Multi,Slow,Stun,Additionaldil","範圍,多重,緩速,暈眩,額外dil","範囲,多重,スロー,スタン,追加dil"
MLUA_CARDMANAGER_496,"소환,광역,2단히트,크리티컬",RootDesk/MyDesk/Card/CardManager.mlua:23010,"Summon,Area,2danhiteu,Critical","召喚,範圍,2danhiteu,暴擊","召喚,範囲,2danhiteu,クリティカル"
MLUA_CARDMANAGER_497,"다중,연타,확률추가타",RootDesk/MyDesk/Card/CardManager.mlua:23011,"Multi,hits,ChanceAdditional Hit","多重,連擊,機率追加攻擊","多重,連打,確率追加攻撃"
MLUA_CARDMANAGER_498,"단일,연사,확률강화,3연타",RootDesk/MyDesk/Card/CardManager.mlua:23012,"Single Target,Rapid fire,ChanceUpgrade,3hits","單體,連射,機率強化,3連擊","単体,連射,確率強化,3連打"
MLUA_CARDMANAGER_499,"패시브,쿨감",RootDesk/MyDesk/Card/CardManager.mlua:23013,"Passive,kulgam","被動,kulgam","パッシブ,kulgam"
MLUA_CARDMANAGER_500,"패시브,크리티컬",RootDesk/MyDesk/Card/CardManager.mlua:23014 | RootDesk/MyDesk/Card/CardRegistry.mlua:110 | RootDesk/MyDesk/Card/CardRegistry.mlua:280 | RootDesk/MyDesk/Card/CardRegistry.mlua:463,"Passive,Critical","被動,暴擊","パッシブ,クリティカル"
MLUA_CARDMANAGER_501,"패시브,크리티컬대미지",RootDesk/MyDesk/Card/CardManager.mlua:23015 | RootDesk/MyDesk/Card/CardRegistry.mlua:286 | RootDesk/MyDesk/Card/CardRegistry.mlua:469,"Passive,CriticalDamage","被動,暴擊傷害","パッシブ,クリティカルダメージ"
MLUA_CARDMANAGER_502,"패시브,확률추가공격",RootDesk/MyDesk/Card/CardManager.mlua:23016,"Passive,ChanceAdditionalAttack","被動,機率額外攻擊","パッシブ,確率追加攻撃"
MLUA_CARDMANAGER_503,빨간 포션,RootDesk/MyDesk/Card/CardManager.mlua:23041,Red Potion,紅色 藥水,赤い ポーション
MLUA_CARDMANAGER_504,하얀 포션,RootDesk/MyDesk/Card/CardManager.mlua:23041,White Potion,白色 藥水,白い ポーション
MLUA_CARDMANAGER_505,장어구이,RootDesk/MyDesk/Card/CardManager.mlua:23041,jangeoguis,jangeogu,jangeogu
MLUA_CARDMANAGER_506,쭈쭈바,RootDesk/MyDesk/Card/CardManager.mlua:23041,jjujjuba,jjujjuba,jjujjuba
MLUA_CARDMANAGER_507,엘릭서,RootDesk/MyDesk/Card/CardManager.mlua:23041,Elixir,秘藥,エリクサー
MLUA_CARDMANAGER_509,무료,RootDesk/MyDesk/Card/CardManager.mlua:23955,Free,免費,無料
MLUA_CARDMANAGER_510,중복 스킬을 획득해 골드 500을 얻었습니다!,RootDesk/MyDesk/Card/CardManager.mlua:24153,Duplicate Skill  Obtainhae Gold 500  eoteossseupnida!,重複 技能 獲得hae 金幣 500 eoteossseupnida!,重複 スキル 獲得hae ゴールド 500 eoteossseupnida!
MLUA_CARDREGISTRY_001,콤보 어택,RootDesk/MyDesk/Card/CardRegistry.mlua:16 | RootDesk/MyDesk/SkillInventory.mlua:102 | /ui/TitleGroup/SkillPanel/ScrollArea/List/SkillSlot_55/Name,Combo Attack,連擊 攻擊,コンボ アタック
MLUA_CARDREGISTRY_002,"패시브,확률스택",RootDesk/MyDesk/Card/CardRegistry.mlua:18,"Passive,ChanceStack","被動,機率層數","パッシブ,確率スタック"
MLUA_CARDREGISTRY_003,슬래시,RootDesk/MyDesk/Card/CardRegistry.mlua:25 | RootDesk/MyDesk/SkillInventory.mlua:87 | /ui/TitleGroup/SkillPanel/ScrollArea/List/SkillSlot_40/Name,Slash,斬擊,スラッシュ
MLUA_CARDREGISTRY_004,"다중타격,콤보스택",RootDesk/MyDesk/Card/CardRegistry.mlua:27 | RootDesk/MyDesk/Card/CardRegistry.mlua:35 | RootDesk/MyDesk/Card/CardRegistry.mlua:141 | RootDesk/MyDesk/Card/CardRegistry.mlua:157,"Multi-hit,Combo Stack","多重攻擊,連擊層數","多段攻撃,コンボスタック"
MLUA_CARDREGISTRY_005,브랜디쉬,RootDesk/MyDesk/Card/CardRegistry.mlua:33 | RootDesk/MyDesk/SkillInventory.mlua:88 | /ui/TitleGroup/SkillPanel/ScrollArea/List/SkillSlot_41/Name,Brandish,劍氣,ブランディッシュ
MLUA_CARDREGISTRY_006,플래시 슬래시,RootDesk/MyDesk/Card/CardRegistry.mlua:43 | RootDesk/MyDesk/SkillInventory.mlua:89 | /ui/TitleGroup/SkillPanel/ScrollArea/List/SkillSlot_42/Name,peulraesi Slash,peulraesi 斬擊,peulraesi スラッシュ
MLUA_CARDREGISTRY_007,"관통이동,콤보스택",RootDesk/MyDesk/Card/CardRegistry.mlua:45 | RootDesk/MyDesk/Card/CardRegistry.mlua:66 | RootDesk/MyDesk/Card/CardRegistry.mlua:167,"PierceMove,Combo Stack","穿透移動,連擊層數","貫通移動,コンボスタック"
MLUA_CARDREGISTRY_008,돌진,RootDesk/MyDesk/Card/CardRegistry.mlua:53 | RootDesk/MyDesk/SkillInventory.mlua:90 | /ui/TitleGroup/SkillPanel/ScrollArea/List/SkillSlot_43/Name,doljin,doljin,doljin
MLUA_CARDREGISTRY_009,"넉백,충돌피해",RootDesk/MyDesk/Card/CardRegistry.mlua:55,"Knockback,CollisionDamage","擊退,碰撞傷害","ノックバック,衝突ダメージ"
MLUA_CARDREGISTRY_010,오라 블레이드,RootDesk/MyDesk/Card/CardRegistry.mlua:64 | RootDesk/MyDesk/SkillInventory.mlua:91 | /ui/TitleGroup/SkillPanel/ScrollArea/List/SkillSlot_44/Name,ora Blade,ora 刀刃,ora ブレード
MLUA_CARDREGISTRY_011,레이징 블로우,RootDesk/MyDesk/Card/CardRegistry.mlua:73 | RootDesk/MyDesk/SkillInventory.mlua:92 | /ui/TitleGroup/SkillPanel/ScrollArea/List/SkillSlot_45/Name,reis jing Blow,rejing 吹擊,rejing ブロー
MLUA_CARDREGISTRY_012,다중타격,RootDesk/MyDesk/Card/CardRegistry.mlua:75 | RootDesk/MyDesk/Card/CardRegistry.mlua:205 | RootDesk/MyDesk/Card/CardRegistry.mlua:214,Multi-hit,多重攻擊,多段攻撃
MLUA_CARDREGISTRY_013,리프 어택,RootDesk/MyDesk/Card/CardRegistry.mlua:81 | RootDesk/MyDesk/SkillInventory.mlua:93 | /ui/TitleGroup/SkillPanel/ScrollArea/List/SkillSlot_46/Name,ripeu Attack,ripeu 攻擊,ripeu アタック
MLUA_CARDREGISTRY_014,"속박,콤보스택",RootDesk/MyDesk/Card/CardRegistry.mlua:83,"Bind,Combo Stack","束縛,連擊層數","拘束,コンボスタック"
MLUA_CARDREGISTRY_015,"소환수,단일타격",RootDesk/MyDesk/Card/CardRegistry.mlua:92 | RootDesk/MyDesk/Card/CardRegistry.mlua:178,"Summoncan,Single Targethitsgyeok","召喚獸,單體擊gyeok","召喚獣,単体ヒットgyeok"
MLUA_CARDREGISTRY_016,브레이브 슬래시,RootDesk/MyDesk/Card/CardRegistry.mlua:100 | RootDesk/MyDesk/SkillInventory.mlua:95 | /ui/TitleGroup/SkillPanel/ScrollArea/List/SkillSlot_48/Name,beureis beu Slash,beurebeu 斬擊,beurebeu スラッシュ
MLUA_CARDREGISTRY_017,"다중타격,콤보스택,스턴",RootDesk/MyDesk/Card/CardRegistry.mlua:102,"Multi-hit,Combo Stack,Stun","多重攻擊,連擊層數,暈眩","多段攻撃,コンボスタック,スタン"
MLUA_CARDREGISTRY_018,찬스 어택,RootDesk/MyDesk/Card/CardRegistry.mlua:108 | RootDesk/MyDesk/SkillInventory.mlua:103 | /ui/TitleGroup/SkillPanel/ScrollArea/List/SkillSlot_56/Name,chanseu Attack,chanseu 攻擊,chanseu アタック
MLUA_CARDREGISTRY_019,코마,RootDesk/MyDesk/Card/CardRegistry.mlua:117 | RootDesk/MyDesk/SkillInventory.mlua:104 | /ui/TitleGroup/SkillPanel/ScrollArea/List/SkillSlot_57/Name,Koma,Koma,コマ
MLUA_CARDREGISTRY_020,"패시브,폭발강화",RootDesk/MyDesk/Card/CardRegistry.mlua:119,"Passive,ExplosionUpgrade","被動,爆炸強化","パッシブ,爆発強化"
MLUA_CARDREGISTRY_021,셀프 리커버리,RootDesk/MyDesk/Card/CardRegistry.mlua:124 | RootDesk/MyDesk/SkillInventory.mlua:105 | /ui/TitleGroup/SkillPanel/ScrollArea/List/SkillSlot_58/Name,selpeu rikeobeori,selpeu rikeobeori,selpeu rikeobeori
MLUA_CARDREGISTRY_022,"패시브,회복",RootDesk/MyDesk/Card/CardRegistry.mlua:126,"Passive,Restore","被動,恢復","パッシブ,回復"
MLUA_CARDREGISTRY_023,워리어 마스터리,RootDesk/MyDesk/Card/CardRegistry.mlua:131 | RootDesk/MyDesk/SkillInventory.mlua:106 | /ui/TitleGroup/SkillPanel/ScrollArea/List/SkillSlot_100/Name | /ui/TitleGroup/SkillPanel/ScrollArea/List/SkillSlot_101/Name | /ui/TitleGroup/SkillPanel/ScrollArea/List/SkillSlot_59/Name,worieo maseuteori,worieo maseuteori,worieo maseuteori
MLUA_CARDREGISTRY_024,스피릿 블레이드,RootDesk/MyDesk/Card/CardRegistry.mlua:139 | RootDesk/MyDesk/SkillInventory.mlua:96 | /ui/TitleGroup/SkillPanel/ScrollArea/List/SkillSlot_49/Name,seupiris Blade,seupiris 刀刃,seupiris ブレード
MLUA_CARDREGISTRY_025,버닝 러시,RootDesk/MyDesk/Card/CardRegistry.mlua:147 | RootDesk/MyDesk/SkillInventory.mlua:97 | /ui/TitleGroup/SkillPanel/ScrollArea/List/SkillSlot_50/Name,beoning reosi,beoning reosi,beoning reosi
MLUA_CARDREGISTRY_026,"넉백,충돌피해,범위폭발",RootDesk/MyDesk/Card/CardRegistry.mlua:149,"Knockback,CollisionDamage,AreaExplosion","擊退,碰撞傷害,範圍爆炸","ノックバック,衝突ダメージ,範囲爆発"
MLUA_CARDREGISTRY_027,슬래시 스톰,RootDesk/MyDesk/Card/CardRegistry.mlua:155 | RootDesk/MyDesk/SkillInventory.mlua:98 | /ui/TitleGroup/SkillPanel/ScrollArea/List/SkillSlot_51/Name,Slash Storm,斬擊 風暴,スラッシュ ストーム
MLUA_CARDREGISTRY_028,솔라 블레이드,RootDesk/MyDesk/Card/CardRegistry.mlua:165 | RootDesk/MyDesk/SkillInventory.mlua:99 | /ui/TitleGroup/SkillPanel/ScrollArea/List/SkillSlot_52/Name,solra Blade,solra 刀刃,solra ブレード
MLUA_CARDREGISTRY_029,스카링 블레이드,RootDesk/MyDesk/Card/CardRegistry.mlua:176 | RootDesk/MyDesk/SkillInventory.mlua:100 | /ui/TitleGroup/SkillPanel/ScrollArea/List/SkillSlot_53/Name,seukaring Blade,seukaring 刀刃,seukaring ブレード
MLUA_CARDREGISTRY_030,퓨리어스 블로우,RootDesk/MyDesk/Card/CardRegistry.mlua:186 | RootDesk/MyDesk/SkillInventory.mlua:101 | /ui/TitleGroup/SkillPanel/ScrollArea/List/SkillSlot_54/Name,pyurieoseu Blow,pyurieoseu 吹擊,pyurieoseu ブロー
MLUA_CARDREGISTRY_031,"다중타격,확률강화",RootDesk/MyDesk/Card/CardRegistry.mlua:188,"Multi-hit,ChanceUpgrade","多重攻擊,機率強化","多段攻撃,確率強化"
MLUA_CARDREGISTRY_032,더블 스탭,RootDesk/MyDesk/Card/CardRegistry.mlua:203 | RootDesk/MyDesk/SkillInventory.mlua:110,morebeul seutaep,更多beul seutaep,さらにbeul seutaep
MLUA_CARDREGISTRY_033,새비지 블로우,RootDesk/MyDesk/Card/CardRegistry.mlua:212 | RootDesk/MyDesk/SkillInventory.mlua:111,saebiji Blow,saebiji 吹擊,saebiji ブロー
MLUA_CARDREGISTRY_034,연막탄,RootDesk/MyDesk/Card/CardRegistry.mlua:221 | RootDesk/MyDesk/SkillInventory.mlua:112,yeonmaktan,yeonmaktan,yeonmaktan
MLUA_CARDREGISTRY_035,"광역,디버프,지속피해",RootDesk/MyDesk/Card/CardRegistry.mlua:223,"Area,diBuff,DurationDamage","範圍,di增益,持續傷害","範囲,diバフ,持続ダメージ"
MLUA_CARDREGISTRY_036,스틸,RootDesk/MyDesk/Card/CardRegistry.mlua:238 | RootDesk/MyDesk/SkillInventory.mlua:114,seutil,seutil,seutil
MLUA_CARDREGISTRY_037,"다중타격,드랍",RootDesk/MyDesk/Card/CardRegistry.mlua:240,"Multi-hit,Drop","多重攻擊,deurap","多段攻撃,deurap"
MLUA_CARDREGISTRY_038,메소 익스플로젼,RootDesk/MyDesk/Card/CardRegistry.mlua:246 | RootDesk/MyDesk/SkillInventory.mlua:115,Meso ikseupeulwithjyeon,楓幣 ikseupeul以jyeon,メル ikseupeulでjyeon
MLUA_CARDREGISTRY_039,"범위,드랍연계",RootDesk/MyDesk/Card/CardRegistry.mlua:248,"Area,Dropyeongye","範圍,deurapyeongye","範囲,deurapyeongye"
MLUA_CARDREGISTRY_040,쉐도우 파트너,RootDesk/MyDesk/Card/CardRegistry.mlua:254 | RootDesk/MyDesk/SkillInventory.mlua:116,Shadow pateuneo,暗影 pateuneo,シャドー pateuneo
MLUA_CARDREGISTRY_041,"소환,모방",RootDesk/MyDesk/Card/CardRegistry.mlua:256,"Summon,mobang","召喚,mobang","召喚,mobang"
MLUA_CARDREGISTRY_042,다크 플레어,RootDesk/MyDesk/Card/CardRegistry.mlua:262 | RootDesk/MyDesk/SkillInventory.mlua:117,Dark peulreeo,暗 peulreeo,ダーク peulreeo
MLUA_CARDREGISTRY_043,"스턴,다중타격",RootDesk/MyDesk/Card/CardRegistry.mlua:264,"Stun,Multi-hit","暈眩,多重攻擊","スタン,多段攻撃"
MLUA_CARDREGISTRY_044,대거 액셀레이션,RootDesk/MyDesk/Card/CardRegistry.mlua:272 | RootDesk/MyDesk/SkillInventory.mlua:125,daegeo Acceleration,daegeo 加速,daegeo アクセラレーション
MLUA_CARDREGISTRY_045,"패시브,쿨타임감소",RootDesk/MyDesk/Card/CardRegistry.mlua:274 | RootDesk/MyDesk/Card/CardRegistry.mlua:457,"Passive,CooldownReduction","被動,冷卻時間減少","パッシブ,クールタイム減少"
MLUA_CARDREGISTRY_046,크리티컬 엣지,RootDesk/MyDesk/Card/CardRegistry.mlua:278 | RootDesk/MyDesk/SkillInventory.mlua:126,Critical esji,暴擊 esji,クリティカル esji
MLUA_CARDREGISTRY_047,카르마,RootDesk/MyDesk/Card/CardRegistry.mlua:284 | RootDesk/MyDesk/SkillInventory.mlua:127,kareuma,kareuma,kareuma
MLUA_CARDREGISTRY_048,피지컬 트레이닝,RootDesk/MyDesk/Card/CardRegistry.mlua:290 | RootDesk/MyDesk/SkillInventory.mlua:129,pijikeol teureis ning,pijikeol teurening,pijikeol teurening
MLUA_CARDREGISTRY_049,다크 사이트,RootDesk/MyDesk/Card/CardRegistry.mlua:299 | RootDesk/MyDesk/SkillInventory.mlua:128,Dark sais teu,暗 sateu,ダーク sateu
MLUA_CARDREGISTRY_050,"패시브,회피",RootDesk/MyDesk/Card/CardRegistry.mlua:301 | RootDesk/MyDesk/Card/CardRegistry.mlua:475,"Passive,Evasion","被動,閃避","パッシブ,回避"
MLUA_CARDREGISTRY_051,암살,RootDesk/MyDesk/Card/CardRegistry.mlua:309 | RootDesk/MyDesk/SkillInventory.mlua:118,amsal,amsal,amsal
MLUA_CARDREGISTRY_052,"다중타격,조합",RootDesk/MyDesk/Card/CardRegistry.mlua:311 | RootDesk/MyDesk/Card/CardRegistry.mlua:321 | RootDesk/MyDesk/Card/CardRegistry.mlua:331,"Multi-hit,johap","多重攻擊,johap","多段攻撃,johap"
MLUA_CARDREGISTRY_053,소닉 블로우,RootDesk/MyDesk/Card/CardRegistry.mlua:319 | RootDesk/MyDesk/SkillInventory.mlua:119,sonik Blow,sonik 吹擊,sonik ブロー
MLUA_CARDREGISTRY_054,연막난무,RootDesk/MyDesk/Card/CardRegistry.mlua:329 | RootDesk/MyDesk/SkillInventory.mlua:120,yeonmaknanmu,yeonmaknanmu,yeonmaknanmu
MLUA_CARDREGISTRY_055,아주르 엣지,RootDesk/MyDesk/Card/CardRegistry.mlua:339 | RootDesk/MyDesk/SkillInventory.mlua:121,ajureu esji,ajureu esji,ajureu esji
MLUA_CARDREGISTRY_056,"넉백,광역,조합",RootDesk/MyDesk/Card/CardRegistry.mlua:341,"Knockback,Area,johap","擊退,範圍,johap","ノックバック,範囲,johap"
MLUA_CARDREGISTRY_057,메소 데토네이션,RootDesk/MyDesk/Card/CardRegistry.mlua:350 | RootDesk/MyDesk/SkillInventory.mlua:122,Meso detoneis syeon,楓幣 detonesyeon,メル detonesyeon
MLUA_CARDREGISTRY_058,"범위,스턴,조합",RootDesk/MyDesk/Card/CardRegistry.mlua:352,"Area,Stun,johap","範圍,暈眩,johap","範囲,スタン,johap"
MLUA_CARDREGISTRY_059,듀얼 쉐도우 파트너,RootDesk/MyDesk/Card/CardRegistry.mlua:360 | RootDesk/MyDesk/SkillInventory.mlua:123,dyueol Shadow pateuneo,dyueol 暗影 pateuneo,dyueol シャドー pateuneo
MLUA_CARDREGISTRY_060,"소환수,조합",RootDesk/MyDesk/Card/CardRegistry.mlua:362,"Summoncan,johap","召喚獸,johap","召喚獣,johap"
MLUA_CARDREGISTRY_061,어비설 플레어,RootDesk/MyDesk/Card/CardRegistry.mlua:370 | RootDesk/MyDesk/SkillInventory.mlua:124,eobiseol peulreeo,eobiseol peulreeo,eobiseol peulreeo
MLUA_CARDREGISTRY_062,"범위,지속피해,조합",RootDesk/MyDesk/Card/CardRegistry.mlua:372,"Area,DurationDamage,johap","範圍,持續傷害,johap","範囲,持続ダメージ,johap"
MLUA_CARDREGISTRY_063,"기본공격,발사체",RootDesk/MyDesk/Card/CardRegistry.mlua:394,"Basic Attack,shotssache","普通攻擊,發sache","通常攻撃,発sache"
MLUA_CARDREGISTRY_064,"다중타격,낙하",RootDesk/MyDesk/Card/CardRegistry.mlua:401,"Multi-hit,nakha","多重攻擊,nakha","多段攻撃,nakha"
MLUA_CARDREGISTRY_065,"관통,다중타격",RootDesk/MyDesk/Card/CardRegistry.mlua:407,"Pierce,Multi-hit","穿透,多重攻擊","貫通,多段攻撃"
MLUA_CARDREGISTRY_066,"광역,투사체",RootDesk/MyDesk/Card/CardRegistry.mlua:413,"Area,Projectile","範圍,投射物","範囲,投射体"
MLUA_CARDREGISTRY_067,"분열,투사체",RootDesk/MyDesk/Card/CardRegistry.mlua:420,"Splits,Projectile","分裂,投射物","分裂,投射体"
MLUA_CARDREGISTRY_068,"추적,지속",RootDesk/MyDesk/Card/CardRegistry.mlua:427,"Homing,Duration","追蹤,持續","追尾,持続"
MLUA_CARDREGISTRY_069,"광역,즉발",RootDesk/MyDesk/Card/CardRegistry.mlua:434,"Area,jeukshots","範圍,jeuk發","範囲,jeuk発"
MLUA_CARDREGISTRY_070,"설치,지속,광역",RootDesk/MyDesk/Card/CardRegistry.mlua:441,"Deploys,Duration,Area","設置,持續,範圍","設置,持続,範囲"
MLUA_CARDREGISTRY_071,"속박,즉발",RootDesk/MyDesk/Card/CardRegistry.mlua:448,"Bind,jeukshots","束縛,jeuk發","拘束,jeuk発"
MLUA_CARDREGISTRY_072,스로잉 액셀레이션,RootDesk/MyDesk/Card/CardRegistry.mlua:455 | RootDesk/MyDesk/SkillInventory.mlua:150,seuwithing Acceleration,seu以ing 加速,seuでing アクセラレーション
MLUA_CARDREGISTRY_073,자벨린 마스터리,RootDesk/MyDesk/Card/CardRegistry.mlua:461 | RootDesk/MyDesk/SkillInventory.mlua:151,jabelrin maseuteori,jabelrin maseuteori,jabelrin maseuteori
MLUA_CARDREGISTRY_074,스피릿 자벨린,RootDesk/MyDesk/Card/CardRegistry.mlua:467 | RootDesk/MyDesk/SkillInventory.mlua:152,seupiris jabelrin,seupiris jabelrin,seupiris jabelrin
MLUA_CARDREGISTRY_075,래디컬 다크니스,RootDesk/MyDesk/Card/CardRegistry.mlua:473 | RootDesk/MyDesk/SkillInventory.mlua:155,raedikeol Darkniseu,raedikeol 暗niseu,raedikeol ダークniseu
MLUA_CARDREGISTRY_076,시프 커닝,RootDesk/MyDesk/Card/CardRegistry.mlua:479 | RootDesk/MyDesk/SkillInventory.mlua:154,sipeu keoning,sipeu keoning,sipeu keoning
MLUA_CARDREGISTRY_077,표창술,RootDesk/MyDesk/Card/CardRegistry.mlua:488 | RootDesk/MyDesk/SkillInventory.mlua:153,pyochangsul,pyochangsul,pyochangsul
MLUA_CARDREGISTRY_078,"패시브,추가공격",RootDesk/MyDesk/Card/CardRegistry.mlua:490,"Passive,AdditionalAttack","被動,額外攻擊","パッシブ,追加攻撃"
MLUA_CARDREGISTRY_079,"조합,다중타격,낙하",RootDesk/MyDesk/Card/CardRegistry.mlua:500,"johap,Multi-hit,nakha","johap,多重攻擊,nakha","johap,多段攻撃,nakha"
MLUA_CARDREGISTRY_080,"조합,관통,다중타격",RootDesk/MyDesk/Card/CardRegistry.mlua:511,"johap,Pierce,Multi-hit","johap,穿透,多重攻擊","johap,貫通,多段攻撃"
MLUA_CARDREGISTRY_081,"조합,속박,추가타",RootDesk/MyDesk/Card/CardRegistry.mlua:521,"johap,Bind,Additional Hit","johap,束縛,追加攻擊","johap,拘束,追加攻撃"
MLUA_CARDREGISTRY_082,"조합,광역,지속피해",RootDesk/MyDesk/Card/CardRegistry.mlua:532,"johap,Area,DurationDamage","johap,範圍,持續傷害","johap,範囲,持続ダメージ"
MLUA_CARDREGISTRY_083,"조합,분열,투사체",RootDesk/MyDesk/Card/CardRegistry.mlua:542,"johap,Splits,Projectile","johap,分裂,投射物","johap,分裂,投射体"
MLUA_CARDREGISTRY_084,"조합,추적,광역폭발",RootDesk/MyDesk/Card/CardRegistry.mlua:552,"johap,Homing,AreaExplosion","johap,追蹤,範圍爆炸","johap,追尾,範囲爆発"
MLUA_CARDREGISTRY_085,"조합,광역,스턴",RootDesk/MyDesk/Card/CardRegistry.mlua:561,"johap,Area,Stun","johap,範圍,暈眩","johap,範囲,スタン"
MLUA_CARDREGISTRY_086,"조합,설치광역,출혈",RootDesk/MyDesk/Card/CardRegistry.mlua:570,"johap,DeploysArea,Bleed","johap,設置範圍,流血","johap,設置範囲,出血"
MLUA_CHARACTERUNLOCKLOGIC_001,쉐이드,RootDesk/MyDesk/Inventory/CharacterUnlockLogic.mlua:184 | RootDesk/MyDesk/UI/WorldCharacterSelectUI.mlua:98 | RootDesk/MyDesk/UI/WorldCharacterSelectUI.mlua:315 | /ui/TitleGroup/SkillPanel/CharacterFilterList/btnCharShade,sweis deu,swedeu,swedeu
MLUA_CHARACTERUNLOCKLOGIC_002,어둠 속에서 날카로운 단도로 적을 처단하는 도적,RootDesk/MyDesk/Inventory/CharacterUnlockLogic.mlua:184 | RootDesk/MyDesk/UI/WorldCharacterSelectUI.mlua:98 | RootDesk/MyDesk/UI/WorldCharacterSelectUI.mlua:316,eodum sokin nalkawithun dandowith enemies cheodanha  doEnemy,eodum sok在 nalka以un dando以 敵人 cheodanha do敵人,eodum sokで nalkaでun dandoで 敵を cheodanha do敵
MLUA_CHARACTERUNLOCKLOGIC_003,린,RootDesk/MyDesk/Inventory/CharacterUnlockLogic.mlua:196 | RootDesk/MyDesk/UI/WorldCharacterSelectUI.mlua:102 | RootDesk/MyDesk/UI/WorldCharacterSelectUI.mlua:329 | /ui/TitleGroup/SkillPanel/CharacterFilterList/btnCharRin,rin,rin,rin
MLUA_CHARACTERUNLOCKLOGIC_004,쏟아지는 표창으로 적을 압도하는 표창의 달인,RootDesk/MyDesk/Inventory/CharacterUnlockLogic.mlua:196 | RootDesk/MyDesk/UI/WorldCharacterSelectUI.mlua:102 | RootDesk/MyDesk/UI/WorldCharacterSelectUI.mlua:330,ssotaji  pyochangby enemies overwhelming pyochangof  Master,ssotaji pyochang以 敵人 壓倒 pyochang的 達人,ssotaji pyochangで 敵を 圧倒する pyochangの 達人
MLUA_DAMAGESKINLOGIC_001,기본,RootDesk/MyDesk/UI/DamageSkinLogic.mlua:40,Basic,基本,基本
MLUA_DAMAGESKINLOGIC_002,젤리빈,RootDesk/MyDesk/UI/DamageSkinLogic.mlua:42,jelribin,jelribin,jelribin
MLUA_DAMAGESKINLOGIC_003,고스트,RootDesk/MyDesk/UI/DamageSkinLogic.mlua:44,Ghost,幽靈,ゴースト
MLUA_DAMAGESKINLOGIC_004,스타플래닛,RootDesk/MyDesk/UI/DamageSkinLogic.mlua:46,Star Planet,星球,スタープラネット
MLUA_DAMAGESKINLOGIC_005,블랙로즈,RootDesk/MyDesk/UI/DamageSkinLogic.mlua:48,Black Rose,黑玫瑰,ブラックローズ
MLUA_DAMAGESKINLOGIC_006,전설의 Ver.2,RootDesk/MyDesk/UI/DamageSkinLogic.mlua:50,Legendary Ver.2,傳說 Ver.2,伝説の Ver.2
MLUA_DAMAGESKINLOGIC_007,보안관,RootDesk/MyDesk/UI/DamageSkinLogic.mlua:52,Sheriff,警長,保安官
MLUA_DIASHOPUI_001,상품 준비 중입니다,RootDesk/MyDesk/UI/DiaShopUI.mlua:249 | RootDesk/MyDesk/UI/ShopUI.mlua:332,sangpum Coming soon,sangpum 準備中,sangpum 準備中
MLUA_DPSMETERUI_001,DPS 접기,RootDesk/MyDesk/UI/DpsMeterUI.mlua:35 | /ui/DefaultGroup/DpsMeter/Toggle,DPS jeopgi,DPS jeopgi,DPS jeopgi
MLUA_DPSMETERUI_002,DPS 보기,RootDesk/MyDesk/UI/DpsMeterUI.mlua:36,DPS bogi,DPS bogi,DPS bogi
MLUA_EP1ZONE2MANOLOGIC_001,마노가 나타났다!,RootDesk/MyDesk/Puzzle/Ep1Zone2ManoLogic.mlua:23,Mano  appeared!,Mano 出現!,マノ 出現した!
MLUA_EP2MAP1CHESTEASTEREGGLOGIC_001,열쇠가 필요합니다!,RootDesk/MyDesk/Ep2Map1ChestEasterEggLogic.mlua:19,yeolsoe  Requiredhapnida!,yeolsoe pilyohapnida!,yeolsoe pilyohapnida!
MLUA_EP2MAP2ARENALOGIC_001,전투가 시작됩니다! 승리를 거머쥘 몬스터를 선택하세요!,RootDesk/MyDesk/Ep2Map2ArenaLogic.mlua:154 | /ui/GalleryArenaUI/Banner,Battle is starting! Choose the monster that will seize victory!,戰鬥開始！選擇將取得勝利的怪物！,戦闘開始！勝利をつかむモンスターを選択してください！
MLUA_EP2MAP2ARENALOGIC_002,곧 전투가 시작됩니다!,RootDesk/MyDesk/Ep2Map2ArenaLogic.mlua:186,The battle will begin soon!,戰鬥即將開始！,まもなく戦闘が始まります！
MLUA_EP2MAP2ARENALOGIC_003,다시하기 (무료),RootDesk/MyDesk/Ep2Map2ArenaLogic.mlua:508 | /ui/GalleryArenaUI/ResultGroup/RetryButton,Retry (Free),重新開始（免費）,リトライ（無料）
MLUA_EP2MAP2ARENALOGIC_005,우승! 레이온은 이미 해금되어 있습니다,RootDesk/MyDesk/Ep2Map2ArenaLogic.mlua:555,Winner! Rayon  Already Unlockdoeeo Available,冠軍! Rayon 已經 解鎖doeeo 有,優勝! レイオン すでに 解放doeeo あります
MLUA_EP2MAP2ARENALOGIC_006,레이온,RootDesk/MyDesk/Ep2Map2ArenaLogic.mlua:559 | RootDesk/MyDesk/UI/WorldCharacterSelectUI.mlua:299 | /ui/TitleGroup/SkillPanel/CharacterFilterList/btnCharReion,Rayon,Rayon,レイオン
MLUA_EP2MAP2ARENALOGIC_007,"적중할수록 강해지는 전사.
승부의 흐름을 읽고 결정적인 순간에
강력한 일격을 꽂아 넣는다.",RootDesk/MyDesk/Ep2Map2ArenaLogic.mlua:559,"Enemyduringcancanrok ganghaeji  Warrior.
seungbuof  heureum  ilkgo CrystalEnemyin sunganin 
gangryeokone ilgyeok  kkoja neoh da.","敵人期間可以可以rok ganghaeji 戰士.
seungbu的 heureum ilkgo 結晶敵人in sungan在
gangryeok一 ilgyeok kkoja neohda.","敵中できる可能rok ganghaeji 戦士.
seungbuの heureum ilkgo 結晶敵in sunganに
gangryeok1つ ilgyeok kkoja neohda."
MLUA_EP2MAP2ARENALOGIC_008,재화가 부족합니다,RootDesk/MyDesk/Ep2Map2ArenaLogic.mlua:569,jaehwa  Insufficient,jaehwa 不足,jaehwa 不足しています
MLUA_EP2MAP2SKILLCHESTLOGIC_001,스킬을 얻었다!,RootDesk/MyDesk/Ep2Map2SkillChestLogic.mlua:24,Skill  eoteossda!,技能 eoteossda!,スキル eoteossda!
MLUA_EP2MAP2SKILLCHESTLOGIC_002,회복 포션을 얻었다!,RootDesk/MyDesk/Ep2Map2SkillChestLogic.mlua:26,Restore Potion  eoteossda!,恢復 藥水 eoteossda!,回復 ポーション eoteossda!
MLUA_EP2MAP2STATUEPUZZLELOGIC_001,맵 어딘가에 변화가 생겼습니다,RootDesk/MyDesk/Puzzle/Ep2Map2StatuePuzzleLogic.mlua:21 | RootDesk/MyDesk/Puzzle/Ep2Map4PiecePuzzleLogic.mlua:162,Map somewhere byeonhwa  saenggyeossseupnida,地圖 eodin在 byeonhwa saenggyeossseupnida,マップ eodinに byeonhwa saenggyeossseupnida
MLUA_EP2MAP2STATUEPUZZLELOGIC_002,석상이 반응하지 않습니다,RootDesk/MyDesk/Puzzle/Ep2Map2StatuePuzzleLogic.mlua:22,seoksangis  baneunghaji anhseupnida,seoksang baneunghaji anhseupnida,seoksang baneunghaji anhseupnida
MLUA_EP2MAP4CENTAURLOGIC_001,켄타우로스 무리가 나타났습니다!,RootDesk/MyDesk/Puzzle/Ep2Map4CentaurLogic.mlua:69,kenhitsuwithseu muri  nahitsnassseupnida!,ken擊u以seu muri na擊nassseupnida!,kenヒットuでseu muri naヒットnassseupnida!
MLUA_EP2MINIBEANEASTEREGGLOGIC_001,미니빈이 출현했다!,RootDesk/MyDesk/Puzzle/Ep2MiniBeanEasterEggLogic.mlua:124,minibinis  chulhyeonhaessda!,minibin chulhyeonhaessda!,minibin chulhyeonhaessda!
MLUA_EP3MAP1INVITATIONEASTEREGGLOGIC_001,맵 어딘가에 변화가 생겼습니다!,RootDesk/MyDesk/Puzzle/Ep3Map1InvitationEasterEggLogic.mlua:37,Map somewhere byeonhwa  saenggyeossseupnida!,地圖 eodin在 byeonhwa saenggyeossseupnida!,マップ eodinに byeonhwa saenggyeossseupnida!
MLUA_EP3MAP1MUSHROOMLOGIC_001,한겨울의 주황버섯이 나타났다!,RootDesk/MyDesk/Puzzle/Ep3Map1MushroomLogic.mlua:35,onegyeoulof  juhwangbeoseosis  appeared!,一gyeoul的 juhwangbeoseos 出現!,1つgyeoulの juhwangbeoseos 出現した!
MLUA_EP3MAP2BONUSBOSSLOGIC_001,이미 입장했습니다!,RootDesk/MyDesk/Puzzle/Ep3Map2BonusBossLogic.mlua:63,Already ipjanghaessseupnida!,已經 ipjanghaessseupnida!,すでに ipjanghaessseupnida!
MLUA_EP3MAP2BONUSBOSSLOGIC_002,곧 다른 맵으로 이동합니다!,RootDesk/MyDesk/Puzzle/Ep3Map2BonusBossLogic.mlua:64,got dareun Mapby Movehapnida!,got dareun 地圖以 移動hapnida!,got dareun マップで 移動hapnida!
MLUA_EP3MAP2LOSTRUDOLPHLOGIC_001,길잃은 루돌프가 등장했다! 터치해보자!,RootDesk/MyDesk/Puzzle/Ep3Map2LostRudolphLogic.mlua:19,gililh  rudolpeu  deungjanghaessda! touchhaeboja!,gililh rudolpeu deungjanghaessda! 點擊haeboja!,gililh rudolpeu deungjanghaessda! タッチhaeboja!
MLUA_EP3MAP2LOSTRUDOLPHLOGIC_002,앗..! 멈춰있을 때 다시 시도해 보자!,RootDesk/MyDesk/Puzzle/Ep3Map2LostRudolphLogic.mlua:20,as..! meomchwoiss  when Again try boja!,as..! meomchwoiss 時 再次 sidohae boja!,as..! meomchwoiss とき 再度 sidohae boja!
MLUA_EP3MAP2LOSTRUDOLPHLOGIC_003,산타에게 말을 걸어보자!,RootDesk/MyDesk/Puzzle/Ep3Map2LostRudolphLogic.mlua:21,sanhitsin ge mal  geoleoboja!,san擊在ge mal geoleoboja!,sanヒットにge mal geoleoboja!
MLUA_EP3MAP3PUNKOEASTEREGGLOGIC_001,푼코 무리가 나타났다!,RootDesk/MyDesk/Ep3Map3PunkoEasterEggLogic.mlua:119 | RootDesk/MyDesk/Ep3Map4PunkoEasterEggLogic.mlua:94,punko muri  appeared!,punko muri 出現!,punko muri 出現した!
MLUA_EP3MAP4ESTER1PORTALLOGIC_001,자격의 증표를 사용했습니다,RootDesk/MyDesk/Ep3Map4Ester1PortalLogic.mlua:56,jagyeokof  jeungpyo  Usehaessseupnida,jagyeok的 jeungpyo 使用haessseupnida,jagyeokの jeungpyo 使用haessseupnida
MLUA_EP3MAP4ESTER1PORTALLOGIC_002,숨겨진 포탈이 나타났다!,RootDesk/MyDesk/Ep3Map4Ester1PortalLogic.mlua:58,hidden Portalis  appeared!,隱藏的 傳送門 出現!,隠された ポータル 出現した!
MLUA_EP3MAP4ESTER1PORTALLOGIC_003,제한시간이 종료되어 원래 위치로 돌아갑니다,RootDesk/MyDesk/Ep3Map4Ester1PortalLogic.mlua:60,jeonetimeis  Enddoeeo wonrae wichiwith dolagapnida,je一時間 結束doeeo wonrae wichi以 dolagapnida,je1つ時間 終了doeeo wonrae wichiで dolagapnida
MLUA_EPISODEREWARDLOGIC_003,방어구,RootDesk/MyDesk/EpisodeReward/EpisodeRewardLogic.mlua:215 | RootDesk/MyDesk/Inventory/Core/Logic/InventoryExpandLogic.mlua:112 | RootDesk/MyDesk/PlayerLevel/LevelRewardLogic.mlua:194 | /ui/EquipmentGroup/Inventory/ComposePopup/Panel/RightPanel/TabHolder/Armor/Background/UIText | /ui/EquipmentGroup/Inventory/Panel/InventoryPanel/TabHolder/Armor/Background/UIText,Armor,防具,防具
MLUA_EPISODEREWARDLOGIC_004,무기,RootDesk/MyDesk/EpisodeReward/EpisodeRewardLogic.mlua:216 | RootDesk/MyDesk/Inventory/Core/Logic/InventoryExpandLogic.mlua:111 | RootDesk/MyDesk/PlayerLevel/LevelRewardLogic.mlua:105 | RootDesk/MyDesk/PlayerLevel/LevelRewardLogic.mlua:195 | /ui/EquipmentGroup/Inventory/ComposePopup/Panel/RightPanel/TabHolder/Weapon/Background/UIText,Weapon,武器,武器
MLUA_EPISODEREWARDUI_001,모두 받음,RootDesk/MyDesk/EpisodeReward/EpisodeRewardUI.mlua:222 | RootDesk/MyDesk/PlayerLevel/LevelRewardUI.mlua:293,All bateum,全部 bateum,すべて bateum
MLUA_EPISODEREWARDUI_002,모든 에피소드 보상을 받았어요!,RootDesk/MyDesk/EpisodeReward/EpisodeRewardUI.mlua:224,All in pisodeu Reward  batasseoyo!,所有 在pisodeu 獎勵 batasseoyo!,すべて にpisodeu 報酬 batasseoyo!
MLUA_EPISODEREWARDUI_003,받기,RootDesk/MyDesk/EpisodeReward/EpisodeRewardUI.mlua:228 | RootDesk/MyDesk/IdleReward/IdleRewardUI.mlua:262 | RootDesk/MyDesk/PlayerLevel/LevelRewardUI.mlua:297 | /ui/AchievementGroup/Panel/List/Grid/RowTemplate/BtnClaim | /ui/EpisodeRewardGroup/Panel/BtnClaim,Claim,領取,受け取る
MLUA_ERRORCODEENUM_001,일시적인 오류가 발생했어요.,RootDesk/MyDesk/Inventory/Core/Enums/ErrorCodeEnum.mlua:180,ilsiEnemyin oryu  shotssaenghaesseoyo.,ilsi敵人in oryu 發saenghaesseoyo.,ilsi敵in oryu 発saenghaesseoyo.
MLUA_ERRORCODEENUM_002,잘못된 요청이에요.,RootDesk/MyDesk/Inventory/Core/Enums/ErrorCodeEnum.mlua:181 | RootDesk/MyDesk/Inventory/Core/Enums/ErrorCodeEnum.mlua:182 | RootDesk/MyDesk/Inventory/Core/Enums/ErrorCodeEnum.mlua:183 | RootDesk/MyDesk/Inventory/Core/Enums/ErrorCodeEnum.mlua:184 | RootDesk/MyDesk/Inventory/Core/Enums/ErrorCodeEnum.mlua:185,wellmosdoen yocheongis in yo.,jalmosdoen yocheong在yo.,jalmosdoen yocheongにyo.
MLUA_ERRORCODEENUM_003,지금 위치에서는 할 수 없어요.,RootDesk/MyDesk/Inventory/Core/Enums/ErrorCodeEnum.mlua:186,jigeum wichiin  can can none.,jigeum wichi在 可以 可以 沒有.,jigeum wichiで できる 可能 ありません.
MLUA_ERRORCODEENUM_004,아직 사용할 수 없는 직업이에요.,RootDesk/MyDesk/Inventory/Core/Enums/ErrorCodeEnum.mlua:187,Not yet use can None jikeopis in yo.,尚未 使用 可以 沒有 jikeop在yo.,まだ 使用する 可能 なし jikeopにyo.
MLUA_ERRORCODEENUM_005,잠시 후 다시 시도해 주세요.,RootDesk/MyDesk/Inventory/Core/Enums/ErrorCodeEnum.mlua:188,for a moment after Again try Please.,暫時 後 再次 sidohae 請.,しばらく 後 再度 sidohae ください.
MLUA_ERRORCODEENUM_006,유저 정보를 찾을 수 없어요.,RootDesk/MyDesk/Inventory/Core/Enums/ErrorCodeEnum.mlua:189,yujeo jeongbo  chaj  can none.,yujeo jeongbo chaj 可以 沒有.,yujeo jeongbo chaj 可能 ありません.
MLUA_ERRORCODEENUM_007,데이터를 불러오는 중이에요. 잠시 후 다시 시도해 주세요.,RootDesk/MyDesk/Inventory/Core/Enums/ErrorCodeEnum.mlua:190,deis teo  bulreoo  duringis in yo. for a moment after Again try Please.,deteo bulreoo 期間在yo. 暫時 後 再次 sidohae 請.,deteo bulreoo 中にyo. しばらく 後 再度 sidohae ください.
MLUA_ERRORCODEENUM_008,이용이 제한된 계정이에요.,RootDesk/MyDesk/Inventory/Core/Enums/ErrorCodeEnum.mlua:191,is yongis  jeonedoen gyejeongis in yo.,yong je一doen gyejeong在yo.,yong je1つdoen gyejeongにyo.
MLUA_ERRORCODEENUM_009,데이터를 불러오지 못했어요.,RootDesk/MyDesk/Inventory/Core/Enums/ErrorCodeEnum.mlua:192 | RootDesk/MyDesk/Inventory/Core/Enums/ErrorCodeEnum.mlua:193 | RootDesk/MyDesk/Inventory/Core/Enums/ErrorCodeEnum.mlua:194 | RootDesk/MyDesk/Inventory/Core/Enums/ErrorCodeEnum.mlua:195 | RootDesk/MyDesk/Inventory/Core/Enums/ErrorCodeEnum.mlua:196,deis teo  bulreooji Failed.,deteo bulreooji 失敗.,deteo bulreooji できませんでした.
MLUA_ERRORCODEENUM_010,인벤토리를 불러오지 못했어요.,RootDesk/MyDesk/Inventory/Core/Enums/ErrorCodeEnum.mlua:197,inbentori  bulreooji Failed.,inbentori bulreooji 失敗.,inbentori bulreooji できませんでした.
MLUA_ERRORCODEENUM_011,아이템을 찾을 수 없어요.,RootDesk/MyDesk/Inventory/Core/Enums/ErrorCodeEnum.mlua:198,Item  chaj  can none.,道具 chaj 可以 沒有.,アイテム chaj 可能 ありません.
MLUA_ERRORCODEENUM_012,사용할 수 없는 아이템이에요.,RootDesk/MyDesk/Inventory/Core/Enums/ErrorCodeEnum.mlua:199 | RootDesk/MyDesk/Inventory/Core/Enums/ErrorCodeEnum.mlua:200 | RootDesk/MyDesk/Inventory/Core/Enums/ErrorCodeEnum.mlua:216 | RootDesk/MyDesk/Inventory/Core/Enums/ErrorCodeEnum.mlua:218,use can None Itemis in yo.,使用 可以 沒有 道具在yo.,使用する 可能 なし アイテムにyo.
MLUA_ERRORCODEENUM_013,사용할 수 없는 장비예요.,RootDesk/MyDesk/Inventory/Core/Enums/ErrorCodeEnum.mlua:201 | RootDesk/MyDesk/Inventory/Core/Enums/ErrorCodeEnum.mlua:212,use can None Equipmentyeyo.,使用 可以 沒有 裝備yeyo.,使用する 可能 なし 装備yeyo.
MLUA_ERRORCODEENUM_014,잠긴 아이템이에요.,RootDesk/MyDesk/Inventory/Core/Enums/ErrorCodeEnum.mlua:202,jamgin Itemis in yo.,jamgin 道具在yo.,jamgin アイテムにyo.
MLUA_ERRORCODEENUM_015,착용 중인 장비예요.,RootDesk/MyDesk/Inventory/Core/Enums/ErrorCodeEnum.mlua:203,Equip duringin Equipmentyeyo.,裝備 期間in 裝備yeyo.,装備 中in 装備yeyo.
MLUA_ERRORCODEENUM_016,이미 사라진 아이템이에요.,RootDesk/MyDesk/Inventory/Core/Enums/ErrorCodeEnum.mlua:204,Already sarajin Itemis in yo.,已經 sarajin 道具在yo.,すでに sarajin アイテムにyo.
MLUA_ERRORCODEENUM_017,버릴 수 없는 아이템이에요.,RootDesk/MyDesk/Inventory/Core/Enums/ErrorCodeEnum.mlua:205 | RootDesk/MyDesk/Inventory/Core/Enums/ErrorCodeEnum.mlua:214,beoril can None Itemis in yo.,beoril 可以 沒有 道具在yo.,beoril 可能 なし アイテムにyo.
MLUA_ERRORCODEENUM_018,기간이 만료된 아이템이에요.,RootDesk/MyDesk/Inventory/Core/Enums/ErrorCodeEnum.mlua:206,giganis  manryodoen Itemis in yo.,gigan manryodoen 道具在yo.,gigan manryodoen アイテムにyo.
MLUA_ERRORCODEENUM_019,레벨이 부족해요.,RootDesk/MyDesk/Inventory/Core/Enums/ErrorCodeEnum.mlua:207,Levelis  Insufficient.,等級 不足.,レベル 不足しています.
MLUA_ERRORCODEENUM_020,이 직업은 착용할 수 없어요.,RootDesk/MyDesk/Inventory/Core/Enums/ErrorCodeEnum.mlua:208,is  jikeop  Equipcan can none.,jikeop 裝備可以 可以 沒有.,jikeop 装備できる 可能 ありません.
MLUA_ERRORCODEENUM_021,이미 착용 중이에요.,RootDesk/MyDesk/Inventory/Core/Enums/ErrorCodeEnum.mlua:209,Already Equip duringis in yo.,已經 裝備 期間在yo.,すでに 装備 中にyo.
MLUA_ERRORCODEENUM_022,해제할 장비가 없어요.,RootDesk/MyDesk/Inventory/Core/Enums/ErrorCodeEnum.mlua:210,Unlockcan Equipment  none.,解鎖可以 裝備 沒有.,解除できる 装備 ありません.
MLUA_ERRORCODEENUM_023,착용할 수 있는 칸이 없어요.,RootDesk/MyDesk/Inventory/Core/Enums/ErrorCodeEnum.mlua:211,Equipcan can iss  slots none.,裝備可以 可以 iss kan 沒有.,装備できる 可能 iss kan ありません.
MLUA_ERRORCODEENUM_024,아이템 개수가 부족해요.,RootDesk/MyDesk/Inventory/Core/Enums/ErrorCodeEnum.mlua:213 | RootDesk/MyDesk/Inventory/Core/Enums/ErrorCodeEnum.mlua:215,Item can  Insufficient.,道具 個可以 不足.,アイテム 個可能 不足しています.
MLUA_ERRORCODEENUM_025,잠글 수 없는 아이템이에요.,RootDesk/MyDesk/Inventory/Core/Enums/ErrorCodeEnum.mlua:217,jamgeul can None Itemis in yo.,jamgeul 可以 沒有 道具在yo.,jamgeul 可能 なし アイテムにyo.
MLUA_ERRORCODEENUM_026,같은 종류의 효과가 이미 적용 중이에요.,RootDesk/MyDesk/Inventory/Core/Enums/ErrorCodeEnum.mlua:219,same jongryuof  Effect  Already Enemyyong duringis in yo.,相同 jongryu的 效果 已經 敵人yong 期間在yo.,同じ jongryuの 効果 すでに 敵yong 中にyo.
MLUA_ERRORCODEENUM_027,아이템을 받지 못했어요.,RootDesk/MyDesk/Inventory/Core/Enums/ErrorCodeEnum.mlua:220 | RootDesk/MyDesk/Inventory/Core/Enums/ErrorCodeEnum.mlua:221 | RootDesk/MyDesk/Inventory/Core/Enums/ErrorCodeEnum.mlua:222 | RootDesk/MyDesk/Inventory/Core/Enums/ErrorCodeEnum.mlua:223,Item  batji Failed.,道具 batji 失敗.,アイテム batji できませんでした.
MLUA_ERRORCODEENUM_028,아이템을 삭제하지 못했어요.,RootDesk/MyDesk/Inventory/Core/Enums/ErrorCodeEnum.mlua:224,Item  sakjehaji Failed.,道具 sakjehaji 失敗.,アイテム sakjehaji できませんでした.
MLUA_ERRORCODEENUM_029,장비창이 가득 찼어요.,RootDesk/MyDesk/Inventory/Core/Enums/ErrorCodeEnum.mlua:225,Equipmentchangis  Full Full.,裝備chang 已滿 已滿.,装備chang 満杯 満杯.
MLUA_ERRORCODEENUM_030,이미 최고 등급이라 합성할 수 없어요.,RootDesk/MyDesk/Inventory/Core/Enums/ErrorCodeEnum.mlua:226,Already choego Gradeis ra hapseongcan can none.,已經 choego 等級ra hapseong可以 可以 沒有.,すでに choego 等級ra hapseongできる 可能 ありません.
MLUA_ERRORCODEENUM_031,합성할 수 없는 재료예요.,RootDesk/MyDesk/Inventory/Core/Enums/ErrorCodeEnum.mlua:227,hapseongcan can None jaeryoyeyo.,hapseong可以 可以 沒有 jaeryoyeyo.,hapseongできる 可能 なし jaeryoyeyo.
MLUA_ERRORCODEENUM_032,합성 재료 개수가 맞지 않아요.,RootDesk/MyDesk/Inventory/Core/Enums/ErrorCodeEnum.mlua:228,hapseong jaeryo can  majji anhayo.,hapseong jaeryo 個可以 majji anhayo.,hapseong jaeryo 個可能 majji anhayo.
MLUA_ERRORCODEENUM_033,착용 중인 장비는 재료로 쓸 수 없어요.,RootDesk/MyDesk/Inventory/Core/Enums/ErrorCodeEnum.mlua:229,Equip duringin Equipment  jaeryowith use can none.,裝備 期間in 裝備 jaeryo以 使用 可以 沒有.,装備 中in 装備 jaeryoで 使う 可能 ありません.
MLUA_ERRORCODEENUM_034,이미 최대 강화 단계예요.,RootDesk/MyDesk/Inventory/Core/Enums/ErrorCodeEnum.mlua:230,Already Max Upgrade Stageyeyo.,已經 最大 強化 dangyeyeyo.,すでに 最大 強化 dangyeyeyo.
MLUA_ERRORCODEENUM_035,골드가 부족해요.,RootDesk/MyDesk/Inventory/Core/Enums/ErrorCodeEnum.mlua:231,Gold  Insufficient.,金幣 不足.,ゴールド 不足しています.
MLUA_ERRORCODEENUM_036,요청을 처리하지 못했어요. (코드 %d),RootDesk/MyDesk/Inventory/Core/Enums/ErrorCodeEnum.mlua:235,yocheong  cheorihaji Failed. (kodeu %d),yocheong cheorihaji 失敗. (kodeu %d),yocheong cheorihaji できませんでした. (kodeu %d)
MLUA_GACHAUI_003,스킬,RootDesk/MyDesk/GachaUI.mlua:459 | RootDesk/MyDesk/SkillInventory.mlua:312 | /ui/GachaGroup/Panel/TabRail/BtnTabSkill | /ui/TitleGroup/SkillPanel/ScrollArea/List/SkillSlot_18/Name | /ui/TitleGroup/SkillPanel/ScrollArea/List/SkillSlot_19/Name,Skill,技能,スキル
MLUA_GACHAUI_004,유물,RootDesk/MyDesk/GachaUI.mlua:460 | RootDesk/MyDesk/UI/RelicUI.mlua:97 | /ui/GachaGroup/Panel/TabRail/BtnTabRelic | /ui/TitleGroup/RelicPanel/Title | /ui/TitleGroup/TabBar/BtnRelicLabel,Artifact,遺物,遺物
MLUA_GACHAUI_010,레어,RootDesk/MyDesk/GachaUI.mlua:775 | RootDesk/MyDesk/Inventory/Core/Enums/GearGradeEnum.mlua:71 | /ui/TitleGroup/SkillPanel/GradeFilterList/btnGradeRare,reeo,reeo,reeo
MLUA_GACHAUI_011,매직,RootDesk/MyDesk/GachaUI.mlua:776 | RootDesk/MyDesk/Inventory/Core/Enums/GearGradeEnum.mlua:70 | /ui/TitleGroup/SkillPanel/GradeFilterList/btnGradeMagic,Magic,魔法,マジック
MLUA_GACHAUI_012,일반,RootDesk/MyDesk/GachaUI.mlua:778 | /ui/TitleGroup/SkillPanel/GradeFilterList/btnGradeNormal,Normal,一般,通常
MLUA_GACHAUI_013,스킬 획득 확률,RootDesk/MyDesk/GachaUI.mlua:787,Skill Obtain Chance,技能 獲得 機率,スキル 獲得 確率
MLUA_GACHAUI_014,유물 획득 확률,RootDesk/MyDesk/GachaUI.mlua:788,Artifact Obtain Chance,遺物 獲得 機率,遺物 獲得 確率
MLUA_GACHAUI_018,거주 지역 정책에 따라 유료 뽑기를 이용할 수 없습니다,RootDesk/MyDesk/GachaUI.mlua:956 | /ui/GachaGroup/Panel/PolicyNotice,geoju jiyeok jeongchaekin  ttara yuryo Draw  is yongcan can None,geoju jiyeok jeongchaek在 ttara yuryo 抽取 yong可以 可以 沒有,geoju jiyeok jeongchaekに ttara yuryo ガチャ yongできる 可能 ありません
MLUA_GAMEMANAGER_029,구미호,RootDesk/MyDesk/GameManager.mlua:2032 | RootDesk/MyDesk/UI/DamageSkinLogic.mlua:54,gumiho,gumiho,gumiho
MLUA_GAMEMANAGER_034,모든 적 빙결!,RootDesk/MyDesk/GameManager.mlua:7657,All Enemy Freeze!,所有 敵人 冰凍!,すべて 敵 凍結!
MLUA_GAMEMANAGER_035,허수아비 소환!,RootDesk/MyDesk/GameManager.mlua:7821,heocanabi Summon!,heo可以abi 召喚!,heo可能abi 召喚!
MLUA_GAMEMANAGER_036,토네이도 발생!,RootDesk/MyDesk/GameManager.mlua:7983,toneis do shotssaeng!,tonedo 發saeng!,tonedo 発saeng!
MLUA_GAMEOVERUI_002,이어하기,RootDesk/MyDesk/UI/GameOverUI.mlua:159 | /ui/GameOverGroup/GameOverBack/GameOverPanel/BtnContinue/Label,Continue,繼續,続ける
MLUA_GEARGRADEENUM_001,노말,RootDesk/MyDesk/Inventory/Core/Enums/GearGradeEnum.mlua:69,nomal,nomal,nomal
MLUA_GEARGRADEENUM_002,에픽,RootDesk/MyDesk/Inventory/Core/Enums/GearGradeEnum.mlua:72,in pik,在pik,にpik
MLUA_GEARGRADEENUM_003,유니크,RootDesk/MyDesk/Inventory/Core/Enums/GearGradeEnum.mlua:73,yunikeu,yunikeu,yunikeu
MLUA_GEARGRADEENUM_004,레전더리,RootDesk/MyDesk/Inventory/Core/Enums/GearGradeEnum.mlua:74,rejeonmoreri,rejeon更多ri,rejeonさらにri
MLUA_IDLEREWARDLOGIC_001,구름정원,RootDesk/MyDesk/IdleReward/IdleRewardLogic.mlua:128 | RootDesk/MyDesk/UI/WorldCharacterSelectUI.mlua:79,Cloud Garden,雲庭園,雲の庭園
MLUA_IDLEREWARDLOGIC_002,엘라스 산맥,RootDesk/MyDesk/IdleReward/IdleRewardLogic.mlua:129 | RootDesk/MyDesk/UI/WorldCharacterSelectUI.mlua:81,elraseu sanmaek,elraseu sanmaek,elraseu sanmaek
MLUA_IDLEREWARDLOGIC_003,태초의 마을,RootDesk/MyDesk/IdleReward/IdleRewardLogic.mlua:130 | RootDesk/MyDesk/UI/WorldCharacterSelectUI.mlua:77 | /ui/IdleRewardGroup/Panel/ChapterRow/Name | /ui/WorldCharacterSelectGroup/Panel/WorldNameText,taesof  Village,tae秒的 村莊,tae秒の 村
MLUA_IDLEREWARDUI_001,%d시간 %02d분 %02d초,RootDesk/MyDesk/IdleReward/IdleRewardUI.mlua:126,%dtime %02dmin %02ds,%d時間 %02d分 %02d秒,%d時間 %02d分 %02d秒
MLUA_IDLEREWARDUI_002,%02d분 %02d초,RootDesk/MyDesk/IdleReward/IdleRewardUI.mlua:127,%02dmin %02ds,%02d分 %02d秒,%02d分 %02d秒
MLUA_IDLEREWARDUI_004,(최대 24시간,RootDesk/MyDesk/IdleReward/IdleRewardUI.mlua:197,(Max 24time,(最大 24時間,(最大 24時間
MLUA_IDLEREWARDUI_015,장비를 넣지 못했어요. 잠시 후 다시 시도해 주세요,RootDesk/MyDesk/IdleReward/IdleRewardUI.mlua:403,Equipment  neohji Failed. for a moment after Again try Please,裝備 neohji 失敗. 暫時 後 再次 sidohae 請,装備 neohji できませんでした. しばらく 後 再度 sidohae ください
MLUA_INVENTORYEXPANDLOGIC_001,기타,RootDesk/MyDesk/Inventory/Core/Logic/InventoryExpandLogic.mlua:113 | /ui/DefaultGroup/DpsMeter/Board/Line1/EtcLabel | /ui/DefaultGroup/DpsMeter/Board/Line2/EtcLabel | /ui/DefaultGroup/DpsMeter/Board/Line3/EtcLabel | /ui/DefaultGroup/DpsMeter/Board/Line4/EtcLabel,gihits,gi擊,giヒット
MLUA_INVENTORYEXPANDLOGIC_002,인벤토리,RootDesk/MyDesk/Inventory/Core/Logic/InventoryExpandLogic.mlua:114 | /ui/EquipmentGroup/Inventory/Panel/Title | /ui/InventoryGroup/Panel/TitleBar/Title,inbentori,inbentori,inbentori
MLUA_LEVELREWARDLOGIC_001,골드,RootDesk/MyDesk/PlayerLevel/LevelRewardLogic.mlua:100,Gold,金幣,ゴールド
MLUA_LEVELREWARDLOGIC_002,다이아,RootDesk/MyDesk/PlayerLevel/LevelRewardLogic.mlua:101 | RootDesk/MyDesk/UI/ShopUI.mlua:135 | /ui/TitleGroup/ShopPanel/Tabs/TabDiamond/Label,Diamond,鑽石,ダイヤ
MLUA_LEVELREWARDLOGIC_003,유물 뽑기권,RootDesk/MyDesk/PlayerLevel/LevelRewardLogic.mlua:102 | RootDesk/MyDesk/Puzzle/Map24TreasureChestLogic.mlua:109,Artifact Draw Ticket,遺物 抽獎券,遺物 ガチャ券
MLUA_LEVELREWARDLOGIC_004,스킬 뽑기권,RootDesk/MyDesk/PlayerLevel/LevelRewardLogic.mlua:103,Skill Draw Ticket,技能 抽獎券,スキル ガチャ券
MLUA_LEVELREWARDUI_001,모든 보상을 받았어요!,RootDesk/MyDesk/PlayerLevel/LevelRewardUI.mlua:280,All Reward  batasseoyo!,已領取所有獎勵!,すべての報酬を受け取りました!
MLUA_MAP21RELICEASTEREGG_001,실피드,RootDesk/MyDesk/Puzzle/Map21RelicEasterEgg.mlua:115 | RootDesk/MyDesk/UI/CharacterUnlockUI.mlua:52 | RootDesk/MyDesk/UI/WorldCharacterSelectUI.mlua:283 | /ui/CharacterUnlockGroup/Panel/NameText | /ui/TitleGroup/SkillPanel/CharacterFilterList/btnCharSylph,Sylphid,Sylphid,シルフィード
MLUA_MAP21RELICEASTEREGG_002,"바람과 함께 전장을 누비는 신비로운 궁수.
빠른 화살로 적의 약점을 꿰뚫고, 거센
바람으로 전장을 지배한다.",RootDesk/MyDesk/Puzzle/Map21RelicEasterEgg.mlua:115 | /ui/CharacterUnlockGroup/Panel/OptionBox/OptionText,"Windand  hamkke roaming the battlefield mysterious Archer.
Fast Arrowswith Enemyof  yakjeom  piercing, fierce
rules the battlefield with fierce winds.","風與 hamkke jeonjang 穿梭 神秘 弓箭手.
快速 箭矢以 敵人的 yakjeom 貫穿, 強勁
風以 jeonjang 支配.","風と hamkke jeonjang 駆け巡る 神秘的な 弓使い.
高速 矢で 敵の yakjeom 貫き, 激しい
風で jeonjang 支配する."
MLUA_MAP23ERDASEASTEREGGLOGIC_001,정수가 부족합니다,RootDesk/MyDesk/Puzzle/Map23ErdasEasterEggLogic.mlua:29,Essence  Insufficient,精髓 不足,エッセンス 不足しています
MLUA_MAP23ERDASEASTEREGGLOGIC_003,첫번째,RootDesk/MyDesk/Puzzle/Map23ErdasEasterEggLogic.mlua:123,First,cheosbeonjjae,cheosbeonjjae
MLUA_MAP23ERDASEASTEREGGLOGIC_004,두번째,RootDesk/MyDesk/Puzzle/Map23ErdasEasterEggLogic.mlua:124,Second,dubeonjjae,dubeonjjae
MLUA_MAP23ERDASEASTEREGGLOGIC_005,세번째,RootDesk/MyDesk/Puzzle/Map23ErdasEasterEggLogic.mlua:126,Third,sebeonjjae,sebeonjjae
MLUA_MAP23ERDASEASTEREGGLOGIC_006,어딘가에 포탈이 활성화되었다!,RootDesk/MyDesk/Puzzle/Map23ErdasEasterEggLogic.mlua:152,somewhere Portalis  hwalseonghwadoeeossda!,eodin在 傳送門 hwalseonghwadoeeossda!,eodinに ポータル hwalseonghwadoeeossda!
MLUA_MAPMANAGER_001,빠른 이동으로 몬스터가 빨라집니다!,RootDesk/MyDesk/Map/MapManager.mlua:1316,Fast Moveby Monster  become faster!,快速 移動以 怪物 變快!,高速 移動で モンスター 速くなります!
MLUA_MAPMANAGER_002,빠른 이동으로 몬스터가 강해집니다!,RootDesk/MyDesk/Map/MapManager.mlua:1318,Fast Moveby Monster  become stronger!,快速 移動以 怪物 變強!,高速 移動で モンスター 強くなります!
MLUA_MAPMANAGER_003,빠른 이동으로 「절망의 칼날」이 소환되었습니다.,RootDesk/MyDesk/Map/MapManager.mlua:1320,Fast Moveby 「jeolmangof  kalnal」is  Summondoeeossseupnida.,快速 移動以 「jeolmang的 kalnal」 召喚doeeossseupnida.,高速 移動で 「jeolmangの kalnal」 召喚doeeossseupnida.
MLUA_MAPMOVEUI_001,"가운데에 답이 있고, 오른쪽에 길이 있으며, 왼쪽에 끝이 있다",RootDesk/MyDesk/MapMoveUI.mlua:156," undein  dapis  issgo, oreunjjokin  gilis  isseumyeo, oenjjokin  kkeutis  issda","unde在 dap issgo, oreunjjok在 gil isseumyeo, oenjjok在 kkeut issda","undeに dap issgo, oreunjjokに gil isseumyeo, oenjjokに kkeut issda"
MLUA_MAPTAXILOGIC_001,티켓이 없습니다!,RootDesk/MyDesk/MapTaxiLogic.mlua:31,tikesis  None!,tikes 沒有!,tikes ありません!
MLUA_MONSTERSPAWNER_005,보스가 등장합니다!,RootDesk/MyDesk/MonsterSpawner.mlua:1262,Boss  deungjanghapnida!,首領 deungjanghapnida!,ボス deungjanghapnida!
MLUA_MONSTERSPAWNER_006,검투사가 등장했습니다,RootDesk/MyDesk/MonsterSpawner.mlua:1655,geomtusa  deungjanghaessseupnida,geomtusa deungjanghaessseupnida,geomtusa deungjanghaessseupnida
MLUA_MONSTERSPAWNER_008,뜻밖의 행운! 발록이 등장했습니다!,RootDesk/MyDesk/MonsterSpawner.mlua:2408,tteusbakkof  haengun! shotsrokis  deungjanghaessseupnida!,tteusbakk的 haengun! 發rok deungjanghaessseupnida!,tteusbakkの haengun! 発rok deungjanghaessseupnida!
MLUA_NINJASTATUEPUZZLELOGIC_001,얄미운 미니무르가 등장했다!,RootDesk/MyDesk/Puzzle/NinjaStatuePuzzleLogic.mlua:79,yalmiun minimureu  deungjanghaessda!,yalmiun minimureu deungjanghaessda!,yalmiun minimureu deungjanghaessda!
MLUA_OPTIONUI_001,[ 전투는 자동입니다 ],RootDesk/MyDesk/OptionUI.mlua:143,[ Battle  Automaticipnida ],[ 戰鬥 自動ipnida ],[ 戦闘 自動ipnida ]
MLUA_OPTIONUI_002,캐릭터가 알아서 몬스터를 공격합니다.,RootDesk/MyDesk/OptionUI.mlua:144,Character  alaseo monsters Attackhapnida.,角色 alaseo 怪物 攻擊hapnida.,キャラクター alaseo モンスターを 攻撃hapnida.
MLUA_OPTIONUI_003,화면에서 몬스터를 한 번 누르면 그 몬스터를 먼저 노립니다.,RootDesk/MyDesk/OptionUI.mlua:145,hwamyeonin monsters one beon nureumyeon geu monsters First noripnida.,hwamyeon在 怪物 一 beon nureumyeon geu 怪物 優先 noripnida.,hwamyeonで モンスターを 1つ beon nureumyeon geu モンスターを 先に noripnida.
MLUA_OPTIONUI_004,[ 레벨업하면 카드를 고릅니다 ],RootDesk/MyDesk/OptionUI.mlua:147,[ Leveleophamyeon cards goreupnida ],[ 等級eophamyeon 卡片 goreupnida ],[ レベルeophamyeon カード goreupnida ]
MLUA_OPTIONUI_005,경험치가 가득 차면 화면 오른쪽에 카드 세 장이 나타납니다.,RootDesk/MyDesk/OptionUI.mlua:148,gyeongheomchi  Full chamyeon hwamyeon oreunjjokin  Card se jangis  appears.,gyeongheomchi 已滿 chamyeon hwamyeon oreunjjok在 卡片 se jang na擊napnida.,gyeongheomchi 満杯 chamyeon hwamyeon oreunjjokに カード se jang naヒットnapnida.
MLUA_OPTIONUI_006,한 장을 골라 새 스킬을 배우거나 가진 스킬을 강화하세요.,RootDesk/MyDesk/OptionUI.mlua:149,Choose one card to learn a new skill or upgrade a skill you already have.,選擇一張卡片來學習新技能或強化現有技能。,カードを1枚選び、新しいスキルを習得するか、所持しているスキルを強化してください。
MLUA_OPTIONUI_007,카드를 길게 누르고 있으면 어떤 효과인지 미리 볼 수 있습니다.,RootDesk/MyDesk/OptionUI.mlua:150,cards gilge nureugo isseumyeon eotteon Effectinji miri bol can Available.,卡片 gilge nureugo isseumyeon eotteon 效果inji miri bol 可以 有.,カード gilge nureugo isseumyeon eotteon 効果inji miri bol 可能 あります.
MLUA_OPTIONUI_008,[ 같은 스킬을 모으면 강해집니다 ],RootDesk/MyDesk/OptionUI.mlua:152,[ same Skill  moeumyeon become stronger ],[ 相同 技能 moeumyeon 變強 ],[ 同じ スキル moeumyeon 強くなります ]
MLUA_OPTIONUI_009,같은 카드를 여러 번 고르면 스킬 레벨이 올라갑니다.,RootDesk/MyDesk/OptionUI.mlua:153,same cards yeoreo beon goreumyeon Skill Levelis  olragapnida.,相同 卡片 yeoreo beon goreumyeon 技能 等級 olragapnida.,同じ カード yeoreo beon goreumyeon スキル レベル olragapnida.
MLUA_OPTIONUI_010,특정 스킬을 함께 갖추면 더 강한 조합 스킬로 바뀌기도 합니다.,RootDesk/MyDesk/OptionUI.mlua:154,teukjeong Skill  hamkke gajchumyeon more gangone johap Skillwith bakkwigido hapnida.,teukjeong 技能 hamkke gajchumyeon 更多 gang一 johap 技能以 bakkwigido hapnida.,teukjeong スキル hamkke gajchumyeon さらに gang1つ johap スキルで bakkwigido hapnida.
MLUA_OPTIONUI_011,"어떤 조합이 있는지는 옵션의 ""조합식""에서 확인하세요.",RootDesk/MyDesk/OptionUI.mlua:155,"You can check which combinations are available under ""Combination Formula"" in Options.",可在選項的「組合公式」中查看可用的組合。,利用可能な組み合わせは、オプションの「組み合わせ式」で確認できます。
MLUA_OPTIONUI_012,[ 좌우 화살표로 구역을 옮깁니다 ],RootDesk/MyDesk/OptionUI.mlua:157,[ jwau Arrowspyowith guyeok  olmgipnida ],[ jwau 箭矢pyo以 guyeok olmgipnida ],[ jwau 矢pyoで guyeok olmgipnida ]
MLUA_OPTIONUI_013,화면 양옆의 화살표를 누르면 다음 구역으로 넘어갑니다.,RootDesk/MyDesk/OptionUI.mlua:158,hwamyeon yangyeopof  Arrowspyo  nureumyeon Next guyeokby neomeogapnida.,hwamyeon yangyeop的 箭矢pyo nureumyeon 下一個 guyeok以 neomeogapnida.,hwamyeon yangyeopの 矢pyo nureumyeon 次 guyeokで neomeogapnida.
MLUA_OPTIONUI_014,자물쇠가 걸린 길은 그 구역의 보스를 쓰러뜨려야 열립니다.,RootDesk/MyDesk/OptionUI.mlua:159,jamulsoe  geolrin gil  geu guyeokof  Boss  sseureotteuryeoya yeolripnida.,jamulsoe geolrin gil geu guyeok的 首領 sseureotteuryeoya yeolripnida.,jamulsoe geolrin gil geu guyeokの ボス sseureotteuryeoya yeolripnida.
MLUA_OPTIONUI_015,[ 쓰러져도 끝이 아닙니다 ],RootDesk/MyDesk/OptionUI.mlua:161,[ sseureojyeodo kkeutis  anipnida ],[ sseureojyeodo kkeut anipnida ],[ sseureojyeodo kkeut anipnida ]
MLUA_OPTIONUI_016,다이아를 쓰면 쓰러진 자리에서 바로 이어할 수 있습니다.,RootDesk/MyDesk/OptionUI.mlua:162,Diamond  sseumyeon sseureojin jariin bawith is eocan can Available.,鑽石 sseumyeon sseureojin jari在 ba以 eo可以 可以 有.,ダイヤ sseumyeon sseureojin jariで baで eoできる 可能 あります.
MLUA_OPTIONUI_017,처음부터 다시 시작하면 이번 판에 모은 잡템이 골드로 바뀝니다.,RootDesk/MyDesk/OptionUI.mlua:163,cheoeumbuteo Again Starthamyeon is beon gamesin  mo  japtemis  Goldwith bakkwipnida.,cheoeumbuteo 再次 開始hamyeon beon 場在 mo japtem 金幣以 bakkwipnida.,cheoeumbuteo 再度 開始hamyeon beon 回に mo japtem ゴールドで bakkwipnida.
MLUA_OPTIONUI_018,[ 판이 끝나도 남는 것 ],RootDesk/MyDesk/OptionUI.mlua:165,[ gamesis  kkeutnado nam  thing ],[ 場 kkeutnado nam 內容 ],[ 回 kkeutnado nam もの ]
MLUA_OPTIONUI_019,"장비와 유물, 스킬 강화는 로비에 그대로 남습니다.",RootDesk/MyDesk/OptionUI.mlua:166,"Equipmentand  Artifact, Skill Upgrade  withbiin  geudaewith namseupnida.","裝備與 遺物, 技能 強化 以bi在 geudae以 namseupnida.","装備と 遺物, スキル 強化 でbiに geudaeで namseupnida."
MLUA_OPTIONUI_020,"인벤토리에서 장비를 장착하고, 합성하고, 필요 없는 것은 팔 수 있습니다.",RootDesk/MyDesk/OptionUI.mlua:167,"inbentoriin Equipment  jangchakand , hapseongand , Required None thing  pal can Available.","inbentori在 裝備 jangchak和, hapseong和, pilyo 沒有 內容 pal 可以 有.","inbentoriで 装備 jangchakと, hapseongと, pilyo なし もの pal 可能 あります."
MLUA_PKGPLAYERINVENTORY_001,강화 주문서가 부족합니다!,RootDesk/MyDesk/Inventory/Core/PkgPlayerInventory.mlua:1035,Upgrade jumunseo  Insufficient!,強化 jumunseo 不足!,強化 jumunseo 不足しています!
MLUA_PKGPLAYERINVENTORY_002,골드가 부족합니다!,RootDesk/MyDesk/Inventory/Core/PkgPlayerInventory.mlua:1039,Gold  Insufficient!,金幣 不足!,ゴールド 不足しています!
MLUA_PKGPLAYERINVENTORY_003,이미 최대 레벨입니다,RootDesk/MyDesk/Inventory/Core/PkgPlayerInventory.mlua:1043,Already Max Levelipnida,已經 最大 等級ipnida,すでに 最大 レベルipnida
MLUA_PKGPLAYERINVENTORY_004,강화할 수 없는 장비입니다,RootDesk/MyDesk/Inventory/Core/PkgPlayerInventory.mlua:1047,Upgradecan can None Equipmentipnida,強化可以 可以 沒有 裝備ipnida,強化できる 可能 なし 装備ipnida
MLUA_PKGPLAYERINVENTORY_005,강화에 실패했습니다,RootDesk/MyDesk/Inventory/Core/PkgPlayerInventory.mlua:1050,Upgradein  Failurehaessseupnida,強化在 失敗haessseupnida,強化に 失敗haessseupnida
MLUA_PLAYERINVENTORY_001,수상한 점액,RootDesk/MyDesk/PlayerInventory.mlua:134,cansangone jeomaek,可以sang一 jeomaek,可能sang1つ jeomaek
MLUA_PLAYERINVENTORY_002,낡은 가죽,RootDesk/MyDesk/PlayerInventory.mlua:135,nalk  Leather,nalk 皮革,nalk 革
MLUA_PLAYERINVENTORY_003,이블아이의 꼬리,RootDesk/MyDesk/PlayerInventory.mlua:138,is beulais of  Tail,beula的 尾巴,beulaの 尻尾
MLUA_PLAYERINVENTORY_004,커즈아이의 꼬리,RootDesk/MyDesk/PlayerInventory.mlua:139,keojeuais of  Tail,keojeua的 尾巴,keojeuaの 尻尾
MLUA_PLAYERINVENTORY_005,달팽이의 껍질,RootDesk/MyDesk/PlayerInventory.mlua:142,dalpaengis of  Shell,dalpaeng的 外殼,dalpaengの 殻
MLUA_PLAYERINVENTORY_006,변형된 달팽이의 껍질,RootDesk/MyDesk/PlayerInventory.mlua:143,byeonhyeongdoen dalpaengis of  Shell,byeonhyeongdoen dalpaeng的 外殼,byeonhyeongdoen dalpaengの 殻
MLUA_PLAYERINVENTORY_007,버섯의 포자,RootDesk/MyDesk/PlayerInventory.mlua:144,beoseosof  poja,beoseos的 poja,beoseosの poja
MLUA_PLAYERINVENTORY_008,빨간 달팽이의 껍질,RootDesk/MyDesk/PlayerInventory.mlua:145,Red dalpaengis of  Shell,紅色 dalpaeng的 外殼,赤い dalpaengの 殻
MLUA_PLAYERINVENTORY_009,돼지의 꼬리,RootDesk/MyDesk/PlayerInventory.mlua:146,dwaejiof  Tail,dwaeji的 尾巴,dwaejiの 尻尾
MLUA_PLAYERINVENTORY_010,주니어 부기의 뿔,RootDesk/MyDesk/PlayerInventory.mlua:147,Jr. bugiof  Horn,小 bugi的 角,ジュニア bugiの 角
MLUA_PLAYERINVENTORY_011,스텀프의 눈물,RootDesk/MyDesk/PlayerInventory.mlua:148,seuteompeuof  nunmul,seuteompeu的 nunmul,seuteompeuの nunmul
MLUA_PLAYERINVENTORY_012,옥토퍼스의 다리,RootDesk/MyDesk/PlayerInventory.mlua:149,oktopeoseuof  dari,oktopeoseu的 dari,oktopeoseuの dari
MLUA_PLAYERINVENTORY_013,리본,RootDesk/MyDesk/PlayerInventory.mlua:150,ribon,ribon,ribon
MLUA_PLAYERINVENTORY_014,음흉한 여우의 꼬리,RootDesk/MyDesk/PlayerInventory.mlua:153,eumhyungone yeouof  Tail,eumhyung一 yeou的 尾巴,eumhyung1つ yeouの 尻尾
MLUA_PLAYERINVENTORY_015,주황버섯의 갓,RootDesk/MyDesk/PlayerInventory.mlua:154,juhwangbeoseosof  gas,juhwangbeoseos的 gas,juhwangbeoseosの gas
MLUA_PLAYERINVENTORY_016,로랑의 집게발,RootDesk/MyDesk/PlayerInventory.mlua:157,withrangof  jipgeshots,以rang的 jipge發,でrangの jipge発
MLUA_PLAYERINVENTORY_017,엄티의 등껍질,RootDesk/MyDesk/PlayerInventory.mlua:158,eomtiof  deungShell,eomti的 deung外殼,eomtiの deung殻
MLUA_PLAYERINVENTORY_018,클랑의 집게발,RootDesk/MyDesk/PlayerInventory.mlua:159,keulrangof  jipgeshots,keulrang的 jipge發,keulrangの jipge発
MLUA_PLAYERINVENTORY_019,날치,RootDesk/MyDesk/PlayerInventory.mlua:162,nalchi,nalchi,nalchi
MLUA_PLAYERINVENTORY_020,조개껍데기,RootDesk/MyDesk/PlayerInventory.mlua:163,jokkeopdegi,jo個kkeopdegi,jo個kkeopdegi
MLUA_PLAYERINVENTORY_021,노란 불가사리의 다리,RootDesk/MyDesk/PlayerInventory.mlua:164,noran bul sariof  dari,noran bulsari的 dari,noran bulsariの dari
MLUA_PLAYERINVENTORY_022,뿔버섯의 갓,RootDesk/MyDesk/PlayerInventory.mlua:167,Hornbeoseosof  gas,角beoseos的 gas,角beoseosの gas
MLUA_PLAYERINVENTORY_023,좀비 머쉬맘의 포자,RootDesk/MyDesk/PlayerInventory.mlua:168,jombi meoswimamof  poja,jombi meoswimam的 poja,jombi meoswimamの poja
MLUA_PLAYERINVENTORY_024,빛나는 박쥐 날개,RootDesk/MyDesk/PlayerInventory.mlua:171,bichna  bakjwi nal,bichna bakjwi 翅膀,bichna bakjwi 翼
MLUA_PLAYERINVENTORY_025,스톤골렘의 돌조각,RootDesk/MyDesk/PlayerInventory.mlua:174,Stonegolremof  Stone Fragment,石golrem的 dol碎片,ストーンgolremの dol欠片
MLUA_PLAYERINVENTORY_026,다크 스톤골렘의 돌조각,RootDesk/MyDesk/PlayerInventory.mlua:175,Dark Stonegolremof  Stone Fragment,暗 石golrem的 dol碎片,ダーク ストーンgolremの dol欠片
MLUA_PLAYERINVENTORY_027,믹스골렘의 조각,RootDesk/MyDesk/PlayerInventory.mlua:176,mikseugolremof  Fragment,mikseugolrem的 碎片,mikseugolremの 欠片
MLUA_PLAYERINVENTORY_028,아이스 믹스골렘의 조각,RootDesk/MyDesk/PlayerInventory.mlua:177,Ice mikseugolremof  Fragment,冰 mikseugolrem的 碎片,アイス mikseugolremの 欠片
MLUA_PLAYERINVENTORY_029,페어리의 더듬이,RootDesk/MyDesk/PlayerInventory.mlua:178,peeoriof  moredeumis,peeori的 更多deum,peeoriの さらにdeum
MLUA_PLAYERINVENTORY_030,로얄페어리의 날개,RootDesk/MyDesk/PlayerInventory.mlua:179,withyalpeeoriof  nal,以yalpeeori的 翅膀,でyalpeeoriの 翼
MLUA_PLAYERINVENTORY_031,그레이의 촉수,RootDesk/MyDesk/PlayerInventory.mlua:182,geureis of  chokcan,geure的 chok可以,geureの chok可能
MLUA_PLAYERINVENTORY_032,반딧불 슬라임의 방울,RootDesk/MyDesk/PlayerInventory.mlua:185,bandisbul seulraimof  Bell,bandisbul seulraim的 bangul,bandisbul seulraimの bangul
MLUA_PLAYERINVENTORY_033,페어리 슬라임의 방울,RootDesk/MyDesk/PlayerInventory.mlua:186,peeori seulraimof  Bell,peeori seulraim的 bangul,peeori seulraimの bangul
MLUA_PLAYERINVENTORY_034,워터 엘리먼트의 정수,RootDesk/MyDesk/PlayerInventory.mlua:187,woteo elrimeonteuof  Essence,woteo elrimeonteu的 精髓,woteo elrimeonteuの エッセンス
MLUA_PLAYERINVENTORY_035,트리 엘리먼트의 나뭇잎,RootDesk/MyDesk/PlayerInventory.mlua:188,teuri elrimeonteuof  namusip,teuri elrimeonteu的 namusip,teuri elrimeonteuの namusip
MLUA_PLAYERINVENTORY_036,미스틱 위습의 신비한 가루,RootDesk/MyDesk/PlayerInventory.mlua:189,miseutick wiseupof  sinbione  ru,miseu跳 wiseup的 sinbi一 ru,miseuティック wiseupの sinbi1つ ru
MLUA_PLAYERINVENTORY_037,하급 마법책,RootDesk/MyDesk/PlayerInventory.mlua:190,hageup Magicchaek,hageup mabeopchaek,hageup mabeopchaek
MLUA_PLAYERINVENTORY_038,루팡의 바나나,RootDesk/MyDesk/PlayerInventory.mlua:193,rupangof  banana,rupang的 banana,rupangの banana
MLUA_PLAYERINVENTORY_039,재규어의 발톱,RootDesk/MyDesk/PlayerInventory.mlua:194,jaegyueoof  Claw,jaegyueo的 爪,jaegyueoの 爪
MLUA_PLAYERINVENTORY_040,바나나 갈매기의 깃털,RootDesk/MyDesk/PlayerInventory.mlua:195,banana galmaegiof  gisteol,banana galmaegi的 gisteol,banana galmaegiの gisteol
MLUA_PLAYERINVENTORY_041,좀비루팡이 남긴 바나나 껍질,RootDesk/MyDesk/PlayerInventory.mlua:196,jombirupangis  namgin banana Shell,jombirupang namgin banana 外殼,jombirupang namgin banana 殻
MLUA_PLAYERINVENTORY_042,주니어 네키의 가죽,RootDesk/MyDesk/PlayerInventory.mlua:199,Jr. nekiof  Leather,小 neki的 皮革,ジュニア nekiの 革
MLUA_PLAYERINVENTORY_043,리게이터의 가죽,RootDesk/MyDesk/PlayerInventory.mlua:200,rigeis teoof  Leather,rigeteo的 皮革,rigeteoの 革
MLUA_PLAYERINVENTORY_044,크로코의 가죽,RootDesk/MyDesk/PlayerInventory.mlua:201,keuwithkoof  Leather,keu以ko的 皮革,keuでkoの 革
MLUA_PLAYERINVENTORY_045,늪진흙괴물의 진흙,RootDesk/MyDesk/PlayerInventory.mlua:202,neupjinheulkgoemulof  jinheulk,neupjinheulkgoemul的 jinheulk,neupjinheulkgoemulの jinheulk
MLUA_PLAYERINVENTORY_046,새싹진흙괴물의 새싹,RootDesk/MyDesk/PlayerInventory.mlua:203,saessakjinheulkgoemulof  saessak,saessakjinheulkgoemul的 saessak,saessakjinheulkgoemulの saessak
MLUA_PLAYERINVENTORY_047,멜러디의 빗자루,RootDesk/MyDesk/PlayerInventory.mlua:204,melreodiof  bisjaru,melreodi的 bisjaru,melreodiの bisjaru
MLUA_PLAYERINVENTORY_048,스티지의 날개,RootDesk/MyDesk/PlayerInventory.mlua:205,seutijiof  nal,seutiji的 翅膀,seutijiの 翼
MLUA_PLAYERINVENTORY_049,주니어 레이스의 뼈,RootDesk/MyDesk/PlayerInventory.mlua:208,Jr. reis seuof  Bone,小 reseu的 骨頭,ジュニア reseuの 骨
MLUA_PLAYERINVENTORY_050,레이스의 뼈,RootDesk/MyDesk/PlayerInventory.mlua:209,reis seuof  Bone,reseu的 骨頭,reseuの 骨
MLUA_PLAYERINVENTORY_051,스켈독의 뼈,RootDesk/MyDesk/PlayerInventory.mlua:210,seukeldokof  Bone,seukeldok的 骨頭,seukeldokの 骨
MLUA_PLAYERINVENTORY_052,머미독의 붕대,RootDesk/MyDesk/PlayerInventory.mlua:211,meomidokof  bungdae,meomidok的 bungdae,meomidokの bungdae
MLUA_PLAYERINVENTORY_053,쉐도우 듀어러의 결정,RootDesk/MyDesk/PlayerInventory.mlua:215,Shadow dyueoreoof  Crystal,暗影 dyueoreo的 結晶,シャドー dyueoreoの 結晶
MLUA_PLAYERINVENTORY_054,자이언트 쉐도우의 파편,RootDesk/MyDesk/PlayerInventory.mlua:216,jais eonteu Shadowof  papyeon,jaeonteu 暗影的 papyeon,jaeonteu シャドーの papyeon
MLUA_PLAYERINVENTORY_055,쉐도우 블레이드의 그림자 구슬,RootDesk/MyDesk/PlayerInventory.mlua:217,Shadow Bladeof  Shadow guseul,暗影 刀刃的 暗影 guseul,シャドー ブレードの 影 guseul
MLUA_PLAYERINVENTORY_056,오다군 정찰병의 철판,RootDesk/MyDesk/PlayerInventory.mlua:218,odagun jeongchalbyeongof  cheolgames,odagun jeongchalbyeong的 cheol場,odagun jeongchalbyeongの cheol回
MLUA_PLAYERINVENTORY_057,스타픽시의 별조각,RootDesk/MyDesk/PlayerInventory.mlua:225,seuhitspiksiof  byeolFragment,seu擊piksi的 byeol碎片,seuヒットpiksiの byeol欠片
MLUA_PLAYERINVENTORY_058,루나픽시의 달조각,RootDesk/MyDesk/PlayerInventory.mlua:226,runapiksiof  dalFragment,runapiksi的 dal碎片,runapiksiの dal欠片
MLUA_PLAYERINVENTORY_059,네펜데스의 씨앗,RootDesk/MyDesk/PlayerInventory.mlua:227,nependeseuof  Seed,nependeseu的 種子,nependeseuの 種
MLUA_PLAYERINVENTORY_060,러스터픽시의 빛나는 날개,RootDesk/MyDesk/PlayerInventory.mlua:228,reoseuteopiksiof  bichna  nal,reoseuteopiksi的 bichna 翅膀,reoseuteopiksiの bichna 翼
MLUA_PLAYERINVENTORY_061,고스트픽시의 투명한 조각,RootDesk/MyDesk/PlayerInventory.mlua:229,Ghostpiksiof  tu targetsone Fragment,幽靈piksi的 tu個目標一 碎片,ゴーストpiksiの tu体1つ 欠片
MLUA_PLAYERINVENTORY_062,다크네펜데스의 씨앗,RootDesk/MyDesk/PlayerInventory.mlua:230,Darknependeseuof  Seed,暗nependeseu的 種子,ダークnependeseuの 種
MLUA_PLAYERINVENTORY_063,거대네펜데스의 씨앗,RootDesk/MyDesk/PlayerInventory.mlua:234,geodaenependeseuof  Seed,geodaenependeseu的 種子,geodaenependeseuの 種
MLUA_PLAYERINVENTORY_064,샐리온의 꼬리,RootDesk/MyDesk/PlayerInventory.mlua:241,saelrionof  Tail,saelrion的 尾巴,saelrionの 尻尾
MLUA_PLAYERINVENTORY_065,라이오너의 꼬리,RootDesk/MyDesk/PlayerInventory.mlua:242,rais oneoof  Tail,raoneo的 尾巴,raoneoの 尻尾
MLUA_PLAYERINVENTORY_066,루이넬의 꼬리,RootDesk/MyDesk/PlayerInventory.mlua:243,ruis nelof  Tail,runel的 尾巴,runelの 尻尾
MLUA_PLAYERINVENTORY_067,저빌의 치아,RootDesk/MyDesk/PlayerInventory.mlua:244,jeobilof  Tooth,jeobil的 牙齒,jeobilの 歯
MLUA_PLAYERINVENTORY_068,골든 저빌의 망토,RootDesk/MyDesk/PlayerInventory.mlua:245,Golden jeobilof  Cloak,黃金 jeobil的 披風,ゴールデン jeobilの マント
MLUA_PLAYERINVENTORY_069,페넥의 창,RootDesk/MyDesk/PlayerInventory.mlua:246,penekof  chang,penek的 chang,penekの chang
MLUA_PLAYERINVENTORY_070,골든 페넥의 방패,RootDesk/MyDesk/PlayerInventory.mlua:247,Golden penekof  bangpae,黃金 penek的 bangpae,ゴールデン penekの bangpae
MLUA_PLAYERINVENTORY_071,스코피의 투구,RootDesk/MyDesk/PlayerInventory.mlua:248,seukopiof  Helmet,seukopi的 頭盔,seukopiの ヘルム
MLUA_PLAYERINVENTORY_072,골든 스코피의 투구,RootDesk/MyDesk/PlayerInventory.mlua:249,Golden seukopiof  Helmet,黃金 seukopi的 頭盔,ゴールデン seukopiの ヘルム
MLUA_PLAYERINVENTORY_073,맘무트의 꼬리,RootDesk/MyDesk/PlayerInventory.mlua:250,mammuteuof  Tail,mammuteu的 尾巴,mammuteuの 尻尾
MLUA_PLAYERINVENTORY_074,골든 맘무트의 상아,RootDesk/MyDesk/PlayerInventory.mlua:251,Golden mammuteuof  sanga,黃金 mammuteu的 sanga,ゴールデン mammuteuの sanga
MLUA_PLAYERINVENTORY_075,주니어 샐리온의 불꽃 구슬,RootDesk/MyDesk/PlayerInventory.mlua:254,Jr. saelrionof  bulkkoch guseul,小 saelrion的 bulkkoch guseul,ジュニア saelrionの bulkkoch guseul
MLUA_PLAYERINVENTORY_076,주니어 라이오너의 번개 주화,RootDesk/MyDesk/PlayerInventory.mlua:255,Jr. rais oneoof  beon juhwa,小 raoneo的 閃電 juhwa,ジュニア raoneoの 雷 juhwa
MLUA_PLAYERINVENTORY_077,주니어 그류핀의 얼음 돌,RootDesk/MyDesk/PlayerInventory.mlua:256,Jr. geuryupinof  Ice dol,小 geuryupin的 冰 dol,ジュニア geuryupinの 氷 dol
MLUA_PLAYERINVENTORY_078,주니어 루이넬의 보랏빛 주화,RootDesk/MyDesk/PlayerInventory.mlua:257,Jr. ruis nelof  borasbich juhwa,小 runel的 borasbich juhwa,ジュニア runelの borasbich juhwa
MLUA_PLAYERINVENTORY_079,트라고스의 돌조각,RootDesk/MyDesk/PlayerInventory.mlua:258,teuragoseuof  Stone Fragment,teuragoseu的 dol碎片,teuragoseuの dol欠片
MLUA_PLAYERINVENTORY_080,캐피바라의 황금 결정,RootDesk/MyDesk/PlayerInventory.mlua:259,kaepibaraof  hwanggeum Crystal,kaepibara的 hwanggeum 結晶,kaepibaraの hwanggeum 結晶
MLUA_PLAYERINVENTORY_081,발광 박쥐의 날개,RootDesk/MyDesk/PlayerInventory.mlua:263,shotsgwang bakjwiof  nal,發gwang bakjwi的 翅膀,発gwang bakjwiの 翼
MLUA_PLAYERINVENTORY_082,불안정한 에르다스의 정수,RootDesk/MyDesk/PlayerInventory.mlua:267,bulanjeongone in reudaseuof  Essence,bulanjeong一 在reudaseu的 精髓,bulanjeong1つ にreudaseuの エッセンス
MLUA_PLAYERINVENTORY_083,알 수 없는 티켓,RootDesk/MyDesk/PlayerInventory.mlua:269 | RootDesk/MyDesk/UI/ShadowShopUI.mlua:40 | /ui/ShadowShopGroup/Panel/List/Item2/NameText,al can None tikes,al 可以 沒有 tikes,al 可能 なし tikes
MLUA_PLAYERINVENTORY_084,알 수 없는 열쇠,RootDesk/MyDesk/PlayerInventory.mlua:273,al can None yeolsoe,al 可以 沒有 yeolsoe,al 可能 なし yeolsoe
MLUA_PLAYERINVENTORY_085,알 수 없는 메달,RootDesk/MyDesk/PlayerInventory.mlua:278,al can None medal,al 可以 沒有 medal,al 可能 なし medal
MLUA_PLAYERINVENTORY_086,검투사의 증표,RootDesk/MyDesk/PlayerInventory.mlua:285,geomtusaof  jeungpyo,geomtusa的 jeungpyo,geomtusaの jeungpyo
MLUA_PLAYERINVENTORY_087,리티의 털뭉치,RootDesk/MyDesk/PlayerInventory.mlua:293,ritiof  teolmungchi,riti的 teolmungchi,ritiの teolmungchi
MLUA_PLAYERINVENTORY_088,다크 리티의 털뭉치,RootDesk/MyDesk/PlayerInventory.mlua:294,Dark ritiof  teolmungchi,暗 riti的 teolmungchi,ダーク ritiの teolmungchi
MLUA_PLAYERINVENTORY_089,뻣뻣한 깃털,RootDesk/MyDesk/PlayerInventory.mlua:295,ppeosppeosone gisteol,ppeosppeos一 gisteol,ppeosppeos1つ gisteol
MLUA_PLAYERINVENTORY_090,눈덩이,RootDesk/MyDesk/PlayerInventory.mlua:296,nundeongis,nundeong,nundeong
MLUA_PLAYERINVENTORY_091,다크 주니어 예티의 가죽,RootDesk/MyDesk/PlayerInventory.mlua:297,Dark Jr. yetiof  Leather,暗 小 yeti的 皮革,ダーク ジュニア yetiの 革
MLUA_PLAYERINVENTORY_092,페페 코인,RootDesk/MyDesk/PlayerInventory.mlua:298,Pepe Coin,企鵝 硬幣,ペペ コイン
MLUA_PLAYERINVENTORY_093,다크 페페의 부리,RootDesk/MyDesk/PlayerInventory.mlua:299,Dark Pepeof  buri,暗 企鵝的 buri,ダーク ペペの buri
MLUA_PLAYERINVENTORY_094,헥터의 꼬리,RootDesk/MyDesk/PlayerInventory.mlua:300,hekteoof  Tail,hekteo的 尾巴,hekteoの 尻尾
MLUA_PLAYERINVENTORY_095,화이트팽의 꼬리,RootDesk/MyDesk/PlayerInventory.mlua:301,hwais teupaengof  Tail,hwateupaeng的 尾巴,hwateupaengの 尻尾
MLUA_PLAYERINVENTORY_096,생크림,RootDesk/MyDesk/PlayerInventory.mlua:302,saengkeurim,saengkeurim,saengkeurim
MLUA_PLAYERINVENTORY_097,젤라틴,RootDesk/MyDesk/PlayerInventory.mlua:309,jelratin,jelratin,jelratin
MLUA_PLAYERINVENTORY_098,예티의 뿔,RootDesk/MyDesk/PlayerInventory.mlua:310,yetiof  Horn,yeti的 角,yetiの 角
MLUA_PLAYERINVENTORY_099,다크 예티의 뿔,RootDesk/MyDesk/PlayerInventory.mlua:311,Dark yetiof  Horn,暗 yeti的 角,ダーク yetiの 角
MLUA_PLAYERINVENTORY_100,얼음 조각,RootDesk/MyDesk/PlayerInventory.mlua:312,Ice Fragment,冰 碎片,氷 欠片
MLUA_PLAYERINVENTORY_101,차가운 얼음조각,RootDesk/MyDesk/PlayerInventory.mlua:313,cha un IceFragment,chaun 冰碎片,chaun 氷欠片
MLUA_PLAYERINVENTORY_102,웨어울프의 발톱,RootDesk/MyDesk/PlayerInventory.mlua:319,weeoulpeuof  Claw,weeoulpeu的 爪,weeoulpeuの 爪
MLUA_PLAYERINVENTORY_103,라이칸스로프의 발톱,RootDesk/MyDesk/PlayerInventory.mlua:320,rais kanseuwithpeuof  Claw,rakanseu以peu的 爪,rakanseuでpeuの 爪
MLUA_PLAYERINVENTORY_104,눈송이 결정,RootDesk/MyDesk/PlayerInventory.mlua:321,nunsongis  Crystal,nunsong 結晶,nunsong 結晶
MLUA_PLAYERINVENTORY_105,플라이아이의 눈알,RootDesk/MyDesk/PlayerInventory.mlua:322,peulrais ais of  nunal,peulraa的 nunal,peulraaの nunal
MLUA_PLAYERINVENTORY_106,레인디어의 뿔,RootDesk/MyDesk/PlayerInventory.mlua:328,reindieoof  Horn,reindieo的 角,reindieoの 角
MLUA_PLAYERINVENTORY_107,블러드 레인디어의 방울,RootDesk/MyDesk/PlayerInventory.mlua:329,beulreodeu reindieoof  Bell,beulreodeu reindieo的 bangul,beulreodeu reindieoの bangul
MLUA_PLAYERINVENTORY_108,좀비의 잃어버린 어금니,RootDesk/MyDesk/PlayerInventory.mlua:335,jombiof  ilheobeorin eogeumni,jombi的 ilheobeorin eogeumni,jombiの ilheobeorin eogeumni
MLUA_PLAYERINVENTORY_109,좀비의 잃어버린 금니,RootDesk/MyDesk/PlayerInventory.mlua:336,jombiof  ilheobeorin geumni,jombi的 ilheobeorin geumni,jombiの ilheobeorin geumni
MLUA_PLAYERINVENTORY_110,미믹의 유리병,RootDesk/MyDesk/PlayerInventory.mlua:338,mimikof  yuribyeong,mimik的 yuribyeong,mimikの yuribyeong
MLUA_PLAYERINVENTORY_111,초대권,RootDesk/MyDesk/PlayerInventory.mlua:344,sdaegwon,秒daegwon,秒daegwon
MLUA_PLAYERINVENTORY_112,자격의 증표,RootDesk/MyDesk/PlayerInventory.mlua:348,jagyeokof  jeungpyo,jagyeok的 jeungpyo,jagyeokの jeungpyo
MLUA_RAIDLOGIC_001,캐릭터들이 부활했어요! 다시 보스를 공격합니다,RootDesk/MyDesk/Raid/RaidLogic.mlua:410,Characterdeulis  buhwalhaesseoyo! Again Boss  Attackhapnida,角色deul buhwalhaesseoyo! 再次 首領 攻擊hapnida,キャラクターdeul buhwalhaesseoyo! 再度 ボス 攻撃hapnida
MLUA_RAIDLOGIC_005,지금은 받을 수 있는 레이드 보상이 없어요,RootDesk/MyDesk/Raid/RaidLogic.mlua:731,jigeum  receive can iss  Raid Rewardis  none,jigeum 獲得 可以 iss 突襲 獎勵 沒有,jigeum 受け取る 可能 iss レイド 報酬 ありません
MLUA_RAIDTUTORIALUI_001,레이드가 생성되었습니다!,RootDesk/MyDesk/Raid/RaidTutorialUI.mlua:70 | /ui/TitleGroup/RaidUnlockBanner,Raid  saengseongdoeeossseupnida!,突襲 saengseongdoeeossseupnida!,レイド saengseongdoeeossseupnida!
MLUA_RAIDUI_001,보스 체력,RootDesk/MyDesk/Raid/RaidUI.mlua:275 | /ui/RaidGroup/HpBack/HpText,Boss HP,首領 生命值,ボス HP
MLUA_RAIDUI_002,정산 중,RootDesk/MyDesk/Raid/RaidUI.mlua:286,jeongsan during,jeongsan 期間,jeongsan 中
MLUA_RANKUI_001,기록 없음,RootDesk/MyDesk/UI/RankUI.mlua:229,No records,沒有紀錄,記録なし
MLUA_RANKUI_003,집계 중,RootDesk/MyDesk/UI/RankUI.mlua:247,jipgye during,jipgye 期間,jipgye 中
MLUA_RANKUI_004,모험가,RootDesk/MyDesk/UI/RankUI.mlua:287,Adventurer,冒險家,冒険者
MLUA_RELICINVENTORY_001,시그너스의 손수건,RootDesk/MyDesk/Relic/RelicInventory.mlua:56 | /ui/TitleGroup/RelicPanel/ScrollArea/List/RelicSlot_0/Name,sigeuneoseuof  soncangeon,sigeuneoseu的 son可以geon,sigeuneoseuの son可能geon
MLUA_RELICINVENTORY_002,만년설화,RootDesk/MyDesk/Relic/RelicInventory.mlua:56 | /ui/TitleGroup/RelicPanel/ScrollArea/List/RelicSlot_1/Name,mannyeonseolhwa,mannyeonseolhwa,mannyeonseolhwa
MLUA_RELICINVENTORY_003,시몬수의자,RootDesk/MyDesk/Relic/RelicInventory.mlua:56 | /ui/TitleGroup/RelicPanel/ScrollArea/List/RelicSlot_2/Name,simoncanof ja,simon可以的ja,simon可能のja
MLUA_RELICINVENTORY_004,룬,RootDesk/MyDesk/Relic/RelicInventory.mlua:56 | /ui/TitleGroup/RelicPanel/ScrollArea/List/RelicSlot_3/Name,run,run,run
MLUA_RELICINVENTORY_005,봉인된 오브,RootDesk/MyDesk/Relic/RelicInventory.mlua:56 | /ui/TitleGroup/RelicPanel/ScrollArea/List/RelicSlot_4/Name,bongindoen obeu,bongindoen obeu,bongindoen obeu
MLUA_RELICINVENTORY_006,지혜의 항아리,RootDesk/MyDesk/Relic/RelicInventory.mlua:56 | /ui/TitleGroup/RelicPanel/ScrollArea/List/RelicSlot_5/Name,jihyeof  hangari,jihye的 hangari,jihyeの hangari
MLUA_RELICINVENTORY_007,에오스의 돌,RootDesk/MyDesk/Relic/RelicInventory.mlua:57 | /ui/TitleGroup/RelicPanel/ScrollArea/List/RelicSlot_6/Name,in oseuof  dol,在oseu的 dol,にoseuの dol
MLUA_RELICINVENTORY_008,황금 카드,RootDesk/MyDesk/Relic/RelicInventory.mlua:57 | /ui/TitleGroup/RelicPanel/ScrollArea/List/RelicSlot_7/Name,hwanggeum Card,hwanggeum 卡片,hwanggeum カード
MLUA_RELICINVENTORY_009,성배,RootDesk/MyDesk/Relic/RelicInventory.mlua:57 | /ui/TitleGroup/RelicPanel/ScrollArea/List/RelicSlot_8/Name,seongbae,seongbae,seongbae
MLUA_RELICINVENTORY_010,힘의 마법석,RootDesk/MyDesk/Relic/RelicInventory.mlua:57 | /ui/TitleGroup/RelicPanel/ScrollArea/List/RelicSlot_9/Name,himof  Magicseok,him的 mabeopseok,himの mabeopseok
MLUA_RELICINVENTORY_011,수리검,RootDesk/MyDesk/Relic/RelicInventory.mlua:57 | /ui/TitleGroup/RelicPanel/ScrollArea/List/RelicSlot_10/Name,canrigeom,可以rigeom,可能rigeom
MLUA_RELICINVENTORY_012,낡은 피아노,RootDesk/MyDesk/Relic/RelicInventory.mlua:57 | /ui/TitleGroup/RelicPanel/ScrollArea/List/RelicSlot_11/Name,nalk  piano,nalk piano,nalk piano
MLUA_RELICINVENTORY_013,무닌,RootDesk/MyDesk/Relic/RelicInventory.mlua:58 | /ui/TitleGroup/RelicPanel/ScrollArea/List/RelicSlot_12/Name,munin,munin,munin
MLUA_RELICINVENTORY_014,자수정,RootDesk/MyDesk/Relic/RelicInventory.mlua:58 | /ui/TitleGroup/RelicPanel/ScrollArea/List/RelicSlot_13/Name,jacanjeong,ja可以jeong,ja可能jeong
MLUA_RELICINVENTORY_015,소행성,RootDesk/MyDesk/Relic/RelicInventory.mlua:58 | /ui/TitleGroup/RelicPanel/ScrollArea/List/RelicSlot_14/Name,sohaengseong,sohaengseong,sohaengseong
MLUA_RELICINVENTORY_016,팬더 허수아비,RootDesk/MyDesk/Relic/RelicInventory.mlua:58 | /ui/TitleGroup/RelicPanel/ScrollArea/List/RelicSlot_15/Name,paenmore heocanabi,paen更多 heo可以abi,paenさらに heo可能abi
MLUA_RELICINVENTORY_017,복주머니,RootDesk/MyDesk/Relic/RelicInventory.mlua:58 | /ui/TitleGroup/RelicPanel/ScrollArea/List/RelicSlot_16/Name,bokjumeoni,bokjumeoni,bokjumeoni
MLUA_RELICINVENTORY_018,검은 방패,RootDesk/MyDesk/Relic/RelicInventory.mlua:58 | /ui/TitleGroup/RelicPanel/ScrollArea/List/RelicSlot_17/Name,geom  bangpae,geom bangpae,geom bangpae
MLUA_RELICINVENTORY_019,기본 공격력,RootDesk/MyDesk/Relic/RelicInventory.mlua:313,Basic Attackryeok,基本 攻擊ryeok,基本 攻撃ryeok
MLUA_RELICINVENTORY_020,기본 공격 속도,RootDesk/MyDesk/Relic/RelicInventory.mlua:314,Basic Attack sokdo,基本 攻擊 sokdo,基本 攻撃 sokdo
MLUA_RELICINVENTORY_021,상태이상 지속 시간,RootDesk/MyDesk/Relic/RelicInventory.mlua:315,sangtaeis sang Duration time,sangtaesang 持續 時間,sangtaesang 持続 時間
MLUA_RELICINVENTORY_022,보스에게 가하는 피해,RootDesk/MyDesk/Relic/RelicInventory.mlua:316,Bossin ge  ha  Damage,首領在ge ha 傷害,ボスにge ha ダメージ
MLUA_RELICINVENTORY_023,스킬 피해량,RootDesk/MyDesk/Relic/RelicInventory.mlua:317,Skill Damage,技能 傷害,スキル ダメージ
MLUA_RELICINVENTORY_024,스킬 쿨타임 감소,RootDesk/MyDesk/Relic/RelicInventory.mlua:318,Skill Cooldown Reduction,技能 冷卻時間 減少,スキル クールタイム 減少
MLUA_RELICINVENTORY_025,적 이동 속도 감소,RootDesk/MyDesk/Relic/RelicInventory.mlua:319,Enemy Move sokdo Reduction,敵人 移動 sokdo 減少,敵 移動 sokdo 減少
MLUA_RELICINVENTORY_026,보스 스킬 드롭율,RootDesk/MyDesk/Relic/RelicInventory.mlua:320,Boss Skill deuropyul,首領 技能 deuropyul,ボス スキル deuropyul
MLUA_RELICINVENTORY_027,골드 획득,RootDesk/MyDesk/Relic/RelicInventory.mlua:321,Gold Obtain,金幣 獲得,ゴールド 獲得
MLUA_RELICINVENTORY_028,상태이상 적에게 주는 피해,RootDesk/MyDesk/Relic/RelicInventory.mlua:322,sangtaeis sang Enemyin ge ju  Damage,sangtaesang 敵人在ge ju 傷害,sangtaesang 敵にge ju ダメージ
MLUA_RELICINVENTORY_029,치명타 시 2배 코인 확률,RootDesk/MyDesk/Relic/RelicInventory.mlua:323,2x Coin chance on critical hit,暴擊時獲得2倍硬幣的機率,クリティカル時にコインを2倍獲得する確率
MLUA_RELICINVENTORY_030,경험치 획득,RootDesk/MyDesk/Relic/RelicInventory.mlua:324,gyeongheomchi Obtain,gyeongheomchi 獲得,gyeongheomchi 獲得
MLUA_RELICINVENTORY_031,크리티컬 피해,RootDesk/MyDesk/Relic/RelicInventory.mlua:325,Critical Damage,暴擊 傷害,クリティカル ダメージ
MLUA_RELICINVENTORY_032,크리티컬 확률,RootDesk/MyDesk/Relic/RelicInventory.mlua:326,Critical Chance,暴擊 機率,クリティカル 確率
MLUA_RELICINVENTORY_033,포션 회복량,RootDesk/MyDesk/Relic/RelicInventory.mlua:327,Potion Restoreryang,藥水 恢復ryang,ポーション 回復ryang
MLUA_RELICINVENTORY_034,체력 10% 미만 시 무적,RootDesk/MyDesk/Relic/RelicInventory.mlua:328,Become invincible when HP is below 10%,HP低於10%時無敵,HPが10%未満になると無敵
MLUA_RELICINVENTORY_035,포션 드롭율,RootDesk/MyDesk/Relic/RelicInventory.mlua:329,Potion Drop Rate,藥水掉落率,ポーションドロップ率
MLUA_RELICINVENTORY_036,몬스터에게 입는 피해 감소,RootDesk/MyDesk/Relic/RelicInventory.mlua:330,Monsterin ge ip  Damage Reduction,怪物在ge ip 傷害 減少,モンスターにge ip ダメージ 減少
MLUA_RELICINVENTORY_037,알 수 없는 효과,RootDesk/MyDesk/Relic/RelicInventory.mlua:331,Unknown Effect,未知效果,不明な効果
MLUA_RELICUI_001,미보유,RootDesk/MyDesk/UI/RelicUI.mlua:140,Not owned,未持有,未所持
MLUA_RELICUPGRADEUI_003,최대 레벨입니다,RootDesk/MyDesk/Relic/RelicUpgradeUI.mlua:96 | RootDesk/MyDesk/Skill/SkillUpgradeUI.mlua:103,Max Levelipnida,最大 等級ipnida,最大 レベルipnida
MLUA_RUNSTARTCONFIRMUI_002,"자리가 없는 아이템은 사라져요.
그래도 시작할까요?",RootDesk/MyDesk/UI/RunStartConfirmUI.mlua:80 | /ui/RunStartConfirmGroup/Panel/SubMessage,"space None Item  will disappear.
even so Startcankkayo?","空間 沒有 道具 會消失.
即使如此 開始可以kkayo?","空きが なし アイテム 消えます.
それでも 開始できるkkayo?"
MLUA_SHADOWSHOPUI_001,엘릭서 포션,RootDesk/MyDesk/UI/ShadowShopUI.mlua:39 | /ui/ShadowShopGroup/Panel/List/Item1/NameText,Elixir Potion,秘藥 藥水,エリクサー ポーション
MLUA_SHADOWSHOPUI_002,스킬 레벨이 최대치입니다!,RootDesk/MyDesk/UI/ShadowShopUI.mlua:54,Skill Levelis  Maxchiipnida!,技能 等級 最大chiipnida!,スキル レベル 最大chiipnida!
MLUA_SHADOWSHOPUI_003,매진,RootDesk/MyDesk/UI/ShadowShopUI.mlua:310 | RootDesk/MyDesk/UI/ShadowShopUI.mlua:331,Sold Out,售罄,売り切れ
MLUA_SHADOWSHOPUI_004,구매 완료!,RootDesk/MyDesk/UI/ShadowShopUI.mlua:786 | /ui/ShadowShopGroup/Panel/PurchaseToastText,Buy Complete!,購買完成!,購入完了!
MLUA_SHOPPURCHASELOGIC_001,스타터 패키지,RootDesk/MyDesk/UI/ShopPurchaseLogic.mlua:30 | /ui/GameOverGroup/DiaShop/Panel/ScrollArea/List/ProductCard_0/NameText | /ui/TitleGroup/ShopPanel/ScrollArea/List/ProductCard_0/NameText,seuhitsteo paekiji,seu擊teo paekiji,seuヒットteo paekiji
MLUA_SHOPPURCHASELOGIC_002,"다이아 500
구미호 대미지 스킨",RootDesk/MyDesk/UI/ShopPurchaseLogic.mlua:30,"Diamond 500
gumiho Damage seukin","鑽石 500
gumiho 傷害 seukin","ダイヤ 500
gumiho ダメージ seukin"
MLUA_SHOPPURCHASELOGIC_003,160 코인,RootDesk/MyDesk/UI/ShopPurchaseLogic.mlua:30,160 Coin,160 硬幣,160 コイン
MLUA_SHOPPURCHASELOGIC_004,1회 한정,RootDesk/MyDesk/UI/ShopPurchaseLogic.mlua:30 | /ui/GameOverGroup/DiaShop/Panel/ScrollArea/List/ProductCard_0/BonusBadge/BadgeText | /ui/TitleGroup/ShopPanel/ScrollArea/List/ProductCard_0/BonusBadge/BadgeText,One-time only,限購一次,1回限定
MLUA_SHOPPURCHASELOGIC_005,다이아 300,RootDesk/MyDesk/UI/ShopPurchaseLogic.mlua:31 | /ui/GameOverGroup/DiaShop/Panel/ScrollArea/List/ProductCard_1/NameText | /ui/TitleGroup/ShopPanel/ScrollArea/List/ProductCard_1/NameText,Diamond 300,鑽石 300,ダイヤ 300
MLUA_SHOPPURCHASELOGIC_006,440 코인,RootDesk/MyDesk/UI/ShopPurchaseLogic.mlua:31,440 Coin,440 硬幣,440 コイン
MLUA_SHOPPURCHASELOGIC_007,다이아 600,RootDesk/MyDesk/UI/ShopPurchaseLogic.mlua:32 | /ui/GameOverGroup/DiaShop/Panel/ScrollArea/List/ProductCard_2/NameText | /ui/TitleGroup/ShopPanel/ScrollArea/List/ProductCard_2/NameText,Diamond 600,鑽石 600,ダイヤ 600
MLUA_SHOPPURCHASELOGIC_008,880 코인,RootDesk/MyDesk/UI/ShopPurchaseLogic.mlua:32,880 Coin,880 硬幣,880 コイン
MLUA_SHOPPURCHASELOGIC_009,"다이아 1,300",RootDesk/MyDesk/UI/ShopPurchaseLogic.mlua:33 | /ui/GameOverGroup/DiaShop/Panel/ScrollArea/List/ProductCard_3/NameText | /ui/TitleGroup/ShopPanel/ScrollArea/List/ProductCard_3/NameText,"Diamond 1,300","鑽石 1,300","ダイヤ 1,300"
MLUA_SHOPPURCHASELOGIC_010,보너스 100 포함,RootDesk/MyDesk/UI/ShopPurchaseLogic.mlua:33 | /ui/GameOverGroup/DiaShop/Panel/ScrollArea/List/ProductCard_3/DescText | /ui/TitleGroup/ShopPanel/ScrollArea/List/ProductCard_3/DescText,Bonus 100 poham,加成 100 poham,ボーナス 100 poham
MLUA_SHOPPURCHASELOGIC_011,"1,760 코인",RootDesk/MyDesk/UI/ShopPurchaseLogic.mlua:33,"1,760 Coin","1,760 硬幣","1,760 コイン"
MLUA_SHOPPURCHASELOGIC_012,"다이아 2,800",RootDesk/MyDesk/UI/ShopPurchaseLogic.mlua:34 | /ui/GameOverGroup/DiaShop/Panel/ScrollArea/List/ProductCard_4/NameText | /ui/TitleGroup/ShopPanel/ScrollArea/List/ProductCard_4/NameText,"Diamond 2,800","鑽石 2,800","ダイヤ 2,800"
MLUA_SHOPPURCHASELOGIC_013,보너스 300 포함,RootDesk/MyDesk/UI/ShopPurchaseLogic.mlua:34 | /ui/GameOverGroup/DiaShop/Panel/ScrollArea/List/ProductCard_4/DescText | /ui/TitleGroup/ShopPanel/ScrollArea/List/ProductCard_4/DescText,Bonus 300 poham,加成 300 poham,ボーナス 300 poham
MLUA_SHOPPURCHASELOGIC_014,"3,480 코인",RootDesk/MyDesk/UI/ShopPurchaseLogic.mlua:34,"3,480 Coin","3,480 硬幣","3,480 コイン"
MLUA_SHOPPURCHASELOGIC_015,"다이아 6,500",RootDesk/MyDesk/UI/ShopPurchaseLogic.mlua:35 | /ui/GameOverGroup/DiaShop/Panel/ScrollArea/List/ProductCard_5/NameText | /ui/GameOverGroup/DiaShop/Panel/ScrollArea/List/ProductCard_6/NameText | /ui/TitleGroup/ShopPanel/ScrollArea/List/ProductCard_5/NameText | /ui/TitleGroup/ShopPanel/ScrollArea/List/ProductCard_6/NameText,"Diamond 6,500","鑽石 6,500","ダイヤ 6,500"
MLUA_SHOPPURCHASELOGIC_016,"보너스 1,100 포함",RootDesk/MyDesk/UI/ShopPurchaseLogic.mlua:35 | /ui/GameOverGroup/DiaShop/Panel/ScrollArea/List/ProductCard_5/DescText | /ui/GameOverGroup/DiaShop/Panel/ScrollArea/List/ProductCard_6/DescText | /ui/TitleGroup/ShopPanel/ScrollArea/List/ProductCard_5/DescText | /ui/TitleGroup/ShopPanel/ScrollArea/List/ProductCard_6/DescText,"Bonus 1,100 poham","加成 1,100 poham","ボーナス 1,100 poham"
MLUA_SHOPPURCHASELOGIC_017,"7,880 코인",RootDesk/MyDesk/UI/ShopPurchaseLogic.mlua:35,"7,880 Coin","7,880 硬幣","7,880 コイン"
MLUA_SHOPPURCHASELOGIC_018,"다이아 8,500",RootDesk/MyDesk/UI/ShopPurchaseLogic.mlua:39,"Diamond 8,500","鑽石 8,500","ダイヤ 8,500"
MLUA_SHOPPURCHASELOGIC_019,"보너스 1,700 포함",RootDesk/MyDesk/UI/ShopPurchaseLogic.mlua:39,"Bonus 1,700 poham","加成 1,700 poham","ボーナス 1,700 poham"
MLUA_SHOPPURCHASELOGIC_020,"10,000 코인",RootDesk/MyDesk/UI/ShopPurchaseLogic.mlua:39,"10,000 Coin","10,000 硬幣","10,000 コイン"
MLUA_SHOPUI_001,장착중,RootDesk/MyDesk/UI/ShopUI.mlua:127 | RootDesk/MyDesk/UIItemSlot.mlua:301,jangchakduring,jangchak期間,jangchak中
MLUA_SHOPUI_002,장착하기,RootDesk/MyDesk/UI/ShopUI.mlua:130,jangchakhagi,jangchakhagi,jangchakhagi
MLUA_SHOPUI_003,스타터팩 전용,RootDesk/MyDesk/UI/ShopUI.mlua:132,seuhitsteopaek jeonyong,seu擊teopaek jeonyong,seuヒットteopaek jeonyong
MLUA_SHOPUI_004,스타터 패키지에서만 얻을 수 있어요,RootDesk/MyDesk/UI/ShopUI.mlua:166,seuhitsteo paekijiinman eot  can Available,seu擊teo paekiji在man eot 可以 有,seuヒットteo paekijiでman eot 可能 あります
MLUA_SHOPUI_005,이미 구매한 상품입니다,RootDesk/MyDesk/UI/ShopUI.mlua:341,Already Buyone sangpumipnida,已經 購買一 sangpumipnida,すでに 購入1つ sangpumipnida
MLUA_SKILLINVENTORY_001,포션,RootDesk/MyDesk/SkillInventory.mlua:42,Potion,藥水,ポーション
MLUA_SKILLINVENTORY_002,에로우 일루전,RootDesk/MyDesk/SkillInventory.mlua:72 | /ui/TitleGroup/SkillPanel/ScrollArea/List/SkillSlot_28/Name,Arrow ilrujeon,箭矢 ilrujeon,アロー ilrujeon
MLUA_SKILLUPGRADEUI_002,다음 효과 상승 구간(Lv3/6/9)까지의 축적 단계 (효과 없음),RootDesk/MyDesk/Skill/SkillUpgradeUI.mlua:133,Accumulation stage up to the next effect increase threshold (Lv3/6/9) (no effect),累積至下一個效果提升區間（Lv3/6/9）的階段（無效果）,次の効果上昇区間（Lv3/6/9）までの蓄積段階（効果なし）
MLUA_SKILLUPGRADEUI_003,전체 쿨타임 2% 감소,RootDesk/MyDesk/Skill/SkillUpgradeUI.mlua:136,All Cooldown 2% Reduction,全部 冷卻時間 2% 減少,全体 クールタイム 2% 減少
MLUA_SKILLUPGRADEUI_004,전체 쿨타임 4% 감소,RootDesk/MyDesk/Skill/SkillUpgradeUI.mlua:137,All Cooldown 4% Reduction,全部 冷卻時間 4% 減少,全体 クールタイム 4% 減少
MLUA_SKILLUPGRADEUI_005,전체 쿨타임 6% 감소,RootDesk/MyDesk/Skill/SkillUpgradeUI.mlua:138,All Cooldown 6% Reduction,全部 冷卻時間 6% 減少,全体 クールタイム 6% 減少
MLUA_SKILLUPGRADEUI_006,회복량 5% 증가,RootDesk/MyDesk/Skill/SkillUpgradeUI.mlua:140 | RootDesk/MyDesk/Skill/SkillUpgradeUI.mlua:374,Restoreryang 5% Increase,恢復ryang 5% 增加,回復ryang 5% 増加
MLUA_SKILLUPGRADEUI_007,회복량 7% 증가,RootDesk/MyDesk/Skill/SkillUpgradeUI.mlua:141 | RootDesk/MyDesk/Skill/SkillUpgradeUI.mlua:375,Restoreryang 7% Increase,恢復ryang 7% 增加,回復ryang 7% 増加
MLUA_SKILLUPGRADEUI_008,회복량 9% 증가,RootDesk/MyDesk/Skill/SkillUpgradeUI.mlua:142 | RootDesk/MyDesk/Skill/SkillUpgradeUI.mlua:376,Restoreryang 9% Increase,恢復ryang 9% 增加,回復ryang 9% 増加
MLUA_SKILLUPGRADEUI_009,받는 피해 3% 감소,RootDesk/MyDesk/Skill/SkillUpgradeUI.mlua:144,received Damage 3% Reduction,受到 傷害 3% 減少,受ける ダメージ 3% 減少
MLUA_SKILLUPGRADEUI_010,받는 피해 6% 감소,RootDesk/MyDesk/Skill/SkillUpgradeUI.mlua:145,received Damage 6% Reduction,受到 傷害 6% 減少,受ける ダメージ 6% 減少
MLUA_SKILLUPGRADEUI_011,받는 피해 9% 감소,RootDesk/MyDesk/Skill/SkillUpgradeUI.mlua:146,received Damage 9% Reduction,受到 傷害 9% 減少,受ける ダメージ 9% 減少
MLUA_SKILLUPGRADEUI_012,대미지 10% 증가,RootDesk/MyDesk/Skill/SkillUpgradeUI.mlua:148 | RootDesk/MyDesk/Skill/SkillUpgradeUI.mlua:152 | RootDesk/MyDesk/Skill/SkillUpgradeUI.mlua:156 | RootDesk/MyDesk/Skill/SkillUpgradeUI.mlua:160 | RootDesk/MyDesk/Skill/SkillUpgradeUI.mlua:164,Damage 10% Increase,傷害 10% 增加,ダメージ 10% 増加
MLUA_SKILLUPGRADEUI_013,스턴 지속시간 1초 증가,RootDesk/MyDesk/Skill/SkillUpgradeUI.mlua:149,Stun Duration 1s Increase,暈眩 持續時間 1秒 增加,スタン 持続時間 1秒 増加
MLUA_SKILLUPGRADEUI_014,스턴 확률 10% 증가,RootDesk/MyDesk/Skill/SkillUpgradeUI.mlua:150 | RootDesk/MyDesk/Skill/SkillUpgradeUI.mlua:194,Stun Chance 10% Increase,暈眩 機率 10% 增加,スタン 確率 10% 増加
MLUA_SKILLUPGRADEUI_015,쿨타임 5% 감소,RootDesk/MyDesk/Skill/SkillUpgradeUI.mlua:153 | RootDesk/MyDesk/Skill/SkillUpgradeUI.mlua:157 | RootDesk/MyDesk/Skill/SkillUpgradeUI.mlua:161 | RootDesk/MyDesk/Skill/SkillUpgradeUI.mlua:165 | RootDesk/MyDesk/Skill/SkillUpgradeUI.mlua:181,Cooldown 5% Reduction,冷卻時間 5% 減少,クールタイム 5% 減少
MLUA_SKILLUPGRADEUI_016,20% 확률로 빙결 스택 +1,RootDesk/MyDesk/Skill/SkillUpgradeUI.mlua:154,20% Chancewith Freeze Stack +1,20% 機率以 冰凍 層數 +1,20% 確率で 凍結 スタック +1
MLUA_SKILLUPGRADEUI_017,출혈 대미지 2% 증가,RootDesk/MyDesk/Skill/SkillUpgradeUI.mlua:158,Bleed Damage 2% Increase,流血 傷害 2% 增加,出血 ダメージ 2% 増加
MLUA_SKILLUPGRADEUI_018,크리티컬 확률 5% 증가,RootDesk/MyDesk/Skill/SkillUpgradeUI.mlua:162 | RootDesk/MyDesk/Skill/SkillUpgradeUI.mlua:166 | RootDesk/MyDesk/Skill/SkillUpgradeUI.mlua:190,Critical Chance 5% Increase,暴擊 機率 5% 增加,クリティカル 確率 5% 増加
MLUA_SKILLUPGRADEUI_019,크리티컬 확률 +4%,RootDesk/MyDesk/Skill/SkillUpgradeUI.mlua:169 | RootDesk/MyDesk/Skill/SkillUpgradeUI.mlua:285 | RootDesk/MyDesk/Skill/SkillUpgradeUI.mlua:367,Critical Chance +4%,暴擊 機率 +4%,クリティカル 確率 +4%
MLUA_SKILLUPGRADEUI_020,크리티컬 확률 +6%,RootDesk/MyDesk/Skill/SkillUpgradeUI.mlua:170 | RootDesk/MyDesk/Skill/SkillUpgradeUI.mlua:286 | RootDesk/MyDesk/Skill/SkillUpgradeUI.mlua:368 | RootDesk/MyDesk/Skill/SkillUpgradeUI.mlua:403 | RootDesk/MyDesk/Skill/SkillUpgradeUI.mlua:424,Critical Chance +6%,暴擊 機率 +6%,クリティカル 確率 +6%
MLUA_SKILLUPGRADEUI_021,빙결 스택당 보너스대미지 +3%,RootDesk/MyDesk/Skill/SkillUpgradeUI.mlua:172,Freeze Stackper BonusDamage +3%,冰凍 層數每 加成傷害 +3%,凍結 スタックあたり ボーナスダメージ +3%
MLUA_SKILLUPGRADEUI_022,빙결 스택당 보너스대미지 +6%,RootDesk/MyDesk/Skill/SkillUpgradeUI.mlua:173,Freeze Stackper BonusDamage +6%,冰凍 層數每 加成傷害 +6%,凍結 スタックあたり ボーナスダメージ +6%
MLUA_SKILLUPGRADEUI_023,빙결 스택당 보너스대미지 +9%,RootDesk/MyDesk/Skill/SkillUpgradeUI.mlua:174,Freeze Stackper BonusDamage +9%,冰凍 層數每 加成傷害 +9%,凍結 スタックあたり ボーナスダメージ +9%
MLUA_SKILLUPGRADEUI_024,전체 스킬 피해량 2% 증가,RootDesk/MyDesk/Skill/SkillUpgradeUI.mlua:176,All Skill Damage 2% Increase,全部 技能 傷害 2% 增加,全体 スキル ダメージ 2% 増加
MLUA_SKILLUPGRADEUI_025,전체 스킬 피해량 4% 증가,RootDesk/MyDesk/Skill/SkillUpgradeUI.mlua:177,All Skill Damage 4% Increase,全部 技能 傷害 4% 增加,全体 スキル ダメージ 4% 増加
MLUA_SKILLUPGRADEUI_026,전체 스킬 피해량 6% 증가,RootDesk/MyDesk/Skill/SkillUpgradeUI.mlua:178,All Skill Damage 6% Increase,全部 技能 傷害 6% 增加,全体 スキル ダメージ 6% 増加
MLUA_SKILLUPGRADEUI_027,2연타 확률 +5%,RootDesk/MyDesk/Skill/SkillUpgradeUI.mlua:182,2 hits Chance +5%,2連擊 機率 +5%,2連打 確率 +5%
MLUA_SKILLUPGRADEUI_028,10% 확률로 빙결 스택 +1,RootDesk/MyDesk/Skill/SkillUpgradeUI.mlua:186,10% Chancewith Freeze Stack +1,10% 機率以 冰凍 層數 +1,10% 確率で 凍結 スタック +1
MLUA_SKILLUPGRADEUI_029,10% 확률로 빙결 스택 +2,RootDesk/MyDesk/Skill/SkillUpgradeUI.mlua:198,10% Chancewith Freeze Stack +2,10% 機率以 冰凍 層數 +2,10% 確率で 凍結 スタック +2
MLUA_SKILLUPGRADEUI_030,크리티컬 확률 10% 추가,RootDesk/MyDesk/Skill/SkillUpgradeUI.mlua:202 | RootDesk/MyDesk/Skill/SkillUpgradeUI.mlua:206,Critical Chance 10% Additional,暴擊 機率 10% 額外,クリティカル 確率 10% 追加
MLUA_SKILLUPGRADEUI_031,2연타 확률 +10%,RootDesk/MyDesk/Skill/SkillUpgradeUI.mlua:210,2 hits Chance +10%,2連擊 機率 +10%,2連打 確率 +10%
MLUA_SKILLUPGRADEUI_032,10% 확률로 빙결 스택 +3,RootDesk/MyDesk/Skill/SkillUpgradeUI.mlua:214,10% Chancewith Freeze Stack +3,10% 機率以 冰凍 層數 +3,10% 確率で 凍結 スタック +3
MLUA_SKILLUPGRADEUI_033,추가 타격 +1,RootDesk/MyDesk/Skill/SkillUpgradeUI.mlua:222 | RootDesk/MyDesk/Skill/SkillUpgradeUI.mlua:226,Additional Hit +1,追加攻擊 +1,追加ヒット +1
MLUA_SKILLUPGRADEUI_034,슬로우 확률 +10%,RootDesk/MyDesk/Skill/SkillUpgradeUI.mlua:230,Slow Chance +10%,緩速 機率 +10%,スロー 確率 +10%
MLUA_SKILLUPGRADEUI_035,슬로우 상태 적 추가 대미지 +10%,RootDesk/MyDesk/Skill/SkillUpgradeUI.mlua:234,Slow sangtae Enemy Additional Damage +10%,緩速 sangtae 敵人 額外 傷害 +10%,スロー sangtae 敵 追加 ダメージ +10%
MLUA_SKILLUPGRADEUI_036,유지시간 +1초,RootDesk/MyDesk/Skill/SkillUpgradeUI.mlua:238 | RootDesk/MyDesk/Skill/SkillUpgradeUI.mlua:258,Durationtime +1s,持續時間 +1秒,持続時間 +1秒
MLUA_SKILLUPGRADEUI_037,크리티컬 확률 +5%,RootDesk/MyDesk/Skill/SkillUpgradeUI.mlua:242 | RootDesk/MyDesk/Skill/SkillUpgradeUI.mlua:246 | RootDesk/MyDesk/Skill/SkillUpgradeUI.mlua:387 | RootDesk/MyDesk/Skill/SkillUpgradeUI.mlua:388 | RootDesk/MyDesk/Skill/SkillUpgradeUI.mlua:389,Critical Chance +5%,暴擊 機率 +5%,クリティカル 確率 +5%
MLUA_SKILLUPGRADEUI_038,충돌 대미지 +15%,RootDesk/MyDesk/Skill/SkillUpgradeUI.mlua:250,Collision Damage +15%,碰撞 傷害 +15%,衝突 ダメージ +15%
MLUA_SKILLUPGRADEUI_039,쿨타임 8% 감소,RootDesk/MyDesk/Skill/SkillUpgradeUI.mlua:253 | RootDesk/MyDesk/Skill/SkillUpgradeUI.mlua:257 | RootDesk/MyDesk/Skill/SkillUpgradeUI.mlua:261 | RootDesk/MyDesk/Skill/SkillUpgradeUI.mlua:265 | RootDesk/MyDesk/Skill/SkillUpgradeUI.mlua:269,Cooldown 8% Reduction,冷卻時間 8% 減少,クールタイム 8% 減少
MLUA_SKILLUPGRADEUI_040,스턴 시간 +1초,RootDesk/MyDesk/Skill/SkillUpgradeUI.mlua:254,Stun time +1s,暈眩 時間 +1秒,スタン 時間 +1秒
MLUA_SKILLUPGRADEUI_041,대미지 15% 증가,RootDesk/MyDesk/Skill/SkillUpgradeUI.mlua:256 | RootDesk/MyDesk/Skill/SkillUpgradeUI.mlua:260 | RootDesk/MyDesk/Skill/SkillUpgradeUI.mlua:264 | RootDesk/MyDesk/Skill/SkillUpgradeUI.mlua:268 | RootDesk/MyDesk/Skill/SkillUpgradeUI.mlua:272,Damage 15% Increase,傷害 15% 增加,ダメージ 15% 増加
MLUA_SKILLUPGRADEUI_042,추가 타격 +2,RootDesk/MyDesk/Skill/SkillUpgradeUI.mlua:262 | RootDesk/MyDesk/Skill/SkillUpgradeUI.mlua:266,Additional Hit +2,追加攻擊 +2,追加ヒット +2
MLUA_SKILLUPGRADEUI_043,크리티컬 확률 +8%,RootDesk/MyDesk/Skill/SkillUpgradeUI.mlua:270 | RootDesk/MyDesk/Skill/SkillUpgradeUI.mlua:274 | RootDesk/MyDesk/Skill/SkillUpgradeUI.mlua:278 | RootDesk/MyDesk/Skill/SkillUpgradeUI.mlua:395 | RootDesk/MyDesk/Skill/SkillUpgradeUI.mlua:396,Critical Chance +8%,暴擊 機率 +8%,クリティカル 確率 +8%
MLUA_SKILLUPGRADEUI_044,쿨타임 2% 감소,RootDesk/MyDesk/Skill/SkillUpgradeUI.mlua:280 | RootDesk/MyDesk/Skill/SkillUpgradeUI.mlua:402 | RootDesk/MyDesk/Skill/SkillUpgradeUI.mlua:423,Cooldown 2% Reduction,冷卻時間 2% 減少,クールタイム 2% 減少
MLUA_SKILLUPGRADEUI_045,쿨타임 4% 감소,RootDesk/MyDesk/Skill/SkillUpgradeUI.mlua:281 | RootDesk/MyDesk/Skill/SkillUpgradeUI.mlua:402 | RootDesk/MyDesk/Skill/SkillUpgradeUI.mlua:423,Cooldown 4% Reduction,冷卻時間 4% 減少,クールタイム 4% 減少
MLUA_SKILLUPGRADEUI_046,쿨타임 6% 감소,RootDesk/MyDesk/Skill/SkillUpgradeUI.mlua:282 | RootDesk/MyDesk/Skill/SkillUpgradeUI.mlua:402 | RootDesk/MyDesk/Skill/SkillUpgradeUI.mlua:423,Cooldown 6% Reduction,冷卻時間 6% 減少,クールタイム 6% 減少
MLUA_SKILLUPGRADEUI_047,크리티컬 대미지 +3%,RootDesk/MyDesk/Skill/SkillUpgradeUI.mlua:288 | RootDesk/MyDesk/Skill/SkillUpgradeUI.mlua:404 | RootDesk/MyDesk/Skill/SkillUpgradeUI.mlua:425,Critical Damage +3%,暴擊 傷害 +3%,クリティカル ダメージ +3%
MLUA_SKILLUPGRADEUI_048,크리티컬 대미지 +6%,RootDesk/MyDesk/Skill/SkillUpgradeUI.mlua:289 | RootDesk/MyDesk/Skill/SkillUpgradeUI.mlua:404 | RootDesk/MyDesk/Skill/SkillUpgradeUI.mlua:425,Critical Damage +6%,暴擊 傷害 +6%,クリティカル ダメージ +6%
MLUA_SKILLUPGRADEUI_049,크리티컬 대미지 +9%,RootDesk/MyDesk/Skill/SkillUpgradeUI.mlua:290 | RootDesk/MyDesk/Skill/SkillUpgradeUI.mlua:404 | RootDesk/MyDesk/Skill/SkillUpgradeUI.mlua:425,Critical Damage +9%,暴擊 傷害 +9%,クリティカル ダメージ +9%
MLUA_SKILLUPGRADEUI_050,추가 공격 확률 +3%,RootDesk/MyDesk/Skill/SkillUpgradeUI.mlua:292 | RootDesk/MyDesk/Skill/SkillUpgradeUI.mlua:426,Additional Attack Chance +3%,追加攻擊 機率 +3%,追加攻撃 確率 +3%
MLUA_SKILLUPGRADEUI_051,추가 공격 확률 +6%,RootDesk/MyDesk/Skill/SkillUpgradeUI.mlua:293 | RootDesk/MyDesk/Skill/SkillUpgradeUI.mlua:426,Additional Attack Chance +6%,追加攻擊 機率 +6%,追加攻撃 確率 +6%
MLUA_SKILLUPGRADEUI_052,추가 공격 확률 +9%,RootDesk/MyDesk/Skill/SkillUpgradeUI.mlua:294 | RootDesk/MyDesk/Skill/SkillUpgradeUI.mlua:426,Additional Attack Chance +9%,追加攻擊 機率 +9%,追加攻撃 確率 +9%
MLUA_SKILLUPGRADEUI_053,피해량 2% 증가,RootDesk/MyDesk/Skill/SkillUpgradeUI.mlua:296 | RootDesk/MyDesk/Skill/SkillUpgradeUI.mlua:378 | RootDesk/MyDesk/Skill/SkillUpgradeUI.mlua:406 | RootDesk/MyDesk/Skill/SkillUpgradeUI.mlua:427,Damage 2% Increase,傷害 2% 增加,ダメージ 2% 増加
MLUA_SKILLUPGRADEUI_054,피해량 4% 증가,RootDesk/MyDesk/Skill/SkillUpgradeUI.mlua:297 | RootDesk/MyDesk/Skill/SkillUpgradeUI.mlua:379 | RootDesk/MyDesk/Skill/SkillUpgradeUI.mlua:406 | RootDesk/MyDesk/Skill/SkillUpgradeUI.mlua:427,Damage 4% Increase,傷害 4% 增加,ダメージ 4% 増加
MLUA_SKILLUPGRADEUI_055,피해량 6% 증가,RootDesk/MyDesk/Skill/SkillUpgradeUI.mlua:298 | RootDesk/MyDesk/Skill/SkillUpgradeUI.mlua:380 | RootDesk/MyDesk/Skill/SkillUpgradeUI.mlua:406 | RootDesk/MyDesk/Skill/SkillUpgradeUI.mlua:427,Damage 6% Increase,傷害 6% 增加,ダメージ 6% 増加
MLUA_SKILLUPGRADEUI_056,추가 콤보 발동 확률 +50%,RootDesk/MyDesk/Skill/SkillUpgradeUI.mlua:304 | RootDesk/MyDesk/Skill/SkillUpgradeUI.mlua:308 | RootDesk/MyDesk/Skill/SkillUpgradeUI.mlua:312 | RootDesk/MyDesk/Skill/SkillUpgradeUI.mlua:320 | RootDesk/MyDesk/Skill/SkillUpgradeUI.mlua:328,Additional Combo activation Chance +50%,額外 連擊 發動 機率 +50%,追加 コンボ 発動 確率 +50%
MLUA_SKILLUPGRADEUI_057,충돌 대미지 20% 증가,RootDesk/MyDesk/Skill/SkillUpgradeUI.mlua:316,Collision Damage 20% Increase,碰撞 傷害 20% 增加,衝突 ダメージ 20% 増加
MLUA_SKILLUPGRADEUI_058,강화 타격 확률 +10%,RootDesk/MyDesk/Skill/SkillUpgradeUI.mlua:324 | RootDesk/MyDesk/Skill/SkillUpgradeUI.mlua:360,Upgrade hitsgyeok Chance +10%,強化 擊gyeok 機率 +10%,強化 ヒットgyeok 確率 +10%
MLUA_SKILLUPGRADEUI_059,소환수 대미지 10% 증가,RootDesk/MyDesk/Skill/SkillUpgradeUI.mlua:332,Summoncan Damage 10% Increase,召喚獸 傷害 10% 增加,召喚獣 ダメージ 10% 増加
MLUA_SKILLUPGRADEUI_060,스턴 지속시간 +1초,RootDesk/MyDesk/Skill/SkillUpgradeUI.mlua:336,Stun Duration +1s,暈眩 持續時間 +1秒,スタン 持続時間 +1秒
MLUA_SKILLUPGRADEUI_061,2타 대미지 +10%,RootDesk/MyDesk/Skill/SkillUpgradeUI.mlua:340,2 hits Damage +10%,2擊 傷害 +10%,2ヒット ダメージ +10%
MLUA_SKILLUPGRADEUI_062,충돌·착지 대미지 15% 증가,RootDesk/MyDesk/Skill/SkillUpgradeUI.mlua:344,Collision·chakji Damage 15% Increase,碰撞·chakji 傷害 15% 增加,衝突·chakji ダメージ 15% 増加
MLUA_SKILLUPGRADEUI_063,콤보 폭발 대미지 15% 증가,RootDesk/MyDesk/Skill/SkillUpgradeUI.mlua:348,Combo Explosion Damage 15% Increase,連擊 爆炸 傷害 15% 增加,コンボ 爆発 ダメージ 15% 増加
MLUA_SKILLUPGRADEUI_064,검기 대미지 15% 증가,RootDesk/MyDesk/Skill/SkillUpgradeUI.mlua:352,Sword energy Damage 15% Increase,劍氣 傷害 15% 增加,剣気 ダメージ 15% 増加
MLUA_SKILLUPGRADEUI_065,소환수 대미지 15% 증가,RootDesk/MyDesk/Skill/SkillUpgradeUI.mlua:356,Summoncan Damage 15% Increase,召喚獸 傷害 15% 增加,召喚獣 ダメージ 15% 増加
MLUA_SKILLUPGRADEUI_066,콤보 발동 확률 +3%,RootDesk/MyDesk/Skill/SkillUpgradeUI.mlua:362,Combo activation Chance +3%,連擊 發動 機率 +3%,コンボ 発動 確率 +3%
MLUA_SKILLUPGRADEUI_067,콤보 발동 확률 +6%,RootDesk/MyDesk/Skill/SkillUpgradeUI.mlua:363,Combo activation Chance +6%,連擊 發動 機率 +6%,コンボ 発動 確率 +6%
MLUA_SKILLUPGRADEUI_068,콤보 발동 확률 +9%,RootDesk/MyDesk/Skill/SkillUpgradeUI.mlua:364,Combo activation Chance +9%,連擊 發動 機率 +9%,コンボ 発動 確率 +9%
MLUA_SKILLUPGRADEUI_069,콤보 폭발 대미지 +5%,RootDesk/MyDesk/Skill/SkillUpgradeUI.mlua:370,Combo Explosion Damage +5%,連擊 爆炸 傷害 +5%,コンボ 爆発 ダメージ +5%
MLUA_SKILLUPGRADEUI_070,콤보 폭발 대미지 +10%,RootDesk/MyDesk/Skill/SkillUpgradeUI.mlua:371,Combo Explosion Damage +10%,連擊 爆炸 傷害 +10%,コンボ 爆発 ダメージ +10%
MLUA_SKILLUPGRADEUI_071,콤보 폭발 대미지 +15%,RootDesk/MyDesk/Skill/SkillUpgradeUI.mlua:372,Combo Explosion Damage +15%,連擊 爆炸 傷害 +15%,コンボ 爆発 ダメージ +15%
MLUA_SKILLUPGRADEUI_072,지속시간 +1초,RootDesk/MyDesk/Skill/SkillUpgradeUI.mlua:393 | RootDesk/MyDesk/Skill/SkillUpgradeUI.mlua:420,Duration +1s,持續時間 +1秒,持続時間 +1秒
MLUA_SKILLUPGRADEUI_073,대미지 5% 증가,RootDesk/MyDesk/Skill/SkillUpgradeUI.mlua:394 | RootDesk/MyDesk/Skill/SkillUpgradeUI.mlua:413,Damage 5% Increase,傷害 5% 增加,ダメージ 5% 増加
MLUA_SKILLUPGRADEUI_074,지속시간 +2초,RootDesk/MyDesk/Skill/SkillUpgradeUI.mlua:400,Duration +2s,持續時間 +2秒,持続時間 +2秒
MLUA_SKILLUPGRADEUI_075,크리티컬 확률 +9%,RootDesk/MyDesk/Skill/SkillUpgradeUI.mlua:403 | RootDesk/MyDesk/Skill/SkillUpgradeUI.mlua:424,Critical Chance +9%,暴擊 機率 +9%,クリティカル 確率 +9%
MLUA_SKILLUPGRADEUI_076,회피 확률 +4%,RootDesk/MyDesk/Skill/SkillUpgradeUI.mlua:405 | RootDesk/MyDesk/Skill/SkillUpgradeUI.mlua:428,Evasion Chance +4%,閃避 機率 +4%,回避 確率 +4%
MLUA_SKILLUPGRADEUI_077,회피 확률 +6%,RootDesk/MyDesk/Skill/SkillUpgradeUI.mlua:405 | RootDesk/MyDesk/Skill/SkillUpgradeUI.mlua:428,Evasion Chance +6%,閃避 機率 +6%,回避 確率 +6%
MLUA_TUTORIALGUIDEUI_001,"다가오는 몬스터를 처치하세요!
몬스터를 터치하면 해당 몬스터를 우선 공격합니다.",RootDesk/MyDesk/UI/TutorialGuideUI.mlua:33,"Defeat the approaching monsters!
Touch a monster to prioritize attacking it.","擊敗迎面而來的怪物！
點擊怪物即可優先攻擊該怪物。","迫ってくるモンスターを倒そう！
モンスターをタッチすると、そのモンスターを優先して攻撃します。"
MLUA_TUTORIALGUIDEUI_002,몬스터를 잡아서 레벨을 올려보세요!,RootDesk/MyDesk/UI/TutorialGuideUI.mlua:69,monsters japaseo Level  olryeoboseyo!,怪物 japaseo 等級 olryeoboseyo!,モンスターを japaseo レベル olryeoboseyo!
MLUA_TUTORIALGUIDEUI_003,카드를 눌러 스킬을 배워보세요!,RootDesk/MyDesk/UI/TutorialGuideUI.mlua:71,cards nulreo Skill  baewoboseyo!,卡片 nulreo 技能 baewoboseyo!,カード nulreo スキル baewoboseyo!
MLUA_TUTORIALGUIDEUI_004,"레벨업하며 다양한 스킬을 조합하고 몰려오는 몬스터를 물리치세요!
맵 곳곳에 숨겨진 이스터에그도 놓치지 마세요!",RootDesk/MyDesk/UI/TutorialGuideUI.mlua:75,"Leveleophamyeo dayangone Skill  johapand  molryeoo  monsters Physicalchiseyo!
Map gosgosin  hidden Easter Eggdo nohchiji maseyo!","等級eophamyeo dayang一 技能 johap和 molryeoo 怪物 mulrichiseyo!
地圖 gosgos在 隱藏的 彩蛋do nohchiji maseyo!","レベルeophamyeo dayang1つ スキル johapと molryeoo モンスターを mulrichiseyo!
マップ gosgosに 隠された イースターエッグdo nohchiji maseyo!"
MLUA_TUTORIALGUIDEUI_005,맵 곳곳에 숨겨진 다양한 이스터에그를 찾아보세요!,RootDesk/MyDesk/UI/TutorialGuideUI.mlua:81,Map gosgosin  hidden dayangone Easter Egg  chajaboseyo!,地圖 gosgos在 隱藏的 dayang一 彩蛋 chajaboseyo!,マップ gosgosに 隠された dayang1つ イースターエッグ chajaboseyo!
MLUA_UICOMPOSEPOPUP_002,품질 S 유지,RootDesk/MyDesk/Inventory/UI/UIComposePopup.mlua:686,Quality S Duration,品質 S 持續,品質 S 持続
MLUA_UICOMPOSEPOPUP_005,이미 사용된 장비예요. 다시 선택해 주세요.,RootDesk/MyDesk/Inventory/UI/UIComposePopup.mlua:811,Already Usedoen Equipmentyeyo. Again Selecthae Please.,已經 使用doen 裝備yeyo. 再次 選擇hae 請.,すでに 使用doen 装備yeyo. 再度 選択hae ください.
MLUA_UICOMPOSEPOPUP_006,합성 성공!,RootDesk/MyDesk/Inventory/UI/UIComposePopup.mlua:1014,hapseong Success!,hapseong 成功!,hapseong 成功!
MLUA_UIEQUIPPEDGEARPANEL_003,캐시 아이템,RootDesk/MyDesk/UIEquippedGearPanel.mlua:209 | /ui/EquipmentGroup/Inventory/Panel/EquipPanel/PlayerInfo/AvatarViewToggle/Label,kaesi Item,kaesi 道具,kaesi アイテム
MLUA_UIEQUIPPEDGEARPANEL_004,장비 보기,RootDesk/MyDesk/UIEquippedGearPanel.mlua:211,Equipment bogi,裝備 bogi,装備 bogi
MLUA_UIEQUIPPOPUP_001,아이템 설명이 아직 등록되지 않았습니다.,RootDesk/MyDesk/Inventory/UI/UIEquipPopup.mlua:270 | RootDesk/MyDesk/Inventory/UI/UIEquipPopup.mlua:279,Item seol targetsis  Not yet deungrokdoeji anhassseupnida.,道具 seol個目標 尚未 deungrokdoeji anhassseupnida.,アイテム seol体 まだ deungrokdoeji anhassseupnida.
MLUA_UIEQUIPPOPUP_002,장착 해제,RootDesk/MyDesk/Inventory/UI/UIEquipPopup.mlua:315 | /ui/EquipmentGroup/Inventory/EquipPopup/Panel/ButtonEquip/Label,jangchak Unlock,jangchak 解鎖,jangchak 解除
MLUA_UIEQUIPPOPUP_003,장착,RootDesk/MyDesk/Inventory/UI/UIEquipPopup.mlua:315,jangchak,jangchak,jangchak
MLUA_UIINVENTORY_001,판매하기,RootDesk/MyDesk/Inventory/UI/UIInventory.mlua:280,gamesmaehagi,場maehagi,回maehagi
MLUA_UIINVENTORY_002,판매,RootDesk/MyDesk/Inventory/UI/UIInventory.mlua:283 | /ui/EquipmentGroup/Inventory/EquipPopup/Panel/LeftColumn/SellButton/Label | /ui/EquipmentGroup/Inventory/Panel/InventoryPanel/ButtonSell,gamesmae,場mae,回mae
MLUA_UIINVENTORY_003,정말 판매하시겠습니까?,RootDesk/MyDesk/Inventory/UI/UIInventory.mlua:369 | /ui/EquipmentGroup/Inventory/SellConfirm/Panel/Message,really gamesmaehasigessseupnikka?,jeongmal 場maehasigessseupnikka?,jeongmal 回maehasigessseupnikka?
MLUA_UIINVENTORY_004,"선택한 장비 %d개를 판매하고
%s골드를 받습니다.
판매한 장비는 되돌릴 수 없습니다.",RootDesk/MyDesk/Inventory/UI/UIInventory.mlua:371,"Selectone Equipment %d  gamesmaeand 
%sGold  batseupnida.
gamesmaeone Equipment  doedolril can None.","選擇一 裝備 %d個 場mae和
%s金幣 batseupnida.
場mae一 裝備 doedolril 可以 沒有.","選択1つ 装備 %d個 回maeと
%sゴールド batseupnida.
回mae1つ 装備 doedolril 可能 ありません."
MLUA_UIINVENTORY_005,"%s 칸을 5칸 늘리려면 다이아 %s개가
필요합니다.
현재 보유: %s개",RootDesk/MyDesk/Inventory/UI/UIInventory.mlua:418,"%s slots require %s Diamonds to increase by 5 slots.
Currently owned: %s","%s格增加5格需要%s個鑽石。
目前持有：%s個","%sスロットを5枠拡張するにはダイヤ%s個が必要です。
現在の所持数：%s個"
MLUA_UIINVENTORY_006,인벤토리를 확장하시겠습니까?,RootDesk/MyDesk/Inventory/UI/UIInventory.mlua:428,inbentori  hwakjanghasigessseupnikka?,inbentori hwakjanghasigessseupnikka?,inbentori hwakjanghasigessseupnikka?
MLUA_UIINVENTORY_007,"다이아 %s개를 사용해 %s 칸을 5칸 늘립니다.
확장한 칸은 되돌릴 수 없습니다.",RootDesk/MyDesk/Inventory/UI/UIInventory.mlua:430,"Diamond %s  Usehae %s kan  5kan neulripnida.
hwakjangone kan  doedolril can None.","鑽石 %s個 使用hae %s kan 5kan neulripnida.
hwakjang一 kan doedolril 可以 沒有.","ダイヤ %s個 使用hae %s kan 5kan neulripnida.
hwakjang1つ kan doedolril 可能 ありません."
MLUA_UIUSEPOPUP_001,아이템 사용,RootDesk/MyDesk/Inventory/UI/UIUsePopup.mlua:20,Item Use,道具 使用,アイテム 使用
MLUA_UIUSEPOPUP_002,사용하시겠습니까?,RootDesk/MyDesk/Inventory/UI/UIUsePopup.mlua:31,Usehasigessseupnikka?,使用hasigessseupnikka?,使用hasigessseupnikka?
MLUA_UIUSEPOPUP_003,사용,RootDesk/MyDesk/Inventory/UI/UIUsePopup.mlua:36,Use,使用,使用
MLUA_UIUSEPOPUP_004,취소,RootDesk/MyDesk/Inventory/UI/UIUsePopup.mlua:41 | /ui/EquipmentGroup/Inventory/Panel/InventoryPanel/ButtonSellCancel | /ui/EquipmentGroup/Inventory/UsePopup/Panel/ButtonCancel | /ui/IdleRewardGroup/ConfirmPanel/BtnNo | /ui/PopupGroup/PopupBack/PopupPanel/PopupBtnCancel,Cancel,chwiso,chwiso
MLUA_WEAPONTIERDATALOGIC_001,공격력 {P}% 증가,RootDesk/MyDesk/Inventory/Core/Logic/WeaponTierDataLogic.mlua:99,Attackryeok {P}% Increase,攻擊ryeok {P}% 增加,攻撃ryeok {P}% 増加
MLUA_WEAPONTIERDATALOGIC_002,치명타 확률 {P}% 증가,RootDesk/MyDesk/Inventory/Core/Logic/WeaponTierDataLogic.mlua:100 | RootDesk/MyDesk/Inventory/Core/Logic/WeaponTierDataLogic.mlua:456 | RootDesk/MyDesk/Inventory/Core/Logic/WeaponTierDataLogic.mlua:459,Critical Chance {P}% Increase,chi個目標擊 機率 {P}% 增加,chi体ヒット 確率 {P}% 増加
MLUA_WEAPONTIERDATALOGIC_003,치명타 피해 {P}% 증가,RootDesk/MyDesk/Inventory/Core/Logic/WeaponTierDataLogic.mlua:101 | RootDesk/MyDesk/Inventory/Core/Logic/WeaponTierDataLogic.mlua:458,Critical Damage {P}% Increase,chi個目標擊 傷害 {P}% 增加,chi体ヒット ダメージ {P}% 増加
MLUA_WEAPONTIERDATALOGIC_004,최대 체력 {P}% 증가,RootDesk/MyDesk/Inventory/Core/Logic/WeaponTierDataLogic.mlua:102,Max HP {P}% Increase,最大 生命值 {P}% 增加,最大 HP {P}% 増加
MLUA_WEAPONTIERDATALOGIC_005,스킬 쿨타임 {P}% 감소,RootDesk/MyDesk/Inventory/Core/Logic/WeaponTierDataLogic.mlua:103 | RootDesk/MyDesk/Inventory/Core/Logic/WeaponTierDataLogic.mlua:439,Skill Cooldown {P}% Reduction,技能 冷卻時間 {P}% 減少,スキル クールタイム {P}% 減少
MLUA_WEAPONTIERDATALOGIC_006,나뭇가지보단 조금 더 쓸 만하다.,RootDesk/MyDesk/Inventory/Core/Logic/WeaponTierDataLogic.mlua:158,namus jibodan slightly more use manhada.,namusjibodan 稍微 更多 使用 manhada.,namusjibodan 少し さらに 使う manhada.
MLUA_WEAPONTIERDATALOGIC_007,이제 마법사다운 무기를 들었다.,RootDesk/MyDesk/Inventory/Core/Logic/WeaponTierDataLogic.mlua:159,is je Magedaun Weapon  deuleossda.,je 法師daun 武器 deuleossda.,je 魔法使いdaun 武器 deuleossda.
MLUA_WEAPONTIERDATALOGIC_008,보기만 해도 왠지 강해 보인다.,RootDesk/MyDesk/Inventory/Core/Logic/WeaponTierDataLogic.mlua:160,bogiman haedo waenji ganghae Visible.,bogiman haedo waenji ganghae 顯示.,bogiman haedo waenji ganghae 表示される.
MLUA_WEAPONTIERDATALOGIC_009,마법사라면 한 번쯤 탐내는 스태프.,RootDesk/MyDesk/Inventory/Core/Logic/WeaponTierDataLogic.mlua:161,Mageramyeon one beonjjeum tamnae  Staff.,法師ramyeon 一 beonjjeum tamnae 法杖.,魔法使いramyeon 1つ beonjjeum tamnae スタッフ.
MLUA_WEAPONTIERDATALOGIC_010,드래곤의 힘이 깃들었다고 한다. 진짜인지는 모른다.,RootDesk/MyDesk/Inventory/Core/Logic/WeaponTierDataLogic.mlua:162,deuraegonof  himis  gisdeuleossdago oneda. jinjjainji  moreunda.,deuraegon的 him gisdeuleossdago 一da. jinjjainji moreunda.,deuraegonの him gisdeuleossdago 1つda. jinjjainji moreunda.
MLUA_WEAPONTIERDATALOGIC_011,이 정도면 스태프가 마법을 쓰는 것 같다.,RootDesk/MyDesk/Inventory/Core/Logic/WeaponTierDataLogic.mlua:163,is  jeongdomyeon Staff  Magic  sseu  thing gatda.,jeongdomyeon 法杖 mabeop sseu 內容 gatda.,jeongdomyeon スタッフ mabeop sseu もの gatda.
MLUA_WEAPONTIERDATALOGIC_012,활은 역시 멀리서 쏘는 게 제맛이다.,RootDesk/MyDesk/Inventory/Core/Logic/WeaponTierDataLogic.mlua:168,hwal  yeoksi meolriseo sso  ge jemasis da.,hwal yeoksi meolriseo sso ge jemasda.,hwal yeoksi meolriseo sso ge jemasda.
MLUA_WEAPONTIERDATALOGIC_013,독사는 아니지만 꽤 날카롭다.,RootDesk/MyDesk/Inventory/Core/Logic/WeaponTierDataLogic.mlua:169,doksa  anijiman kkwae nalkaropda.,doksa anijiman kkwae nalkaropda.,doksa anijiman kkwae nalkaropda.
MLUA_WEAPONTIERDATALOGIC_014,봉황도 탐낼 만큼 멋진 활.,RootDesk/MyDesk/Inventory/Core/Logic/WeaponTierDataLogic.mlua:170,bonghwangdo tamnael mankeum meosjin hwal.,bonghwangdo tamnael mankeum meosjin hwal.,bonghwangdo tamnael mankeum meosjin hwal.
MLUA_WEAPONTIERDATALOGIC_015,금빛이라 화살보다 눈에 띈다.,RootDesk/MyDesk/Inventory/Core/Logic/WeaponTierDataLogic.mlua:171,geumbichis ra Arrowsboda nunin  ttuinda.,geumbichra 箭矢boda nun在 ttuinda.,geumbichra 矢boda nunに ttuinda.
MLUA_WEAPONTIERDATALOGIC_016,당기는 순간 제법 긴장된다.,RootDesk/MyDesk/Inventory/Core/Logic/WeaponTierDataLogic.mlua:172,pergi  sungan quite ginjangdoenda.,每gi sungan jebeop ginjangdoenda.,あたりgi sungan jebeop ginjangdoenda.
MLUA_WEAPONTIERDATALOGIC_017,비싸 보인다. 실제로도 비싸다.,RootDesk/MyDesk/Inventory/Core/Logic/WeaponTierDataLogic.mlua:173,bissa Visible. siljewithdo bissada.,bissa 顯示. silje以do bissada.,bissa 表示される. siljeでdo bissada.
MLUA_WEAPONTIERDATALOGIC_018,무겁다. 하지만 멋있다.,RootDesk/MyDesk/Inventory/Core/Logic/WeaponTierDataLogic.mlua:178,mugeopda. hajiman meosissda.,mugeopda. hajiman meosissda.,mugeopda. hajiman meosissda.
MLUA_WEAPONTIERDATALOGIC_019,한 번 휘두르면 팔이 먼저 놀란다.,RootDesk/MyDesk/Inventory/Core/Logic/WeaponTierDataLogic.mlua:179,one beon hwidureumyeon palis  First nolranda.,一 beon hwidureumyeon pal 優先 nolranda.,1つ beon hwidureumyeon pal 先に nolranda.
MLUA_WEAPONTIERDATALOGIC_020,묵직함 하나는 확실하다.,RootDesk/MyDesk/Inventory/Core/Logic/WeaponTierDataLogic.mlua:180,mukjikham hana  hwaksilhada.,mukjikham hana hwaksilhada.,mukjikham hana hwaksilhada.
MLUA_WEAPONTIERDATALOGIC_021,전사가 들면 제법 그럴듯하다.,RootDesk/MyDesk/Inventory/Core/Logic/WeaponTierDataLogic.mlua:181,Warrior  deulmyeon quite geureoldeushada.,戰士 deulmyeon jebeop geureoldeushada.,戦士 deulmyeon jebeop geureoldeushada.
MLUA_WEAPONTIERDATALOGIC_022,푸른 검신이 시선을 사로잡는다.,RootDesk/MyDesk/Inventory/Core/Logic/WeaponTierDataLogic.mlua:182,Blue geomsinis  siseon  sawithjap da.,藍色 geomsin siseon sa以japda.,青い geomsin siseon saでjapda.
MLUA_WEAPONTIERDATALOGIC_023,베지 못할 것은 없어 보인다.,RootDesk/MyDesk/Inventory/Core/Logic/WeaponTierDataLogic.mlua:183,beji moscan thing  eopseo Visible.,beji mos可以 內容 eopseo 顯示.,beji mosできる もの eopseo 表示される.
MLUA_WEAPONTIERDATALOGIC_024,날이 삼각형이라 더 무섭다.,RootDesk/MyDesk/Inventory/Core/Logic/WeaponTierDataLogic.mlua:188,nalis  samgakhyeongis ra more museopda.,nal samgakhyeongra 更多 museopda.,nal samgakhyeongra さらに museopda.
MLUA_WEAPONTIERDATALOGIC_025,부채처럼 보이지만 절대 부채가 아니다.,RootDesk/MyDesk/Inventory/Core/Logic/WeaponTierDataLogic.mlua:189,buchaecheoreom bois jiman jeoldae buchae  anida.,buchaecheoreom bojiman jeoldae buchae anida.,buchaecheoreom bojiman jeoldae buchae anida.
MLUA_WEAPONTIERDATALOGIC_026,작고 가볍지만 무시하면 큰일 난다.,RootDesk/MyDesk/Inventory/Core/Logic/WeaponTierDataLogic.mlua:190,jakgo  byeopjiman musihamyeon keunil nanda.,jakgo byeopjiman musihamyeon keunil nanda.,jakgo byeopjiman musihamyeon keunil nanda.
MLUA_WEAPONTIERDATALOGIC_027,이름은 주먹인데 어째서 단검일까?,RootDesk/MyDesk/Inventory/Core/Logic/WeaponTierDataLogic.mlua:191,Name  jumeokinde eojjaeseo dangeomilkka?,名稱 jumeokinde eojjaeseo dangeomilkka?,名前 jumeokinde eojjaeseo dangeomilkka?
MLUA_WEAPONTIERDATALOGIC_028,조용히 들고 다니기 좋은 단검.,RootDesk/MyDesk/Inventory/Core/Logic/WeaponTierDataLogic.mlua:192,joyonghi deulgo danigi joh  dangeom.,joyonghi deulgo danigi joh dangeom.,joyonghi deulgo danigi joh dangeom.
MLUA_WEAPONTIERDATALOGIC_029,피를 좋아할 것처럼 생겼다.,RootDesk/MyDesk/Inventory/Core/Logic/WeaponTierDataLogic.mlua:193,pi  johacan thingcheoreom saenggyeossda.,pi joha可以 內容cheoreom saenggyeossda.,pi johaできる ものcheoreom saenggyeossda.
MLUA_WEAPONTIERDATALOGIC_030,제복을 입으면 왠지 강해진 기분이 든다.,RootDesk/MyDesk/Inventory/Core/Logic/WeaponTierDataLogic.mlua:200,jebok  ipeumyeon waenji ganghaejin giminis  deunda.,jebok ipeumyeon waenji ganghaejin gi分 deunda.,jebok ipeumyeon waenji ganghaejin gi分 deunda.
MLUA_WEAPONTIERDATALOGIC_031,어둠 속에서도 존재감이 확실하다.,RootDesk/MyDesk/Inventory/Core/Logic/WeaponTierDataLogic.mlua:201,eodum sokindo jonjaegamis  hwaksilhada.,eodum sok在do jonjaegam hwaksilhada.,eodum sokでdo jonjaegam hwaksilhada.
MLUA_WEAPONTIERDATALOGIC_032,수련기사의 첫걸음을 함께하는 로브.,RootDesk/MyDesk/Inventory/Core/Logic/WeaponTierDataLogic.mlua:202,canryeongisaof  cheosgeoleum  hamkkeha  Robe.,可以ryeongisa的 cheosgeoleum hamkkeha 長袍.,可能ryeongisaの cheosgeoleum hamkkeha ローブ.
MLUA_WEAPONTIERDATALOGIC_033,이름부터 이미 훌륭하다.,RootDesk/MyDesk/Inventory/Core/Logic/WeaponTierDataLogic.mlua:203,Namebuteo Already hulryunghada.,名稱buteo 已經 hulryunghada.,名前buteo すでに hulryunghada.
MLUA_WEAPONTIERDATALOGIC_034,보기만 해도 조금 추워진다.,RootDesk/MyDesk/Inventory/Core/Logic/WeaponTierDataLogic.mlua:204,bogiman haedo slightly chuwojinda.,bogiman haedo 稍微 chuwojinda.,bogiman haedo 少し chuwojinda.
MLUA_WEAPONTIERDATALOGIC_035,이름부터 최종병기 느낌이다.,RootDesk/MyDesk/Inventory/Core/Logic/WeaponTierDataLogic.mlua:205,Namebuteo choejongbyeonggi neukkimis da.,名稱buteo choejongbyeonggi neukkimda.,名前buteo choejongbyeonggi neukkimda.
MLUA_WEAPONTIERDATALOGIC_036,기사단에 들어가면 제일 먼저 받는 옷.,RootDesk/MyDesk/Inventory/Core/Logic/WeaponTierDataLogic.mlua:212,gisadanin  deuleo myeon jeil First received os.,gisadan在 deuleomyeon jeil 優先 受到 os.,gisadanに deuleomyeon jeil 先に 受ける os.
MLUA_WEAPONTIERDATALOGIC_037,특별한 날에만 입는 옷 같다.,RootDesk/MyDesk/Inventory/Core/Logic/WeaponTierDataLogic.mlua:213,special nalin man ip  os gatda.,特殊 nal在man ip os gatda.,特別な nalにman ip os gatda.
MLUA_WEAPONTIERDATALOGIC_038,푸른 보석이 은근히 고급스럽다.,RootDesk/MyDesk/Inventory/Core/Logic/WeaponTierDataLogic.mlua:214,Blue boseokis   geunhi gogeupseureopda.,藍色 boseok geunhi gogeupseureopda.,青い boseok geunhi gogeupseureopda.
MLUA_WEAPONTIERDATALOGIC_039,베릴보다 비싸 보인다. 실제로도 그렇다.,RootDesk/MyDesk/Inventory/Core/Logic/WeaponTierDataLogic.mlua:215,berilboda bissa Visible. siljewithdo geureohda.,berilboda bissa 顯示. silje以do geureohda.,berilboda bissa 表示される. siljeでdo geureohda.
MLUA_WEAPONTIERDATALOGIC_040,입는 순간 격이 달라 보인다.,RootDesk/MyDesk/Inventory/Core/Logic/WeaponTierDataLogic.mlua:216,ip  sungan gyeokis  dalra Visible.,ip sungan gyeok dalra 顯示.,ip sungan gyeok dalra 表示される.
MLUA_WEAPONTIERDATALOGIC_041,검은색은 언제나 강해 보인다.,RootDesk/MyDesk/Inventory/Core/Logic/WeaponTierDataLogic.mlua:217,Black  eonjena ganghae Visible.,黑色 eonjena ganghae 顯示.,黒い eonjena ganghae 表示される.
MLUA_WEAPONTIERDATALOGIC_042,급하게 만든 것치고는 제법 쓸 만하다.,RootDesk/MyDesk/Inventory/Core/Logic/WeaponTierDataLogic.mlua:223,geuphage mandeun thingchigo  quite use manhada.,geuphage mandeun 內容chigo jebeop 使用 manhada.,geuphage mandeun ものchigo jebeop 使う manhada.
MLUA_WEAPONTIERDATALOGIC_043,뼈를 뒤집어썼다. 꽤 무섭다.,RootDesk/MyDesk/Inventory/Core/Logic/WeaponTierDataLogic.mlua:224,Bone  dwijipeosseossda. kkwae museopda.,骨頭 dwijipeosseossda. kkwae museopda.,骨 dwijipeosseossda. kkwae museopda.
MLUA_WEAPONTIERDATALOGIC_044,자쿰의 힘을 머리에 얹었다.,RootDesk/MyDesk/Inventory/Core/Logic/WeaponTierDataLogic.mlua:225,jakumof  him  meoriin  eonjeossda.,jakum的 him meori在 eonjeossda.,jakumの him meoriに eonjeossda.
MLUA_WEAPONTIERDATALOGIC_045,해적의 멋을 조금 빌려왔다.,RootDesk/MyDesk/Inventory/Core/Logic/WeaponTierDataLogic.mlua:226,haeEnemyof  meos  slightly bilryeowassda.,hae敵人的 meos 稍微 bilryeowassda.,hae敵の meos 少し bilryeowassda.
MLUA_WEAPONTIERDATALOGIC_046,별빛과 깃털이 제법 잘 어울린다.,RootDesk/MyDesk/Inventory/Core/Logic/WeaponTierDataLogic.mlua:227,byeolbichand  gisteolis  quite well goes well.,byeolbich與 gisteol jebeop jal 很搭.,byeolbichと gisteol jebeop jal よく合う.
MLUA_WEAPONTIERDATALOGIC_047,머리 위에 벨룸을 얹은 기분이다.,RootDesk/MyDesk/Inventory/Core/Logic/WeaponTierDataLogic.mlua:228,meori wiin  belrum  eonj  giminis da.,meori wi在 belrum eonj gi分da.,meori wiに belrum eonj gi分da.
MLUA_WEAPONTIERDATALOGIC_048,일단 끼면 뭐든 할 수 있을 것 같다.,RootDesk/MyDesk/Inventory/Core/Logic/WeaponTierDataLogic.mlua:234,ildan kkimyeon mwodeun can can iss  thing gatda.,ildan kkimyeon mwodeun 可以 可以 iss 內容 gatda.,ildan kkimyeon mwodeun できる 可能 iss もの gatda.
MLUA_WEAPONTIERDATALOGIC_049,손끝까지 날렵해지는 느낌이다.,RootDesk/MyDesk/Inventory/Core/Logic/WeaponTierDataLogic.mlua:235,sonkkeutkkaji nalryeophaeji  neukkimis da.,sonkkeutkkaji nalryeophaeji neukkimda.,sonkkeutkkaji nalryeophaeji neukkimda.
MLUA_WEAPONTIERDATALOGIC_050,평범하지만 기본은 확실하다.,RootDesk/MyDesk/Inventory/Core/Logic/WeaponTierDataLogic.mlua:236,pyeongbeomhajiman Basic  hwaksilhada.,pyeongbeomhajiman 基本 hwaksilhada.,pyeongbeomhajiman 基本 hwaksilhada.
MLUA_WEAPONTIERDATALOGIC_051,함장이라면 이 정도는 껴줘야 한다.,RootDesk/MyDesk/Inventory/Core/Logic/WeaponTierDataLogic.mlua:237,hamjangis ramyeon is  jeongdo  kkyeojwoya oneda.,hamjangramyeon  jeongdo kkyeojwoya 一da.,hamjangramyeon  jeongdo kkyeojwoya 1つda.
MLUA_WEAPONTIERDATALOGIC_052,무공이 사용했다는 전설의 장갑.,RootDesk/MyDesk/Inventory/Core/Logic/WeaponTierDataLogic.mlua:238,mugongis  Usehaessda  Legendary Gloves.,mugong 使用haessda 傳說 手套.,mugong 使用haessda 伝説の 手袋.
MLUA_WEAPONTIERDATALOGIC_053,이름은 귀엽지만 장갑은 강력하다.,RootDesk/MyDesk/Inventory/Core/Logic/WeaponTierDataLogic.mlua:239,Name  gwiyeopjiman Gloves  gangryeokhada.,名稱 gwiyeopjiman 手套 gangryeokhada.,名前 gwiyeopjiman 手袋 gangryeokhada.
MLUA_WEAPONTIERDATALOGIC_054,누가 만들었는지도 모를 밋밋한 은반지.,RootDesk/MyDesk/Inventory/Core/Logic/WeaponTierDataLogic.mlua:244,nu  mandeuleoss jido mo  mismisone  Ring.,nu mandeuleossjido mo mismis一 戒指.,nu mandeuleossjido mo mismis1つ 指輪.
MLUA_WEAPONTIERDATALOGIC_055,새벽빛을 한 조각 떼어 박아 넣었다고 한다.,RootDesk/MyDesk/Inventory/Core/Logic/WeaponTierDataLogic.mlua:245,saebyeokbich  one Fragment tteeo baka neoheossdago oneda.,saebyeokbich 一 碎片 tteeo baka neoheossdago 一da.,saebyeokbich 1つ 欠片 tteeo baka neoheossdago 1つda.
MLUA_WEAPONTIERDATALOGIC_056,겨울에 피는 꽃을 그대로 굳혀 놓은 듯하다.,RootDesk/MyDesk/Inventory/Core/Logic/WeaponTierDataLogic.mlua:246,gyeoulin  pi  kkoch  geudaewith guthyeo noh  deushada.,gyeoul在 pi kkoch geudae以 guthyeo noh deushada.,gyeoulに pi kkoch geudaeで guthyeo noh deushada.
MLUA_WEAPONTIERDATALOGIC_057,지켜주겠다는 약속이 반지 모양으로 남았다.,RootDesk/MyDesk/Inventory/Core/Logic/WeaponTierDataLogic.mlua:247,jikyeojugessda  yaksokis  Ring moyangby namassda.,jikyeojugessda yaksok 戒指 moyang以 namassda.,jikyeojugessda yaksok 指輪 moyangで namassda.
MLUA_WEAPONTIERDATALOGIC_058,요정 여왕이 흘린 눈물이라기엔 너무 단단하다.,RootDesk/MyDesk/Inventory/Core/Logic/WeaponTierDataLogic.mlua:248,yojeong yeowangis  heulrin nunmulis ragien neomu dandanhada.,yojeong yeowang heulrin nunmulragien neomu dandanhada.,yojeong yeowang heulrin nunmulragien neomu dandanhada.
MLUA_WEAPONTIERDATALOGIC_059,들여다보면 저쪽에서도 이쪽을 보고 있다.,RootDesk/MyDesk/Inventory/Core/Logic/WeaponTierDataLogic.mlua:249,deulyeodabomyeon jeojjokindo is jjok  bogo issda.,deulyeodabomyeon jeojjok在do jjok bogo issda.,deulyeodabomyeon jeojjokでdo jjok bogo issda.
MLUA_WEAPONTIERDATALOGIC_060,낡았지만 없는 것보단 낫다.,RootDesk/MyDesk/Inventory/Core/Logic/WeaponTierDataLogic.mlua:254,nalkassjiman None thingbodan nasda.,nalkassjiman 沒有 內容bodan nasda.,nalkassjiman なし ものbodan nasda.
MLUA_WEAPONTIERDATALOGIC_061,보기만 해도 마음이 조금 편안해진다.,RootDesk/MyDesk/Inventory/Core/Logic/WeaponTierDataLogic.mlua:255,bogiman haedo maeumis  slightly pyeonanhaejinda.,bogiman haedo maeum 稍微 pyeonanhaejinda.,bogiman haedo maeum 少し pyeonanhaejinda.
MLUA_WEAPONTIERDATALOGIC_062,하늘을 날 수 있을 것 같지만 못 난다.,RootDesk/MyDesk/Inventory/Core/Logic/WeaponTierDataLogic.mlua:256,haneul  nal can iss  thing gatjiman mos nanda.,haneul nal 可以 iss 內容 gatjiman mos nanda.,haneul nal 可能 iss もの gatjiman mos nanda.
MLUA_WEAPONTIERDATALOGIC_063,검은색이라 어디에나 잘 어울린다.,RootDesk/MyDesk/Inventory/Core/Logic/WeaponTierDataLogic.mlua:257,Blackis ra anywhere well goes well.,黑色ra 任何地方 jal 很搭.,黒いra どこにでも jal よく合う.
MLUA_WEAPONTIERDATALOGIC_064,붉은 날개를 두른 듯한 망토.,RootDesk/MyDesk/Inventory/Core/Logic/WeaponTierDataLogic.mlua:258,Red nal  dureun deusone Cloak.,紅色 翅膀 dureun deus一 披風.,赤い 翼 dureun deus1つ マント.
MLUA_WEAPONTIERDATALOGIC_065,푸른색이라 제법 시원해 보인다.,RootDesk/MyDesk/Inventory/Core/Logic/WeaponTierDataLogic.mlua:259,Blueis ra quite cool Visible.,藍色saekra jebeop 清爽 顯示.,青いsaekra jebeop 涼しげ 表示される.
MLUA_WEAPONTIERDATALOGIC_066,나무 스태프,RootDesk/MyDesk/Inventory/Core/Logic/WeaponTierDataLogic.mlua:287,Wooden Staff,木製 法杖,木製 スタッフ
MLUA_WEAPONTIERDATALOGIC_067,아크 스태프,RootDesk/MyDesk/Inventory/Core/Logic/WeaponTierDataLogic.mlua:306,akeu Staff,akeu 法杖,akeu スタッフ
MLUA_WEAPONTIERDATALOGIC_068,공격력,RootDesk/MyDesk/Inventory/Core/Logic/WeaponTierDataLogic.mlua:308 | RootDesk/MyDesk/Inventory/Core/Logic/WeaponTierDataLogic.mlua:343 | RootDesk/MyDesk/UI/WorldCharacterSelectUI.mlua:206,Attackryeok,攻擊ryeok,攻撃ryeok
MLUA_WEAPONTIERDATALOGIC_069,이블윙즈,RootDesk/MyDesk/Inventory/Core/Logic/WeaponTierDataLogic.mlua:321,is beulwingjeu,beulwingjeu,beulwingjeu
MLUA_WEAPONTIERDATALOGIC_070,적 100마리 처치 시 Lv.3 썬더 볼트,RootDesk/MyDesk/Inventory/Core/Logic/WeaponTierDataLogic.mlua:333,Defeat 100 enemies to unlock Lv.3 Thunder Bolt,擊殺100隻敵人後解鎖Lv.3雷電術,敵を100体倒すとLv.3サンダーボルト
MLUA_WEAPONTIERDATALOGIC_071,적 100마리 처치 시 Lv.3 썬더 커터,RootDesk/MyDesk/Inventory/Core/Logic/WeaponTierDataLogic.mlua:334,Defeat 100 enemies to unlock Lv.3 Thunder Cutter,擊殺100隻敵人後解鎖Lv.3サンダーカッター,敵を100体倒すとLv.3サンダーカッター
MLUA_WEAPONTIERDATALOGIC_072,적 100마리 처치 시 Lv.3 에너지 볼트,RootDesk/MyDesk/Inventory/Core/Logic/WeaponTierDataLogic.mlua:335,Defeat 100 enemies to unlock Lv.3 Energy Bolt,擊殺100隻敵人後解鎖Lv.3能量箭,敵を100体倒すとLv.3エネルギーボルト
MLUA_WEAPONTIERDATALOGIC_073,적 100마리 처치 시 Lv.3 페페,RootDesk/MyDesk/Inventory/Core/Logic/WeaponTierDataLogic.mlua:336,Defeat 100 enemies to unlock Lv.3 Pepe,擊殺100隻敵人後解鎖Lv.3佩佩,敵を100体倒すとLv.3ペペ
MLUA_WEAPONTIERDATALOGIC_074,케이그,RootDesk/MyDesk/Inventory/Core/Logic/WeaponTierDataLogic.mlua:341,keis geu,kegeu,kegeu
MLUA_WEAPONTIERDATALOGIC_075,드래곤 스태프,RootDesk/MyDesk/Inventory/Core/Logic/WeaponTierDataLogic.mlua:356,deuraegon Staff,deuraegon 法杖,deuraegon スタッフ
MLUA_WEAPONTIERDATALOGIC_076,쿨타임,RootDesk/MyDesk/Inventory/Core/Logic/WeaponTierDataLogic.mlua:358,Cooldown,冷卻時間,クールタイム
MLUA_WEAPONTIERDATALOGIC_077,쟈이힌 스태프,RootDesk/MyDesk/Inventory/Core/Logic/WeaponTierDataLogic.mlua:371,jyais hin Staff,jyahin 法杖,jyahin スタッフ
MLUA_WEAPONTIERDATALOGIC_078,Lv.5 썬더 볼트,RootDesk/MyDesk/Inventory/Core/Logic/WeaponTierDataLogic.mlua:388,Lv.5 Thunder Bolt,Lv.5 雷電術,Lv.5 サンダーボルト
MLUA_WEAPONTIERDATALOGIC_079,Lv.5 썬더 커터,RootDesk/MyDesk/Inventory/Core/Logic/WeaponTierDataLogic.mlua:389,Lv.5 Thunder Cutter,Lv.5 雷電 切割,Lv.5 サンダー カッター
MLUA_WEAPONTIERDATALOGIC_080,Lv.5 에너지 볼트,RootDesk/MyDesk/Inventory/Core/Logic/WeaponTierDataLogic.mlua:390,Lv.5 Energy Bolt,Lv.5 能量 閃電術,Lv.5 エネルギー ボルト
MLUA_WEAPONTIERDATALOGIC_081,Lv.5 페페,RootDesk/MyDesk/Inventory/Core/Logic/WeaponTierDataLogic.mlua:391,Lv.5 Pepe,Lv.5 企鵝,Lv.5 ペペ
MLUA_WEAPONTIERDATALOGIC_082,무명의 은반지,RootDesk/MyDesk/Inventory/Core/Logic/WeaponTierDataLogic.mlua:419,mu targetsof   Ring,mu個目標的 戒指,mu体の 指輪
MLUA_WEAPONTIERDATALOGIC_083,여명의 금반지,RootDesk/MyDesk/Inventory/Core/Logic/WeaponTierDataLogic.mlua:421,yeo targetsof  geumRing,yeo個目標的 geum戒指,yeo体の geum指輪
MLUA_WEAPONTIERDATALOGIC_084,서리꽃 반지,RootDesk/MyDesk/Inventory/Core/Logic/WeaponTierDataLogic.mlua:423,seorikkoch Ring,seorikkoch 戒指,seorikkoch 指輪
MLUA_WEAPONTIERDATALOGIC_085,천사의 맹세,RootDesk/MyDesk/Inventory/Core/Logic/WeaponTierDataLogic.mlua:425,cheonsaof  maengse,cheonsa的 maengse,cheonsaの maengse
MLUA_WEAPONTIERDATALOGIC_086,페어리퀸의 눈물,RootDesk/MyDesk/Inventory/Core/Logic/WeaponTierDataLogic.mlua:427,peeorikwinof  nunmul,peeorikwin的 nunmul,peeorikwinの nunmul
MLUA_WEAPONTIERDATALOGIC_087,심연의 눈동자,RootDesk/MyDesk/Inventory/Core/Logic/WeaponTierDataLogic.mlua:429,simyeonof  nundongja,simyeon的 nundongja,simyeonの nundongja
MLUA_WEAPONTIERDATALOGIC_088,워 보우,RootDesk/MyDesk/Inventory/Core/Logic/WeaponTierDataLogic.mlua:435,wo bou,wo bou,wo bou
MLUA_WEAPONTIERDATALOGIC_089,레드 바이퍼,RootDesk/MyDesk/Inventory/Core/Logic/WeaponTierDataLogic.mlua:436,redeu bais peo,redeu bapeo,redeu bapeo
MLUA_WEAPONTIERDATALOGIC_090,기본 공격 피해량 {P}% 증가,RootDesk/MyDesk/Inventory/Core/Logic/WeaponTierDataLogic.mlua:436 | RootDesk/MyDesk/Inventory/Core/Logic/WeaponTierDataLogic.mlua:438,Basic Attack Damage {P}% Increase,基本 攻擊 傷害 {P}% 增加,基本 攻撃 ダメージ {P}% 増加
MLUA_WEAPONTIERDATALOGIC_091,봉황위궁,RootDesk/MyDesk/Inventory/Core/Logic/WeaponTierDataLogic.mlua:437,bonghwangwigung,bonghwangwigung,bonghwangwigung
MLUA_WEAPONTIERDATALOGIC_092,적 10마리 처치 시 추가 기본 공격,RootDesk/MyDesk/Inventory/Core/Logic/WeaponTierDataLogic.mlua:437,Defeat 10 enemies to gain an additional basic attack,擊殺10隻敵人後獲得額外基本攻擊,敵を10体倒すと追加の通常攻撃を獲得
MLUA_WEAPONTIERDATALOGIC_093,골든 아룬드,RootDesk/MyDesk/Inventory/Core/Logic/WeaponTierDataLogic.mlua:438,Golden arundeu,黃金 arundeu,ゴールデン arundeu
MLUA_WEAPONTIERDATALOGIC_094,메투스,RootDesk/MyDesk/Inventory/Core/Logic/WeaponTierDataLogic.mlua:439,metuseu,metuseu,metuseu
MLUA_WEAPONTIERDATALOGIC_095,골든 니스록,RootDesk/MyDesk/Inventory/Core/Logic/WeaponTierDataLogic.mlua:440,Golden niseurok,黃金 niseurok,ゴールデン niseurok
MLUA_WEAPONTIERDATALOGIC_096,기본 공격 시 {P}% 확률로 추가 공격 1회 발동,RootDesk/MyDesk/Inventory/Core/Logic/WeaponTierDataLogic.mlua:440,Basic attacks have a {P}% chance to trigger 1 additional attack,基本攻擊有{P}%機率觸發1次額外攻擊,通常攻撃時、{P}%の確率で追加攻撃を1回発動
MLUA_WEAPONTIERDATALOGIC_097,양손검,RootDesk/MyDesk/Inventory/Core/Logic/WeaponTierDataLogic.mlua:445,yangsongeom,yangsongeom,yangsongeom
MLUA_WEAPONTIERDATALOGIC_098,하이랜더,RootDesk/MyDesk/Inventory/Core/Logic/WeaponTierDataLogic.mlua:446,hais raenmore,haraen更多,haraenさらに
MLUA_WEAPONTIERDATALOGIC_099,공격력 {P}%,RootDesk/MyDesk/Inventory/Core/Logic/WeaponTierDataLogic.mlua:446 | RootDesk/MyDesk/Inventory/Core/Logic/WeaponTierDataLogic.mlua:448,Attackryeok {P}%,攻擊ryeok {P}%,攻撃ryeok {P}%
MLUA_WEAPONTIERDATALOGIC_100,그리스,RootDesk/MyDesk/Inventory/Core/Logic/WeaponTierDataLogic.mlua:447,geuriseu,geuriseu,geuriseu
MLUA_WEAPONTIERDATALOGIC_101,적 30마리 처치 시 HP {P}% 회복,RootDesk/MyDesk/Inventory/Core/Logic/WeaponTierDataLogic.mlua:447,Restore {P}% HP when you defeat 30 enemies,擊殺30隻敵人時恢復{P}% HP,敵を30体倒すとHPを{P}%回復
MLUA_WEAPONTIERDATALOGIC_102,그륜힐,RootDesk/MyDesk/Inventory/Core/Logic/WeaponTierDataLogic.mlua:448,geuryunhil,geuryunhil,geuryunhil
MLUA_WEAPONTIERDATALOGIC_103,청운검,RootDesk/MyDesk/Inventory/Core/Logic/WeaponTierDataLogic.mlua:449,cheongungeom,cheongungeom,cheongungeom
MLUA_WEAPONTIERDATALOGIC_104,받는 피해 {P}% 감소,RootDesk/MyDesk/Inventory/Core/Logic/WeaponTierDataLogic.mlua:449 | RootDesk/MyDesk/Inventory/Core/Logic/WeaponTierDataLogic.mlua:470,received Damage {P}% Reduction,受到 傷害 {P}% 減少,受ける ダメージ {P}% 減少
MLUA_WEAPONTIERDATALOGIC_105,참화도,RootDesk/MyDesk/Inventory/Core/Logic/WeaponTierDataLogic.mlua:450,chamhwado,chamhwado,chamhwado
MLUA_WEAPONTIERDATALOGIC_106,HP 30% 이하 시 공격력 {P}% 증가,RootDesk/MyDesk/Inventory/Core/Logic/WeaponTierDataLogic.mlua:450,Increase Attack by {P}% when HP is 30% or lower,HP低於等於30%時攻擊力增加{P}%,HPが30%以下になると攻撃力{P}%増加
MLUA_WEAPONTIERDATALOGIC_107,삼각 자마다르,RootDesk/MyDesk/Inventory/Core/Logic/WeaponTierDataLogic.mlua:455,samgak jaeveryreu,samgak ja每reu,samgak jaごとにreu
MLUA_WEAPONTIERDATALOGIC_108,태극부채,RootDesk/MyDesk/Inventory/Core/Logic/WeaponTierDataLogic.mlua:456,taegeukbuchae,taegeukbuchae,taegeukbuchae
MLUA_WEAPONTIERDATALOGIC_109,게타,RootDesk/MyDesk/Inventory/Core/Logic/WeaponTierDataLogic.mlua:457,gehits,ge擊,geヒット
MLUA_WEAPONTIERDATALOGIC_110,"몬스터 30마리 처치 시 치명타 확률 {P}% 증가(10초), 지속시간동안 갱신X",RootDesk/MyDesk/Inventory/Core/Logic/WeaponTierDataLogic.mlua:457,Defeating 30 monsters increases Critical Chance by {P}% (10s); no refresh during the duration,擊殺30隻怪物時暴擊率增加{P}%（10秒），持續時間內不會刷新,モンスターを30体倒すとクリティカル率{P}%増加（10秒）、持続時間中は更新されない
MLUA_WEAPONTIERDATALOGIC_111,용천권,RootDesk/MyDesk/Inventory/Core/Logic/WeaponTierDataLogic.mlua:458,yongcheongwon,yongcheongwon,yongcheongwon
MLUA_WEAPONTIERDATALOGIC_112,바키트,RootDesk/MyDesk/Inventory/Core/Logic/WeaponTierDataLogic.mlua:459,bakiteu,bakiteu,bakiteu
MLUA_WEAPONTIERDATALOGIC_113,블러드 대거,RootDesk/MyDesk/Inventory/Core/Logic/WeaponTierDataLogic.mlua:460,beulreodeu daegeo,beulreodeu daegeo,beulreodeu daegeo
MLUA_WEAPONTIERDATALOGIC_114,"기본 공격시 {C}% 확률 치명타 피해 {P}% 증가(10초), 지속시간동안 갱신X",RootDesk/MyDesk/Inventory/Core/Logic/WeaponTierDataLogic.mlua:460,"Basic Attacksi {C}% Chance Critical Damage {P}% Increase(10s), Durationdongan gaengsinX","基本 攻擊si {C}% 機率 chi個目標擊 傷害 {P}% 增加(10秒), 持續時間dongan gaengsinX","基本 攻撃si {C}% 確率 chi体ヒット ダメージ {P}% 増加(10秒), 持続時間dongan gaengsinX"
MLUA_WEAPONTIERDATALOGIC_115,드라카즈 제복,RootDesk/MyDesk/Inventory/Core/Logic/WeaponTierDataLogic.mlua:465,deurakajeu jebok,deurakajeu jebok,deurakajeu jebok
MLUA_WEAPONTIERDATALOGIC_116,다크 오로라 로브,RootDesk/MyDesk/Inventory/Core/Logic/WeaponTierDataLogic.mlua:466,Dark owithra Robe,暗 o以ra 長袍,ダーク oでra ローブ
MLUA_WEAPONTIERDATALOGIC_117,전투 시작 시 최대 HP의 {P}% 보호막 획득,RootDesk/MyDesk/Inventory/Core/Logic/WeaponTierDataLogic.mlua:466 | RootDesk/MyDesk/Inventory/Core/Logic/WeaponTierDataLogic.mlua:478,Gain a shield equal to {P}% of Max HP when battle starts,戰鬥開始時獲得相當於最大HP {P}%的護盾,戦闘開始時、最大HPの{P}%に相当するシールドを獲得
MLUA_WEAPONTIERDATALOGIC_118,빛의 수련기사 로브,RootDesk/MyDesk/Inventory/Core/Logic/WeaponTierDataLogic.mlua:467,bichof  canryeongisa Robe,bich的 可以ryeongisa 長袍,bichの 可能ryeongisa ローブ
MLUA_WEAPONTIERDATALOGIC_119,몬스터 50마리 처치 시 HP {P}% 회복,RootDesk/MyDesk/Inventory/Core/Logic/WeaponTierDataLogic.mlua:467 | RootDesk/MyDesk/Inventory/Core/Logic/WeaponTierDataLogic.mlua:479,Restore {P}% HP when you defeat 50 monsters,擊殺50隻怪物時恢復{P}% HP,モンスターを50体倒すとHPを{P}%回復
MLUA_WEAPONTIERDATALOGIC_120,여제의 쓸만한 로브,RootDesk/MyDesk/Inventory/Core/Logic/WeaponTierDataLogic.mlua:470,yeojeof  usemanone Robe,yeoje的 使用man一 長袍,yeojeの 使うman1つ ローブ
MLUA_WEAPONTIERDATALOGIC_121,템페스트 후드로브,RootDesk/MyDesk/Inventory/Core/Logic/WeaponTierDataLogic.mlua:471,tempeseuteu afterdeuRobe,tempeseuteu 後deu長袍,tempeseuteu 後deuローブ
MLUA_WEAPONTIERDATALOGIC_122,HP 30% 이하일 때 받는 피해 {P}% 감소,RootDesk/MyDesk/Inventory/Core/Logic/WeaponTierDataLogic.mlua:471 | RootDesk/MyDesk/Inventory/Core/Logic/WeaponTierDataLogic.mlua:481,HP 30% is hail when received Damage {P}% Reduction,HP 30% hail 時 受到 傷害 {P}% 減少,HP 30% hail とき 受ける ダメージ {P}% 減少
MLUA_WEAPONTIERDATALOGIC_123,얼티밋 슈트,RootDesk/MyDesk/Inventory/Core/Logic/WeaponTierDataLogic.mlua:472,eoltimis Suit,eoltimis 套裝,eoltimis スーツ
MLUA_WEAPONTIERDATALOGIC_124,치명적인 피해를 받을 때 5초 무적(전투당 1회),RootDesk/MyDesk/Inventory/Core/Logic/WeaponTierDataLogic.mlua:472,chi targetsEnemyin Damage  receive when 5s Invincible(Battleper 1times),chi個目標敵人in 傷害 獲得 時 5秒 無敵(戰鬥每 1次),chi体敵in ダメージ 受け取る とき 5秒 無敵(戦闘あたり 1回)
MLUA_WEAPONTIERDATALOGIC_125,기사단 제복,RootDesk/MyDesk/Inventory/Core/Logic/WeaponTierDataLogic.mlua:477,gisadan jebok,gisadan jebok,gisadan jebok
MLUA_WEAPONTIERDATALOGIC_126,10주년 화이트 슈트,RootDesk/MyDesk/Inventory/Core/Logic/WeaponTierDataLogic.mlua:478,10junyeon hwais teu Suit,10junyeon hwateu 套裝,10junyeon hwateu スーツ
MLUA_WEAPONTIERDATALOGIC_127,메이플 베릴 리센느,RootDesk/MyDesk/Inventory/Core/Logic/WeaponTierDataLogic.mlua:479,Maple beril risenneu,mepeul beril risenneu,mepeul beril risenneu
MLUA_WEAPONTIERDATALOGIC_128,메이플 래티넘 리센느,RootDesk/MyDesk/Inventory/Core/Logic/WeaponTierDataLogic.mlua:480,Maple raetineom risenneu,mepeul raetineom risenneu,mepeul raetineom risenneu
MLUA_WEAPONTIERDATALOGIC_129,피격 시 {P}% 확률로 피해 무효화,RootDesk/MyDesk/Inventory/Core/Logic/WeaponTierDataLogic.mlua:480,{P}% chance to nullify damage when hit,受到攻擊時有{P}%機率使傷害無效,攻撃を受けた時、{P}%の確率でダメージを無効化
MLUA_WEAPONTIERDATALOGIC_130,메이플 이올렛 슈트,RootDesk/MyDesk/Inventory/Core/Logic/WeaponTierDataLogic.mlua:481,Maple is olres Suit,mepeul olres 套裝,mepeul olres スーツ
MLUA_WEAPONTIERDATALOGIC_131,10주년 블랙 슈트,RootDesk/MyDesk/Inventory/Core/Logic/WeaponTierDataLogic.mlua:482,10junyeon beulraek Suit,10junyeon beulraek 套裝,10junyeon beulraek スーツ
MLUA_WEAPONTIERDATALOGIC_132,HP가 20% 이하가 되면 즉시 HP {P}% 회복(전투당 1회),RootDesk/MyDesk/Inventory/Core/Logic/WeaponTierDataLogic.mlua:482,HP  20% is ha  doemyeon jeuksi HP {P}% Restore(Battleper 1times),HP 20% ha doemyeon jeuksi HP {P}% 恢復(戰鬥每 1次),HP 20% ha doemyeon jeuksi HP {P}% 回復(戦闘あたり 1回)
MLUA_WEAPONTIERDATALOGIC_133,신문지 투구,RootDesk/MyDesk/Inventory/Core/Logic/WeaponTierDataLogic.mlua:487,sinmunji Helmet,sinmunji 頭盔,sinmunji ヘルム
MLUA_WEAPONTIERDATALOGIC_134,본 헬름,RootDesk/MyDesk/Inventory/Core/Logic/WeaponTierDataLogic.mlua:488,bon helreum,bon helreum,bon helreum
MLUA_WEAPONTIERDATALOGIC_135,공격력 +{P}%,RootDesk/MyDesk/Inventory/Core/Logic/WeaponTierDataLogic.mlua:488 | RootDesk/MyDesk/Inventory/Core/Logic/WeaponTierDataLogic.mlua:490,Attackryeok +{P}%,攻擊ryeok +{P}%,攻撃ryeok +{P}%
MLUA_WEAPONTIERDATALOGIC_136,자쿰의 투구,RootDesk/MyDesk/Inventory/Core/Logic/WeaponTierDataLogic.mlua:489,jakumof  Helmet,jakum的 頭盔,jakumの ヘルム
MLUA_WEAPONTIERDATALOGIC_137,몬스터 50마리 처치 시 모든 스킬 쿨타임 {P}% 감소,RootDesk/MyDesk/Inventory/Core/Logic/WeaponTierDataLogic.mlua:489,Defeating 50 monsters reduces all skill cooldowns by {P}%,擊殺50隻怪物時所有技能冷卻時間減少{P}%,モンスターを50体倒すとすべてのスキルのクールタイム{P}%減少
MLUA_WEAPONTIERDATALOGIC_138,데비존의 모자,RootDesk/MyDesk/Inventory/Core/Logic/WeaponTierDataLogic.mlua:490,debijonof  moja,debijon的 moja,debijonの moja
MLUA_WEAPONTIERDATALOGIC_139,템페스트 깃털모자,RootDesk/MyDesk/Inventory/Core/Logic/WeaponTierDataLogic.mlua:493,tempeseuteu gisteolmoja,tempeseuteu gisteolmoja,tempeseuteu gisteolmoja
MLUA_WEAPONTIERDATALOGIC_140,스킬 사용 시 다음 기본 공격의 대미지 {P}% 증가 (10초),RootDesk/MyDesk/Inventory/Core/Logic/WeaponTierDataLogic.mlua:493,Using a skill increases the damage of the next basic attack by {P}% (10s),使用技能時，下一次基本攻擊傷害增加{P}%（10秒）,スキル使用時、次の通常攻撃のダメージ{P}%増加（10秒）
MLUA_WEAPONTIERDATALOGIC_141,벨룸의 헬름,RootDesk/MyDesk/Inventory/Core/Logic/WeaponTierDataLogic.mlua:494,belrumof  helreum,belrum的 helreum,belrumの helreum
MLUA_WEAPONTIERDATALOGIC_142,스킬 사용 후 다음 스킬의 대미지 {P}% 증가 (10초),RootDesk/MyDesk/Inventory/Core/Logic/WeaponTierDataLogic.mlua:494,Skill Use after Next Skillof  Damage {P}% Increase (10s),技能 使用 後 下一個 技能的 傷害 {P}% 增加 (10秒),スキル 使用 後 次 スキルの ダメージ {P}% 増加 (10秒)
MLUA_WEAPONTIERDATALOGIC_143,노가다 목장갑,RootDesk/MyDesk/Inventory/Core/Logic/WeaponTierDataLogic.mlua:499,no da mokGloves,noda mok手套,noda mok手袋
MLUA_WEAPONTIERDATALOGIC_144,알타이르 글러브,RootDesk/MyDesk/Inventory/Core/Logic/WeaponTierDataLogic.mlua:500,alhitsis reu geulreobeu,al擊reu geulreobeu,alヒットreu geulreobeu
MLUA_WEAPONTIERDATALOGIC_145,기본 공격 대미지 +{P}%,RootDesk/MyDesk/Inventory/Core/Logic/WeaponTierDataLogic.mlua:500,Basic Attack Damage +{P}%,基本 攻擊 傷害 +{P}%,基本 攻撃 ダメージ +{P}%
MLUA_WEAPONTIERDATALOGIC_146,하드레더 글로브,RootDesk/MyDesk/Inventory/Core/Logic/WeaponTierDataLogic.mlua:502,hadeuremore geulRobe,hadeure更多 geul長袍,hadeureさらに geulローブ
MLUA_WEAPONTIERDATALOGIC_147,기본 공격 20회마다 다음 기본 공격의 치명타 확률 +{P}% 증가 (5초),RootDesk/MyDesk/Inventory/Core/Logic/WeaponTierDataLogic.mlua:502,Basic Attack 20timesevery Next Basic Attackof  Critical Chance +{P}% Increase (5s),基本 攻擊 20次每 下一個 基本 攻擊的 chi個目標擊 機率 +{P}% 增加 (5秒),基本 攻撃 20回ごとに 次 基本 攻撃の chi体ヒット 確率 +{P}% 増加 (5秒)
MLUA_WEAPONTIERDATALOGIC_148,해군 함장의 장갑,RootDesk/MyDesk/Inventory/Core/Logic/WeaponTierDataLogic.mlua:503,haegun hamjangof  Gloves,haegun hamjang的 手套,haegun hamjangの 手袋
MLUA_WEAPONTIERDATALOGIC_149,기본 공격 30회마다 다음 기본 공격의 대미지 {P}% 증가,RootDesk/MyDesk/Inventory/Core/Logic/WeaponTierDataLogic.mlua:503,Basic Attack 30timesevery Next Basic Attackof  Damage {P}% Increase,基本 攻擊 30次每 下一個 基本 攻擊的 傷害 {P}% 增加,基本 攻撃 30回ごとに 次 基本 攻撃の ダメージ {P}% 増加
MLUA_WEAPONTIERDATALOGIC_150,무공의 장갑,RootDesk/MyDesk/Inventory/Core/Logic/WeaponTierDataLogic.mlua:504,mugongof  Gloves,mugong的 手套,mugongの 手袋
MLUA_WEAPONTIERDATALOGIC_151,기본 공격으로 적 처치 시 다음 기본 공격의 대미지 {P}% 증가,RootDesk/MyDesk/Inventory/Core/Logic/WeaponTierDataLogic.mlua:504,Defeating an enemy with a basic attack increases the damage of the next basic attack by {P}%,以基本攻擊擊殺敵人時，下一次基本攻擊傷害增加{P}%,通常攻撃で敵を倒すと、次の通常攻撃のダメージ{P}%増加
MLUA_WEAPONTIERDATALOGIC_152,소공의 장갑,RootDesk/MyDesk/Inventory/Core/Logic/WeaponTierDataLogic.mlua:505,sogongof  Gloves,sogong的 手套,sogongの 手袋
MLUA_WEAPONTIERDATALOGIC_153,기본 공격 10회마다 강화 공격 발동 (기본 공격 대미지의 200%),RootDesk/MyDesk/Inventory/Core/Logic/WeaponTierDataLogic.mlua:505,Basic Attack 10timesevery Upgrade Attack Activate (Basic Attack Damageof  200%),基本 攻擊 10次每 強化 攻擊 發動 (基本 攻擊 傷害的 200%),基本 攻撃 10回ごとに 強化 攻撃 発動 (基本 攻撃 ダメージの 200%)
MLUA_WEAPONTIERDATALOGIC_154,허름한 망토,RootDesk/MyDesk/Inventory/Core/Logic/WeaponTierDataLogic.mlua:510,heoreumone Cloak,heoreum一 披風,heoreum1つ マント
MLUA_WEAPONTIERDATALOGIC_155,온화의 망토,RootDesk/MyDesk/Inventory/Core/Logic/WeaponTierDataLogic.mlua:511,onhwaof  Cloak,onhwa的 披風,onhwaの マント
MLUA_WEAPONTIERDATALOGIC_156,피해량 +{P}%,RootDesk/MyDesk/Inventory/Core/Logic/WeaponTierDataLogic.mlua:511,Damage +{P}%,傷害 +{P}%,ダメージ +{P}%
MLUA_WEAPONTIERDATALOGIC_157,이카루스 망토,RootDesk/MyDesk/Inventory/Core/Logic/WeaponTierDataLogic.mlua:513,is karuseu Cloak,karuseu 披風,karuseu マント
MLUA_WEAPONTIERDATALOGIC_158,몬스터 50마리 처치 시 피해량 +{P}% (10초),RootDesk/MyDesk/Inventory/Core/Logic/WeaponTierDataLogic.mlua:513,Defeating 50 monsters increases damage by +{P}% (10s),擊殺50隻怪物時傷害+{P}%（10秒）,モンスターを50体倒すとダメージ+{P}%（10秒）
MLUA_WEAPONTIERDATALOGIC_159,검은색 가이아의 망토,RootDesk/MyDesk/Inventory/Core/Logic/WeaponTierDataLogic.mlua:514,Black  is aof  Cloak,黑色 a的 披風,黒い aの マント
MLUA_WEAPONTIERDATALOGIC_160,엘리트/보스 몬스터에게 주는 피해량 +{P}%,RootDesk/MyDesk/Inventory/Core/Logic/WeaponTierDataLogic.mlua:514 | RootDesk/MyDesk/Inventory/Core/Logic/WeaponTierDataLogic.mlua:516,Elite/Boss Monsterin ge ju  Damage +{P}%,菁英/首領 怪物在ge ju 傷害 +{P}%,エリート/ボス モンスターにge ju ダメージ +{P}%
MLUA_WEAPONTIERDATALOGIC_161,빨간색 세라프의 망토,RootDesk/MyDesk/Inventory/Core/Logic/WeaponTierDataLogic.mlua:515,Redsaek serapeuof  Cloak,紅色saek serapeu的 披風,赤いsaek serapeuの マント
MLUA_WEAPONTIERDATALOGIC_162,체력 +{P}%,RootDesk/MyDesk/Inventory/Core/Logic/WeaponTierDataLogic.mlua:515,HP +{P}%,生命值 +{P}%,HP +{P}%
MLUA_WEAPONTIERDATALOGIC_163,파란색 자일즈의 망토,RootDesk/MyDesk/Inventory/Core/Logic/WeaponTierDataLogic.mlua:516,Bluesaek jailjeuof  Cloak,藍色saek jailjeu的 披風,青いsaek jailjeuの マント
MLUA_WEAPONTIERDATALOGIC_164,기본 공격시 %s%% 확률 %s,RootDesk/MyDesk/Inventory/Core/Logic/WeaponTierDataLogic.mlua:929,Basic Attacksi %s%% Chance %s,基本 攻擊si %s%% 機率 %s,基本 攻撃si %s%% 確率 %s
MLUA_WORLDCHARACTERSELECTUI_001,아르카나,RootDesk/MyDesk/UI/WorldCharacterSelectUI.mlua:88 | /ui/TitleGroup/SkillPanel/CharacterFilterList/btnCharArcana,Arcana,Arcana,アルカナ
MLUA_WORLDCHARACTERSELECTUI_002,번개와 얼음을 자유자재로 다루는 살짝 어벙한 마법사,RootDesk/MyDesk/UI/WorldCharacterSelectUI.mlua:88,beonand  Ice  freely daru  saljjak clumsy Mage,閃電與 冰 自由地 daru saljjak 笨拙 法師,雷と 氷 自在に daru saljjak おっちょこちょいな 魔法使い
MLUA_WORLDCHARACTERSELECTUI_003,장비 250개를 획득하세요!,RootDesk/MyDesk/UI/WorldCharacterSelectUI.mlua:98 | RootDesk/MyDesk/UI/WorldCharacterSelectUI.mlua:319,Obtain 250 pieces of equipment!,獲得250件裝備！,装備を250個獲得しよう！
MLUA_WORLDCHARACTERSELECTUI_004,"아무 몬스터 100,000마리를 처치하세요!",RootDesk/MyDesk/UI/WorldCharacterSelectUI.mlua:102 | RootDesk/MyDesk/UI/WorldCharacterSelectUI.mlua:333,"Defeat 100,000 monsters of any kind!","擊殺任意怪物100,000隻！","モンスターを何でもいいので100,000体倒そう！"
MLUA_WORLDCHARACTERSELECTUI_006,폭풍을 머금은 화살로 전장을 휩쓰는 궁수,RootDesk/MyDesk/UI/WorldCharacterSelectUI.mlua:284,Storm  imbued with Arrowswith the battlefield hwipsseu  Archer,風暴 蘊含 箭矢以 jeonjang hwipsseu 弓箭手,嵐 宿した 矢で jeonjang hwipsseu 弓使い
MLUA_WORLDCHARACTERSELECTUI_007,태초의 마을에 숨겨진 봉인을 찾아 해제하세요!,RootDesk/MyDesk/UI/WorldCharacterSelectUI.mlua:288,Find and break the seal hidden in the Village of Beginnings!,尋找並解除太初村莊中隱藏的封印！,始まりの村に隠された封印を見つけて解除しよう！
MLUA_WORLDCHARACTERSELECTUI_008,강인한 육체와 엄청난 힘으로 적을 압도하는 전사,RootDesk/MyDesk/UI/WorldCharacterSelectUI.mlua:300,powerful yukcheand  tremendous himby enemies overwhelming Warrior,強韌 yukche與 驚人 him以 敵人 壓倒 戰士,強靭な yukcheと 圧倒的な himで 敵を 圧倒する 戦士
MLUA_WORLDCHARACTERSELECTUI_009,구름정원 콜로세움에서 1위를 차지하세요!,RootDesk/MyDesk/UI/WorldCharacterSelectUI.mlua:304,Take 1st place in the Cloud Garden Coliseum!,在雲庭園競技場取得第1名！,雲の庭園コロシアムで1位を獲得しよう！
MLUA_WORLDCHARACTERSELECTUI_010,준비 중인 캐릭터입니다.,RootDesk/MyDesk/UI/WorldCharacterSelectUI.mlua:378,Character in preparation.,準備 期間in 角色ipnida.,準備 中in キャラクターipnida.
MLUA_ZONE21ALIENEASTEREGGLOGIC_001,외계인의 습격이 일어납니다!,RootDesk/MyDesk/Zone21AlienEasterEggLogic.mlua:48,Alien invasionis  ileonapnida!,oegyein的 襲擊 ileonapnida!,oegyeinの 襲撃 ileonapnida!
UI_ACHIEVEMENTGROUP_001,모두 받기,/ui/AchievementGroup/Panel/BtnClaimAll,Claim All,全部 領取,すべて 受け取る
UI_ACHIEVEMENTGROUP_002,업적 달성 0 / 50,/ui/AchievementGroup/Panel/CountText,Achievement Achieve 0 / 50,成就 達成 0 / 50,実績 達成 0 / 50
UI_ACHIEVEMENTGROUP_003,업적 조건,/ui/AchievementGroup/Panel/List/Grid/RowTemplate/DescText,Achievement Condition,成就 條件,実績 条件
UI_ACHIEVEMENTGROUP_004,업적 이름,/ui/AchievementGroup/Panel/List/Grid/RowTemplate/NameText,Achievement Name,成就 名稱,実績 名前
UI_CHARACTERUNLOCKGROUP_001,획득,/ui/CharacterUnlockGroup/Panel/BtnAcquire,Obtain,獲得,獲得
UI_DEFAULTGROUP_001,보너스 스테이지,/ui/DefaultGroup/BonusBossBoard/Inner/Label | /ui/DefaultGroup/Map10BonusBossBoard/Inner/Label,Bonus seuteis ji,加成 seuteji,ボーナス seuteji
UI_DEFAULTGROUP_002,쿨타임 : 0s,/ui/DefaultGroup/CardTooltip/TooltipCd,Cooldown : 0s,冷卻時間 : 0s,クールタイム : 0s
UI_DEFAULTGROUP_003,데미지 : 0,/ui/DefaultGroup/CardTooltip/TooltipDmg,demiji : 0,demiji : 0,demiji : 0
UI_DEFAULTGROUP_004,카드 이름,/ui/DefaultGroup/CardTooltip/TooltipName,Card Name,卡片 名稱,カード 名前
UI_DEFAULTGROUP_005,총 대미지,/ui/DefaultGroup/DpsMeter/Board/Footer/Label,chong Damage,chong 傷害,chong ダメージ
UI_DEFAULTGROUP_006,히든맵 탈출까지,/ui/DefaultGroup/Ep3Map4Ester1Board/Inner/Label,hideunMap talchulkkaji,hideun地圖 talchulkkaji,hideunマップ talchulkkaji
UI_DEFAULTGROUP_007,경험치 2배!,/ui/DefaultGroup/ExpBoostBoard/Inner/Label,gyeongheomchi 2bae!,gyeongheomchi 2bae!,gyeongheomchi 2bae!
UI_DEFAULTGROUP_008,남은 시간,/ui/DefaultGroup/TimeAttackBoard/Inner/Label,nam  time,nam 時間,nam 時間
UI_EPISODEREWARDGROUP_001,에피소드 보상,/ui/EpisodeRewardGroup/Panel/Title,in pisodeu Reward,在pisodeu 獎勵,にpisodeu 報酬
UI_EPISODEREWARDGROUP_002,"EP1 
5분 생존!",/ui/EpisodeRewardGroup/Panel/Viewport/Strip/Card1/Label,"EP1 
5min Survive!","EP1 
5分 生存!","EP1 
5分 生存!"
UI_EPISODEREWARDGROUP_003,"EP1 
10분 생존!",/ui/EpisodeRewardGroup/Panel/Viewport/Strip/Card2/Label,"EP1 
10min Survive!","EP1 
10分 生存!","EP1 
10分 生存!"
UI_EPISODEREWARDGROUP_004,"EP1 
15분 생존!",/ui/EpisodeRewardGroup/Panel/Viewport/Strip/Card3/Label,"EP1 
15min Survive!","EP1 
15分 生存!","EP1 
15分 生存!"
UI_EPISODEREWARDGROUP_005,"EP2 
5분 생존!",/ui/EpisodeRewardGroup/Panel/Viewport/Strip/Card4/Label,"EP2 
5min Survive!","EP2 
5分 生存!","EP2 
5分 生存!"
UI_EPISODEREWARDGROUP_006,"EP2 
10분 생존!",/ui/EpisodeRewardGroup/Panel/Viewport/Strip/Card5/Label,"EP2 
10min Survive!","EP2 
10分 生存!","EP2 
10分 生存!"
UI_EPISODEREWARDGROUP_007,"EP2 
15분 생존!",/ui/EpisodeRewardGroup/Panel/Viewport/Strip/Card6/Label,"EP2 
15min Survive!","EP2 
15分 生存!","EP2 
15分 生存!"
UI_EPISODEREWARDGROUP_008,"EP3 
5분 생존!",/ui/EpisodeRewardGroup/Panel/Viewport/Strip/Card7/Label,"EP3 
5min Survive!","EP3 
5分 生存!","EP3 
5分 生存!"
UI_EPISODEREWARDGROUP_009,"EP3 
10분 생존!",/ui/EpisodeRewardGroup/Panel/Viewport/Strip/Card8/Label,"EP3 
10min Survive!","EP3 
10分 生存!","EP3 
10分 生存!"
UI_EPISODEREWARDGROUP_010,"EP3 
15분 생존!",/ui/EpisodeRewardGroup/Panel/Viewport/Strip/Card9/Label,"EP3 
15min Survive!","EP3 
15分 生存!","EP3 
15分 生存!"
UI_EQUIPMENTGROUP_001,합성,/ui/EquipmentGroup/Inventory/ComposePopup/Panel/ComposeButton | /ui/EquipmentGroup/Inventory/EquipPopup/Panel/LeftColumn/ComposeButton/Label,hapseong,hapseong,hapseong
UI_EQUIPMENTGROUP_002,노말 → 레어,/ui/EquipmentGroup/Inventory/ComposePopup/Panel/LeftColumn/BG_2/InfoBox/GradeText,nomal → reeo,nomal → reeo,nomal → reeo
UI_EQUIPMENTGROUP_003,품질 - 유지,/ui/EquipmentGroup/Inventory/ComposePopup/Panel/LeftColumn/BG_2/InfoBox/QualityRow1/Label | /ui/EquipmentGroup/Inventory/ComposePopup/Panel/LeftColumn/BG_2/InfoBox/QualityRow2/Label,Quality - Duration,品質 - 持續,品質 - 持続
UI_EQUIPMENTGROUP_004,품질 승급 확률,/ui/EquipmentGroup/Inventory/ComposePopup/Panel/LeftColumn/BG_2/InfoBox/QualityTitle,Quality seunggeup Chance,品質 seunggeup 機率,品質 seunggeup 確率
UI_EQUIPMENTGROUP_005,스킬 추가!,/ui/EquipmentGroup/Inventory/ComposePopup/Panel/LeftColumn/BG_2/InfoBox/SkillText,Skill Additional!,技能 額外!,スキル 追加!
UI_EQUIPMENTGROUP_006,합성 결과,/ui/EquipmentGroup/Inventory/ComposePopup/Panel/LeftColumn/BG_2/InfoBox/TitleText,hapseong gyeoland,hapseong gyeol與,hapseong gyeolと
UI_EQUIPMENTGROUP_007,전체,/ui/EquipmentGroup/Inventory/ComposePopup/Panel/RightPanel/TabHolder/All/Background/UIText | /ui/EquipmentGroup/Inventory/Panel/InventoryPanel/TabHolder/All/Background/UIText | /ui/ShadowShopGroup/Panel/TabAll | /ui/TitleGroup/SkillPanel/CharacterFilterList/btnCharAll | /ui/TitleGroup/SkillPanel/GradeFilterList/btnGradeAll,All,全部,全体
UI_EQUIPMENTGROUP_008,아니오,/ui/EquipmentGroup/Inventory/ComposePopup/Panel/RiskWarning/Box/CancelButton | /ui/EquipmentGroup/Inventory/SellConfirm/Panel/BtnNo | /ui/OptionGroup/ConfirmPanel/BtnNo,anio,anio,anio
UI_EQUIPMENTGROUP_009,예,/ui/EquipmentGroup/Inventory/ComposePopup/Panel/RiskWarning/Box/ConfirmButton | /ui/EquipmentGroup/Inventory/SellConfirm/Panel/BtnYes | /ui/OptionGroup/ConfirmPanel/BtnYes,ye,ye,ye
UI_EQUIPMENTGROUP_010,"높은 등급의 장비가 사라집니다.
합성 후에는 되돌릴 수 없습니다.",/ui/EquipmentGroup/Inventory/ComposePopup/Panel/RiskWarning/Box/SubMessage,"high Gradeof  Equipment  sarajipnida.
hapseong afterin   doedolril can None.","高 等級的 裝備 sarajipnida.
hapseong 後在 doedolril 可以 沒有.","高い 等級の 装備 sarajipnida.
hapseong 後に doedolril 可能 ありません."
UI_EQUIPMENTGROUP_011,정말 합성하시겠습니까?,/ui/EquipmentGroup/Inventory/ComposePopup/Panel/RiskWarning/Box/Text,really hapseonghasigessseupnikka?,jeongmal hapseonghasigessseupnikka?,jeongmal hapseonghasigessseupnikka?
UI_EQUIPMENTGROUP_012,장비 합성,/ui/EquipmentGroup/Inventory/ComposePopup/Panel/Title,Equipment hapseong,裝備 hapseong,装備 hapseong
UI_EQUIPMENTGROUP_013,일괄 레벨업,/ui/EquipmentGroup/Inventory/EquipPopup/Panel/ButtonBatchLevelUp/Label,ilgwal Leveleop,ilgwal 等級eop,ilgwal レベルeop
UI_EQUIPMENTGROUP_014,레벨업,/ui/EquipmentGroup/Inventory/EquipPopup/Panel/ButtonLevelUp/Label,Leveleop,等級eop,レベルeop
UI_EQUIPMENTGROUP_015,잠금,/ui/EquipmentGroup/Inventory/EquipPopup/Panel/ButtonLock/TextLock,Locked,鎖定,ロック
UI_EQUIPMENTGROUP_016,삭제,/ui/EquipmentGroup/Inventory/EquipPopup/Panel/LeftColumn/ButtonDelete/Label,sakje,sakje,sakje
UI_EQUIPMENTGROUP_017,아이템 설명,/ui/EquipmentGroup/Inventory/EquipPopup/Panel/RightColumn/DescBox/Text,Item seol targets,道具 seol個目標,アイテム seol体
UI_EQUIPMENTGROUP_018,（등급 도달 시 해금）,/ui/EquipmentGroup/Inventory/EquipPopup/Panel/RightColumn/GradeSkillBox/Row0/Text | /ui/EquipmentGroup/Inventory/EquipPopup/Panel/RightColumn/GradeSkillBox/Row1/Text | /ui/EquipmentGroup/Inventory/EquipPopup/Panel/RightColumn/GradeSkillBox/Row2/Text | /ui/EquipmentGroup/Inventory/EquipPopup/Panel/RightColumn/GradeSkillBox/Row3/Text | /ui/EquipmentGroup/Inventory/EquipPopup/Panel/RightColumn/GradeSkillBox/Row4/Text,(Unlocked upon reaching the required grade),（達到等級後解鎖）,（等級到達時に解放）
UI_EQUIPMENTGROUP_019,등급 스킬,/ui/EquipmentGroup/Inventory/EquipPopup/Panel/RightColumn/GradeSkillBox/Title,Grade Skill,等級 技能,等級 スキル
UI_EQUIPMENTGROUP_020,아이템 이름,/ui/EquipmentGroup/Inventory/EquipPopup/Panel/Title | /ui/ShadowShopGroup/Panel/List/ItemTemplate/NameText,Item Name,道具 名稱,アイテム 名前
UI_EQUIPMENTGROUP_021,닉네임,/ui/EquipmentGroup/Inventory/Panel/EquipPanel/PlayerInfo/NameBackground/Name,nikneim,nikneim,nikneim
UI_EQUIPMENTGROUP_022,무기 강화 주문서,/ui/EquipmentGroup/Inventory/Panel/ItemNameTooltip/Label,Weapon Upgrade jumunseo,武器 強化 jumunseo,武器 強化 jumunseo
UI_EQUIPMENTGROUP_023,확인,/ui/EquipmentGroup/Inventory/UsePopup/Panel/ButtonConfirm | /ui/PopupGroup/PopupBack/PopupPanel/PopupBtnOK | /ui/WorldCharacterSelectGroup/Panel/BtnConfirm,Confirm,hwakin,hwakin
UI_EQUIPMENTGROUP_024,내용을 입력하세요,/ui/EquipmentGroup/Inventory/UsePopup/Panel/Message,Please enter the content,請輸入內容,内容を入力してください
UI_GACHAGROUP_001,닫기,/ui/GachaGroup/GachaProbInfo/Window/BtnCloseProb,Close,datgi,datgi
UI_GACHAGROUP_002,아이템,/ui/GachaGroup/GachaProbInfo/Window/Header/HName,Item,道具,アイテム
UI_GACHAGROUP_003,확률,/ui/GachaGroup/GachaProbInfo/Window/Header/HPct,Chance,機率,確率
UI_GACHAGROUP_004,"공개된 확률은 게임법 시행령에 따라 반올림한 값으로
합산된 결과가 100%가 되지 않을 수 있습니다.",/ui/GachaGroup/GachaProbInfo/Window/Notice,"gongdoen Chance  Gamebeop sihaengryeongin  ttara banolrimone gapsby
hapsandoen gyeoland   100%  doeji anh  can Available.","gong個doen 機率 遊戲beop sihaengryeong在 ttara banolrim一 gaps以
hapsandoen gyeol與 100% doeji anh 可以 有.","gong個doen 確率 ゲームbeop sihaengryeongに ttara banolrim1つ gapsで
hapsandoen gyeolと 100% doeji anh 可能 あります."
UI_GACHAGROUP_005,획득 확률,/ui/GachaGroup/GachaProbInfo/Window/Title,Obtain Chance,獲得 機率,獲得 確率
UI_GACHAGROUP_006,획득한 유물!,/ui/GachaGroup/Panel/Bg_cover/ResultLayer/ResultTitle,Obtainone Artifact!,獲得一 遺物!,獲得1つ 遺物!
UI_GACHAGROUP_007,유물 뽑기,/ui/GachaGroup/Panel/Title,Artifact Draw,遺物 抽取,遺物 ガチャ
UI_GAMEOVERGROUP_001,"다이아 500
골드 100,000",/ui/GameOverGroup/DiaShop/Panel/ScrollArea/List/ProductCard_0/DescText | /ui/TitleGroup/ShopPanel/ScrollArea/List/ProductCard_0/DescText,"Diamond 500
Gold 100,000","鑽石 500
金幣 100,000","ダイヤ 500
ゴールド 100,000"
UI_GAMEOVERGROUP_002,구매 완료,/ui/GameOverGroup/DiaShop/Panel/ScrollArea/List/ProductCard_0/SoldOutCover/SoldOutText | /ui/GameOverGroup/DiaShop/Panel/ScrollArea/List/ProductCard_1/SoldOutCover/SoldOutText | /ui/GameOverGroup/DiaShop/Panel/ScrollArea/List/ProductCard_2/SoldOutCover/SoldOutText | /ui/GameOverGroup/DiaShop/Panel/ScrollArea/List/ProductCard_3/SoldOutCover/SoldOutText | /ui/GameOverGroup/DiaShop/Panel/ScrollArea/List/ProductCard_4/SoldOutCover/SoldOutText,Buy Complete,購買完成,購入完了
UI_GAMEOVERGROUP_003,다이아 상점,/ui/GameOverGroup/DiaShop/Panel/Title,Diamond Shop,鑽石 商店,ダイヤ ショップ
UI_GAMEOVERGROUP_004,"이어하기
재화 900",/ui/GameOverGroup/GameOverBack/GameOverPanel/BtnContinue,"Continue
jaehwa 900","繼續
jaehwa 900","続ける
jaehwa 900"
UI_GAMEOVERGROUP_005,다시하기,/ui/GameOverGroup/GameOverBack/GameOverPanel/BtnRestart | /ui/GameOverGroup/GameOverBack/GameOverPanel/BtnRestart/Label | /ui/GameOverGroup/GameOverBack/GameOverPanel/BtnRestartOvertime | /ui/GameOverGroup/GameOverBack/GameOverPanel/BtnRestartOvertime/Label,Retry,重新開始,リトライ
UI_GAMEOVERGROUP_006,획득 스코어,/ui/GameOverGroup/GameOverBack/GameOverPanel/ScoreBox/ScoreLabel,Obtain seukoeo,獲得 seukoeo,獲得 seukoeo
UI_GAMEOVERGROUP_007,0 점,/ui/GameOverGroup/GameOverBack/GameOverPanel/ScoreBox/ScoreValueText,0 jeom,0 jeom,0 jeom
UI_IDLEREWARDGROUP_001,장비 인벤토리가 가득 찼어요!,/ui/IdleRewardGroup/ConfirmPanel/Message,Equipment Inventory Full Full!,裝備 背包 已滿 已滿!,装備 インベントリが 満杯 満杯!
UI_IDLEREWARDGROUP_002,"자리가 없는 장비는 사라져요.
그래도 받을까요?",/ui/IdleRewardGroup/ConfirmPanel/SubMessage,"space None Equipment  will disappear.
even so receivekkayo?","空間 沒有 裝備 會消失.
即使如此 獲得kkayo?","空きが なし 装備 消えます.
それでも 受け取るkkayo?"
UI_IDLEREWARDGROUP_003,(최대 24시간),/ui/IdleRewardGroup/Panel/CapText,(Max 24time),(最大 24時間),(最大 24時間)
UI_IDLEREWARDGROUP_004,장비는 2시간마다 1개씩 쌓여요,/ui/IdleRewardGroup/Panel/GearBox/Empty,Equipment  2timeevery 1ssik ssahyeoyo,裝備 2時間每 1個ssik ssahyeoyo,装備 2時間ごとに 1個ssik ssahyeoyo
UI_IDLEREWARDGROUP_005,자동 시간 : 00분 00초,/ui/IdleRewardGroup/Panel/TimeText,Automatic time : 00min 00s,自動 時間 : 00分 00秒,自動 時間 : 00分 00秒
UI_IDLEREWARDGROUP_006,방치 보상,/ui/IdleRewardGroup/Panel/Title,bangchi Reward,bangchi 獎勵,bangchi 報酬
UI_LEVELREWARDGROUP_001,레벨 5 보상,/ui/LevelRewardGroup/Panel/SubTitle,Level 5 Reward,等級 5 獎勵,レベル 5 報酬
UI_LOADINGGROUP_001,본 월드는 생성형 AI를 활용하여 제작된 콘텐츠를 포함하고 있습니다.,/ui/LoadingGroup/Screen/AiNotice,bon woldeu  saengseonghyeong AI  hwalyonghayeo jejakdoen kontencheu  pohamand  Available.,bon woldeu saengseonghyeong AI hwalyonghayeo jejakdoen kontencheu poham和 有.,bon woldeu saengseonghyeong AI hwalyonghayeo jejakdoen kontencheu pohamと あります.
UI_OPTIONGROUP_001,정말 게임을 종료할까요?,/ui/OptionGroup/ConfirmPanel/Message,really Game  Endcankkayo?,jeongmal 遊戲 結束可以kkayo?,jeongmal ゲーム 終了できるkkayo?
UI_OPTIONGROUP_002,이번 판이 여기서 끝납니다.,/ui/OptionGroup/ConfirmPanel/SubMessage,is beon gamesis  yeogiseo kkeutnapnida.,beon 場 yeogiseo kkeutnapnida.,beon 回 yeogiseo kkeutnapnida.
UI_OPTIONGROUP_003,조합식,/ui/OptionGroup/FusionPanel/Title,johapsik,johapsik,johapsik
UI_OPTIONGROUP_004,배경음,/ui/OptionGroup/OptionPanel/BgmToggle/Label,Background Music,背景音樂,BGM
UI_OPTIONGROUP_005,조합,/ui/OptionGroup/OptionPanel/BtnFusion,johap,johap,johap
UI_OPTIONGROUP_006,게임 종료,/ui/OptionGroup/OptionPanel/BtnQuit,Game End,遊戲 結束,ゲーム 終了
UI_OPTIONGROUP_007,게임 방법,/ui/OptionGroup/OptionPanel/BtnTutorial | /ui/OptionGroup/TutorialPanel/Title,Game bangbeop,遊戲 bangbeop,ゲーム bangbeop
UI_OPTIONGROUP_008,효과음,/ui/OptionGroup/OptionPanel/SfxToggle/Label,Effecteum,效果eum,効果eum
UI_OPTIONGROUP_009,옵션,/ui/OptionGroup/OptionPanel/Title,Options,選項,オプション
UI_POPUPGROUP_001,팝업 메시지,/ui/PopupGroup/PopupBack/PopupPanel/PopupMessage,Popup Message,彈出訊息,ポップアップメッセージ
UI_RAIDGROUP_001,보상 받기,/ui/RaidGroup/BtnClaim | /ui/RaidGroup/LockPanel/BtnClaimPending,Reward Claim,獎勵 領取,報酬 受け取る
UI_RAIDGROUP_002,캐릭터 화력 (초당),/ui/RaidGroup/DpsWindow/Title,Character Power (per second),角色火力（每秒）,キャラクター火力（毎秒）
UI_RAIDGROUP_003,보상을 받아야 새 시즌이 시작됩니다,/ui/RaidGroup/LockPanel/Msg,You must claim your reward before the new season begins.,必須領取獎勵後，新賽季才會開始。,報酬を受け取ると、新シーズンが開始されます。
UI_RAIDGROUP_004,지난 시즌 레이드 종료,/ui/RaidGroup/LockPanel/Title,End of the previous season's raid,上一賽季的突襲結束,前シーズンのレイド終了
UI_RAIDGROUP_005,부활!,/ui/RaidGroup/RevivePanel/BtnRevive,buhwal!,buhwal!,buhwal!
UI_RAIDGROUP_006,"24시간 넘게 자리를 비워
캐릭터들이 유령이 되었어요",/ui/RaidGroup/RevivePanel/Msg,"24time neomge jari  biwo
Characterdeulis  yuryeongis  doeeosseoyo","24時間 neomge jari biwo
角色deul yuryeong doeeosseoyo","24時間 neomge jari biwo
キャラクターdeul yuryeong doeeosseoyo"
UI_RAIDGROUP_007,남은시간,/ui/RaidGroup/TimeBox/Label,nam time,nam時間,nam時間
UI_RELICUPGRADEGROUP_001,유물명,/ui/RelicUpgradeGroup/Panel/NameText | /ui/SkillUpgradeGroup/Panel/NameText,Artifact targets,遺物個目標,遺物体
UI_RELICUPGRADEGROUP_002,옵션 설명,/ui/RelicUpgradeGroup/Panel/OptionBox/OptionText | /ui/SkillUpgradeGroup/Panel/OptionBox/OptionText,Option Description,選項說明,オプション説明
UI_RELICUPGRADEGROUP_003,10000코인,/ui/RelicUpgradeGroup/Panel/UpgradeButton/CostText | /ui/SkillUpgradeGroup/Panel/UpgradeButton/CostText,10000Coin,10000硬幣,10000コイン
UI_RELICUPGRADEGROUP_004,업그레이드,/ui/RelicUpgradeGroup/Panel/UpgradeButton/TitleText | /ui/SkillUpgradeGroup/Panel/UpgradeButton/TitleText,Upgrade,升級,アップグレード
UI_RUNSTARTCONFIRMGROUP_001,시작,/ui/RunStartConfirmGroup/Panel/BtnYes,Start,開始,開始
UI_RUNSTARTCONFIRMGROUP_002,무기 인벤토리가 가득 찼어요!,/ui/RunStartConfirmGroup/Panel/Message,Weapon Inventory Full Full!,武器 背包 已滿 已滿!,武器 インベントリが 満杯 満杯!
UI_SHADOWSHOPGROUP_001,구매,/ui/ShadowShopGroup/Panel/BtnPurchase,Buy,購買,購入
UI_SHADOWSHOPGROUP_002,그림자 정수,/ui/ShadowShopGroup/Panel/CurrencyBar/Label,Shadow Essence,暗影 精髓,影 エッセンス
UI_SHADOWSHOPGROUP_003,남은 수량: 0,/ui/ShadowShopGroup/Panel/List/ItemTemplate/StockText,Remaining quantity: 0,剩餘數量: 0,残り数量: 0
UI_SHADOWSHOPGROUP_004,비밀 상점,/ui/ShadowShopGroup/Panel/TitleBar/Title,Secret Shop,秘密商店,秘密ショップ
UI_TITLEGROUP_001,게임 시작,/ui/TitleGroup/BattlePanel/BtnStart,Game Start,開始遊戲,ゲーム開始
UI_TITLEGROUP_002,"일반 게임을 진행하면 자동으로
레이드 공격이 진행됩니다!",/ui/TitleGroup/RaidTutorial/Step1/Label,"In Normal Game, raid attacks are automatically carried out.",進行一般遊戲時，會自動進行突襲攻擊！,通常ゲームをプレイすると、レイド攻撃が自動的に行われます！
UI_TITLEGROUP_003,"일반 게임을 플레이할수록
레이드 대미지가 높아집니다!",/ui/TitleGroup/RaidTutorial/Step2/Label,"The more you play Normal Game, the higher your raid damage becomes!",一般遊戲遊玩越多，突襲傷害就越高！,通常ゲームをプレイするほど、レイドダメージが高くなります！
UI_TITLEGROUP_004,"24시간 미접속 시 캐릭터가
죽을 수 있으니 주의하세요!",/ui/TitleGroup/RaidTutorial/Step3/Label,"Be careful! If you are offline for more than 24 hours, your character may die!",注意！超過24小時未登入，角色可能會死亡！,24時間以上ログインしないと、キャラクターが死亡する可能性があります！
UI_TITLEGROUP_005,"높은 등급을 달성하고 특별한
보상을 획득하세요!",/ui/TitleGroup/RaidTutorial/Step4/Label,Achieve a high grade and obtain special rewards!,達成高等級並獲得特殊獎勵！,高い等級を達成して、特別な報酬を獲得しよう！
UI_TITLEGROUP_006,아직 등록된 기록이 없어요,/ui/TitleGroup/RankPanel/Board/EmptyText,Not yet registered Recordis  none,尚未 已登錄 紀錄 沒有,まだ 登録された 記録 ありません
UI_TITLEGROUP_007,이름,/ui/TitleGroup/RankPanel/Board/Header/ColName,Name,名稱,名前
UI_TITLEGROUP_008,순위,/ui/TitleGroup/RankPanel/Board/Header/ColRank,Rank,排名,順位
UI_TITLEGROUP_009,점수,/ui/TitleGroup/RankPanel/Board/Header/ColScore,Score,分數,スコア
UI_TITLEGROUP_010,내 순위,/ui/TitleGroup/RankPanel/Board/MyRankRow/Label,My Rank,我的排名,自分の順位
UI_TITLEGROUP_011,랭킹 (준비중),/ui/TitleGroup/RankPanel/ComingSoon,Ranking (Preparing),排行榜 (準備期間),ランキング (準備中)
UI_TITLEGROUP_012,타임어택 랭킹,/ui/TitleGroup/RankPanel/Tabs/TabTimeAttack/Label,Time Attack Ranking,限時挑戰 排行榜,タイムアタック ランキング
UI_TITLEGROUP_013,무제한 랭킹,/ui/TitleGroup/RankPanel/Tabs/TabUnlimited/Label,Unlimited Ranking,無限 排行榜,無制限 ランキング
UI_TITLEGROUP_014,랭킹,/ui/TitleGroup/RankPanel/Title | /ui/TitleGroup/TabBar/BtnRankLabel,Ranking,排行榜,ランキング
UI_TITLEGROUP_015,유물 (준비중),/ui/TitleGroup/RelicPanel/ComingSoon,Artifact (Preparing),遺物 (準備期間),遺物 (準備中)
UI_TITLEGROUP_016,대미지 스킨,/ui/TitleGroup/ShopPanel/Tabs/TabSkin/Label,Damage seukin,傷害 seukin,ダメージ seukin
UI_TITLEGROUP_017,상점,/ui/TitleGroup/ShopPanel/Title | /ui/TitleGroup/TabBar/BtnShopLabel,Shop,商店,ショップ
UI_TITLEGROUP_018,캐릭터 ▼,/ui/TitleGroup/SkillPanel/CharacterFilterBtn,Character ▼,角色 ▼,キャラクター ▼
UI_TITLEGROUP_019,등급 ▼,/ui/TitleGroup/SkillPanel/GradeFilterBtn,Grade ▼,等級 ▼,等級 ▼
UI_TITLEGROUP_020,스킬 1,/ui/TitleGroup/SkillPanel/ScrollArea/List/SkillSlot_0/Name,Skill 1,技能 1,スキル 1
UI_TITLEGROUP_021,스킬 2,/ui/TitleGroup/SkillPanel/ScrollArea/List/SkillSlot_1/Name,Skill 2,技能 2,スキル 2
UI_TITLEGROUP_022,스킬 11,/ui/TitleGroup/SkillPanel/ScrollArea/List/SkillSlot_10/Name,Skill 11,技能 11,スキル 11
UI_TITLEGROUP_023,스킬 12,/ui/TitleGroup/SkillPanel/ScrollArea/List/SkillSlot_11/Name,Skill 12,技能 12,スキル 12
UI_TITLEGROUP_024,스킬 13,/ui/TitleGroup/SkillPanel/ScrollArea/List/SkillSlot_12/Name,Skill 13,技能 13,スキル 13
UI_TITLEGROUP_025,스킬 14,/ui/TitleGroup/SkillPanel/ScrollArea/List/SkillSlot_13/Name,Skill 14,技能 14,スキル 14
UI_TITLEGROUP_026,스킬 15,/ui/TitleGroup/SkillPanel/ScrollArea/List/SkillSlot_14/Name,Skill 15,技能 15,スキル 15
UI_TITLEGROUP_027,스킬 16,/ui/TitleGroup/SkillPanel/ScrollArea/List/SkillSlot_15/Name,Skill 16,技能 16,スキル 16
UI_TITLEGROUP_028,스킬 17,/ui/TitleGroup/SkillPanel/ScrollArea/List/SkillSlot_16/Name,Skill 17,技能 17,スキル 17
UI_TITLEGROUP_029,스킬 18,/ui/TitleGroup/SkillPanel/ScrollArea/List/SkillSlot_17/Name,Skill 18,技能 18,スキル 18
UI_TITLEGROUP_030,스킬 3,/ui/TitleGroup/SkillPanel/ScrollArea/List/SkillSlot_2/Name,Skill 3,技能 3,スキル 3
UI_TITLEGROUP_031,스킬 4,/ui/TitleGroup/SkillPanel/ScrollArea/List/SkillSlot_3/Name,Skill 4,技能 4,スキル 4
UI_TITLEGROUP_032,스킬 5,/ui/TitleGroup/SkillPanel/ScrollArea/List/SkillSlot_4/Name,Skill 5,技能 5,スキル 5
UI_TITLEGROUP_033,스킬 6,/ui/TitleGroup/SkillPanel/ScrollArea/List/SkillSlot_5/Name,Skill 6,技能 6,スキル 6
UI_TITLEGROUP_034,스킬 7,/ui/TitleGroup/SkillPanel/ScrollArea/List/SkillSlot_6/Name,Skill 7,技能 7,スキル 7
UI_TITLEGROUP_035,스킬 8,/ui/TitleGroup/SkillPanel/ScrollArea/List/SkillSlot_7/Name,Skill 8,技能 8,スキル 8
UI_TITLEGROUP_036,스킬 9,/ui/TitleGroup/SkillPanel/ScrollArea/List/SkillSlot_8/Name,Skill 9,技能 9,スキル 9
UI_TITLEGROUP_037,스킬 10,/ui/TitleGroup/SkillPanel/ScrollArea/List/SkillSlot_9/Name,Skill 10,技能 10,スキル 10
UI_TITLEGROUP_038,전투,/ui/TitleGroup/TabBar/BtnBattleLabel,Battle,戰鬥,戦闘
UI_WORLDCHARACTERSELECTGROUP_001,CC기를 보유한 마법사,/ui/WorldCharacterSelectGroup/Panel/CharDescPanel/DescText,A mage who has crowd-control skills,擁有控場技能的法師,CCスキルを持つ魔法使い
UI_WORLDCHARACTERSELECTGROUP_002,썬콜법사,/ui/WorldCharacterSelectGroup/Panel/CharDescPanel/NameText | /ui/WorldCharacterSelectGroup/Panel/CharScrollArea/CharList/CharSlot_0/Name,sseonkolbeopsa,sseonkolbeopsa,sseonkolbeopsa
UI_WORLDCHARACTERSELECTGROUP_003,준비중,/ui/WorldCharacterSelectGroup/Panel/CharScrollArea/CharList/CharSlot_1/Name | /ui/WorldCharacterSelectGroup/Panel/CharScrollArea/CharList/CharSlot_2/Name | /ui/WorldCharacterSelectGroup/Panel/CharScrollArea/CharList/CharSlot_3/Name | /ui/WorldCharacterSelectGroup/Panel/CharScrollArea/CharList/CharSlot_4/Name | /ui/WorldCharacterSelectGroup/Panel/CharScrollArea/CharList/CharSlot_5/Name,Preparing,準備期間,準備中
UI_WORLDCHARACTERSELECTGROUP_004,무제한 모드,/ui/WorldCharacterSelectGroup/Panel/UnlimitedModeBg/Label,Unlimited Mode,無限模式,無制限モード
UI_WORLDCHARACTERSELECTGROUP_005,태초의 마을 10분 생존 시 열림,/ui/WorldCharacterSelectGroup/Panel/WorldImageCenterPhoto/LockOverlay/Hint,Village of Beginnings — unlocks after surviving for 10 minutes,太初村莊——生存10分鐘後解鎖,始まりの村 — 10分間生存すると解放