Key,한국어원문,위치(Note),en,zh-TW,ja
FMT_ACHIEVEMENTUI_001,업적 {0} / {1},RootDesk/MyDesk/Achievement/AchievementUI.mlua:184,,,
FMT_ATTENDANCELOGIC_001,{0}개,RootDesk/MyDesk/Attendance/AttendanceLogic.mlua,,,
FMT_CARDMANAGER_001,{0} (+{1}강화),RootDesk/MyDesk/Card/CardManager.mlua:18337,,,
FMT_CARDMANAGER_002,콜드 빔 Lv.{0},RootDesk/MyDesk/Card/CardManager.mlua:18339,,,
FMT_CARDMANAGER_003,썬더 볼트 Lv.{0},RootDesk/MyDesk/Card/CardManager.mlua:18341,,,
FMT_CARDMANAGER_004,매직 부스터 Lv.{0},RootDesk/MyDesk/Card/CardManager.mlua:18343,,,
FMT_CARDMANAGER_005,매직 크리티컬 Lv.{0},RootDesk/MyDesk/Card/CardManager.mlua:18344,,,
FMT_CARDMANAGER_006,대미지 : {0},RootDesk/MyDesk/Card/CardManager.mlua:18391,,,
FMT_CARDMANAGER_007,쿨타임 -{0}%  (영구),RootDesk/MyDesk/Card/CardManager.mlua:18396,,,
FMT_CARDMANAGER_008,크리티컬 {0}%  (영구),RootDesk/MyDesk/Card/CardManager.mlua:18398,,,
FMT_CARDMANAGER_009,아이스 보너스 : +{0}%/스택,RootDesk/MyDesk/Card/CardManager.mlua:18405,,,
FMT_CARDMANAGER_010,피해 감소 : -{0}%  (영구),RootDesk/MyDesk/Card/CardManager.mlua:18425,,,
FMT_CARDMANAGER_011,대미지 증가 : +{0}%  (영구),RootDesk/MyDesk/Card/CardManager.mlua:18433,,,
FMT_CARDMANAGER_012,대미지 : {0}  (타격당),RootDesk/MyDesk/Card/CardManager.mlua:18447,,,
FMT_CARDMANAGER_013,크리티컬 대미지 +{0}%  (영구),RootDesk/MyDesk/Card/CardManager.mlua:18475,,,
FMT_CARDMANAGER_014,추가 공격 확률 {0}%  (영구),RootDesk/MyDesk/Card/CardManager.mlua:18477,,,
FMT_CARDMANAGER_015,스택 확률 : {0}%  (영구),RootDesk/MyDesk/Card/CardManager.mlua:18481,,,
FMT_CARDMANAGER_016,강화 코마 대미지 {0}%  (영구),RootDesk/MyDesk/Card/CardManager.mlua:18503,,,
FMT_CARDMANAGER_017,{0}초마다 체력 {1}% 회복  (영구),RootDesk/MyDesk/Card/CardManager.mlua:18505,,,
FMT_CARDMANAGER_018,피해량 증가 : +{0}%  (영구),RootDesk/MyDesk/Card/CardManager.mlua:18507,,,
FMT_CARDMANAGER_019,공격 회피 {0}%  (영구),RootDesk/MyDesk/Card/CardManager.mlua:18517,,,
FMT_CARDMANAGER_020,추가 공격 {0}% (대미지 {1}%)  (영구),RootDesk/MyDesk/Card/CardManager.mlua:18529,,,
FMT_CARDMANAGER_021,대미지 : {0}  (초당)  |  추가 대미지 : {1},RootDesk/MyDesk/Card/CardManager.mlua:18553,,,
FMT_CARDMANAGER_022,대미지 : {0}  (메소 1개당),RootDesk/MyDesk/Card/CardManager.mlua:18560,,,
FMT_CARDMANAGER_023,스킬 복사 {0}%  |  기본공격 복사 {1}%,RootDesk/MyDesk/Card/CardManager.mlua:18562,,,
FMT_CARDMANAGER_024,대미지 : {0}  (초당 틱),RootDesk/MyDesk/Card/CardManager.mlua:18566,,,
FMT_CARDMANAGER_025,대미지 : {0}  (초당),RootDesk/MyDesk/Card/CardManager.mlua:18573,,,
FMT_CARDMANAGER_026,쿨타임 : {0}s,RootDesk/MyDesk/Card/CardManager.mlua:18598,,,
FMT_CARDMANAGER_027,타겟 : {0}명,RootDesk/MyDesk/Card/CardManager.mlua:18613,,,
FMT_CARDMANAGER_028,타겟 : {0}명  |  슬로우 3s,RootDesk/MyDesk/Card/CardManager.mlua:18615,,,
FMT_CARDMANAGER_029,타겟 {0}명  |  스턴 {1}% {2}초(보스/엘리트 {3}초),RootDesk/MyDesk/Card/CardManager.mlua:18621,,,
FMT_CARDMANAGER_030,타겟 {0}명,RootDesk/MyDesk/Card/CardManager.mlua:18623,,,
FMT_CARDMANAGER_031,{0}치명타 20%,RootDesk/MyDesk/Card/CardManager.mlua:18632,,,
FMT_CARDMANAGER_032,{0}광역,RootDesk/MyDesk/Card/CardManager.mlua:18636,,,
FMT_CARDMANAGER_033,타겟 {0}명  |  범위 광역,RootDesk/MyDesk/Card/CardManager.mlua:18650,,,
FMT_CARDMANAGER_034,{0}  |  출혈 {1}%/틱 (3초),RootDesk/MyDesk/Card/CardManager.mlua:18651,,,
FMT_CARDMANAGER_035,{0}  |  25% 확률 2연타(2타 50%),RootDesk/MyDesk/Card/CardManager.mlua:18654,,,
FMT_CARDMANAGER_036,광역  |  {0}타,RootDesk/MyDesk/Card/CardManager.mlua:18658,,,
FMT_CARDMANAGER_037,{0}  |  넉백,RootDesk/MyDesk/Card/CardManager.mlua:18659,,,
FMT_CARDMANAGER_038,타겟 {0}명  |  속박 {1}초,RootDesk/MyDesk/Card/CardManager.mlua:18663,,,
FMT_CARDMANAGER_039,타겟 {0}명  |  빙결 스택+1,RootDesk/MyDesk/Card/CardManager.mlua:18665,,,
FMT_CARDMANAGER_040,타겟 {0}명  |  3연타  |  스턴 {1}% {2}초,RootDesk/MyDesk/Card/CardManager.mlua:18669,,,
FMT_CARDMANAGER_041,"타겟 {0}명  |  슬로우, 빙결 스택2",RootDesk/MyDesk/Card/CardManager.mlua:18671,,,
FMT_CARDMANAGER_042,연쇄 {0}명  |  치명타+20%  |  마지막 착탄 +{1}%,RootDesk/MyDesk/Card/CardManager.mlua:18674,,,
FMT_CARDMANAGER_043,고정 광역  |  {0}% 확률 2연타(2타 50%),RootDesk/MyDesk/Card/CardManager.mlua:18680,,,
FMT_CARDMANAGER_044,타겟 {0}명  |  빙결 스택+1  |  추가타 대미지 {1}%,RootDesk/MyDesk/Card/CardManager.mlua:18683,,,
FMT_CARDMANAGER_045,타겟 {0}명  |  속박 3초  |  추가타 대미지 {1}%,RootDesk/MyDesk/Card/CardManager.mlua:18686,,,
FMT_CARDMANAGER_046,화살 {0}발,RootDesk/MyDesk/Card/CardManager.mlua:18691,,,
FMT_CARDMANAGER_047,{0}  |  강화 화살 {1}% ({2}% 대미지),RootDesk/MyDesk/Card/CardManager.mlua:18693,,,
FMT_CARDMANAGER_048,착탄 {0}개  |  광역  |  슬로우 {1}% {2}초,RootDesk/MyDesk/Card/CardManager.mlua:18697,,,
FMT_CARDMANAGER_049,착탄 {0}개  |  광역  |  슬로우 대상 +{1}% 대미지,RootDesk/MyDesk/Card/CardManager.mlua:18703,,,
FMT_CARDMANAGER_050,유지 {0}초  |  광역  |  슬로우 대상 +{1}% 대미지,RootDesk/MyDesk/Card/CardManager.mlua:18707,,,
FMT_CARDMANAGER_051,화살 {0}발  |  관통 {1}회,RootDesk/MyDesk/Card/CardManager.mlua:18709,,,
FMT_CARDMANAGER_052,착탄 {0}개  |  광역,RootDesk/MyDesk/Card/CardManager.mlua:18711,,,
FMT_CARDMANAGER_053,화살 {0}발  |  관통 {1}회  |  크리티컬 +{2}%,RootDesk/MyDesk/Card/CardManager.mlua:18715,,,
FMT_CARDMANAGER_054,착탄 {0}개  |  광역  |  크리티컬 +{1}%,RootDesk/MyDesk/Card/CardManager.mlua:18719,,,
FMT_CARDMANAGER_055,타겟 2명  |  넉백  |  타격 유닛 {0}%  |  광역 {1}% 대미지,RootDesk/MyDesk/Card/CardManager.mlua:18724,,,
FMT_CARDMANAGER_056,타겟 {0}명  |  넉백  |  충돌 대상 {1}% 대미지,RootDesk/MyDesk/Card/CardManager.mlua:18726,,,
FMT_CARDMANAGER_057,"착탄 {0}개  |  광역  |  슬로우, 스턴 {1}초  |  슬로우 대상 {2}% 대미지",RootDesk/MyDesk/Card/CardManager.mlua:18730,,,
FMT_CARDMANAGER_058,유지 {0}초  |  광역  |  크리티컬 {1}%  |  슬로우 대상 {2}% 대미지,RootDesk/MyDesk/Card/CardManager.mlua:18735,,,
FMT_CARDMANAGER_059,최대 {0}명 연사  |  추가 타격 {1}% ({2}% 대미지),RootDesk/MyDesk/Card/CardManager.mlua:18741,,,
FMT_CARDMANAGER_060,연사 {0}발  |  강화 확률(화살마다) {1}%  |  강화 시 {2}연타({3}초 간격),RootDesk/MyDesk/Card/CardManager.mlua:18747,,,
FMT_CARDMANAGER_061,추가 공격 대미지 {0}%,RootDesk/MyDesk/Card/CardManager.mlua:18749,,,
FMT_CARDMANAGER_062,타겟 {0}명  |  콤보스택 +1,RootDesk/MyDesk/Card/CardManager.mlua:18751,,,
FMT_CARDMANAGER_063,타겟 {0}명  |  광역  |  콤보스택 +1,RootDesk/MyDesk/Card/CardManager.mlua:18755,,,
FMT_CARDMANAGER_064,타겟 {0}명  |  넉백  |  타격 유닛 {1}% 대미지,RootDesk/MyDesk/Card/CardManager.mlua:18757,,,
FMT_CARDMANAGER_065,타겟 {0}명  |  2연타(70%/50%)  |  {1}% 확률 4연타(60/50/40/30%),RootDesk/MyDesk/Card/CardManager.mlua:18761,,,
FMT_CARDMANAGER_066,타겟 {0}명  |  속박{1}초  |  콤보스택 +1,RootDesk/MyDesk/Card/CardManager.mlua:18763,,,
FMT_CARDMANAGER_067,지속 {0}초  |  2연타(50%/50%)  |  광역,RootDesk/MyDesk/Card/CardManager.mlua:18765,,,
FMT_CARDMANAGER_068,타겟 {0}명  |  콤보스택 +2  |  스턴 {1}초,RootDesk/MyDesk/Card/CardManager.mlua:18767,,,
FMT_CARDMANAGER_069,타겟 {0}명  |  광역  |  2타 대미지 {1}%  |  콤보스택 +1,RootDesk/MyDesk/Card/CardManager.mlua:18769,,,
FMT_CARDMANAGER_070,넉백  |  타격 유닛 {0}%  |  광역 대미지 {1}%,RootDesk/MyDesk/Card/CardManager.mlua:18772,,,
FMT_CARDMANAGER_071,타겟 {0}명  |  콤보스택 +2,RootDesk/MyDesk/Card/CardManager.mlua:18774,,,
FMT_CARDMANAGER_072,타겟 {0}명  |  검기 {1}개  |  콤보스택 +1,RootDesk/MyDesk/Card/CardManager.mlua:18776,,,
FMT_CARDMANAGER_073,타겟 {0}명  |  광역,RootDesk/MyDesk/Card/CardManager.mlua:18782,,,
FMT_CARDMANAGER_074,타겟 {0}명  |  분열 {1}개({2}%),RootDesk/MyDesk/Card/CardManager.mlua:18785,,,
FMT_CARDMANAGER_075,지속 {0}초  |  추적  |  경로상 적 타격,RootDesk/MyDesk/Card/CardManager.mlua:18790,,,
FMT_CARDMANAGER_076,지속 {0}초  |  추적  |  경로상 적 타격  |  소멸 시 폭발 {1}%(광역),RootDesk/MyDesk/Card/CardManager.mlua:18792,,,
FMT_CARDMANAGER_077,타겟 1명  |  광역  |  스턴 {0}초({1}%),RootDesk/MyDesk/Card/CardManager.mlua:18796,,,
FMT_CARDMANAGER_078,타겟 {0}명  |  속박 {1}초(100%)  |  보스·엘리트 지속 1/2,RootDesk/MyDesk/Card/CardManager.mlua:18799,,,
FMT_CARDMANAGER_079,타겟 {0}명  |  지속 {1}초  |  설치 광역(범위 점차 증가),RootDesk/MyDesk/Card/CardManager.mlua:18802,,,
FMT_CARDMANAGER_080,타겟 {0}명  |  지속 {1}초  |  설치 광역(범위 점차 증가)  |  출혈 {2}%/초({3}초),RootDesk/MyDesk/Card/CardManager.mlua:18805,,,
FMT_CARDMANAGER_081,타겟 {0}명  |  관통 {1}마리,RootDesk/MyDesk/Card/CardManager.mlua:18808,,,
FMT_CARDMANAGER_082,타겟 {0}명  |  4연타({1}% × 4)  |  크리 +{2}%,RootDesk/MyDesk/Card/CardManager.mlua:18810,,,
FMT_CARDMANAGER_083,{0}발  |  관통 {1}마리({2}/{3}/{4}/{5}%),RootDesk/MyDesk/Card/CardManager.mlua:18814,,,
FMT_CARDMANAGER_084,타겟 {0}명  |  속박 {1}초(100%)  |  해제 시 추가타 {2}~{3}%  |  보스·엘리트 지속 1/2,RootDesk/MyDesk/Card/CardManager.mlua:18817,,,
FMT_CARDMANAGER_085,"타겟 {0}명  |  광역  |  스톰 {1}초 추적(닿으면 {2}%, 같은 대상 {3}초당 1회)",RootDesk/MyDesk/Card/CardManager.mlua:18820,,,
FMT_CARDMANAGER_086,타겟 {0}명  |  3연타(40/30/30%),RootDesk/MyDesk/Card/CardManager.mlua:18823,,,
FMT_CARDMANAGER_087,타겟 {0}명  |  2연타({1}/{2}%),RootDesk/MyDesk/Card/CardManager.mlua:18826,,,
FMT_CARDMANAGER_088,타겟 {0}명  |  5연타(각 {1}%)  |  광역,RootDesk/MyDesk/Card/CardManager.mlua:18832,,,
FMT_CARDMANAGER_089,타겟 {0}명  |  명중 -{1}%(보스/엘리트 절반)  |  지속 {2}초  |  광역  |  추가 대미지 {3}%,RootDesk/MyDesk/Card/CardManager.mlua:18835,,,
FMT_CARDMANAGER_090,타겟 2명  |  크리티컬 확률 +{0}%  |  광역  |  메소 100%/아이템 50%,RootDesk/MyDesk/Card/CardManager.mlua:18838,,,
FMT_CARDMANAGER_091,메소 폭발  |  2연타(50/50%)  |  스턴 {0}% 확률 {1}초  |  기본 공격 시 30% 확률 메소 드랍,RootDesk/MyDesk/Card/CardManager.mlua:18841,,,
FMT_CARDMANAGER_092,지속 {0}초  |  분신 소환 대미지  |  스킬 {1}%  |  기본공격 {2}%,RootDesk/MyDesk/Card/CardManager.mlua:18843,,,
FMT_CARDMANAGER_093,착탄 {0}개  |  스턴 {1}초,RootDesk/MyDesk/Card/CardManager.mlua:18849,,,
FMT_CARDMANAGER_094,타겟 {0}명  |  3연타({1}/{2}/{3}%),RootDesk/MyDesk/Card/CardManager.mlua:18852,,,
FMT_CARDMANAGER_095,타겟 {0}명  |  명중 -{1}%(보스/엘리트 절반)  |  지속 {2}초  |  광역,RootDesk/MyDesk/Card/CardManager.mlua:18855,,,
FMT_CARDMANAGER_096,타겟 {0}명  |  크리티컬 확률 +{1}%  |  광역,RootDesk/MyDesk/Card/CardManager.mlua:18858,,,
FMT_CARDMANAGER_097,타겟 {0}명  |  메소 드랍 100%  |  아이템 드랍 {1}%,RootDesk/MyDesk/Card/CardManager.mlua:18860,,,
FMT_CARDMANAGER_098,메소 폭발  |  광역  |  기본 공격 시 {0}% 확률로 메소 드랍,RootDesk/MyDesk/Card/CardManager.mlua:18863,,,
FMT_CARDMANAGER_099,지속 {0}초  |  분신 소환 대미지 {1}%,RootDesk/MyDesk/Card/CardManager.mlua:18865,,,
FMT_CARDMANAGER_100,중복 스킬을 획득해 {0} 스킬의 레벨이 올랐습니다!,RootDesk/MyDesk/Card/CardManager.mlua,,,
FMT_CARDMANAGER_101,카드 {0},RootDesk/MyDesk/Card/CardManager.mlua,,,
FMT_EP2MAP2ARENALOGIC_001,다시하기 (-{0}),RootDesk/MyDesk/Ep2Map2ArenaLogic.mlua,,,
FMT_EP2MAP4GALLERYPORTALTRIGGER_001,{0}가 부족합니다 ({1}/{2}),RootDesk/MyDesk/Puzzle/Ep2Map4GalleryPortalTrigger.mlua,,,
FMT_EPISODEREWARDLOGIC_001,EP{0} {1}분 생존!,RootDesk/MyDesk/EpisodeReward/EpisodeRewardLogic.mlua,,,
FMT_EPISODEREWARDLOGIC_002,{0} {1}분 생존 시 열림,RootDesk/MyDesk/EpisodeReward/EpisodeRewardLogic.mlua,,,
FMT_EPISODEREWARDUI_001,"EP{0}
{1}분 생존!",RootDesk/MyDesk/EpisodeReward/EpisodeRewardUI.mlua:180,,,
FMT_EPISODEREWARDUI_002,{0} 달성! 보상을 받으세요,RootDesk/MyDesk/EpisodeReward/EpisodeRewardUI.mlua:231,,,
FMT_EPISODEREWARDUI_003,EP{0}에서 한 판 {1}분을 버티면 받을 수 있어요 (타임어택·무제한 모두),RootDesk/MyDesk/EpisodeReward/EpisodeRewardUI.mlua:234,,,
FMT_EPISODEREWARDUI_004,EP{0}에서 {1}분을 버텨야 받을 수 있어요,RootDesk/MyDesk/EpisodeReward/EpisodeRewardUI.mlua:255,,,
FMT_EPISODEREWARDUI_005,{0} 칸이 가득 찼어요! 정리한 뒤 다시 받아주세요,RootDesk/MyDesk/EpisodeReward/EpisodeRewardUI.mlua:314,,,
FMT_GACHAUI_001,{0} 뽑기,RootDesk/MyDesk/GachaUI.mlua:478,,,
FMT_GACHAUI_002,획득한 {0}!,RootDesk/MyDesk/GachaUI.mlua:480,,,
FMT_GACHAUI_003,{0} 뽑기 X1,RootDesk/MyDesk/GachaUI.mlua:481,,,
FMT_GACHAUI_004,{0} 뽑기 X10,RootDesk/MyDesk/GachaUI.mlua:482,,,
FMT_GACHAUI_005,무료 ({0}),RootDesk/MyDesk/GachaUI.mlua:498,,,
FMT_GAMEOVERUI_001,{0} 점,RootDesk/MyDesk/UI/GameOverUI.mlua:125,,,
FMT_IDLEREWARDUI_001,자동 시간 : {0},RootDesk/MyDesk/IdleReward/IdleRewardUI.mlua:195,,,
FMT_IDLEREWARDUI_002,{0} · 진행 보너스 +{1}%,RootDesk/MyDesk/IdleReward/IdleRewardUI.mlua:198,,,
FMT_IDLEREWARDUI_003,{0} — 가득 찼어요!),RootDesk/MyDesk/IdleReward/IdleRewardUI.mlua:200,,,
FMT_IDLEREWARDUI_004,"장비는 {0}시간마다 1개씩 쌓여요
(다음 장비까지 {1})",RootDesk/MyDesk/IdleReward/IdleRewardUI.mlua:250,,,
FMT_IDLEREWARDUI_005,최소 {0}분은 방치해야 받을 수 있어요,RootDesk/MyDesk/IdleReward/IdleRewardUI.mlua:291,,,
FMT_IDLEREWARDUI_006,장비 인벤토리가 가득 찼어요! 자리가 없는 장비 {0}개는 사라질 수 있어요,RootDesk/MyDesk/IdleReward/IdleRewardUI.mlua:329,,,
FMT_IDLEREWARDUI_007,"자리가 없는 장비 {0}개는 사라져요.
그래도 받을까요?",RootDesk/MyDesk/IdleReward/IdleRewardUI.mlua:333,,,
FMT_LEVELREWARDLOGIC_001,{0} 무기,RootDesk/MyDesk/PlayerLevel/LevelRewardLogic.mlua,,,
FMT_LEVELREWARDLOGIC_002,{0} 장비,RootDesk/MyDesk/PlayerLevel/LevelRewardLogic.mlua,,,
FMT_LEVELREWARDLOGIC_003,레벨 {0} 보상,RootDesk/MyDesk/PlayerLevel/LevelRewardLogic.mlua,,,
FMT_LEVELREWARDUI_001,레벨 {0}이 되면 받을 수 있어요,RootDesk/MyDesk/PlayerLevel/LevelRewardUI.mlua:313,,,
FMT_MAP23ERDASEASTEREGGLOGIC_001,{0} 에르다스가 소환되었다.,RootDesk/MyDesk/Puzzle/Map23ErdasEasterEggLogic.mlua,,,
FMT_MAP24TREASURECHESTLOGIC_001,유물 뽑기권 {0}장 획득!,RootDesk/MyDesk/Puzzle/Map24TreasureChestLogic.mlua,,,
FMT_RAIDLOGIC_001,주간 레이드 {0} 등급 보상 + 반지 강화 주문서 {1}장을 받았어요!,RootDesk/MyDesk/Raid/RaidLogic.mlua:728,,,
FMT_RAIDUI_001,보스 체력  {0}%,RootDesk/MyDesk/Raid/RaidUI.mlua:275,,,
FMT_RANKUI_001,{0}위 밖,RootDesk/MyDesk/UI/RankUI.mlua:245,,,
FMT_RELICUPGRADEUI_001,"{0}
보유 시 {1}{2} — 아직 보유하지 않은 유물입니다",RootDesk/MyDesk/Relic/RelicUpgradeUI.mlua:86,,,
FMT_RELICUPGRADEUI_002,"{0} {1}{2}
최대 레벨입니다",RootDesk/MyDesk/Relic/RelicUpgradeUI.mlua:96,,,
FMT_RELICUPGRADEUI_003,{0}코인,RootDesk/MyDesk/Relic/RelicUpgradeUI.mlua:110,,,
FMT_RELICUPGRADEUI_004,"{0} {1}{2}
다음 레벨: {3}{2}",RootDesk/MyDesk/Relic/RelicUpgradeUI.mlua,,,
FMT_RUNSTARTCONFIRMUI_001,{0} 인벤토리가 가득 찼어요!,RootDesk/MyDesk/UI/RunStartConfirmUI.mlua:79,,,
FMT_SHOPUI_001,다이아 {0},RootDesk/MyDesk/UI/ShopUI.mlua:135,,,
FMT_SKILLUPGRADEUI_001,"다음 레벨: Lv.{0}
{1}",RootDesk/MyDesk/Skill/SkillUpgradeUI.mlua:115,,,
FMT_UICOMPOSEPOPUP_001,"{0}
(최고 등급)",RootDesk/MyDesk/Inventory/UI/UIComposePopup.mlua:667,,,
FMT_UICOMPOSEPOPUP_002,품질 {0} 유지,RootDesk/MyDesk/Inventory/UI/UIComposePopup.mlua:689,,,
FMT_UICOMPOSEPOPUP_003,품질 {0} 승급,RootDesk/MyDesk/Inventory/UI/UIComposePopup.mlua:690,,,
FMT_WORLDCHARACTERSELECTUI_001,"공격력 {0}%
체력 {1}%",RootDesk/MyDesk/UI/WorldCharacterSelectUI.mlua:206,,,
FMT_WORLDCHARACTERSELECTUI_002,"{0}

장비
({1} / {2})",RootDesk/MyDesk/UI/WorldCharacterSelectUI.mlua:382,,,
FMT_WORLDCHARACTERSELECTUI_003,"{0}

몬스터 처치
({1} / {2})",RootDesk/MyDesk/UI/WorldCharacterSelectUI.mlua:384,,,
MLUA_ACHIEVEMENTLOGIC_001,초보 사냥꾼,RootDesk/MyDesk/Achievement/AchievementLogic.mlua:47,Novice Hunter,,
MLUA_ACHIEVEMENTLOGIC_002,"몬스터 1,000마리 처치",RootDesk/MyDesk/Achievement/AchievementLogic.mlua:47,"Defeat 1,000 monsters",,
MLUA_ACHIEVEMENTLOGIC_003,숙련된 사냥꾼,RootDesk/MyDesk/Achievement/AchievementLogic.mlua:48,Skilled Hunter,,
MLUA_ACHIEVEMENTLOGIC_004,"몬스터 10,000마리 처치",RootDesk/MyDesk/Achievement/AchievementLogic.mlua:48,"Defeat 10,000 monsters",,
MLUA_ACHIEVEMENTLOGIC_005,전설의 사냥꾼,RootDesk/MyDesk/Achievement/AchievementLogic.mlua:49,Legendary Hunter,,
MLUA_ACHIEVEMENTLOGIC_006,"몬스터 100,000마리 처치",RootDesk/MyDesk/Achievement/AchievementLogic.mlua:49,"Defeat 100,000 monsters",,
MLUA_ACHIEVEMENTLOGIC_007,엘리트 사냥꾼,RootDesk/MyDesk/Achievement/AchievementLogic.mlua:50,Elite Hunter,,
MLUA_ACHIEVEMENTLOGIC_008,엘리트 몬스터 10마리 처치,RootDesk/MyDesk/Achievement/AchievementLogic.mlua:50,Defeat 10 elite monsters,,
MLUA_ACHIEVEMENTLOGIC_009,엘리트 학살자,RootDesk/MyDesk/Achievement/AchievementLogic.mlua:51,Elite Slayer,,
MLUA_ACHIEVEMENTLOGIC_010,엘리트 몬스터 100마리 처치,RootDesk/MyDesk/Achievement/AchievementLogic.mlua:51,Defeat 100 elite monsters,,
MLUA_ACHIEVEMENTLOGIC_011,첫 보스 처치,RootDesk/MyDesk/Achievement/AchievementLogic.mlua:52,First Boss Kill,,
MLUA_ACHIEVEMENTLOGIC_012,보스 몬스터 1회 처치,RootDesk/MyDesk/Achievement/AchievementLogic.mlua:52,,,
MLUA_ACHIEVEMENTLOGIC_013,보스 헌터,RootDesk/MyDesk/Achievement/AchievementLogic.mlua:53,,,
MLUA_ACHIEVEMENTLOGIC_014,보스 몬스터 10회 처치,RootDesk/MyDesk/Achievement/AchievementLogic.mlua:53,,,
MLUA_ACHIEVEMENTLOGIC_015,보스 슬레이어,RootDesk/MyDesk/Achievement/AchievementLogic.mlua:54,,,
MLUA_ACHIEVEMENTLOGIC_016,보스 몬스터 50회 처치,RootDesk/MyDesk/Achievement/AchievementLogic.mlua:54,,,
MLUA_ACHIEVEMENTLOGIC_017,하늘의 사냥꾼,RootDesk/MyDesk/Achievement/AchievementLogic.mlua:55,,,
MLUA_ACHIEVEMENTLOGIC_018,비행 몬스터 300마리 처치,RootDesk/MyDesk/Achievement/AchievementLogic.mlua:55,,,
MLUA_ACHIEVEMENTLOGIC_019,달팽이 박사,RootDesk/MyDesk/Achievement/AchievementLogic.mlua:57,,,
MLUA_ACHIEVEMENTLOGIC_020,달팽이류 몬스터 100마리 처치,RootDesk/MyDesk/Achievement/AchievementLogic.mlua:57,,,
MLUA_ACHIEVEMENTLOGIC_021,버섯 채집가,RootDesk/MyDesk/Achievement/AchievementLogic.mlua:58,,,
MLUA_ACHIEVEMENTLOGIC_022,버섯류 몬스터 100마리 처치,RootDesk/MyDesk/Achievement/AchievementLogic.mlua:58,,,
MLUA_ACHIEVEMENTLOGIC_023,돼지 몰이꾼,RootDesk/MyDesk/Achievement/AchievementLogic.mlua:59,,,
MLUA_ACHIEVEMENTLOGIC_024,돼지·멧돼지류 몬스터 100마리 처치,RootDesk/MyDesk/Achievement/AchievementLogic.mlua:59,,,
MLUA_ACHIEVEMENTLOGIC_025,말랑말랑,RootDesk/MyDesk/Achievement/AchievementLogic.mlua:60,,,
MLUA_ACHIEVEMENTLOGIC_026,슬라임류 몬스터 100마리 처치,RootDesk/MyDesk/Achievement/AchievementLogic.mlua:60,,,
MLUA_ACHIEVEMENTLOGIC_027,벌목꾼,RootDesk/MyDesk/Achievement/AchievementLogic.mlua:61,,,
MLUA_ACHIEVEMENTLOGIC_028,스텀프류 몬스터 100마리 처치,RootDesk/MyDesk/Achievement/AchievementLogic.mlua:61,,,
MLUA_ACHIEVEMENTLOGIC_029,픽시 사냥꾼,RootDesk/MyDesk/Achievement/AchievementLogic.mlua:62,,,
MLUA_ACHIEVEMENTLOGIC_030,픽시류 몬스터 200마리 처치,RootDesk/MyDesk/Achievement/AchievementLogic.mlua:62,,,
MLUA_ACHIEVEMENTLOGIC_031,식물학자,RootDesk/MyDesk/Achievement/AchievementLogic.mlua:63,,,
MLUA_ACHIEVEMENTLOGIC_032,네펜데스류 몬스터 100마리 처치,RootDesk/MyDesk/Achievement/AchievementLogic.mlua:63,,,
MLUA_ACHIEVEMENTLOGIC_033,돌깨는 자,RootDesk/MyDesk/Achievement/AchievementLogic.mlua:64,,,
MLUA_ACHIEVEMENTLOGIC_034,골렘류 몬스터 100마리 처치,RootDesk/MyDesk/Achievement/AchievementLogic.mlua:64,,,
MLUA_ACHIEVEMENTLOGIC_035,설원의 사냥꾼,RootDesk/MyDesk/Achievement/AchievementLogic.mlua:65,,,
MLUA_ACHIEVEMENTLOGIC_036,예티류 몬스터 100마리 처치,RootDesk/MyDesk/Achievement/AchievementLogic.mlua:65,,,
MLUA_ACHIEVEMENTLOGIC_037,숨은 비밀 발견,RootDesk/MyDesk/Achievement/AchievementLogic.mlua:67,,,
MLUA_ACHIEVEMENTLOGIC_038,이스터에그 1개 발견,RootDesk/MyDesk/Achievement/AchievementLogic.mlua:67,,,
MLUA_ACHIEVEMENTLOGIC_039,탐험가,RootDesk/MyDesk/Achievement/AchievementLogic.mlua:68,,,
MLUA_ACHIEVEMENTLOGIC_040,이스터에그 10개 발견,RootDesk/MyDesk/Achievement/AchievementLogic.mlua:68,,,
MLUA_ACHIEVEMENTLOGIC_041,비밀 수집가,RootDesk/MyDesk/Achievement/AchievementLogic.mlua:69,,,
MLUA_ACHIEVEMENTLOGIC_042,이스터에그 50개 발견,RootDesk/MyDesk/Achievement/AchievementLogic.mlua:69,,,
MLUA_ACHIEVEMENTLOGIC_043,보물 사냥꾼,RootDesk/MyDesk/Achievement/AchievementLogic.mlua:70,,,
MLUA_ACHIEVEMENTLOGIC_044,보물상자 10개 열기,RootDesk/MyDesk/Achievement/AchievementLogic.mlua:70,,,
MLUA_ACHIEVEMENTLOGIC_045,물약 애호가,RootDesk/MyDesk/Achievement/AchievementLogic.mlua:72,,,
MLUA_ACHIEVEMENTLOGIC_046,빨간·하얀 포션 50개 획득,RootDesk/MyDesk/Achievement/AchievementLogic.mlua:72,,,
MLUA_ACHIEVEMENTLOGIC_047,엘릭서 수집가,RootDesk/MyDesk/Achievement/AchievementLogic.mlua:73,,,
MLUA_ACHIEVEMENTLOGIC_048,파워 엘릭서 10개 획득,RootDesk/MyDesk/Achievement/AchievementLogic.mlua:73,,,
MLUA_ACHIEVEMENTLOGIC_049,버프 마니아,RootDesk/MyDesk/Achievement/AchievementLogic.mlua:74,,,
MLUA_ACHIEVEMENTLOGIC_050,버프 포션 10개 획득,RootDesk/MyDesk/Achievement/AchievementLogic.mlua:74,,,
MLUA_ACHIEVEMENTLOGIC_051,포션 소믈리에,RootDesk/MyDesk/Achievement/AchievementLogic.mlua:75,,,
MLUA_ACHIEVEMENTLOGIC_052,버프 포션 3종 모두 획득,RootDesk/MyDesk/Achievement/AchievementLogic.mlua:75,,,
MLUA_ACHIEVEMENTLOGIC_053,모험의 시작,RootDesk/MyDesk/Achievement/AchievementLogic.mlua:77,,,
MLUA_ACHIEVEMENTLOGIC_054,게임 10판 플레이,RootDesk/MyDesk/Achievement/AchievementLogic.mlua:77,,,
MLUA_ACHIEVEMENTLOGIC_055,베테랑 모험가,RootDesk/MyDesk/Achievement/AchievementLogic.mlua:78,,,
MLUA_ACHIEVEMENTLOGIC_056,게임 100판 플레이,RootDesk/MyDesk/Achievement/AchievementLogic.mlua:78,,,
MLUA_ACHIEVEMENTLOGIC_057,성장하는 모험가,RootDesk/MyDesk/Achievement/AchievementLogic.mlua:79,,,
MLUA_ACHIEVEMENTLOGIC_058,한 판에서 레벨 20 달성,RootDesk/MyDesk/Achievement/AchievementLogic.mlua:79,,,
MLUA_ACHIEVEMENTLOGIC_059,한계 돌파,RootDesk/MyDesk/Achievement/AchievementLogic.mlua:80,,,
MLUA_ACHIEVEMENTLOGIC_060,한 판에서 레벨 50 달성,RootDesk/MyDesk/Achievement/AchievementLogic.mlua:80,,,
MLUA_ACHIEVEMENTLOGIC_061,태초의 마을 수호자,RootDesk/MyDesk/Achievement/AchievementLogic.mlua:81,,,
MLUA_ACHIEVEMENTLOGIC_062,태초의 마을에서 15분 생존,RootDesk/MyDesk/Achievement/AchievementLogic.mlua:81,,,
MLUA_ACHIEVEMENTLOGIC_063,구름정원 수호자,RootDesk/MyDesk/Achievement/AchievementLogic.mlua:82,,,
MLUA_ACHIEVEMENTLOGIC_064,구름정원에서 15분 생존,RootDesk/MyDesk/Achievement/AchievementLogic.mlua:82,,,
MLUA_ACHIEVEMENTLOGIC_065,엘나스 수호자,RootDesk/MyDesk/Achievement/AchievementLogic.mlua:83,,,
MLUA_ACHIEVEMENTLOGIC_066,엘나스에서 15분 생존,RootDesk/MyDesk/Achievement/AchievementLogic.mlua:83,,,
MLUA_ACHIEVEMENTLOGIC_067,절제된 강함,RootDesk/MyDesk/Achievement/AchievementLogic.mlua:84,,,
MLUA_ACHIEVEMENTLOGIC_068,스킬 5개 이하로 15분 생존,RootDesk/MyDesk/Achievement/AchievementLogic.mlua:84,,,
MLUA_ACHIEVEMENTLOGIC_069,미니멀리스트,RootDesk/MyDesk/Achievement/AchievementLogic.mlua:85,,,
MLUA_ACHIEVEMENTLOGIC_070,스킬 3개 이하로 10분 생존,RootDesk/MyDesk/Achievement/AchievementLogic.mlua:85,,,
MLUA_ACHIEVEMENTLOGIC_071,불굴의 의지,RootDesk/MyDesk/Achievement/AchievementLogic.mlua:86,,,
MLUA_ACHIEVEMENTLOGIC_072,이어하기 없이 15분 생존,RootDesk/MyDesk/Achievement/AchievementLogic.mlua:86,,,
MLUA_ACHIEVEMENTLOGIC_073,알뜰한 모험가,RootDesk/MyDesk/Achievement/AchievementLogic.mlua:87,,,
MLUA_ACHIEVEMENTLOGIC_074,"게임 중 골드 누적 10,000 획득",RootDesk/MyDesk/Achievement/AchievementLogic.mlua:87,,,
MLUA_ACHIEVEMENTLOGIC_075,메소 부자,RootDesk/MyDesk/Achievement/AchievementLogic.mlua:88,,,
MLUA_ACHIEVEMENTLOGIC_076,"게임 중 골드 누적 100,000 획득",RootDesk/MyDesk/Achievement/AchievementLogic.mlua:88,,,
MLUA_ACHIEVEMENTLOGIC_077,스킬 마스터,RootDesk/MyDesk/Achievement/AchievementLogic.mlua:90,,,
MLUA_ACHIEVEMENTLOGIC_078,스킬 1개를 Lv5로 강화,RootDesk/MyDesk/Achievement/AchievementLogic.mlua:90,,,
MLUA_ACHIEVEMENTLOGIC_079,스킬 전문가,RootDesk/MyDesk/Achievement/AchievementLogic.mlua:91,,,
MLUA_ACHIEVEMENTLOGIC_080,스킬 Lv5 달성 10회,RootDesk/MyDesk/Achievement/AchievementLogic.mlua:91,,,
MLUA_ACHIEVEMENTLOGIC_081,스킬의 달인,RootDesk/MyDesk/Achievement/AchievementLogic.mlua:92,,,
MLUA_ACHIEVEMENTLOGIC_082,스킬 Lv5 달성 50회,RootDesk/MyDesk/Achievement/AchievementLogic.mlua:92,,,
MLUA_ACHIEVEMENTLOGIC_083,첫 조합,RootDesk/MyDesk/Achievement/AchievementLogic.mlua:93,,,
MLUA_ACHIEVEMENTLOGIC_084,조합 스킬 1종 발견,RootDesk/MyDesk/Achievement/AchievementLogic.mlua:93,,,
MLUA_ACHIEVEMENTLOGIC_085,조합 연구가,RootDesk/MyDesk/Achievement/AchievementLogic.mlua:94,,,
MLUA_ACHIEVEMENTLOGIC_086,조합 스킬 10종 발견,RootDesk/MyDesk/Achievement/AchievementLogic.mlua:94,,,
MLUA_ACHIEVEMENTLOGIC_087,조합의 대가,RootDesk/MyDesk/Achievement/AchievementLogic.mlua:95,,,
MLUA_ACHIEVEMENTLOGIC_088,조합 스킬 20종 발견,RootDesk/MyDesk/Achievement/AchievementLogic.mlua:95,,,
MLUA_ACHIEVEMENTLOGIC_089,대장장이 견습생,RootDesk/MyDesk/Achievement/AchievementLogic.mlua:97,,,
MLUA_ACHIEVEMENTLOGIC_090,장비 강화 10회 성공,RootDesk/MyDesk/Achievement/AchievementLogic.mlua:97,,,
MLUA_ACHIEVEMENTLOGIC_091,명장,RootDesk/MyDesk/Achievement/AchievementLogic.mlua:98,,,
MLUA_ACHIEVEMENTLOGIC_092,장비 강화 100회 성공,RootDesk/MyDesk/Achievement/AchievementLogic.mlua:98,,,
MLUA_ACHIEVEMENTLOGIC_093,합성의 달인,RootDesk/MyDesk/Achievement/AchievementLogic.mlua:99,,,
MLUA_ACHIEVEMENTLOGIC_094,장비 합성 5회 성공,RootDesk/MyDesk/Achievement/AchievementLogic.mlua:99,,,
MLUA_ACHIEVEMENTLOGIC_095,장비 수집가,RootDesk/MyDesk/Achievement/AchievementLogic.mlua:100,,,
MLUA_ACHIEVEMENTLOGIC_096,장비 50개 획득,RootDesk/MyDesk/Achievement/AchievementLogic.mlua:100,,,
MLUA_ACHIEVEMENTLOGIC_097,상인,RootDesk/MyDesk/Achievement/AchievementLogic.mlua:101,,,
MLUA_ACHIEVEMENTLOGIC_098,장비 100개 판매,RootDesk/MyDesk/Achievement/AchievementLogic.mlua:101,,,
MLUA_ACHIEVEMENTLOGIC_099,업적 사냥꾼,RootDesk/MyDesk/Achievement/AchievementLogic.mlua:103,,,
MLUA_ACHIEVEMENTLOGIC_100,업적 30개 달성,RootDesk/MyDesk/Achievement/AchievementLogic.mlua:103,,,
MLUA_ACHIEVEMENTUI_002,달성!,RootDesk/MyDesk/Achievement/AchievementUI.mlua:211,,,
MLUA_ACHIEVEMENTUI_003,받을 수 있는 업적 보상이 없어요,RootDesk/MyDesk/Achievement/AchievementUI.mlua:291,,,
MLUA_ATTENDANCEUI_001,완료,RootDesk/MyDesk/Attendance/AttendanceUI.mlua:120 | RootDesk/MyDesk/Attendance/AttendanceUI.mlua:232 | RootDesk/MyDesk/EpisodeReward/EpisodeRewardUI.mlua:173 | RootDesk/MyDesk/EpisodeReward/EpisodeRewardUI.mlua:375 | RootDesk/MyDesk/PlayerLevel/LevelRewardUI.mlua:234,Done,,
MLUA_ATTENDANCEUI_002,내일 다시 받을 수 있어요,RootDesk/MyDesk/Attendance/AttendanceUI.mlua:183,,,
MLUA_BUFFPOTIONLOGIC_001,흡혈 포션! 때릴 때마다 체력을 회복,RootDesk/MyDesk/Item/BuffPotionLogic.mlua:116,,,
MLUA_BUFFPOTIONLOGIC_002,크리티컬 포션! 크리티컬 확률 100%,RootDesk/MyDesk/Item/BuffPotionLogic.mlua:120,,,
MLUA_BUFFPOTIONLOGIC_003,파워 포션! 공격력 50% 증가,RootDesk/MyDesk/Item/BuffPotionLogic.mlua:124,,,
MLUA_CARDMANAGER_001,기본 공격,RootDesk/MyDesk/Card/CardManager.mlua:26 | RootDesk/MyDesk/Card/CardManager.mlua:799 | RootDesk/MyDesk/Card/CardManager.mlua:829 | RootDesk/MyDesk/Card/CardManager.mlua:2712 | RootDesk/MyDesk/Card/CardManager.mlua:2741,Basic Attack,,
MLUA_CARDMANAGER_002,매직 클로,RootDesk/MyDesk/Card/CardManager.mlua:30 | RootDesk/MyDesk/Card/CardManager.mlua:15942 | RootDesk/MyDesk/Card/CardManager.mlua:18326,,,
MLUA_CARDMANAGER_003,콜드 빔,RootDesk/MyDesk/Card/CardManager.mlua:31 | RootDesk/MyDesk/Card/CardManager.mlua:15943 | RootDesk/MyDesk/SkillInventory.mlua:45,,,
MLUA_CARDMANAGER_004,썬더 볼트,RootDesk/MyDesk/Card/CardManager.mlua:32 | RootDesk/MyDesk/Card/CardManager.mlua:15944 | RootDesk/MyDesk/SkillInventory.mlua:44,,,
MLUA_CARDMANAGER_005,메테오,RootDesk/MyDesk/Card/CardManager.mlua:33 | RootDesk/MyDesk/Card/CardManager.mlua:15945 | RootDesk/MyDesk/Card/CardManager.mlua:18332,,,
MLUA_CARDMANAGER_006,매직 부스터,RootDesk/MyDesk/Card/CardManager.mlua:332 | RootDesk/MyDesk/Card/CardManager.mlua:15946 | RootDesk/MyDesk/SkillInventory.mlua:41,,,
MLUA_CARDMANAGER_007,매직 크리티컬,RootDesk/MyDesk/Card/CardManager.mlua:333 | RootDesk/MyDesk/Card/CardManager.mlua:15947 | RootDesk/MyDesk/SkillInventory.mlua:49,,,
MLUA_CARDMANAGER_008,에너지볼트,RootDesk/MyDesk/Card/CardManager.mlua:345 | RootDesk/MyDesk/SkillInventory.mlua:47,,,
MLUA_CARDMANAGER_009,프리징 이펙트,RootDesk/MyDesk/Card/CardManager.mlua:365 | RootDesk/MyDesk/SkillInventory.mlua:50,,,
MLUA_CARDMANAGER_010,매직 아머,RootDesk/MyDesk/Card/CardManager.mlua:371 | RootDesk/MyDesk/SkillInventory.mlua:43,,,
MLUA_CARDMANAGER_011,메디테이션,RootDesk/MyDesk/Card/CardManager.mlua:377 | RootDesk/MyDesk/SkillInventory.mlua:51,,,
MLUA_CARDMANAGER_012,헤일 버스트,RootDesk/MyDesk/Card/CardManager.mlua:419 | RootDesk/MyDesk/SkillInventory.mlua:60,,,
MLUA_CARDMANAGER_013,아이스 커터,RootDesk/MyDesk/Card/CardManager.mlua:543 | RootDesk/MyDesk/SkillInventory.mlua:46,,,
MLUA_CARDMANAGER_014,페페,RootDesk/MyDesk/Card/CardManager.mlua:566 | RootDesk/MyDesk/SkillInventory.mlua:52,,,
MLUA_CARDMANAGER_015,썬더 커터,RootDesk/MyDesk/Card/CardManager.mlua:597 | RootDesk/MyDesk/SkillInventory.mlua:48,,,
MLUA_CARDMANAGER_016,더블 커터,RootDesk/MyDesk/Card/CardManager.mlua:628 | RootDesk/MyDesk/SkillInventory.mlua:58,,,
MLUA_CARDMANAGER_017,킹페페,RootDesk/MyDesk/Card/CardManager.mlua:652 | RootDesk/MyDesk/SkillInventory.mlua:59,,,
MLUA_CARDMANAGER_018,아쿠아 트랩,RootDesk/MyDesk/Card/CardManager.mlua:772 | RootDesk/MyDesk/SkillInventory.mlua:54,,,
MLUA_CARDMANAGER_019,슈리켄 버스트,RootDesk/MyDesk/Card/CardManager.mlua:2772 | RootDesk/MyDesk/Card/CardRegistry.mlua:405 | RootDesk/MyDesk/SkillInventory.mlua:135,,,
MLUA_CARDMANAGER_020,슈리켄 봄버,RootDesk/MyDesk/Card/CardManager.mlua:3026 | RootDesk/MyDesk/Card/CardRegistry.mlua:509 | RootDesk/MyDesk/SkillInventory.mlua:143,,,
MLUA_CARDMANAGER_021,윈드 탈리스만,RootDesk/MyDesk/Card/CardManager.mlua:3339 | RootDesk/MyDesk/Card/CardRegistry.mlua:411 | RootDesk/MyDesk/SkillInventory.mlua:137,,,
MLUA_CARDMANAGER_022,스톰 탈리스만,RootDesk/MyDesk/Card/CardManager.mlua:3555 | RootDesk/MyDesk/Card/CardRegistry.mlua:530 | RootDesk/MyDesk/SkillInventory.mlua:149,,,
MLUA_CARDMANAGER_023,쉐도우 스플릿,RootDesk/MyDesk/Card/CardManager.mlua:3844 | RootDesk/MyDesk/Card/CardRegistry.mlua:418 | RootDesk/MyDesk/SkillInventory.mlua:138,,,
MLUA_CARDMANAGER_024,팬텀 스플릿,RootDesk/MyDesk/Card/CardManager.mlua:4140 | RootDesk/MyDesk/Card/CardRegistry.mlua:540 | RootDesk/MyDesk/SkillInventory.mlua:145,,,
MLUA_CARDMANAGER_025,스로잉 윙대거,RootDesk/MyDesk/Card/CardManager.mlua:4383 | RootDesk/MyDesk/Card/CardRegistry.mlua:425 | RootDesk/MyDesk/SkillInventory.mlua:139,,,
MLUA_CARDMANAGER_026,스로잉 붐대거,RootDesk/MyDesk/Card/CardManager.mlua:4640 | RootDesk/MyDesk/Card/CardRegistry.mlua:550 | RootDesk/MyDesk/SkillInventory.mlua:146,,,
MLUA_CARDMANAGER_027,쇼다운 챌린지,RootDesk/MyDesk/Card/CardManager.mlua:5026 | RootDesk/MyDesk/Card/CardRegistry.mlua:432 | RootDesk/MyDesk/SkillInventory.mlua:140,,,
MLUA_CARDMANAGER_029,쇼다운 임팩트,RootDesk/MyDesk/Card/CardManager.mlua:5356 | RootDesk/MyDesk/Card/CardRegistry.mlua:559 | RootDesk/MyDesk/SkillInventory.mlua:148,,,
MLUA_CARDMANAGER_031,스핀 스로우,RootDesk/MyDesk/Card/CardManager.mlua:5514 | RootDesk/MyDesk/Card/CardRegistry.mlua:439 | RootDesk/MyDesk/SkillInventory.mlua:141,,,
MLUA_CARDMANAGER_032,블러드 스로우,RootDesk/MyDesk/Card/CardManager.mlua:5704 | RootDesk/MyDesk/Card/CardRegistry.mlua:568 | RootDesk/MyDesk/SkillInventory.mlua:147,,,
MLUA_CARDMANAGER_033,쉐도우 트랩,RootDesk/MyDesk/Card/CardManager.mlua:5925 | RootDesk/MyDesk/Card/CardRegistry.mlua:446 | RootDesk/MyDesk/SkillInventory.mlua:136,,,
MLUA_CARDMANAGER_034,데스 트랩,RootDesk/MyDesk/Card/CardManager.mlua:6141 | RootDesk/MyDesk/Card/CardRegistry.mlua:519 | RootDesk/MyDesk/SkillInventory.mlua:144,,,
MLUA_CARDMANAGER_035,럭키 세븐,RootDesk/MyDesk/Card/CardManager.mlua:6354 | RootDesk/MyDesk/Card/CardRegistry.mlua:399 | RootDesk/MyDesk/SkillInventory.mlua:134,,,
MLUA_CARDMANAGER_036,슈퍼 세븐,RootDesk/MyDesk/Card/CardManager.mlua:6492 | RootDesk/MyDesk/Card/CardRegistry.mlua:498 | RootDesk/MyDesk/SkillInventory.mlua:142,,,
MLUA_CARDMANAGER_037,무스펠하임,RootDesk/MyDesk/Card/CardManager.mlua:7171 | RootDesk/MyDesk/Card/CardRegistry.mlua:230 | RootDesk/MyDesk/SkillInventory.mlua:113,,,
MLUA_CARDMANAGER_038,스카링 소드,RootDesk/MyDesk/Card/CardManager.mlua:9608 | RootDesk/MyDesk/Card/CardRegistry.mlua:90 | RootDesk/MyDesk/SkillInventory.mlua:94 | /ui/TitleGroup/SkillPanel/ScrollArea/List/SkillSlot_47/Name,,,
MLUA_CARDMANAGER_039,바람의 시,RootDesk/MyDesk/Card/CardManager.mlua:10122 | RootDesk/MyDesk/SkillInventory.mlua:64 | /ui/TitleGroup/SkillPanel/ScrollArea/List/SkillSlot_20/Name,,,
MLUA_CARDMANAGER_040,폭풍의 시,RootDesk/MyDesk/Card/CardManager.mlua:10219 | RootDesk/MyDesk/SkillInventory.mlua:74 | /ui/TitleGroup/SkillPanel/ScrollArea/List/SkillSlot_30/Name,,,
MLUA_CARDMANAGER_041,애로우 블로우,RootDesk/MyDesk/Card/CardManager.mlua:10447 | RootDesk/MyDesk/SkillInventory.mlua:65 | /ui/TitleGroup/SkillPanel/ScrollArea/List/SkillSlot_21/Name,,,
MLUA_CARDMANAGER_042,강화 애로우 블로우,RootDesk/MyDesk/Card/CardManager.mlua:10623 | RootDesk/MyDesk/SkillInventory.mlua:75 | /ui/TitleGroup/SkillPanel/ScrollArea/List/SkillSlot_31/Name,,,
MLUA_CARDMANAGER_043,아이스 퀴버,RootDesk/MyDesk/Card/CardManager.mlua:10849 | RootDesk/MyDesk/SkillInventory.mlua:66 | /ui/TitleGroup/SkillPanel/ScrollArea/List/SkillSlot_22/Name,,,
MLUA_CARDMANAGER_044,파이어 퀴버,RootDesk/MyDesk/Card/CardManager.mlua:10984 | RootDesk/MyDesk/SkillInventory.mlua:67 | /ui/TitleGroup/SkillPanel/ScrollArea/List/SkillSlot_23/Name,,,
MLUA_CARDMANAGER_045,애로우 일루전,RootDesk/MyDesk/Card/CardManager.mlua:11134,,,
MLUA_CARDMANAGER_046,피닉스,RootDesk/MyDesk/Card/CardManager.mlua:11354 | RootDesk/MyDesk/SkillInventory.mlua:68 | /ui/TitleGroup/SkillPanel/ScrollArea/List/SkillSlot_24/Name,,,
MLUA_CARDMANAGER_047,이볼브,RootDesk/MyDesk/Card/CardManager.mlua:11740 | RootDesk/MyDesk/SkillInventory.mlua:73 | /ui/TitleGroup/SkillPanel/ScrollArea/List/SkillSlot_29/Name,,,
MLUA_CARDMANAGER_048,리트리트 샷,RootDesk/MyDesk/Card/CardManager.mlua:12127 | RootDesk/MyDesk/SkillInventory.mlua:69 | /ui/TitleGroup/SkillPanel/ScrollArea/List/SkillSlot_25/Name,,,
MLUA_CARDMANAGER_049,에로우 플레터,RootDesk/MyDesk/Card/CardManager.mlua:12458 | RootDesk/MyDesk/SkillInventory.mlua:76 | /ui/TitleGroup/SkillPanel/ScrollArea/List/SkillSlot_32/Name,,,
MLUA_CARDMANAGER_050,언카운터 에로우,RootDesk/MyDesk/Card/CardManager.mlua:12775 | RootDesk/MyDesk/SkillInventory.mlua:70 | /ui/TitleGroup/SkillPanel/ScrollArea/List/SkillSlot_26/Name,,,
MLUA_CARDMANAGER_051,언카운트에로우V,RootDesk/MyDesk/Card/CardManager.mlua:12947 | RootDesk/MyDesk/SkillInventory.mlua:77 | /ui/TitleGroup/SkillPanel/ScrollArea/List/SkillSlot_33/Name,,,
MLUA_CARDMANAGER_052,플레시 미라주,RootDesk/MyDesk/Card/CardManager.mlua:13096 | RootDesk/MyDesk/SkillInventory.mlua:71 | /ui/TitleGroup/SkillPanel/ScrollArea/List/SkillSlot_27/Name,,,
MLUA_CARDMANAGER_053,플레시 봄버,RootDesk/MyDesk/Card/CardManager.mlua:13523 | RootDesk/MyDesk/SkillInventory.mlua:78 | /ui/TitleGroup/SkillPanel/ScrollArea/List/SkillSlot_34/Name,,,
MLUA_CARDMANAGER_054,보우 액셀레이션,RootDesk/MyDesk/Card/CardManager.mlua:13756 | RootDesk/MyDesk/SkillInventory.mlua:79 | /ui/TitleGroup/SkillPanel/ScrollArea/List/SkillSlot_35/Name,,,
MLUA_CARDMANAGER_055,꿰뚫는 의지,RootDesk/MyDesk/Card/CardManager.mlua:13760 | RootDesk/MyDesk/SkillInventory.mlua:80 | /ui/TitleGroup/SkillPanel/ScrollArea/List/SkillSlot_36/Name,,,
MLUA_CARDMANAGER_056,크리티컬 샷,RootDesk/MyDesk/Card/CardManager.mlua:13764 | RootDesk/MyDesk/SkillInventory.mlua:81 | /ui/TitleGroup/SkillPanel/ScrollArea/List/SkillSlot_37/Name,,,
MLUA_CARDMANAGER_057,파이널 어택 : 활,RootDesk/MyDesk/Card/CardManager.mlua:13768 | RootDesk/MyDesk/SkillInventory.mlua:82 | /ui/TitleGroup/SkillPanel/ScrollArea/List/SkillSlot_38/Name,,,
MLUA_CARDMANAGER_058,연속 사격,RootDesk/MyDesk/Card/CardManager.mlua:13772 | RootDesk/MyDesk/SkillInventory.mlua:83 | /ui/TitleGroup/SkillPanel/ScrollArea/List/SkillSlot_39/Name,,,
MLUA_CARDMANAGER_059,아쿠아 서지,RootDesk/MyDesk/Card/CardManager.mlua:13895,,,
MLUA_CARDMANAGER_060,헤일 스톤,RootDesk/MyDesk/Card/CardManager.mlua:14022 | RootDesk/MyDesk/SkillInventory.mlua:53,,,
MLUA_CARDMANAGER_061,썬더스톰,RootDesk/MyDesk/Card/CardManager.mlua:14049 | RootDesk/MyDesk/SkillInventory.mlua:55,,,
MLUA_CARDMANAGER_062,아이스 스트라이크,RootDesk/MyDesk/Card/CardManager.mlua:14086 | RootDesk/MyDesk/SkillInventory.mlua:56,,,
MLUA_CARDMANAGER_063,체인 라이트닝,RootDesk/MyDesk/Card/CardManager.mlua:14113 | RootDesk/MyDesk/SkillInventory.mlua:57,,,
MLUA_CARDMANAGER_064,다이아가 부족합니다,RootDesk/MyDesk/Card/CardManager.mlua:15152 | RootDesk/MyDesk/Card/CardManager.mlua:23975 | RootDesk/MyDesk/Inventory/UI/UIInventory.mlua:416 | RootDesk/MyDesk/UI/DamageSkinLogic.mlua:161,,,
MLUA_CARDMANAGER_065,"해금! (대미지 110, 타겟 2명, 슬로우 3초)",RootDesk/MyDesk/Card/CardManager.mlua:16351,,,
MLUA_CARDMANAGER_066,피해량 +50,RootDesk/MyDesk/Card/CardManager.mlua:16352 | RootDesk/MyDesk/Card/CardManager.mlua:16354 | RootDesk/MyDesk/Card/CardManager.mlua:16355 | RootDesk/MyDesk/Card/CardManager.mlua:16402 | RootDesk/MyDesk/Card/CardManager.mlua:16419,,,
MLUA_CARDMANAGER_067,공격 대상 +1,RootDesk/MyDesk/Card/CardManager.mlua:16353 | RootDesk/MyDesk/Card/CardManager.mlua:16401 | RootDesk/MyDesk/Card/CardManager.mlua:16427 | RootDesk/MyDesk/Card/CardManager.mlua:16432 | RootDesk/MyDesk/Card/CardManager.mlua:16435,,,
MLUA_CARDMANAGER_068,"해금! (대미지 90, 타겟 2명)",RootDesk/MyDesk/Card/CardManager.mlua:16359,,,
MLUA_CARDMANAGER_069,"스턴 효과 신규 획득 (확률 25%, 지속 2초)",RootDesk/MyDesk/Card/CardManager.mlua:16360,,,
MLUA_CARDMANAGER_070,피해량 +40,RootDesk/MyDesk/Card/CardManager.mlua:16361 | RootDesk/MyDesk/Card/CardManager.mlua:16549 | RootDesk/MyDesk/Card/CardManager.mlua:16695 | RootDesk/MyDesk/Card/CardManager.mlua:16702 | RootDesk/MyDesk/Card/CardManager.mlua:16710,,,
MLUA_CARDMANAGER_071,"공격 대상 +1, 스턴 +1초",RootDesk/MyDesk/Card/CardManager.mlua:16362,,,
MLUA_CARDMANAGER_072,"피해량 +40, 스턴 확률 +5%",RootDesk/MyDesk/Card/CardManager.mlua:16363,,,
MLUA_CARDMANAGER_073,"해금! (모든 스킬 쿨타임 -5%, 영구)",RootDesk/MyDesk/Card/CardManager.mlua:16367,,,
MLUA_CARDMANAGER_074,쿨타임 감소량 +2%,RootDesk/MyDesk/Card/CardManager.mlua:16368 | RootDesk/MyDesk/Card/CardManager.mlua:16370 | RootDesk/MyDesk/Card/CardManager.mlua:16562 | RootDesk/MyDesk/Card/CardManager.mlua:16564 | RootDesk/MyDesk/Card/CardManager.mlua:16924,,,
MLUA_CARDMANAGER_075,쿨타임 감소량 +3%,RootDesk/MyDesk/Card/CardManager.mlua:16369 | RootDesk/MyDesk/Card/CardManager.mlua:16371 | RootDesk/MyDesk/Card/CardManager.mlua:16563 | RootDesk/MyDesk/Card/CardManager.mlua:16565 | RootDesk/MyDesk/Card/CardManager.mlua:16925,,,
MLUA_CARDMANAGER_076,"해금! (크리티컬 확률 10%, 영구)",RootDesk/MyDesk/Card/CardManager.mlua:16375 | RootDesk/MyDesk/Card/CardManager.mlua:16569 | RootDesk/MyDesk/Card/CardManager.mlua:16721 | RootDesk/MyDesk/Card/CardManager.mlua:16931 | RootDesk/MyDesk/Card/CardManager.mlua:17021,,,
MLUA_CARDMANAGER_077,크리티컬 확률 +2%,RootDesk/MyDesk/Card/CardManager.mlua:16376 | RootDesk/MyDesk/Card/CardManager.mlua:16378 | RootDesk/MyDesk/Card/CardManager.mlua:16570 | RootDesk/MyDesk/Card/CardManager.mlua:16572 | RootDesk/MyDesk/Card/CardManager.mlua:16722,,,
MLUA_CARDMANAGER_078,크리티컬 확률 +3%,RootDesk/MyDesk/Card/CardManager.mlua:16377 | RootDesk/MyDesk/Card/CardManager.mlua:16379 | RootDesk/MyDesk/Card/CardManager.mlua:16571 | RootDesk/MyDesk/Card/CardManager.mlua:16573 | RootDesk/MyDesk/Card/CardManager.mlua:16723,,,
MLUA_CARDMANAGER_079,해금! (대미지 150),RootDesk/MyDesk/Card/CardManager.mlua:16383,,,
MLUA_CARDMANAGER_080,"2연타로 강화, 피해량 대폭 증가",RootDesk/MyDesk/Card/CardManager.mlua:16384,,,
MLUA_CARDMANAGER_081,치명타 확률 20% 신규 획득,RootDesk/MyDesk/Card/CardManager.mlua:16385,,,
MLUA_CARDMANAGER_082,피해량 +100,RootDesk/MyDesk/Card/CardManager.mlua:16386,,,
MLUA_CARDMANAGER_083,명중 시 광역 폭발 피해 신규 획득,RootDesk/MyDesk/Card/CardManager.mlua:16387,,,
MLUA_CARDMANAGER_084,"해금! (아이스 보너스 +5%/스택, 패시브)",RootDesk/MyDesk/Card/CardManager.mlua:16391,,,
MLUA_CARDMANAGER_085,아이스 보너스 +1%p,RootDesk/MyDesk/Card/CardManager.mlua:16392,,,
MLUA_CARDMANAGER_086,적중 시 번개 연쇄 효과 신규 획득,RootDesk/MyDesk/Card/CardManager.mlua:16393,,,
MLUA_CARDMANAGER_087,번개 연쇄 대상 +1마리,RootDesk/MyDesk/Card/CardManager.mlua:16394,,,
MLUA_CARDMANAGER_088,"번개 연쇄 대상 +1마리, 5스택 시 빙결 폭발 신규 획득",RootDesk/MyDesk/Card/CardManager.mlua:16395,,,
MLUA_CARDMANAGER_089,"해금! (대미지 110, 광역 범위, 타겟 1명)",RootDesk/MyDesk/Card/CardManager.mlua:16399,,,
MLUA_CARDMANAGER_090,출혈 효과 신규 획득,RootDesk/MyDesk/Card/CardManager.mlua:16400,,,
MLUA_CARDMANAGER_091,출혈 피해량 증가,RootDesk/MyDesk/Card/CardManager.mlua:16403,,,
MLUA_CARDMANAGER_092,"해금! (대미지 300, 고정 광역)",RootDesk/MyDesk/Card/CardManager.mlua:16407,,,
MLUA_CARDMANAGER_093,쿨타임 감소,RootDesk/MyDesk/Card/CardManager.mlua:16408 | RootDesk/MyDesk/Card/CardManager.mlua:16434,,,
MLUA_CARDMANAGER_094,범위 증가,RootDesk/MyDesk/Card/CardManager.mlua:16409,,,
MLUA_CARDMANAGER_095,피해량 +70,RootDesk/MyDesk/Card/CardManager.mlua:16410,,,
MLUA_CARDMANAGER_096,"쿨타임 감소, 확률적 2연타 효과 신규 획득",RootDesk/MyDesk/Card/CardManager.mlua:16411,,,
MLUA_CARDMANAGER_097,"해금! (대미지 100, 광역 범위, 1타)",RootDesk/MyDesk/Card/CardManager.mlua:16415,,,
MLUA_CARDMANAGER_098,타격 횟수 증가,RootDesk/MyDesk/Card/CardManager.mlua:16416 | RootDesk/MyDesk/Card/CardManager.mlua:16418,,,
MLUA_CARDMANAGER_099,"피해량 +50, 넉백 효과 신규 획득",RootDesk/MyDesk/Card/CardManager.mlua:16417,,,
MLUA_CARDMANAGER_100,"해금! (대미지 75, 타겟 2명, 속박 1초)",RootDesk/MyDesk/Card/CardManager.mlua:16423,,,
MLUA_CARDMANAGER_101,"공격 대상 +1, 속박 지속 증가",RootDesk/MyDesk/Card/CardManager.mlua:16425,,,
MLUA_CARDMANAGER_102,"해금! (대미지 120, 타겟 1명, 빙결 스택 +1)",RootDesk/MyDesk/Card/CardManager.mlua:16431,,,
MLUA_CARDMANAGER_103,"해금! (대미지 350, 광역 범위, 3연타, 스턴 40% 3초)",RootDesk/MyDesk/Card/CardManager.mlua:16439,,,
MLUA_CARDMANAGER_104,"피해량 +88, 공격 대상 +1",RootDesk/MyDesk/Card/CardManager.mlua:16440,,,
MLUA_CARDMANAGER_105,"피해량 +87, 스턴 확률 +10%",RootDesk/MyDesk/Card/CardManager.mlua:16441,,,
MLUA_CARDMANAGER_106,"해금! (대미지 250, 타겟 3명, 슬로우, 빙결 스택 2)",RootDesk/MyDesk/Card/CardManager.mlua:16445,,,
MLUA_CARDMANAGER_107,"피해량 +50, 공격 대상 +1",RootDesk/MyDesk/Card/CardManager.mlua:16447 | RootDesk/MyDesk/Card/CardManager.mlua:16717 | RootDesk/MyDesk/Card/CardManager.mlua:16767,,,
MLUA_CARDMANAGER_108,"해금! (피격 피해 -5%, 영구)",RootDesk/MyDesk/Card/CardManager.mlua:16451,,,
MLUA_CARDMANAGER_109,피해 감소량 +2%,RootDesk/MyDesk/Card/CardManager.mlua:16452 | RootDesk/MyDesk/Card/CardManager.mlua:16454,,,
MLUA_CARDMANAGER_110,피해 감소량 +3%,RootDesk/MyDesk/Card/CardManager.mlua:16453 | RootDesk/MyDesk/Card/CardManager.mlua:16455,,,
MLUA_CARDMANAGER_111,"해금! (대미지 300, 연쇄 3명, 치명타+20%, 마지막 착탄 +50%)",RootDesk/MyDesk/Card/CardManager.mlua:16459,,,
MLUA_CARDMANAGER_112,"피해량 +50, 연쇄 대상 +1, 마지막 착탄 보너스 +10%",RootDesk/MyDesk/Card/CardManager.mlua:16460 | RootDesk/MyDesk/Card/CardManager.mlua:16461,,,
MLUA_CARDMANAGER_113,"해금! (대미지 300, 광역+관통, 출혈, 넉백)",RootDesk/MyDesk/Card/CardManager.mlua:16465,,,
MLUA_CARDMANAGER_114,"해금! (대미지 400, 고정 광역, 확률적 2연타 25%)",RootDesk/MyDesk/Card/CardManager.mlua:16471,,,
MLUA_CARDMANAGER_115,"피해량 +50, 2연타 확률 +5%",RootDesk/MyDesk/Card/CardManager.mlua:16472,,,
MLUA_CARDMANAGER_116,"피해량 +50, 범위 증가, 2연타 확률 +10%",RootDesk/MyDesk/Card/CardManager.mlua:16473,,,
MLUA_CARDMANAGER_117,"해금! (피해량 +3%, 영구)",RootDesk/MyDesk/Card/CardManager.mlua:16477,,,
MLUA_CARDMANAGER_118,피해량 증가 +3%p,RootDesk/MyDesk/Card/CardManager.mlua:16478 | RootDesk/MyDesk/Card/CardManager.mlua:16479 | RootDesk/MyDesk/Card/CardManager.mlua:16480 | RootDesk/MyDesk/Card/CardManager.mlua:16481 | RootDesk/MyDesk/Card/CardManager.mlua:16594,,,
MLUA_CARDMANAGER_119,"해금! (대미지 200, 타겟 3명, 빙결 스택+1, 추가타 대미지 60%)",RootDesk/MyDesk/Card/CardManager.mlua:16485,,,
MLUA_CARDMANAGER_120,"피해량 +50, 추가타 대미지 확률 +10%",RootDesk/MyDesk/Card/CardManager.mlua:16486,,,
MLUA_CARDMANAGER_121,"피해량 +50, 공격 대상 +1, 추가타 대미지 확률 +10%",RootDesk/MyDesk/Card/CardManager.mlua:16487,,,
MLUA_CARDMANAGER_122,"해금! (대미지 200, 타겟 4명, 속박 3초, 종료 직전 추가타 50%)",RootDesk/MyDesk/Card/CardManager.mlua:16491,,,
MLUA_CARDMANAGER_123,"피해량 +40, 공격 대상 +1, 추가타 확률 +10%",RootDesk/MyDesk/Card/CardManager.mlua:16492 | RootDesk/MyDesk/Card/CardManager.mlua:16493,,,
MLUA_CARDMANAGER_124,"해금! (대미지 45, 타겟 4명)",RootDesk/MyDesk/Card/CardManager.mlua:16497,,,
MLUA_CARDMANAGER_125,피해량 +20,RootDesk/MyDesk/Card/CardManager.mlua:16499 | RootDesk/MyDesk/Card/CardManager.mlua:16501 | RootDesk/MyDesk/Card/CardManager.mlua:16546 | RootDesk/MyDesk/Card/CardManager.mlua:16548 | RootDesk/MyDesk/Card/CardManager.mlua:16653,,,
MLUA_CARDMANAGER_126,"해금! (대미지 120, 화살 2발)",RootDesk/MyDesk/Card/CardManager.mlua:16505,,,
MLUA_CARDMANAGER_127,강화 화살 효과 신규 획득 (확률 20%),RootDesk/MyDesk/Card/CardManager.mlua:16506,,,
MLUA_CARDMANAGER_128,"피해량 +50, 강화 화살 대미지 +10%",RootDesk/MyDesk/Card/CardManager.mlua:16507,,,
MLUA_CARDMANAGER_129,강화 화살 대미지 +20%,RootDesk/MyDesk/Card/CardManager.mlua:16508,,,
MLUA_CARDMANAGER_130,"피해량 +40, 강화 화살 대미지 +20%",RootDesk/MyDesk/Card/CardManager.mlua:16509,,,
MLUA_CARDMANAGER_131,"해금! (대미지 100, 착탄 1개, 슬로우 40% 2초)",RootDesk/MyDesk/Card/CardManager.mlua:16513,,,
MLUA_CARDMANAGER_132,"착탄 지점 +1, 슬로우 +1초",RootDesk/MyDesk/Card/CardManager.mlua:16514 | RootDesk/MyDesk/Card/CardManager.mlua:16516,,,
MLUA_CARDMANAGER_133,"피해량 +50, 슬로우 확률 +10%",RootDesk/MyDesk/Card/CardManager.mlua:16515 | RootDesk/MyDesk/Card/CardManager.mlua:16517,,,
MLUA_CARDMANAGER_134,"해금! (대미지 100, 착탄 1개, 슬로우 대상 추가 피해 +39%)",RootDesk/MyDesk/Card/CardManager.mlua:16521,,,
MLUA_CARDMANAGER_135,"착탄 지점 +1, 슬로우 대상 추가 피해",RootDesk/MyDesk/Card/CardManager.mlua:16522 | RootDesk/MyDesk/Card/CardManager.mlua:16524,,,
MLUA_CARDMANAGER_136,"피해량 +50, 슬로우 대상 추가 피해",RootDesk/MyDesk/Card/CardManager.mlua:16523 | RootDesk/MyDesk/Card/CardManager.mlua:16525,,,
MLUA_CARDMANAGER_137,"해금! (대미지 120, 유지 3초, 슬로우 대상 추가 피해 +39%)",RootDesk/MyDesk/Card/CardManager.mlua:16529,,,
MLUA_CARDMANAGER_138,"지속 +1초, 범위 증가, 슬로우 대상 추가 피해",RootDesk/MyDesk/Card/CardManager.mlua:16530,,,
MLUA_CARDMANAGER_139,"피해량 +30, 지속 +1초, 슬로우 대상 추가 피해",RootDesk/MyDesk/Card/CardManager.mlua:16531 | RootDesk/MyDesk/Card/CardManager.mlua:16532,,,
MLUA_CARDMANAGER_140,"피해량 +50, 지속 +1초, 범위 증가, 슬로우 대상 추가 피해",RootDesk/MyDesk/Card/CardManager.mlua:16533,,,
MLUA_CARDMANAGER_141,"해금! (대미지 80, 화살 2발, 관통 1회)",RootDesk/MyDesk/Card/CardManager.mlua:16537,,,
MLUA_CARDMANAGER_142,"피해량 +20, 화살 개수 +1",RootDesk/MyDesk/Card/CardManager.mlua:16538 | RootDesk/MyDesk/Card/CardManager.mlua:16540,,,
MLUA_CARDMANAGER_143,"피해량 +20, 관통 횟수 +1",RootDesk/MyDesk/Card/CardManager.mlua:16539 | RootDesk/MyDesk/Card/CardManager.mlua:16541,,,
MLUA_CARDMANAGER_144,"해금! (대미지 100, 착탄 1개, 광역)",RootDesk/MyDesk/Card/CardManager.mlua:16545,,,
MLUA_CARDMANAGER_145,"피해량 +20, 착탄 지점 +1, 쿨타임 감소",RootDesk/MyDesk/Card/CardManager.mlua:16547,,,
MLUA_CARDMANAGER_146,"해금! (대미지 100, 타겟 1명, 넉백, 충돌 대상 30% 대미지)",RootDesk/MyDesk/Card/CardManager.mlua:16553 | RootDesk/MyDesk/Card/CardManager.mlua:16675,,,
MLUA_CARDMANAGER_147,"피해량 +40, 충돌 대미지 +10%",RootDesk/MyDesk/Card/CardManager.mlua:16555 | RootDesk/MyDesk/Card/CardManager.mlua:16557 | RootDesk/MyDesk/Card/CardManager.mlua:16677 | RootDesk/MyDesk/Card/CardManager.mlua:16679,,,
MLUA_CARDMANAGER_148,"피해량 +20, 충돌 대미지 +10%",RootDesk/MyDesk/Card/CardManager.mlua:16556 | RootDesk/MyDesk/Card/CardManager.mlua:16678,,,
MLUA_CARDMANAGER_149,"해금! (쿨타임 -5%, 영구)",RootDesk/MyDesk/Card/CardManager.mlua:16561 | RootDesk/MyDesk/Card/CardManager.mlua:16923 | RootDesk/MyDesk/Card/CardManager.mlua:17013,,,
MLUA_CARDMANAGER_150,"해금! (크리티컬 대미지 +10%, 영구)",RootDesk/MyDesk/Card/CardManager.mlua:16577 | RootDesk/MyDesk/Card/CardManager.mlua:16939 | RootDesk/MyDesk/Card/CardManager.mlua:17029,,,
MLUA_CARDMANAGER_151,크리티컬 대미지 +10%,RootDesk/MyDesk/Card/CardManager.mlua:16578 | RootDesk/MyDesk/Card/CardManager.mlua:16579 | RootDesk/MyDesk/Card/CardManager.mlua:16580 | RootDesk/MyDesk/Card/CardManager.mlua:16581 | RootDesk/MyDesk/Card/CardManager.mlua:16940,,,
MLUA_CARDMANAGER_152,"해금! (추가 공격 확률 10%, 대미지 100%, 영구)",RootDesk/MyDesk/Card/CardManager.mlua:16585,,,
MLUA_CARDMANAGER_153,"추가 공격 확률 +5%, 대미지 +20%",RootDesk/MyDesk/Card/CardManager.mlua:16586 | RootDesk/MyDesk/Card/CardManager.mlua:16587 | RootDesk/MyDesk/Card/CardManager.mlua:16588 | RootDesk/MyDesk/Card/CardManager.mlua:16589,,,
MLUA_CARDMANAGER_154,"해금! (피해량 +5%, 영구)",RootDesk/MyDesk/Card/CardManager.mlua:16593 | RootDesk/MyDesk/Card/CardManager.mlua:16745 | RootDesk/MyDesk/Card/CardManager.mlua:17005 | RootDesk/MyDesk/Card/CardManager.mlua:17037,,,
MLUA_CARDMANAGER_155,피해량 증가 +4%p,RootDesk/MyDesk/Card/CardManager.mlua:16595 | RootDesk/MyDesk/Card/CardManager.mlua:16596 | RootDesk/MyDesk/Card/CardManager.mlua:16597 | RootDesk/MyDesk/Card/CardManager.mlua:16747 | RootDesk/MyDesk/Card/CardManager.mlua:16748,,,
MLUA_CARDMANAGER_156,"해금! (대미지 200, 착탄 2개, 슬로우, 스턴 2초, 슬로우 대상 추가 피해 +120%)",RootDesk/MyDesk/Card/CardManager.mlua:16601,,,
MLUA_CARDMANAGER_157,"피해량 +40, 슬로우, 스턴 +1초, 슬로우 대상 추가 피해",RootDesk/MyDesk/Card/CardManager.mlua:16602,,,
MLUA_CARDMANAGER_158,"피해량 +20, 범위 증가, 슬로우, 스턴 +1초, 슬로우 대상 추가 피해",RootDesk/MyDesk/Card/CardManager.mlua:16603,,,
MLUA_CARDMANAGER_159,"해금! (대미지 300, 유지 5초, 크리티컬 10%, 슬로우 대상 추가 피해 +120%)",RootDesk/MyDesk/Card/CardManager.mlua:16607,,,
MLUA_CARDMANAGER_160,"피해량 +20, 지속 +1초, 크리티컬 +5%, 슬로우 대상 추가 피해",RootDesk/MyDesk/Card/CardManager.mlua:16608 | RootDesk/MyDesk/Card/CardManager.mlua:16609,,,
MLUA_CARDMANAGER_161,"해금! (대미지 100, 최대 6명 연사, 추가 타격 확률 15%)",RootDesk/MyDesk/Card/CardManager.mlua:16613,,,
MLUA_CARDMANAGER_162,"피해량 +20, 연사 대상 +1, 추가 타격 대미지 증가",RootDesk/MyDesk/Card/CardManager.mlua:16614,,,
MLUA_CARDMANAGER_163,"피해량 +20, 연사 대상 +1, 추가 타격 확률 +5%, 대미지 증가",RootDesk/MyDesk/Card/CardManager.mlua:16615,,,
MLUA_CARDMANAGER_164,"해금! (대미지 230, 연사 3발, 강화 확률 20%, 강화 시 3연타)",RootDesk/MyDesk/Card/CardManager.mlua:16619,,,
MLUA_CARDMANAGER_165,"피해량 +20, 강화 확률 +5%",RootDesk/MyDesk/Card/CardManager.mlua:16620,,,
MLUA_CARDMANAGER_166,"피해량 +50, 연사 개수 +1, 강화 확률 +5%",RootDesk/MyDesk/Card/CardManager.mlua:16621,,,
MLUA_CARDMANAGER_167,"해금! (대미지 180, 화살 5발, 관통 4회, 크리티컬 +10%)",RootDesk/MyDesk/Card/CardManager.mlua:16625,,,
MLUA_CARDMANAGER_168,"피해량 +20, 쿨타임 감소, 크리티컬 +5%",RootDesk/MyDesk/Card/CardManager.mlua:16626,,,
MLUA_CARDMANAGER_169,"피해량 +20, 화살 개수 +1, 크리티컬 +5%",RootDesk/MyDesk/Card/CardManager.mlua:16627,,,
MLUA_CARDMANAGER_170,"해금! (대미지 250, 착탄 3개, 광역, 크리티컬 +10%)",RootDesk/MyDesk/Card/CardManager.mlua:16631,,,
MLUA_CARDMANAGER_171,"피해량 +50, 크리티컬 +5%",RootDesk/MyDesk/Card/CardManager.mlua:16632,,,
MLUA_CARDMANAGER_172,"피해량 +50, 착탄 지점 +1, 크리티컬 +5%",RootDesk/MyDesk/Card/CardManager.mlua:16633,,,
MLUA_CARDMANAGER_173,"해금! (대미지 180, 타겟 2명, 넉백, 충돌 대미지 80%, 정지 시 폭발 50%)",RootDesk/MyDesk/Card/CardManager.mlua:16637,,,
MLUA_CARDMANAGER_174,"피해량 +20, 충돌 대미지 증가, 폭발 대미지 증가",RootDesk/MyDesk/Card/CardManager.mlua:16638,,,
MLUA_CARDMANAGER_175,"피해량 +20, 충돌 대미지 증가, 폭발 대미지 대폭 증가",RootDesk/MyDesk/Card/CardManager.mlua:16639,,,
MLUA_CARDMANAGER_176,"해금! (콤보 스택 확률 10%, 영구)",RootDesk/MyDesk/Card/CardManager.mlua:16643,,,
MLUA_CARDMANAGER_177,스택 확률 +5%,RootDesk/MyDesk/Card/CardManager.mlua:16644 | RootDesk/MyDesk/Card/CardManager.mlua:16645 | RootDesk/MyDesk/Card/CardManager.mlua:16647,,,
MLUA_CARDMANAGER_178,스택 확률 +10%,RootDesk/MyDesk/Card/CardManager.mlua:16646,,,
MLUA_CARDMANAGER_179,"해금! (대미지 130, 타겟 1명, 콤보스택 +1)",RootDesk/MyDesk/Card/CardManager.mlua:16651,,,
MLUA_CARDMANAGER_180,"피해량 +20, 공격 대상 +1",RootDesk/MyDesk/Card/CardManager.mlua:16652 | RootDesk/MyDesk/Card/CardManager.mlua:16661 | RootDesk/MyDesk/Card/CardManager.mlua:16668 | RootDesk/MyDesk/Card/CardManager.mlua:16671 | RootDesk/MyDesk/Card/CardManager.mlua:16685,,,
MLUA_CARDMANAGER_181,피해량 +30,RootDesk/MyDesk/Card/CardManager.mlua:16654 | RootDesk/MyDesk/Card/CardManager.mlua:16772 | RootDesk/MyDesk/Card/CardManager.mlua:16853 | RootDesk/MyDesk/Card/CardManager.mlua:16855 | RootDesk/MyDesk/Card/CardManager.mlua:16919,,,
MLUA_CARDMANAGER_182,"피해량 +40, 공격 대상 +1",RootDesk/MyDesk/Card/CardManager.mlua:16655 | RootDesk/MyDesk/Card/CardManager.mlua:16703 | RootDesk/MyDesk/Card/CardManager.mlua:16895,,,
MLUA_CARDMANAGER_183,"해금! (대미지 120, 타겟 1명, 콤보스택 +1)",RootDesk/MyDesk/Card/CardManager.mlua:16659,,,
MLUA_CARDMANAGER_184,"피해량 +20, 쿨타임 감소",RootDesk/MyDesk/Card/CardManager.mlua:16660,,,
MLUA_CARDMANAGER_185,"해금! (대미지 120, 타겟 1명, 광역, 콤보스택 +1)",RootDesk/MyDesk/Card/CardManager.mlua:16667 | RootDesk/MyDesk/Card/CardManager.mlua:16683,,,
MLUA_CARDMANAGER_186,"해금! (대미지 100, 타겟 1명, 일반 2연타, 확률적 4연타 10%)",RootDesk/MyDesk/Card/CardManager.mlua:16691,,,
MLUA_CARDMANAGER_187,"해금! (대미지 120, 타겟 1명, 속박(도약) 1초, 콤보스택 +1)",RootDesk/MyDesk/Card/CardManager.mlua:16699,,,
MLUA_CARDMANAGER_188,"해금! (대미지 120, 지속 4초, 2초마다 2연타)",RootDesk/MyDesk/Card/CardManager.mlua:16707,,,
MLUA_CARDMANAGER_189,"피해량 +20, 지속 +1초",RootDesk/MyDesk/Card/CardManager.mlua:16709 | RootDesk/MyDesk/Card/CardManager.mlua:16801 | RootDesk/MyDesk/Card/CardManager.mlua:16807,,,
MLUA_CARDMANAGER_190,"해금! (대미지 350, 타겟 3명, 콤보스택 +2, 스턴 2초 100%)",RootDesk/MyDesk/Card/CardManager.mlua:16715,,,
MLUA_CARDMANAGER_191,"해금! (콤보 폭발 대미지 220%, 영구)",RootDesk/MyDesk/Card/CardManager.mlua:16729,,,
MLUA_CARDMANAGER_192,폭발 대미지 +10%,RootDesk/MyDesk/Card/CardManager.mlua:16730 | RootDesk/MyDesk/Card/CardManager.mlua:16731 | RootDesk/MyDesk/Card/CardManager.mlua:16732 | RootDesk/MyDesk/Card/CardManager.mlua:16733,,,
MLUA_CARDMANAGER_193,"해금! (15초마다 체력 2% 회복, 영구)",RootDesk/MyDesk/Card/CardManager.mlua:16737,,,
MLUA_CARDMANAGER_194,회복량 +1%,RootDesk/MyDesk/Card/CardManager.mlua:16738 | RootDesk/MyDesk/Card/CardManager.mlua:16739 | RootDesk/MyDesk/Card/CardManager.mlua:16740 | RootDesk/MyDesk/Card/CardManager.mlua:16741,,,
MLUA_CARDMANAGER_195,"해금! (대미지 300, 타겟 3명, 광역 2타 범위공격 50%)",RootDesk/MyDesk/Card/CardManager.mlua:16753,,,
MLUA_CARDMANAGER_196,"피해량 +84, 범위 2타 대미지 +10%",RootDesk/MyDesk/Card/CardManager.mlua:16754,,,
MLUA_CARDMANAGER_197,"피해량 +126, 공격 대상 +1, 범위 2타 대미지 +10%",RootDesk/MyDesk/Card/CardManager.mlua:16755,,,
MLUA_CARDMANAGER_198,"해금! (대미지 200, 넉백, 충돌 대미지 60%, 착지 시 범위 폭발 60%)",RootDesk/MyDesk/Card/CardManager.mlua:16759,,,
MLUA_CARDMANAGER_199,"피해량 +20, 충돌·폭발 대미지 +10%",RootDesk/MyDesk/Card/CardManager.mlua:16760,,,
MLUA_CARDMANAGER_200,"피해량 +40, 충돌·폭발 대미지 +10%",RootDesk/MyDesk/Card/CardManager.mlua:16761,,,
MLUA_CARDMANAGER_201,"해금! (대미지 300, 타겟 3명, 콤보스택 +2)",RootDesk/MyDesk/Card/CardManager.mlua:16765,,,
MLUA_CARDMANAGER_202,"해금! (대미지 230, 타겟 2명, 부채꼴 검기 4개 발사, 콤보스택 +1)",RootDesk/MyDesk/Card/CardManager.mlua:16771,,,
MLUA_CARDMANAGER_203,"피해량 +40, 공격 대상 +1, 검기 개수 증가",RootDesk/MyDesk/Card/CardManager.mlua:16773,,,
MLUA_CARDMANAGER_204,"해금! (대미지 280, 지속 4초, 2초마다 2연타)",RootDesk/MyDesk/Card/CardManager.mlua:16777,,,
MLUA_CARDMANAGER_205,"피해량 +40, 지속 +1초",RootDesk/MyDesk/Card/CardManager.mlua:16779,,,
MLUA_CARDMANAGER_206,"해금! (대미지 230, 타겟 3명, 일반 2연타, 확률적 4연타 15%)",RootDesk/MyDesk/Card/CardManager.mlua:16783,,,
MLUA_CARDMANAGER_207,"피해량 +30, 4연타 확률 +5%",RootDesk/MyDesk/Card/CardManager.mlua:16784,,,
MLUA_CARDMANAGER_208,"피해량 +40, 4연타 확률 +10%",RootDesk/MyDesk/Card/CardManager.mlua:16785,,,
MLUA_CARDMANAGER_209,"해금! (대미지 70, 타겟 1명, 속박 1초)",RootDesk/MyDesk/Card/CardManager.mlua:16789,,,
MLUA_CARDMANAGER_210,"피해량 +20, 타겟 2명",RootDesk/MyDesk/Card/CardManager.mlua:16790 | RootDesk/MyDesk/Card/CardManager.mlua:16799,,,
MLUA_CARDMANAGER_211,"피해량 +20, 속박 2초",RootDesk/MyDesk/Card/CardManager.mlua:16791,,,
MLUA_CARDMANAGER_212,"피해량 +20, 타겟 3명",RootDesk/MyDesk/Card/CardManager.mlua:16792,,,
MLUA_CARDMANAGER_213,피해량 +10,RootDesk/MyDesk/Card/CardManager.mlua:16793,,,
MLUA_CARDMANAGER_214,"해금! (대미지 80, 타겟 1명, 지속 2초, 범위 점차 증가)",RootDesk/MyDesk/Card/CardManager.mlua:16797,,,
MLUA_CARDMANAGER_215,"조합! (대미지 180, 타겟 2명, 지속 2초, 출혈 30%/초)",RootDesk/MyDesk/Card/CardManager.mlua:16805,,,
MLUA_CARDMANAGER_216,"해금! (대미지 80, 타겟 1명, 광역)",RootDesk/MyDesk/Card/CardManager.mlua:16811,,,
MLUA_CARDMANAGER_217,"해금! (대미지 60, 3초간 추적, 경로상 적 타격)",RootDesk/MyDesk/Card/CardManager.mlua:16819,,,
MLUA_CARDMANAGER_218,"해금! (대미지 120, 타겟 1명, 분열 3개 30%)",RootDesk/MyDesk/Card/CardManager.mlua:16827,,,
MLUA_CARDMANAGER_219,"피해량 +20, 분열 대미지 +10%",RootDesk/MyDesk/Card/CardManager.mlua:16828 | RootDesk/MyDesk/Card/CardManager.mlua:16830,,,
MLUA_CARDMANAGER_220,"피해량 +20, 공격 대상 +1, 분열 대미지 +10%",RootDesk/MyDesk/Card/CardManager.mlua:16829,,,
MLUA_CARDMANAGER_221,"피해량 +40, 분열 대미지 +10%",RootDesk/MyDesk/Card/CardManager.mlua:16831,,,
MLUA_CARDMANAGER_222,"해금! (대미지 130, 타겟 1명, 광역)",RootDesk/MyDesk/Card/CardManager.mlua:16835,,,
MLUA_CARDMANAGER_223,"피해량 +30, 공격 대상 +1",RootDesk/MyDesk/Card/CardManager.mlua:16837 | RootDesk/MyDesk/Card/CardManager.mlua:16854 | RootDesk/MyDesk/Card/CardManager.mlua:16917,,,
MLUA_CARDMANAGER_224,피해량 +60,RootDesk/MyDesk/Card/CardManager.mlua:16839,,,
MLUA_CARDMANAGER_225,"해금! (대미지 110, 타겟 1명, 관통 1마리 30%)",RootDesk/MyDesk/Card/CardManager.mlua:16843,,,
MLUA_CARDMANAGER_226,"피해량 +20, 관통 +1마리(30/20%)",RootDesk/MyDesk/Card/CardManager.mlua:16844,,,
MLUA_CARDMANAGER_227,"피해량 +20, 공격 대상 +1, 관통 비율 상승(40/30%)",RootDesk/MyDesk/Card/CardManager.mlua:16845,,,
MLUA_CARDMANAGER_228,"피해량 +20, 관통 +1마리(40/30/20%)",RootDesk/MyDesk/Card/CardManager.mlua:16846,,,
MLUA_CARDMANAGER_229,"피해량 +30, 관통 비율 상승(50/40/30%)",RootDesk/MyDesk/Card/CardManager.mlua:16847,,,
MLUA_CARDMANAGER_230,"해금! (대미지 100, 타겟 1명, 3연타 40/30/30%)",RootDesk/MyDesk/Card/CardManager.mlua:16851,,,
MLUA_CARDMANAGER_231,"해금! (대미지 150, 타겟 1명, 2연타)",RootDesk/MyDesk/Card/CardManager.mlua:16859,,,
MLUA_CARDMANAGER_232,"피해량 +54, 공격 대상 +1, 타격 강도 증가",RootDesk/MyDesk/Card/CardManager.mlua:16860,,,
MLUA_CARDMANAGER_233,"피해량 +76, 타격 강도 증가",RootDesk/MyDesk/Card/CardManager.mlua:16861,,,
MLUA_CARDMANAGER_234,"피해량 +72, 타격 강도 증가",RootDesk/MyDesk/Card/CardManager.mlua:16862,,,
MLUA_CARDMANAGER_235,"피해량 +116, 공격 대상 +1, 타격 강도 증가",RootDesk/MyDesk/Card/CardManager.mlua:16863,,,
MLUA_CARDMANAGER_236,"해금! (대미지 117, 타겟 1명, 3연타)",RootDesk/MyDesk/Card/CardManager.mlua:16867,,,
MLUA_CARDMANAGER_237,"피해량 +33, 공격 대상 +1, 타격 강도 증가",RootDesk/MyDesk/Card/CardManager.mlua:16868,,,
MLUA_CARDMANAGER_238,"피해량 +84, 타격 강도 증가",RootDesk/MyDesk/Card/CardManager.mlua:16869,,,
MLUA_CARDMANAGER_239,"피해량 +66, 타격 강도 증가",RootDesk/MyDesk/Card/CardManager.mlua:16870,,,
MLUA_CARDMANAGER_240,"피해량 +114, 공격 대상 +1, 타격 강도 증가",RootDesk/MyDesk/Card/CardManager.mlua:16871,,,
MLUA_CARDMANAGER_241,"해금! (초당 대미지 20, 타겟 1명, 명중 -20%, 지속 3초)",RootDesk/MyDesk/Card/CardManager.mlua:16875,,,
MLUA_CARDMANAGER_242,"초당 대미지 +10, 공격 대상 +1, 명중 감소 +10%",RootDesk/MyDesk/Card/CardManager.mlua:16876,,,
MLUA_CARDMANAGER_243,"초당 대미지 +20, 명중 감소 +10%, 지속 +1초",RootDesk/MyDesk/Card/CardManager.mlua:16877,,,
MLUA_CARDMANAGER_244,"초당 대미지 +10, 명중 감소 +10%",RootDesk/MyDesk/Card/CardManager.mlua:16878,,,
MLUA_CARDMANAGER_245,"초당 대미지 +30, 공격 대상 +1, 명중 감소 +10%, 지속 +1초",RootDesk/MyDesk/Card/CardManager.mlua:16879,,,
MLUA_CARDMANAGER_246,"해금! (대미지 130, 타겟 1명, 크리티컬 확률 +10%)",RootDesk/MyDesk/Card/CardManager.mlua:16883,,,
MLUA_CARDMANAGER_247,"피해량 +20, 크리티컬 +5%",RootDesk/MyDesk/Card/CardManager.mlua:16884 | RootDesk/MyDesk/Card/CardManager.mlua:16886,,,
MLUA_CARDMANAGER_248,"피해량 +30, 공격 대상 +1, 크리티컬 +5%",RootDesk/MyDesk/Card/CardManager.mlua:16885,,,
MLUA_CARDMANAGER_249,"피해량 +60, 크리티컬 +5%",RootDesk/MyDesk/Card/CardManager.mlua:16887 | RootDesk/MyDesk/Card/CardManager.mlua:17073,,,
MLUA_CARDMANAGER_250,"해금! (대미지 100, 타겟 2명, 메소 드랍 100%, 아이템 드랍 50%)",RootDesk/MyDesk/Card/CardManager.mlua:16891,,,
MLUA_CARDMANAGER_251,"해금! (대미지 150, 착지한 메소 전부 동시 폭발, 기본공격 시 메소 드랍 5%)",RootDesk/MyDesk/Card/CardManager.mlua:16899,,,
MLUA_CARDMANAGER_252,"피해량 +30, 메소 드랍 확률 +5%",RootDesk/MyDesk/Card/CardManager.mlua:16900 | RootDesk/MyDesk/Card/CardManager.mlua:16902 | RootDesk/MyDesk/Card/CardManager.mlua:16903,,,
MLUA_CARDMANAGER_253,"피해량 +30, 범위 증가, 메소 드랍 확률 +5%",RootDesk/MyDesk/Card/CardManager.mlua:16901,,,
MLUA_CARDMANAGER_254,"해금! (지속 5초, 기본공격/스킬 복사 대미지 60%, 소환 1체)",RootDesk/MyDesk/Card/CardManager.mlua:16907,,,
MLUA_CARDMANAGER_255,복사 대미지 +10%,RootDesk/MyDesk/Card/CardManager.mlua:16908 | RootDesk/MyDesk/Card/CardManager.mlua:16910 | RootDesk/MyDesk/Card/CardManager.mlua:16911,,,
MLUA_CARDMANAGER_256,"지속 +1초, 복사 대미지 +10%",RootDesk/MyDesk/Card/CardManager.mlua:16909,,,
MLUA_CARDMANAGER_257,"해금! (대미지 140, 타겟 1명, 스턴 100%, 지속 2초)",RootDesk/MyDesk/Card/CardManager.mlua:16915,,,
MLUA_CARDMANAGER_258,"해금! (공격 회피 3%, 영구)",RootDesk/MyDesk/Card/CardManager.mlua:16947 | RootDesk/MyDesk/Card/CardManager.mlua:17045,,,
MLUA_CARDMANAGER_259,공격 회피 +2%,RootDesk/MyDesk/Card/CardManager.mlua:16948 | RootDesk/MyDesk/Card/CardManager.mlua:16949 | RootDesk/MyDesk/Card/CardManager.mlua:16950,,,
MLUA_CARDMANAGER_260,공격 회피 +3%,RootDesk/MyDesk/Card/CardManager.mlua:16951,,,
MLUA_CARDMANAGER_261,"조합! (대미지 210, 타겟 4명, 4연타 30%, 크리 +20%)",RootDesk/MyDesk/Card/CardManager.mlua:16955,,,
MLUA_CARDMANAGER_262,"조합! (대미지 200, 2발, 관통 4마리 50/40/30/20%)",RootDesk/MyDesk/Card/CardManager.mlua:16961,,,
MLUA_CARDMANAGER_263,"피해량 +20, 관통 비율 +10%p",RootDesk/MyDesk/Card/CardManager.mlua:16962 | RootDesk/MyDesk/Card/CardManager.mlua:16963,,,
MLUA_CARDMANAGER_264,"조합! (대미지 160, 타겟 3명, 속박 2초, 해제 시 추가타 30~100%)",RootDesk/MyDesk/Card/CardManager.mlua:16967,,,
MLUA_CARDMANAGER_265,"조합! (대미지 280, 타겟 2명, 스톰 2초 — 닿으면 30%)",RootDesk/MyDesk/Card/CardManager.mlua:16973,,,
MLUA_CARDMANAGER_266,"피해량 +20, 스톰 대미지 +10%p",RootDesk/MyDesk/Card/CardManager.mlua:16974 | RootDesk/MyDesk/Card/CardManager.mlua:16975,,,
MLUA_CARDMANAGER_267,"조합! (대미지 220, 타겟 2명, 5개 분열 80%)",RootDesk/MyDesk/Card/CardManager.mlua:16979,,,
MLUA_CARDMANAGER_268,"피해량 +20, 분열 대미지 +10%p",RootDesk/MyDesk/Card/CardManager.mlua:16980 | RootDesk/MyDesk/Card/CardManager.mlua:16981,,,
MLUA_CARDMANAGER_269,"조합! (대미지 160, 지속 3초, 소멸 시 폭발 40%)",RootDesk/MyDesk/Card/CardManager.mlua:16985,,,
MLUA_CARDMANAGER_270,"피해량 +20, 폭발 대미지 +10%p",RootDesk/MyDesk/Card/CardManager.mlua:16986 | RootDesk/MyDesk/Card/CardManager.mlua:16987,,,
MLUA_CARDMANAGER_271,"조합! (대미지 220, 타겟 1명 광역, 스턴 2초 100%)",RootDesk/MyDesk/Card/CardManager.mlua:16991,,,
MLUA_CARDMANAGER_272,"해금! (기본 공격 10% 확률로 추가 공격 100%, 영구)",RootDesk/MyDesk/Card/CardManager.mlua:16997,,,
MLUA_CARDMANAGER_273,"발동 확률 +5%, 추가 공격 대미지 +20%",RootDesk/MyDesk/Card/CardManager.mlua:16998 | RootDesk/MyDesk/Card/CardManager.mlua:16999 | RootDesk/MyDesk/Card/CardManager.mlua:17000 | RootDesk/MyDesk/Card/CardManager.mlua:17001,,,
MLUA_CARDMANAGER_274,피해량 +3%,RootDesk/MyDesk/Card/CardManager.mlua:17006,,,
MLUA_CARDMANAGER_275,피해량 +4%,RootDesk/MyDesk/Card/CardManager.mlua:17007 | RootDesk/MyDesk/Card/CardManager.mlua:17008 | RootDesk/MyDesk/Card/CardManager.mlua:17009,,,
MLUA_CARDMANAGER_276,회피 확률 +2%,RootDesk/MyDesk/Card/CardManager.mlua:17046 | RootDesk/MyDesk/Card/CardManager.mlua:17047 | RootDesk/MyDesk/Card/CardManager.mlua:17048 | RootDesk/MyDesk/Skill/SkillUpgradeUI.mlua:405 | RootDesk/MyDesk/Skill/SkillUpgradeUI.mlua:428,,,
MLUA_CARDMANAGER_277,회피 확률 +3%,RootDesk/MyDesk/Card/CardManager.mlua:17049,,,
MLUA_CARDMANAGER_278,"해금! (대미지 560, 타겟 3명, 2연타)",RootDesk/MyDesk/Card/CardManager.mlua:17053,,,
MLUA_CARDMANAGER_279,"피해량 +100, 타격 강도 증가",RootDesk/MyDesk/Card/CardManager.mlua:17054,,,
MLUA_CARDMANAGER_280,"피해량 +108, 공격 대상 +1, 타격 강도 증가",RootDesk/MyDesk/Card/CardManager.mlua:17055,,,
MLUA_CARDMANAGER_281,"해금! (대미지 494, 타겟 4명, 5연타, 범위 공격)",RootDesk/MyDesk/Card/CardManager.mlua:17059,,,
MLUA_CARDMANAGER_282,"피해량 +86, 타격 강도 증가",RootDesk/MyDesk/Card/CardManager.mlua:17060,,,
MLUA_CARDMANAGER_283,"피해량 +133, 타격 강도 증가",RootDesk/MyDesk/Card/CardManager.mlua:17061,,,
MLUA_CARDMANAGER_284,"해금! (초당 대미지 90, 추가 대미지 108, 타겟 3명, 지속 5초)",RootDesk/MyDesk/Card/CardManager.mlua:17065,,,
MLUA_CARDMANAGER_285,"초당 대미지 +10, 추가 대미지 +32",RootDesk/MyDesk/Card/CardManager.mlua:17066,,,
MLUA_CARDMANAGER_286,"초당 대미지 +10, 추가 대미지 +36",RootDesk/MyDesk/Card/CardManager.mlua:17067,,,
MLUA_CARDMANAGER_287,"해금! (대미지 352, 타겟 2명(넉백), 크리티컬 확률 +30%, 메소·아이템 드랍)",RootDesk/MyDesk/Card/CardManager.mlua:17071,,,
MLUA_CARDMANAGER_288,"피해량 +56, 크리티컬 +5%",RootDesk/MyDesk/Card/CardManager.mlua:17072,,,
MLUA_CARDMANAGER_289,"해금! (대미지 300, 메소 1개당, 스턴 확률 50% 1초, 메소 드랍 30%)",RootDesk/MyDesk/Card/CardManager.mlua:17077,,,
MLUA_CARDMANAGER_290,"피해량 +20, 스턴 확률 +10%",RootDesk/MyDesk/Card/CardManager.mlua:17078,,,
MLUA_CARDMANAGER_291,"피해량 +20, 스턴 확률 +10%, 스턴 +1초",RootDesk/MyDesk/Card/CardManager.mlua:17079,,,
MLUA_CARDMANAGER_292,"해금! (스킬 복사 110%, 기본공격 복사 110%, 분신 2체)",RootDesk/MyDesk/Card/CardManager.mlua:17083,,,
MLUA_CARDMANAGER_293,"스킬 복사 +10%, 기본공격 복사 +20%",RootDesk/MyDesk/Card/CardManager.mlua:17084 | RootDesk/MyDesk/Card/CardManager.mlua:17085,,,
MLUA_CARDMANAGER_294,"해금! (초당 틱 대미지 78, 타겟 2명, 착탄 시 스턴 3초, 연무 지속 2초)",RootDesk/MyDesk/Card/CardManager.mlua:17089,,,
MLUA_CARDMANAGER_295,"초당 틱 대미지 +34, 연무 +1초",RootDesk/MyDesk/Card/CardManager.mlua:17090,,,
MLUA_CARDMANAGER_296,"초당 틱 대미지 +38, 연무 +1초",RootDesk/MyDesk/Card/CardManager.mlua:17091,,,
MLUA_CARDMANAGER_328,패시브 스킬,RootDesk/MyDesk/Card/CardManager.mlua:18588,,,
MLUA_CARDMANAGER_337,전체 범위  |  화염 DoT 3회,RootDesk/MyDesk/Card/CardManager.mlua:18616,,,
MLUA_CARDMANAGER_338,2연타,RootDesk/MyDesk/Card/CardManager.mlua:18619,,,
MLUA_CARDMANAGER_341,연쇄 3개 (50%/35%/15%)  |  5스택 시 빙결 폭발,RootDesk/MyDesk/Card/CardManager.mlua:18631,,,
MLUA_CARDMANAGER_342,연쇄 2개 (50%/35%),RootDesk/MyDesk/Card/CardManager.mlua:18633,,,
MLUA_CARDMANAGER_343,연쇄 1개 (50%),RootDesk/MyDesk/Card/CardManager.mlua:18635,,,
MLUA_CARDMANAGER_347,고정 광역,RootDesk/MyDesk/Card/CardManager.mlua:18643,,,
MLUA_CARDMANAGER_353,초,RootDesk/MyDesk/Card/CardManager.mlua:18653 | RootDesk/MyDesk/Card/CardManager.mlua:18659 | RootDesk/MyDesk/Card/CardManager.mlua:18687 | RootDesk/MyDesk/Card/CardManager.mlua:18757 | RootDesk/MyDesk/Card/CardManager.mlua:18839,,,
MLUA_CARDMANAGER_359,광역  |  출혈 5%/틱  |  넉백,RootDesk/MyDesk/Card/CardManager.mlua:18666,,,
MLUA_CARDMANAGER_416,타겟 1명  |  광역,RootDesk/MyDesk/Card/CardManager.mlua:18784,,,
MLUA_CARDMANAGER_460,지속회복,RootDesk/MyDesk/Card/CardManager.mlua:22970,,,
MLUA_CARDMANAGER_461,기본공격,RootDesk/MyDesk/Card/CardManager.mlua:22971 | RootDesk/MyDesk/Card/CardManager.mlua:22972 | RootDesk/MyDesk/Card/CardManager.mlua:22973 | RootDesk/MyDesk/Card/CardManager.mlua:22974 | RootDesk/MyDesk/Card/CardManager.mlua:22975,,,
MLUA_CARDMANAGER_462,다단타격,RootDesk/MyDesk/Card/CardManager.mlua:22976,,,
MLUA_CARDMANAGER_463,"관통,둔화",RootDesk/MyDesk/Card/CardManager.mlua:22977,,,
MLUA_CARDMANAGER_464,"관통,스턴",RootDesk/MyDesk/Card/CardManager.mlua:22978,,,
MLUA_CARDMANAGER_465,"광역,화상",RootDesk/MyDesk/Card/CardManager.mlua:22979,,,
MLUA_CARDMANAGER_466,쿨감버프,RootDesk/MyDesk/Card/CardManager.mlua:22980,,,
MLUA_CARDMANAGER_467,크리티컬버프,RootDesk/MyDesk/Card/CardManager.mlua:22981,,,
MLUA_CARDMANAGER_468,"관통,연쇄",RootDesk/MyDesk/Card/CardManager.mlua:22982,,,
MLUA_CARDMANAGER_469,"빙결,연쇄",RootDesk/MyDesk/Card/CardManager.mlua:22983,,,
MLUA_CARDMANAGER_470,"광역,출혈",RootDesk/MyDesk/Card/CardManager.mlua:22984,,,
MLUA_CARDMANAGER_471,"고정,광역",RootDesk/MyDesk/Card/CardManager.mlua:22985,,,
MLUA_CARDMANAGER_472,"광역,넉백",RootDesk/MyDesk/Card/CardManager.mlua:22986 | RootDesk/MyDesk/Card/CardRegistry.mlua:232,,,
MLUA_CARDMANAGER_473,"다중,속박",RootDesk/MyDesk/Card/CardManager.mlua:22987,,,
MLUA_CARDMANAGER_474,"다중,빙결",RootDesk/MyDesk/Card/CardManager.mlua:22988,,,
MLUA_CARDMANAGER_475,"광역,스턴,3연타",RootDesk/MyDesk/Card/CardManager.mlua:22989,,,
MLUA_CARDMANAGER_476,"다중,슬로우,빙결",RootDesk/MyDesk/Card/CardManager.mlua:22990,,,
MLUA_CARDMANAGER_477,"패시브,피해감소",RootDesk/MyDesk/Card/CardManager.mlua:22991,,,
MLUA_CARDMANAGER_478,"연쇄,치명타",RootDesk/MyDesk/Card/CardManager.mlua:22992,,,
MLUA_CARDMANAGER_479,"광역,관통,출혈,넉백",RootDesk/MyDesk/Card/CardManager.mlua:22993,,,
MLUA_CARDMANAGER_480,"고정,광역,확률2연타",RootDesk/MyDesk/Card/CardManager.mlua:22994,,,
MLUA_CARDMANAGER_481,"패시브,피해증가",RootDesk/MyDesk/Card/CardManager.mlua:22995 | RootDesk/MyDesk/Card/CardManager.mlua:23017 | RootDesk/MyDesk/Card/CardRegistry.mlua:133 | RootDesk/MyDesk/Card/CardRegistry.mlua:292 | RootDesk/MyDesk/Card/CardRegistry.mlua:481,,,
MLUA_CARDMANAGER_482,"다중,빙결,범위",RootDesk/MyDesk/Card/CardManager.mlua:22996,,,
MLUA_CARDMANAGER_483,"다중,속박,추가타",RootDesk/MyDesk/Card/CardManager.mlua:22997,,,
MLUA_CARDMANAGER_484,"다중,관통",RootDesk/MyDesk/Card/CardManager.mlua:22998,,,
MLUA_CARDMANAGER_485,"단일,확률강화",RootDesk/MyDesk/Card/CardManager.mlua:22999,,,
MLUA_CARDMANAGER_486,"광역,다중,슬로우",RootDesk/MyDesk/Card/CardManager.mlua:23000,,,
MLUA_CARDMANAGER_487,"광역,다중,슬로우대상추가딜",RootDesk/MyDesk/Card/CardManager.mlua:23001,,,
MLUA_CARDMANAGER_488,"소환,광역,지속딜,슬로우대상추가딜",RootDesk/MyDesk/Card/CardManager.mlua:23002,,,
MLUA_CARDMANAGER_489,"횡,관통,다중",RootDesk/MyDesk/Card/CardManager.mlua:23003,,,
MLUA_CARDMANAGER_490,"종,범위,다중",RootDesk/MyDesk/Card/CardManager.mlua:23004,,,
MLUA_CARDMANAGER_491,"횡,관통,크리티컬",RootDesk/MyDesk/Card/CardManager.mlua:23005,,,
MLUA_CARDMANAGER_492,"종,범위,크리티컬",RootDesk/MyDesk/Card/CardManager.mlua:23006,,,
MLUA_CARDMANAGER_493,"넉백,충돌,폭발",RootDesk/MyDesk/Card/CardManager.mlua:23007,,,
MLUA_CARDMANAGER_494,"단일,넉백",RootDesk/MyDesk/Card/CardManager.mlua:23008,,,
MLUA_CARDMANAGER_495,"광역,다중,슬로우,스턴,추가딜",RootDesk/MyDesk/Card/CardManager.mlua:23009,,,
MLUA_CARDMANAGER_496,"소환,광역,2단히트,크리티컬",RootDesk/MyDesk/Card/CardManager.mlua:23010,,,
MLUA_CARDMANAGER_497,"다중,연타,확률추가타",RootDesk/MyDesk/Card/CardManager.mlua:23011,,,
MLUA_CARDMANAGER_498,"단일,연사,확률강화,3연타",RootDesk/MyDesk/Card/CardManager.mlua:23012,,,
MLUA_CARDMANAGER_499,"패시브,쿨감",RootDesk/MyDesk/Card/CardManager.mlua:23013,,,
MLUA_CARDMANAGER_500,"패시브,크리티컬",RootDesk/MyDesk/Card/CardManager.mlua:23014 | RootDesk/MyDesk/Card/CardRegistry.mlua:110 | RootDesk/MyDesk/Card/CardRegistry.mlua:280 | RootDesk/MyDesk/Card/CardRegistry.mlua:463,,,
MLUA_CARDMANAGER_501,"패시브,크리티컬대미지",RootDesk/MyDesk/Card/CardManager.mlua:23015 | RootDesk/MyDesk/Card/CardRegistry.mlua:286 | RootDesk/MyDesk/Card/CardRegistry.mlua:469,,,
MLUA_CARDMANAGER_502,"패시브,확률추가공격",RootDesk/MyDesk/Card/CardManager.mlua:23016,,,
MLUA_CARDMANAGER_503,빨간 포션,RootDesk/MyDesk/Card/CardManager.mlua:23041,,,
MLUA_CARDMANAGER_504,하얀 포션,RootDesk/MyDesk/Card/CardManager.mlua:23041,,,
MLUA_CARDMANAGER_505,장어구이,RootDesk/MyDesk/Card/CardManager.mlua:23041,,,
MLUA_CARDMANAGER_506,쭈쭈바,RootDesk/MyDesk/Card/CardManager.mlua:23041,,,
MLUA_CARDMANAGER_507,엘릭서,RootDesk/MyDesk/Card/CardManager.mlua:23041,,,
MLUA_CARDMANAGER_509,무료,RootDesk/MyDesk/Card/CardManager.mlua:23955,,,
MLUA_CARDMANAGER_510,중복 스킬을 획득해 골드 500을 얻었습니다!,RootDesk/MyDesk/Card/CardManager.mlua:24153,,,
MLUA_CARDREGISTRY_001,콤보 어택,RootDesk/MyDesk/Card/CardRegistry.mlua:16 | RootDesk/MyDesk/SkillInventory.mlua:102 | /ui/TitleGroup/SkillPanel/ScrollArea/List/SkillSlot_55/Name,Combo Attack,,
MLUA_CARDREGISTRY_002,"패시브,확률스택",RootDesk/MyDesk/Card/CardRegistry.mlua:18,,,
MLUA_CARDREGISTRY_003,슬래시,RootDesk/MyDesk/Card/CardRegistry.mlua:25 | RootDesk/MyDesk/SkillInventory.mlua:87 | /ui/TitleGroup/SkillPanel/ScrollArea/List/SkillSlot_40/Name,,,
MLUA_CARDREGISTRY_004,"다중타격,콤보스택",RootDesk/MyDesk/Card/CardRegistry.mlua:27 | RootDesk/MyDesk/Card/CardRegistry.mlua:35 | RootDesk/MyDesk/Card/CardRegistry.mlua:141 | RootDesk/MyDesk/Card/CardRegistry.mlua:157,,,
MLUA_CARDREGISTRY_005,브랜디쉬,RootDesk/MyDesk/Card/CardRegistry.mlua:33 | RootDesk/MyDesk/SkillInventory.mlua:88 | /ui/TitleGroup/SkillPanel/ScrollArea/List/SkillSlot_41/Name,,,
MLUA_CARDREGISTRY_006,플래시 슬래시,RootDesk/MyDesk/Card/CardRegistry.mlua:43 | RootDesk/MyDesk/SkillInventory.mlua:89 | /ui/TitleGroup/SkillPanel/ScrollArea/List/SkillSlot_42/Name,,,
MLUA_CARDREGISTRY_007,"관통이동,콤보스택",RootDesk/MyDesk/Card/CardRegistry.mlua:45 | RootDesk/MyDesk/Card/CardRegistry.mlua:66 | RootDesk/MyDesk/Card/CardRegistry.mlua:167,,,
MLUA_CARDREGISTRY_008,돌진,RootDesk/MyDesk/Card/CardRegistry.mlua:53 | RootDesk/MyDesk/SkillInventory.mlua:90 | /ui/TitleGroup/SkillPanel/ScrollArea/List/SkillSlot_43/Name,,,
MLUA_CARDREGISTRY_009,"넉백,충돌피해",RootDesk/MyDesk/Card/CardRegistry.mlua:55,,,
MLUA_CARDREGISTRY_010,오라 블레이드,RootDesk/MyDesk/Card/CardRegistry.mlua:64 | RootDesk/MyDesk/SkillInventory.mlua:91 | /ui/TitleGroup/SkillPanel/ScrollArea/List/SkillSlot_44/Name,,,
MLUA_CARDREGISTRY_011,레이징 블로우,RootDesk/MyDesk/Card/CardRegistry.mlua:73 | RootDesk/MyDesk/SkillInventory.mlua:92 | /ui/TitleGroup/SkillPanel/ScrollArea/List/SkillSlot_45/Name,,,
MLUA_CARDREGISTRY_012,다중타격,RootDesk/MyDesk/Card/CardRegistry.mlua:75 | RootDesk/MyDesk/Card/CardRegistry.mlua:205 | RootDesk/MyDesk/Card/CardRegistry.mlua:214,,,
MLUA_CARDREGISTRY_013,리프 어택,RootDesk/MyDesk/Card/CardRegistry.mlua:81 | RootDesk/MyDesk/SkillInventory.mlua:93 | /ui/TitleGroup/SkillPanel/ScrollArea/List/SkillSlot_46/Name,,,
MLUA_CARDREGISTRY_014,"속박,콤보스택",RootDesk/MyDesk/Card/CardRegistry.mlua:83,,,
MLUA_CARDREGISTRY_015,"소환수,단일타격",RootDesk/MyDesk/Card/CardRegistry.mlua:92 | RootDesk/MyDesk/Card/CardRegistry.mlua:178,,,
MLUA_CARDREGISTRY_016,브레이브 슬래시,RootDesk/MyDesk/Card/CardRegistry.mlua:100 | RootDesk/MyDesk/SkillInventory.mlua:95 | /ui/TitleGroup/SkillPanel/ScrollArea/List/SkillSlot_48/Name,,,
MLUA_CARDREGISTRY_017,"다중타격,콤보스택,스턴",RootDesk/MyDesk/Card/CardRegistry.mlua:102,,,
MLUA_CARDREGISTRY_018,찬스 어택,RootDesk/MyDesk/Card/CardRegistry.mlua:108 | RootDesk/MyDesk/SkillInventory.mlua:103 | /ui/TitleGroup/SkillPanel/ScrollArea/List/SkillSlot_56/Name,,,
MLUA_CARDREGISTRY_019,코마,RootDesk/MyDesk/Card/CardRegistry.mlua:117 | RootDesk/MyDesk/SkillInventory.mlua:104 | /ui/TitleGroup/SkillPanel/ScrollArea/List/SkillSlot_57/Name,,,
MLUA_CARDREGISTRY_020,"패시브,폭발강화",RootDesk/MyDesk/Card/CardRegistry.mlua:119,,,
MLUA_CARDREGISTRY_021,셀프 리커버리,RootDesk/MyDesk/Card/CardRegistry.mlua:124 | RootDesk/MyDesk/SkillInventory.mlua:105 | /ui/TitleGroup/SkillPanel/ScrollArea/List/SkillSlot_58/Name,,,
MLUA_CARDREGISTRY_022,"패시브,회복",RootDesk/MyDesk/Card/CardRegistry.mlua:126,,,
MLUA_CARDREGISTRY_023,워리어 마스터리,RootDesk/MyDesk/Card/CardRegistry.mlua:131 | RootDesk/MyDesk/SkillInventory.mlua:106 | /ui/TitleGroup/SkillPanel/ScrollArea/List/SkillSlot_100/Name | /ui/TitleGroup/SkillPanel/ScrollArea/List/SkillSlot_101/Name | /ui/TitleGroup/SkillPanel/ScrollArea/List/SkillSlot_59/Name,,,
MLUA_CARDREGISTRY_024,스피릿 블레이드,RootDesk/MyDesk/Card/CardRegistry.mlua:139 | RootDesk/MyDesk/SkillInventory.mlua:96 | /ui/TitleGroup/SkillPanel/ScrollArea/List/SkillSlot_49/Name,,,
MLUA_CARDREGISTRY_025,버닝 러시,RootDesk/MyDesk/Card/CardRegistry.mlua:147 | RootDesk/MyDesk/SkillInventory.mlua:97 | /ui/TitleGroup/SkillPanel/ScrollArea/List/SkillSlot_50/Name,,,
MLUA_CARDREGISTRY_026,"넉백,충돌피해,범위폭발",RootDesk/MyDesk/Card/CardRegistry.mlua:149,,,
MLUA_CARDREGISTRY_027,슬래시 스톰,RootDesk/MyDesk/Card/CardRegistry.mlua:155 | RootDesk/MyDesk/SkillInventory.mlua:98 | /ui/TitleGroup/SkillPanel/ScrollArea/List/SkillSlot_51/Name,,,
MLUA_CARDREGISTRY_028,솔라 블레이드,RootDesk/MyDesk/Card/CardRegistry.mlua:165 | RootDesk/MyDesk/SkillInventory.mlua:99 | /ui/TitleGroup/SkillPanel/ScrollArea/List/SkillSlot_52/Name,,,
MLUA_CARDREGISTRY_029,스카링 블레이드,RootDesk/MyDesk/Card/CardRegistry.mlua:176 | RootDesk/MyDesk/SkillInventory.mlua:100 | /ui/TitleGroup/SkillPanel/ScrollArea/List/SkillSlot_53/Name,,,
MLUA_CARDREGISTRY_030,퓨리어스 블로우,RootDesk/MyDesk/Card/CardRegistry.mlua:186 | RootDesk/MyDesk/SkillInventory.mlua:101 | /ui/TitleGroup/SkillPanel/ScrollArea/List/SkillSlot_54/Name,,,
MLUA_CARDREGISTRY_031,"다중타격,확률강화",RootDesk/MyDesk/Card/CardRegistry.mlua:188,,,
MLUA_CARDREGISTRY_032,더블 스탭,RootDesk/MyDesk/Card/CardRegistry.mlua:203 | RootDesk/MyDesk/SkillInventory.mlua:110,,,
MLUA_CARDREGISTRY_033,새비지 블로우,RootDesk/MyDesk/Card/CardRegistry.mlua:212 | RootDesk/MyDesk/SkillInventory.mlua:111,,,
MLUA_CARDREGISTRY_034,연막탄,RootDesk/MyDesk/Card/CardRegistry.mlua:221 | RootDesk/MyDesk/SkillInventory.mlua:112,,,
MLUA_CARDREGISTRY_035,"광역,디버프,지속피해",RootDesk/MyDesk/Card/CardRegistry.mlua:223,,,
MLUA_CARDREGISTRY_036,스틸,RootDesk/MyDesk/Card/CardRegistry.mlua:238 | RootDesk/MyDesk/SkillInventory.mlua:114,,,
MLUA_CARDREGISTRY_037,"다중타격,드랍",RootDesk/MyDesk/Card/CardRegistry.mlua:240,,,
MLUA_CARDREGISTRY_038,메소 익스플로젼,RootDesk/MyDesk/Card/CardRegistry.mlua:246 | RootDesk/MyDesk/SkillInventory.mlua:115,,,
MLUA_CARDREGISTRY_039,"범위,드랍연계",RootDesk/MyDesk/Card/CardRegistry.mlua:248,,,
MLUA_CARDREGISTRY_040,쉐도우 파트너,RootDesk/MyDesk/Card/CardRegistry.mlua:254 | RootDesk/MyDesk/SkillInventory.mlua:116,,,
MLUA_CARDREGISTRY_041,"소환,모방",RootDesk/MyDesk/Card/CardRegistry.mlua:256,,,
MLUA_CARDREGISTRY_042,다크 플레어,RootDesk/MyDesk/Card/CardRegistry.mlua:262 | RootDesk/MyDesk/SkillInventory.mlua:117,,,
MLUA_CARDREGISTRY_043,"스턴,다중타격",RootDesk/MyDesk/Card/CardRegistry.mlua:264,,,
MLUA_CARDREGISTRY_044,대거 액셀레이션,RootDesk/MyDesk/Card/CardRegistry.mlua:272 | RootDesk/MyDesk/SkillInventory.mlua:125,,,
MLUA_CARDREGISTRY_045,"패시브,쿨타임감소",RootDesk/MyDesk/Card/CardRegistry.mlua:274 | RootDesk/MyDesk/Card/CardRegistry.mlua:457,,,
MLUA_CARDREGISTRY_046,크리티컬 엣지,RootDesk/MyDesk/Card/CardRegistry.mlua:278 | RootDesk/MyDesk/SkillInventory.mlua:126,,,
MLUA_CARDREGISTRY_047,카르마,RootDesk/MyDesk/Card/CardRegistry.mlua:284 | RootDesk/MyDesk/SkillInventory.mlua:127,,,
MLUA_CARDREGISTRY_048,피지컬 트레이닝,RootDesk/MyDesk/Card/CardRegistry.mlua:290 | RootDesk/MyDesk/SkillInventory.mlua:129,,,
MLUA_CARDREGISTRY_049,다크 사이트,RootDesk/MyDesk/Card/CardRegistry.mlua:299 | RootDesk/MyDesk/SkillInventory.mlua:128,,,
MLUA_CARDREGISTRY_050,"패시브,회피",RootDesk/MyDesk/Card/CardRegistry.mlua:301 | RootDesk/MyDesk/Card/CardRegistry.mlua:475,,,
MLUA_CARDREGISTRY_051,암살,RootDesk/MyDesk/Card/CardRegistry.mlua:309 | RootDesk/MyDesk/SkillInventory.mlua:118,,,
MLUA_CARDREGISTRY_052,"다중타격,조합",RootDesk/MyDesk/Card/CardRegistry.mlua:311 | RootDesk/MyDesk/Card/CardRegistry.mlua:321 | RootDesk/MyDesk/Card/CardRegistry.mlua:331,,,
MLUA_CARDREGISTRY_053,소닉 블로우,RootDesk/MyDesk/Card/CardRegistry.mlua:319 | RootDesk/MyDesk/SkillInventory.mlua:119,,,
MLUA_CARDREGISTRY_054,연막난무,RootDesk/MyDesk/Card/CardRegistry.mlua:329 | RootDesk/MyDesk/SkillInventory.mlua:120,,,
MLUA_CARDREGISTRY_055,아주르 엣지,RootDesk/MyDesk/Card/CardRegistry.mlua:339 | RootDesk/MyDesk/SkillInventory.mlua:121,,,
MLUA_CARDREGISTRY_056,"넉백,광역,조합",RootDesk/MyDesk/Card/CardRegistry.mlua:341,,,
MLUA_CARDREGISTRY_057,메소 데토네이션,RootDesk/MyDesk/Card/CardRegistry.mlua:350 | RootDesk/MyDesk/SkillInventory.mlua:122,,,
MLUA_CARDREGISTRY_058,"범위,스턴,조합",RootDesk/MyDesk/Card/CardRegistry.mlua:352,,,
MLUA_CARDREGISTRY_059,듀얼 쉐도우 파트너,RootDesk/MyDesk/Card/CardRegistry.mlua:360 | RootDesk/MyDesk/SkillInventory.mlua:123,,,
MLUA_CARDREGISTRY_060,"소환수,조합",RootDesk/MyDesk/Card/CardRegistry.mlua:362,,,
MLUA_CARDREGISTRY_061,어비설 플레어,RootDesk/MyDesk/Card/CardRegistry.mlua:370 | RootDesk/MyDesk/SkillInventory.mlua:124,,,
MLUA_CARDREGISTRY_062,"범위,지속피해,조합",RootDesk/MyDesk/Card/CardRegistry.mlua:372,,,
MLUA_CARDREGISTRY_063,"기본공격,발사체",RootDesk/MyDesk/Card/CardRegistry.mlua:394,,,
MLUA_CARDREGISTRY_064,"다중타격,낙하",RootDesk/MyDesk/Card/CardRegistry.mlua:401,,,
MLUA_CARDREGISTRY_065,"관통,다중타격",RootDesk/MyDesk/Card/CardRegistry.mlua:407,,,
MLUA_CARDREGISTRY_066,"광역,투사체",RootDesk/MyDesk/Card/CardRegistry.mlua:413,,,
MLUA_CARDREGISTRY_067,"분열,투사체",RootDesk/MyDesk/Card/CardRegistry.mlua:420,,,
MLUA_CARDREGISTRY_068,"추적,지속",RootDesk/MyDesk/Card/CardRegistry.mlua:427,,,
MLUA_CARDREGISTRY_069,"광역,즉발",RootDesk/MyDesk/Card/CardRegistry.mlua:434,,,
MLUA_CARDREGISTRY_070,"설치,지속,광역",RootDesk/MyDesk/Card/CardRegistry.mlua:441,,,
MLUA_CARDREGISTRY_071,"속박,즉발",RootDesk/MyDesk/Card/CardRegistry.mlua:448,,,
MLUA_CARDREGISTRY_072,스로잉 액셀레이션,RootDesk/MyDesk/Card/CardRegistry.mlua:455 | RootDesk/MyDesk/SkillInventory.mlua:150,,,
MLUA_CARDREGISTRY_073,자벨린 마스터리,RootDesk/MyDesk/Card/CardRegistry.mlua:461 | RootDesk/MyDesk/SkillInventory.mlua:151,,,
MLUA_CARDREGISTRY_074,스피릿 자벨린,RootDesk/MyDesk/Card/CardRegistry.mlua:467 | RootDesk/MyDesk/SkillInventory.mlua:152,,,
MLUA_CARDREGISTRY_075,래디컬 다크니스,RootDesk/MyDesk/Card/CardRegistry.mlua:473 | RootDesk/MyDesk/SkillInventory.mlua:155,,,
MLUA_CARDREGISTRY_076,시프 커닝,RootDesk/MyDesk/Card/CardRegistry.mlua:479 | RootDesk/MyDesk/SkillInventory.mlua:154,,,
MLUA_CARDREGISTRY_077,표창술,RootDesk/MyDesk/Card/CardRegistry.mlua:488 | RootDesk/MyDesk/SkillInventory.mlua:153,,,
MLUA_CARDREGISTRY_078,"패시브,추가공격",RootDesk/MyDesk/Card/CardRegistry.mlua:490,,,
MLUA_CARDREGISTRY_079,"조합,다중타격,낙하",RootDesk/MyDesk/Card/CardRegistry.mlua:500,,,
MLUA_CARDREGISTRY_080,"조합,관통,다중타격",RootDesk/MyDesk/Card/CardRegistry.mlua:511,,,
MLUA_CARDREGISTRY_081,"조합,속박,추가타",RootDesk/MyDesk/Card/CardRegistry.mlua:521,,,
MLUA_CARDREGISTRY_082,"조합,광역,지속피해",RootDesk/MyDesk/Card/CardRegistry.mlua:532,,,
MLUA_CARDREGISTRY_083,"조합,분열,투사체",RootDesk/MyDesk/Card/CardRegistry.mlua:542,,,
MLUA_CARDREGISTRY_084,"조합,추적,광역폭발",RootDesk/MyDesk/Card/CardRegistry.mlua:552,,,
MLUA_CARDREGISTRY_085,"조합,광역,스턴",RootDesk/MyDesk/Card/CardRegistry.mlua:561,,,
MLUA_CARDREGISTRY_086,"조합,설치광역,출혈",RootDesk/MyDesk/Card/CardRegistry.mlua:570,,,
MLUA_CHARACTERUNLOCKLOGIC_001,쉐이드,RootDesk/MyDesk/Inventory/CharacterUnlockLogic.mlua:184 | RootDesk/MyDesk/UI/WorldCharacterSelectUI.mlua:98 | RootDesk/MyDesk/UI/WorldCharacterSelectUI.mlua:315 | /ui/TitleGroup/SkillPanel/CharacterFilterList/btnCharShade,Shade,,
MLUA_CHARACTERUNLOCKLOGIC_002,어둠 속에서 날카로운 단도로 적을 처단하는 도적,RootDesk/MyDesk/Inventory/CharacterUnlockLogic.mlua:184 | RootDesk/MyDesk/UI/WorldCharacterSelectUI.mlua:98 | RootDesk/MyDesk/UI/WorldCharacterSelectUI.mlua:316,,,
MLUA_CHARACTERUNLOCKLOGIC_003,린,RootDesk/MyDesk/Inventory/CharacterUnlockLogic.mlua:196 | RootDesk/MyDesk/UI/WorldCharacterSelectUI.mlua:102 | RootDesk/MyDesk/UI/WorldCharacterSelectUI.mlua:329 | /ui/TitleGroup/SkillPanel/CharacterFilterList/btnCharRin,Rin,,
MLUA_CHARACTERUNLOCKLOGIC_004,쏟아지는 표창으로 적을 압도하는 표창의 달인,RootDesk/MyDesk/Inventory/CharacterUnlockLogic.mlua:196 | RootDesk/MyDesk/UI/WorldCharacterSelectUI.mlua:102 | RootDesk/MyDesk/UI/WorldCharacterSelectUI.mlua:330,,,
MLUA_DAMAGESKINLOGIC_001,기본,RootDesk/MyDesk/UI/DamageSkinLogic.mlua:40,,,
MLUA_DAMAGESKINLOGIC_002,젤리빈,RootDesk/MyDesk/UI/DamageSkinLogic.mlua:42,,,
MLUA_DAMAGESKINLOGIC_003,고스트,RootDesk/MyDesk/UI/DamageSkinLogic.mlua:44,,,
MLUA_DAMAGESKINLOGIC_004,스타플래닛,RootDesk/MyDesk/UI/DamageSkinLogic.mlua:46,,,
MLUA_DAMAGESKINLOGIC_005,블랙로즈,RootDesk/MyDesk/UI/DamageSkinLogic.mlua:48,,,
MLUA_DAMAGESKINLOGIC_006,전설의 Ver.2,RootDesk/MyDesk/UI/DamageSkinLogic.mlua:50,,,
MLUA_DAMAGESKINLOGIC_007,보안관,RootDesk/MyDesk/UI/DamageSkinLogic.mlua:52,,,
MLUA_DIASHOPUI_001,상품 준비 중입니다,RootDesk/MyDesk/UI/DiaShopUI.mlua:249 | RootDesk/MyDesk/UI/ShopUI.mlua:332,,,
MLUA_DPSMETERUI_001,DPS 접기,RootDesk/MyDesk/UI/DpsMeterUI.mlua:35 | /ui/DefaultGroup/DpsMeter/Toggle,,,
MLUA_DPSMETERUI_002,DPS 보기,RootDesk/MyDesk/UI/DpsMeterUI.mlua:36,,,
MLUA_EP1ZONE2MANOLOGIC_001,마노가 나타났다!,RootDesk/MyDesk/Puzzle/Ep1Zone2ManoLogic.mlua:23,,,
MLUA_EP2MAP1CHESTEASTEREGGLOGIC_001,열쇠가 필요합니다!,RootDesk/MyDesk/Ep2Map1ChestEasterEggLogic.mlua:19,,,
MLUA_EP2MAP2ARENALOGIC_001,전투가 시작됩니다! 승리를 거머쥘 몬스터를 선택하세요!,RootDesk/MyDesk/Ep2Map2ArenaLogic.mlua:154 | /ui/GalleryArenaUI/Banner,,,
MLUA_EP2MAP2ARENALOGIC_002,곧 전투가 시작됩니다!,RootDesk/MyDesk/Ep2Map2ArenaLogic.mlua:186,,,
MLUA_EP2MAP2ARENALOGIC_003,다시하기 (무료),RootDesk/MyDesk/Ep2Map2ArenaLogic.mlua:508 | /ui/GalleryArenaUI/ResultGroup/RetryButton,,,
MLUA_EP2MAP2ARENALOGIC_005,우승! 레이온은 이미 해금되어 있습니다,RootDesk/MyDesk/Ep2Map2ArenaLogic.mlua:555,,,
MLUA_EP2MAP2ARENALOGIC_006,레이온,RootDesk/MyDesk/Ep2Map2ArenaLogic.mlua:559 | RootDesk/MyDesk/UI/WorldCharacterSelectUI.mlua:299 | /ui/TitleGroup/SkillPanel/CharacterFilterList/btnCharReion,Leion,,
MLUA_EP2MAP2ARENALOGIC_007,"적중할수록 강해지는 전사.
승부의 흐름을 읽고 결정적인 순간에
강력한 일격을 꽂아 넣는다.",RootDesk/MyDesk/Ep2Map2ArenaLogic.mlua:559,,,
MLUA_EP2MAP2ARENALOGIC_008,재화가 부족합니다,RootDesk/MyDesk/Ep2Map2ArenaLogic.mlua:569,,,
MLUA_EP2MAP2SKILLCHESTLOGIC_001,스킬을 얻었다!,RootDesk/MyDesk/Ep2Map2SkillChestLogic.mlua:24,,,
MLUA_EP2MAP2SKILLCHESTLOGIC_002,회복 포션을 얻었다!,RootDesk/MyDesk/Ep2Map2SkillChestLogic.mlua:26,,,
MLUA_EP2MAP2STATUEPUZZLELOGIC_001,맵 어딘가에 변화가 생겼습니다,RootDesk/MyDesk/Puzzle/Ep2Map2StatuePuzzleLogic.mlua:21 | RootDesk/MyDesk/Puzzle/Ep2Map4PiecePuzzleLogic.mlua:162,,,
MLUA_EP2MAP2STATUEPUZZLELOGIC_002,석상이 반응하지 않습니다,RootDesk/MyDesk/Puzzle/Ep2Map2StatuePuzzleLogic.mlua:22,,,
MLUA_EP2MAP4CENTAURLOGIC_001,켄타우로스 무리가 나타났습니다!,RootDesk/MyDesk/Puzzle/Ep2Map4CentaurLogic.mlua:69,,,
MLUA_EP2MINIBEANEASTEREGGLOGIC_001,미니빈이 출현했다!,RootDesk/MyDesk/Puzzle/Ep2MiniBeanEasterEggLogic.mlua:124,,,
MLUA_EP3MAP1INVITATIONEASTEREGGLOGIC_001,맵 어딘가에 변화가 생겼습니다!,RootDesk/MyDesk/Puzzle/Ep3Map1InvitationEasterEggLogic.mlua:37,,,
MLUA_EP3MAP1MUSHROOMLOGIC_001,한겨울의 주황버섯이 나타났다!,RootDesk/MyDesk/Puzzle/Ep3Map1MushroomLogic.mlua:35,,,
MLUA_EP3MAP2BONUSBOSSLOGIC_001,이미 입장했습니다!,RootDesk/MyDesk/Puzzle/Ep3Map2BonusBossLogic.mlua:63,,,
MLUA_EP3MAP2BONUSBOSSLOGIC_002,곧 다른 맵으로 이동합니다!,RootDesk/MyDesk/Puzzle/Ep3Map2BonusBossLogic.mlua:64,,,
MLUA_EP3MAP2LOSTRUDOLPHLOGIC_001,길잃은 루돌프가 등장했다! 터치해보자!,RootDesk/MyDesk/Puzzle/Ep3Map2LostRudolphLogic.mlua:19,,,
MLUA_EP3MAP2LOSTRUDOLPHLOGIC_002,앗..! 멈춰있을 때 다시 시도해 보자!,RootDesk/MyDesk/Puzzle/Ep3Map2LostRudolphLogic.mlua:20,,,
MLUA_EP3MAP2LOSTRUDOLPHLOGIC_003,산타에게 말을 걸어보자!,RootDesk/MyDesk/Puzzle/Ep3Map2LostRudolphLogic.mlua:21,,,
MLUA_EP3MAP3PUNKOEASTEREGGLOGIC_001,푼코 무리가 나타났다!,RootDesk/MyDesk/Ep3Map3PunkoEasterEggLogic.mlua:119 | RootDesk/MyDesk/Ep3Map4PunkoEasterEggLogic.mlua:94,,,
MLUA_EP3MAP4ESTER1PORTALLOGIC_001,자격의 증표를 사용했습니다,RootDesk/MyDesk/Ep3Map4Ester1PortalLogic.mlua:56,,,
MLUA_EP3MAP4ESTER1PORTALLOGIC_002,숨겨진 포탈이 나타났다!,RootDesk/MyDesk/Ep3Map4Ester1PortalLogic.mlua:58,,,
MLUA_EP3MAP4ESTER1PORTALLOGIC_003,제한시간이 종료되어 원래 위치로 돌아갑니다,RootDesk/MyDesk/Ep3Map4Ester1PortalLogic.mlua:60,,,
MLUA_EPISODEREWARDLOGIC_003,방어구,RootDesk/MyDesk/EpisodeReward/EpisodeRewardLogic.mlua:215 | RootDesk/MyDesk/Inventory/Core/Logic/InventoryExpandLogic.mlua:112 | RootDesk/MyDesk/PlayerLevel/LevelRewardLogic.mlua:194 | /ui/EquipmentGroup/Inventory/ComposePopup/Panel/RightPanel/TabHolder/Armor/Background/UIText | /ui/EquipmentGroup/Inventory/Panel/InventoryPanel/TabHolder/Armor/Background/UIText,Armor,,
MLUA_EPISODEREWARDLOGIC_004,무기,RootDesk/MyDesk/EpisodeReward/EpisodeRewardLogic.mlua:216 | RootDesk/MyDesk/Inventory/Core/Logic/InventoryExpandLogic.mlua:111 | RootDesk/MyDesk/PlayerLevel/LevelRewardLogic.mlua:105 | RootDesk/MyDesk/PlayerLevel/LevelRewardLogic.mlua:195 | /ui/EquipmentGroup/Inventory/ComposePopup/Panel/RightPanel/TabHolder/Weapon/Background/UIText,Weapon,,
MLUA_EPISODEREWARDUI_001,모두 받음,RootDesk/MyDesk/EpisodeReward/EpisodeRewardUI.mlua:222 | RootDesk/MyDesk/PlayerLevel/LevelRewardUI.mlua:293,All Claimed,,
MLUA_EPISODEREWARDUI_002,모든 에피소드 보상을 받았어요!,RootDesk/MyDesk/EpisodeReward/EpisodeRewardUI.mlua:224,,,
MLUA_EPISODEREWARDUI_003,받기,RootDesk/MyDesk/EpisodeReward/EpisodeRewardUI.mlua:228 | RootDesk/MyDesk/IdleReward/IdleRewardUI.mlua:262 | RootDesk/MyDesk/PlayerLevel/LevelRewardUI.mlua:297 | /ui/AchievementGroup/Panel/List/Grid/RowTemplate/BtnClaim | /ui/EpisodeRewardGroup/Panel/BtnClaim,,,
MLUA_ERRORCODEENUM_001,일시적인 오류가 발생했어요.,RootDesk/MyDesk/Inventory/Core/Enums/ErrorCodeEnum.mlua:180,,,
MLUA_ERRORCODEENUM_002,잘못된 요청이에요.,RootDesk/MyDesk/Inventory/Core/Enums/ErrorCodeEnum.mlua:181 | RootDesk/MyDesk/Inventory/Core/Enums/ErrorCodeEnum.mlua:182 | RootDesk/MyDesk/Inventory/Core/Enums/ErrorCodeEnum.mlua:183 | RootDesk/MyDesk/Inventory/Core/Enums/ErrorCodeEnum.mlua:184 | RootDesk/MyDesk/Inventory/Core/Enums/ErrorCodeEnum.mlua:185,,,
MLUA_ERRORCODEENUM_003,지금 위치에서는 할 수 없어요.,RootDesk/MyDesk/Inventory/Core/Enums/ErrorCodeEnum.mlua:186,,,
MLUA_ERRORCODEENUM_004,아직 사용할 수 없는 직업이에요.,RootDesk/MyDesk/Inventory/Core/Enums/ErrorCodeEnum.mlua:187,,,
MLUA_ERRORCODEENUM_005,잠시 후 다시 시도해 주세요.,RootDesk/MyDesk/Inventory/Core/Enums/ErrorCodeEnum.mlua:188,,,
MLUA_ERRORCODEENUM_006,유저 정보를 찾을 수 없어요.,RootDesk/MyDesk/Inventory/Core/Enums/ErrorCodeEnum.mlua:189,,,
MLUA_ERRORCODEENUM_007,데이터를 불러오는 중이에요. 잠시 후 다시 시도해 주세요.,RootDesk/MyDesk/Inventory/Core/Enums/ErrorCodeEnum.mlua:190,,,
MLUA_ERRORCODEENUM_008,이용이 제한된 계정이에요.,RootDesk/MyDesk/Inventory/Core/Enums/ErrorCodeEnum.mlua:191,,,
MLUA_ERRORCODEENUM_009,데이터를 불러오지 못했어요.,RootDesk/MyDesk/Inventory/Core/Enums/ErrorCodeEnum.mlua:192 | RootDesk/MyDesk/Inventory/Core/Enums/ErrorCodeEnum.mlua:193 | RootDesk/MyDesk/Inventory/Core/Enums/ErrorCodeEnum.mlua:194 | RootDesk/MyDesk/Inventory/Core/Enums/ErrorCodeEnum.mlua:195 | RootDesk/MyDesk/Inventory/Core/Enums/ErrorCodeEnum.mlua:196,,,
MLUA_ERRORCODEENUM_010,인벤토리를 불러오지 못했어요.,RootDesk/MyDesk/Inventory/Core/Enums/ErrorCodeEnum.mlua:197,,,
MLUA_ERRORCODEENUM_011,아이템을 찾을 수 없어요.,RootDesk/MyDesk/Inventory/Core/Enums/ErrorCodeEnum.mlua:198,,,
MLUA_ERRORCODEENUM_012,사용할 수 없는 아이템이에요.,RootDesk/MyDesk/Inventory/Core/Enums/ErrorCodeEnum.mlua:199 | RootDesk/MyDesk/Inventory/Core/Enums/ErrorCodeEnum.mlua:200 | RootDesk/MyDesk/Inventory/Core/Enums/ErrorCodeEnum.mlua:216 | RootDesk/MyDesk/Inventory/Core/Enums/ErrorCodeEnum.mlua:218,,,
MLUA_ERRORCODEENUM_013,사용할 수 없는 장비예요.,RootDesk/MyDesk/Inventory/Core/Enums/ErrorCodeEnum.mlua:201 | RootDesk/MyDesk/Inventory/Core/Enums/ErrorCodeEnum.mlua:212,,,
MLUA_ERRORCODEENUM_014,잠긴 아이템이에요.,RootDesk/MyDesk/Inventory/Core/Enums/ErrorCodeEnum.mlua:202,,,
MLUA_ERRORCODEENUM_015,착용 중인 장비예요.,RootDesk/MyDesk/Inventory/Core/Enums/ErrorCodeEnum.mlua:203,,,
MLUA_ERRORCODEENUM_016,이미 사라진 아이템이에요.,RootDesk/MyDesk/Inventory/Core/Enums/ErrorCodeEnum.mlua:204,,,
MLUA_ERRORCODEENUM_017,버릴 수 없는 아이템이에요.,RootDesk/MyDesk/Inventory/Core/Enums/ErrorCodeEnum.mlua:205 | RootDesk/MyDesk/Inventory/Core/Enums/ErrorCodeEnum.mlua:214,,,
MLUA_ERRORCODEENUM_018,기간이 만료된 아이템이에요.,RootDesk/MyDesk/Inventory/Core/Enums/ErrorCodeEnum.mlua:206,,,
MLUA_ERRORCODEENUM_019,레벨이 부족해요.,RootDesk/MyDesk/Inventory/Core/Enums/ErrorCodeEnum.mlua:207,,,
MLUA_ERRORCODEENUM_020,이 직업은 착용할 수 없어요.,RootDesk/MyDesk/Inventory/Core/Enums/ErrorCodeEnum.mlua:208,,,
MLUA_ERRORCODEENUM_021,이미 착용 중이에요.,RootDesk/MyDesk/Inventory/Core/Enums/ErrorCodeEnum.mlua:209,,,
MLUA_ERRORCODEENUM_022,해제할 장비가 없어요.,RootDesk/MyDesk/Inventory/Core/Enums/ErrorCodeEnum.mlua:210,,,
MLUA_ERRORCODEENUM_023,착용할 수 있는 칸이 없어요.,RootDesk/MyDesk/Inventory/Core/Enums/ErrorCodeEnum.mlua:211,,,
MLUA_ERRORCODEENUM_024,아이템 개수가 부족해요.,RootDesk/MyDesk/Inventory/Core/Enums/ErrorCodeEnum.mlua:213 | RootDesk/MyDesk/Inventory/Core/Enums/ErrorCodeEnum.mlua:215,,,
MLUA_ERRORCODEENUM_025,잠글 수 없는 아이템이에요.,RootDesk/MyDesk/Inventory/Core/Enums/ErrorCodeEnum.mlua:217,,,
MLUA_ERRORCODEENUM_026,같은 종류의 효과가 이미 적용 중이에요.,RootDesk/MyDesk/Inventory/Core/Enums/ErrorCodeEnum.mlua:219,,,
MLUA_ERRORCODEENUM_027,아이템을 받지 못했어요.,RootDesk/MyDesk/Inventory/Core/Enums/ErrorCodeEnum.mlua:220 | RootDesk/MyDesk/Inventory/Core/Enums/ErrorCodeEnum.mlua:221 | RootDesk/MyDesk/Inventory/Core/Enums/ErrorCodeEnum.mlua:222 | RootDesk/MyDesk/Inventory/Core/Enums/ErrorCodeEnum.mlua:223,,,
MLUA_ERRORCODEENUM_028,아이템을 삭제하지 못했어요.,RootDesk/MyDesk/Inventory/Core/Enums/ErrorCodeEnum.mlua:224,,,
MLUA_ERRORCODEENUM_029,장비창이 가득 찼어요.,RootDesk/MyDesk/Inventory/Core/Enums/ErrorCodeEnum.mlua:225,,,
MLUA_ERRORCODEENUM_030,이미 최고 등급이라 합성할 수 없어요.,RootDesk/MyDesk/Inventory/Core/Enums/ErrorCodeEnum.mlua:226,,,
MLUA_ERRORCODEENUM_031,합성할 수 없는 재료예요.,RootDesk/MyDesk/Inventory/Core/Enums/ErrorCodeEnum.mlua:227,,,
MLUA_ERRORCODEENUM_032,합성 재료 개수가 맞지 않아요.,RootDesk/MyDesk/Inventory/Core/Enums/ErrorCodeEnum.mlua:228,,,
MLUA_ERRORCODEENUM_033,착용 중인 장비는 재료로 쓸 수 없어요.,RootDesk/MyDesk/Inventory/Core/Enums/ErrorCodeEnum.mlua:229,,,
MLUA_ERRORCODEENUM_034,이미 최대 강화 단계예요.,RootDesk/MyDesk/Inventory/Core/Enums/ErrorCodeEnum.mlua:230,,,
MLUA_ERRORCODEENUM_035,골드가 부족해요.,RootDesk/MyDesk/Inventory/Core/Enums/ErrorCodeEnum.mlua:231,,,
MLUA_ERRORCODEENUM_036,요청을 처리하지 못했어요. (코드 %d),RootDesk/MyDesk/Inventory/Core/Enums/ErrorCodeEnum.mlua:235,,,
MLUA_GACHAUI_003,스킬,RootDesk/MyDesk/GachaUI.mlua:459 | RootDesk/MyDesk/SkillInventory.mlua:312 | /ui/GachaGroup/Panel/TabRail/BtnTabSkill | /ui/TitleGroup/SkillPanel/ScrollArea/List/SkillSlot_18/Name | /ui/TitleGroup/SkillPanel/ScrollArea/List/SkillSlot_19/Name,Skill,,
MLUA_GACHAUI_004,유물,RootDesk/MyDesk/GachaUI.mlua:460 | RootDesk/MyDesk/UI/RelicUI.mlua:97 | /ui/GachaGroup/Panel/TabRail/BtnTabRelic | /ui/TitleGroup/RelicPanel/Title | /ui/TitleGroup/TabBar/BtnRelicLabel,Relic,,
MLUA_GACHAUI_010,레어,RootDesk/MyDesk/GachaUI.mlua:775 | RootDesk/MyDesk/Inventory/Core/Enums/GearGradeEnum.mlua:71 | /ui/TitleGroup/SkillPanel/GradeFilterList/btnGradeRare,Rare,,
MLUA_GACHAUI_011,매직,RootDesk/MyDesk/GachaUI.mlua:776 | RootDesk/MyDesk/Inventory/Core/Enums/GearGradeEnum.mlua:70 | /ui/TitleGroup/SkillPanel/GradeFilterList/btnGradeMagic,Magic,,
MLUA_GACHAUI_012,일반,RootDesk/MyDesk/GachaUI.mlua:778 | /ui/TitleGroup/SkillPanel/GradeFilterList/btnGradeNormal,Common,,
MLUA_GACHAUI_013,스킬 획득 확률,RootDesk/MyDesk/GachaUI.mlua:787,,,
MLUA_GACHAUI_014,유물 획득 확률,RootDesk/MyDesk/GachaUI.mlua:788,,,
MLUA_GACHAUI_018,거주 지역 정책에 따라 유료 뽑기를 이용할 수 없습니다,RootDesk/MyDesk/GachaUI.mlua:956 | /ui/GachaGroup/Panel/PolicyNotice,,,
MLUA_GAMEMANAGER_029,구미호,RootDesk/MyDesk/GameManager.mlua:2032 | RootDesk/MyDesk/UI/DamageSkinLogic.mlua:54,,,
MLUA_GAMEMANAGER_034,모든 적 빙결!,RootDesk/MyDesk/GameManager.mlua:7657,,,
MLUA_GAMEMANAGER_035,허수아비 소환!,RootDesk/MyDesk/GameManager.mlua:7821,,,
MLUA_GAMEMANAGER_036,토네이도 발생!,RootDesk/MyDesk/GameManager.mlua:7983,,,
MLUA_GAMEOVERUI_002,이어하기,RootDesk/MyDesk/UI/GameOverUI.mlua:159 | /ui/GameOverGroup/GameOverBack/GameOverPanel/BtnContinue/Label,Continue,,
MLUA_GEARGRADEENUM_001,노말,RootDesk/MyDesk/Inventory/Core/Enums/GearGradeEnum.mlua:69,,,
MLUA_GEARGRADEENUM_002,에픽,RootDesk/MyDesk/Inventory/Core/Enums/GearGradeEnum.mlua:72,,,
MLUA_GEARGRADEENUM_003,유니크,RootDesk/MyDesk/Inventory/Core/Enums/GearGradeEnum.mlua:73,,,
MLUA_GEARGRADEENUM_004,레전더리,RootDesk/MyDesk/Inventory/Core/Enums/GearGradeEnum.mlua:74,,,
MLUA_IDLEREWARDLOGIC_001,구름정원,RootDesk/MyDesk/IdleReward/IdleRewardLogic.mlua:128 | RootDesk/MyDesk/UI/WorldCharacterSelectUI.mlua:79,,,
MLUA_IDLEREWARDLOGIC_002,엘라스 산맥,RootDesk/MyDesk/IdleReward/IdleRewardLogic.mlua:129 | RootDesk/MyDesk/UI/WorldCharacterSelectUI.mlua:81,,,
MLUA_IDLEREWARDLOGIC_003,태초의 마을,RootDesk/MyDesk/IdleReward/IdleRewardLogic.mlua:130 | RootDesk/MyDesk/UI/WorldCharacterSelectUI.mlua:77 | /ui/IdleRewardGroup/Panel/ChapterRow/Name | /ui/WorldCharacterSelectGroup/Panel/WorldNameText,,,
MLUA_IDLEREWARDUI_001,%d시간 %02d분 %02d초,RootDesk/MyDesk/IdleReward/IdleRewardUI.mlua:126,,,
MLUA_IDLEREWARDUI_002,%02d분 %02d초,RootDesk/MyDesk/IdleReward/IdleRewardUI.mlua:127,,,
MLUA_IDLEREWARDUI_004,(최대 24시간,RootDesk/MyDesk/IdleReward/IdleRewardUI.mlua:197,,,
MLUA_IDLEREWARDUI_015,장비를 넣지 못했어요. 잠시 후 다시 시도해 주세요,RootDesk/MyDesk/IdleReward/IdleRewardUI.mlua:403,,,
MLUA_INVENTORYEXPANDLOGIC_001,기타,RootDesk/MyDesk/Inventory/Core/Logic/InventoryExpandLogic.mlua:113 | /ui/DefaultGroup/DpsMeter/Board/Line1/EtcLabel | /ui/DefaultGroup/DpsMeter/Board/Line2/EtcLabel | /ui/DefaultGroup/DpsMeter/Board/Line3/EtcLabel | /ui/DefaultGroup/DpsMeter/Board/Line4/EtcLabel,Etc,,
MLUA_INVENTORYEXPANDLOGIC_002,인벤토리,RootDesk/MyDesk/Inventory/Core/Logic/InventoryExpandLogic.mlua:114 | /ui/EquipmentGroup/Inventory/Panel/Title | /ui/InventoryGroup/Panel/TitleBar/Title,Inventory,,
MLUA_LEVELREWARDLOGIC_001,골드,RootDesk/MyDesk/PlayerLevel/LevelRewardLogic.mlua:100,,,
MLUA_LEVELREWARDLOGIC_002,다이아,RootDesk/MyDesk/PlayerLevel/LevelRewardLogic.mlua:101 | RootDesk/MyDesk/UI/ShopUI.mlua:135 | /ui/TitleGroup/ShopPanel/Tabs/TabDiamond/Label,,,
MLUA_LEVELREWARDLOGIC_003,유물 뽑기권,RootDesk/MyDesk/PlayerLevel/LevelRewardLogic.mlua:102 | RootDesk/MyDesk/Puzzle/Map24TreasureChestLogic.mlua:109,,,
MLUA_LEVELREWARDLOGIC_004,스킬 뽑기권,RootDesk/MyDesk/PlayerLevel/LevelRewardLogic.mlua:103,,,
MLUA_LEVELREWARDUI_001,모든 보상을 받았어요!,RootDesk/MyDesk/PlayerLevel/LevelRewardUI.mlua:280,All rewards claimed!,,
MLUA_MAP21RELICEASTEREGG_001,실피드,RootDesk/MyDesk/Puzzle/Map21RelicEasterEgg.mlua:115 | RootDesk/MyDesk/UI/CharacterUnlockUI.mlua:52 | RootDesk/MyDesk/UI/WorldCharacterSelectUI.mlua:283 | /ui/CharacterUnlockGroup/Panel/NameText | /ui/TitleGroup/SkillPanel/CharacterFilterList/btnCharSylph,Sylph,,
MLUA_MAP21RELICEASTEREGG_002,"바람과 함께 전장을 누비는 신비로운 궁수.
빠른 화살로 적의 약점을 꿰뚫고, 거센
바람으로 전장을 지배한다.",RootDesk/MyDesk/Puzzle/Map21RelicEasterEgg.mlua:115 | /ui/CharacterUnlockGroup/Panel/OptionBox/OptionText,,,
MLUA_MAP23ERDASEASTEREGGLOGIC_001,정수가 부족합니다,RootDesk/MyDesk/Puzzle/Map23ErdasEasterEggLogic.mlua:29,,,
MLUA_MAP23ERDASEASTEREGGLOGIC_003,첫번째,RootDesk/MyDesk/Puzzle/Map23ErdasEasterEggLogic.mlua:123,,,
MLUA_MAP23ERDASEASTEREGGLOGIC_004,두번째,RootDesk/MyDesk/Puzzle/Map23ErdasEasterEggLogic.mlua:124,,,
MLUA_MAP23ERDASEASTEREGGLOGIC_005,세번째,RootDesk/MyDesk/Puzzle/Map23ErdasEasterEggLogic.mlua:126,,,
MLUA_MAP23ERDASEASTEREGGLOGIC_006,어딘가에 포탈이 활성화되었다!,RootDesk/MyDesk/Puzzle/Map23ErdasEasterEggLogic.mlua:152,,,
MLUA_MAPMANAGER_001,빠른 이동으로 몬스터가 빨라집니다!,RootDesk/MyDesk/Map/MapManager.mlua:1316,,,
MLUA_MAPMANAGER_002,빠른 이동으로 몬스터가 강해집니다!,RootDesk/MyDesk/Map/MapManager.mlua:1318,,,
MLUA_MAPMANAGER_003,빠른 이동으로 「절망의 칼날」이 소환되었습니다.,RootDesk/MyDesk/Map/MapManager.mlua:1320,,,
MLUA_MAPMOVEUI_001,"가운데에 답이 있고, 오른쪽에 길이 있으며, 왼쪽에 끝이 있다",RootDesk/MyDesk/MapMoveUI.mlua:156,,,
MLUA_MAPTAXILOGIC_001,티켓이 없습니다!,RootDesk/MyDesk/MapTaxiLogic.mlua:31,,,
MLUA_MONSTERSPAWNER_005,보스가 등장합니다!,RootDesk/MyDesk/MonsterSpawner.mlua:1262,,,
MLUA_MONSTERSPAWNER_006,검투사가 등장했습니다,RootDesk/MyDesk/MonsterSpawner.mlua:1655,,,
MLUA_MONSTERSPAWNER_008,뜻밖의 행운! 발록이 등장했습니다!,RootDesk/MyDesk/MonsterSpawner.mlua:2408,,,
MLUA_NINJASTATUEPUZZLELOGIC_001,얄미운 미니무르가 등장했다!,RootDesk/MyDesk/Puzzle/NinjaStatuePuzzleLogic.mlua:79,,,
MLUA_OPTIONUI_001,[ 전투는 자동입니다 ],RootDesk/MyDesk/OptionUI.mlua:143,[ Combat is automatic ],,
MLUA_OPTIONUI_002,캐릭터가 알아서 몬스터를 공격합니다.,RootDesk/MyDesk/OptionUI.mlua:144,Your character attacks monsters on its own.,,
MLUA_OPTIONUI_003,화면에서 몬스터를 한 번 누르면 그 몬스터를 먼저 노립니다.,RootDesk/MyDesk/OptionUI.mlua:145,Tap a monster on screen to target it first.,,
MLUA_OPTIONUI_004,[ 레벨업하면 카드를 고릅니다 ],RootDesk/MyDesk/OptionUI.mlua:147,,,
MLUA_OPTIONUI_005,경험치가 가득 차면 화면 오른쪽에 카드 세 장이 나타납니다.,RootDesk/MyDesk/OptionUI.mlua:148,,,
MLUA_OPTIONUI_006,한 장을 골라 새 스킬을 배우거나 가진 스킬을 강화하세요.,RootDesk/MyDesk/OptionUI.mlua:149,,,
MLUA_OPTIONUI_007,카드를 길게 누르고 있으면 어떤 효과인지 미리 볼 수 있습니다.,RootDesk/MyDesk/OptionUI.mlua:150,,,
MLUA_OPTIONUI_008,[ 같은 스킬을 모으면 강해집니다 ],RootDesk/MyDesk/OptionUI.mlua:152,,,
MLUA_OPTIONUI_009,같은 카드를 여러 번 고르면 스킬 레벨이 올라갑니다.,RootDesk/MyDesk/OptionUI.mlua:153,,,
MLUA_OPTIONUI_010,특정 스킬을 함께 갖추면 더 강한 조합 스킬로 바뀌기도 합니다.,RootDesk/MyDesk/OptionUI.mlua:154,,,
MLUA_OPTIONUI_011,"어떤 조합이 있는지는 옵션의 ""조합식""에서 확인하세요.",RootDesk/MyDesk/OptionUI.mlua:155,,,
MLUA_OPTIONUI_012,[ 좌우 화살표로 구역을 옮깁니다 ],RootDesk/MyDesk/OptionUI.mlua:157,,,
MLUA_OPTIONUI_013,화면 양옆의 화살표를 누르면 다음 구역으로 넘어갑니다.,RootDesk/MyDesk/OptionUI.mlua:158,,,
MLUA_OPTIONUI_014,자물쇠가 걸린 길은 그 구역의 보스를 쓰러뜨려야 열립니다.,RootDesk/MyDesk/OptionUI.mlua:159,,,
MLUA_OPTIONUI_015,[ 쓰러져도 끝이 아닙니다 ],RootDesk/MyDesk/OptionUI.mlua:161,,,
MLUA_OPTIONUI_016,다이아를 쓰면 쓰러진 자리에서 바로 이어할 수 있습니다.,RootDesk/MyDesk/OptionUI.mlua:162,,,
MLUA_OPTIONUI_017,처음부터 다시 시작하면 이번 판에 모은 잡템이 골드로 바뀝니다.,RootDesk/MyDesk/OptionUI.mlua:163,,,
MLUA_OPTIONUI_018,[ 판이 끝나도 남는 것 ],RootDesk/MyDesk/OptionUI.mlua:165,,,
MLUA_OPTIONUI_019,"장비와 유물, 스킬 강화는 로비에 그대로 남습니다.",RootDesk/MyDesk/OptionUI.mlua:166,,,
MLUA_OPTIONUI_020,"인벤토리에서 장비를 장착하고, 합성하고, 필요 없는 것은 팔 수 있습니다.",RootDesk/MyDesk/OptionUI.mlua:167,,,
MLUA_PKGPLAYERINVENTORY_001,강화 주문서가 부족합니다!,RootDesk/MyDesk/Inventory/Core/PkgPlayerInventory.mlua:1035,,,
MLUA_PKGPLAYERINVENTORY_002,골드가 부족합니다!,RootDesk/MyDesk/Inventory/Core/PkgPlayerInventory.mlua:1039,,,
MLUA_PKGPLAYERINVENTORY_003,이미 최대 레벨입니다,RootDesk/MyDesk/Inventory/Core/PkgPlayerInventory.mlua:1043,,,
MLUA_PKGPLAYERINVENTORY_004,강화할 수 없는 장비입니다,RootDesk/MyDesk/Inventory/Core/PkgPlayerInventory.mlua:1047,,,
MLUA_PKGPLAYERINVENTORY_005,강화에 실패했습니다,RootDesk/MyDesk/Inventory/Core/PkgPlayerInventory.mlua:1050,,,
MLUA_PLAYERINVENTORY_001,수상한 점액,RootDesk/MyDesk/PlayerInventory.mlua:134,,,
MLUA_PLAYERINVENTORY_002,낡은 가죽,RootDesk/MyDesk/PlayerInventory.mlua:135,,,
MLUA_PLAYERINVENTORY_003,이블아이의 꼬리,RootDesk/MyDesk/PlayerInventory.mlua:138,,,
MLUA_PLAYERINVENTORY_004,커즈아이의 꼬리,RootDesk/MyDesk/PlayerInventory.mlua:139,,,
MLUA_PLAYERINVENTORY_005,달팽이의 껍질,RootDesk/MyDesk/PlayerInventory.mlua:142,,,
MLUA_PLAYERINVENTORY_006,변형된 달팽이의 껍질,RootDesk/MyDesk/PlayerInventory.mlua:143,,,
MLUA_PLAYERINVENTORY_007,버섯의 포자,RootDesk/MyDesk/PlayerInventory.mlua:144,,,
MLUA_PLAYERINVENTORY_008,빨간 달팽이의 껍질,RootDesk/MyDesk/PlayerInventory.mlua:145,,,
MLUA_PLAYERINVENTORY_009,돼지의 꼬리,RootDesk/MyDesk/PlayerInventory.mlua:146,,,
MLUA_PLAYERINVENTORY_010,주니어 부기의 뿔,RootDesk/MyDesk/PlayerInventory.mlua:147,,,
MLUA_PLAYERINVENTORY_011,스텀프의 눈물,RootDesk/MyDesk/PlayerInventory.mlua:148,,,
MLUA_PLAYERINVENTORY_012,옥토퍼스의 다리,RootDesk/MyDesk/PlayerInventory.mlua:149,,,
MLUA_PLAYERINVENTORY_013,리본,RootDesk/MyDesk/PlayerInventory.mlua:150,,,
MLUA_PLAYERINVENTORY_014,음흉한 여우의 꼬리,RootDesk/MyDesk/PlayerInventory.mlua:153,,,
MLUA_PLAYERINVENTORY_015,주황버섯의 갓,RootDesk/MyDesk/PlayerInventory.mlua:154,,,
MLUA_PLAYERINVENTORY_016,로랑의 집게발,RootDesk/MyDesk/PlayerInventory.mlua:157,,,
MLUA_PLAYERINVENTORY_017,엄티의 등껍질,RootDesk/MyDesk/PlayerInventory.mlua:158,,,
MLUA_PLAYERINVENTORY_018,클랑의 집게발,RootDesk/MyDesk/PlayerInventory.mlua:159,,,
MLUA_PLAYERINVENTORY_019,날치,RootDesk/MyDesk/PlayerInventory.mlua:162,,,
MLUA_PLAYERINVENTORY_020,조개껍데기,RootDesk/MyDesk/PlayerInventory.mlua:163,,,
MLUA_PLAYERINVENTORY_021,노란 불가사리의 다리,RootDesk/MyDesk/PlayerInventory.mlua:164,,,
MLUA_PLAYERINVENTORY_022,뿔버섯의 갓,RootDesk/MyDesk/PlayerInventory.mlua:167,,,
MLUA_PLAYERINVENTORY_023,좀비 머쉬맘의 포자,RootDesk/MyDesk/PlayerInventory.mlua:168,,,
MLUA_PLAYERINVENTORY_024,빛나는 박쥐 날개,RootDesk/MyDesk/PlayerInventory.mlua:171,,,
MLUA_PLAYERINVENTORY_025,스톤골렘의 돌조각,RootDesk/MyDesk/PlayerInventory.mlua:174,,,
MLUA_PLAYERINVENTORY_026,다크 스톤골렘의 돌조각,RootDesk/MyDesk/PlayerInventory.mlua:175,,,
MLUA_PLAYERINVENTORY_027,믹스골렘의 조각,RootDesk/MyDesk/PlayerInventory.mlua:176,,,
MLUA_PLAYERINVENTORY_028,아이스 믹스골렘의 조각,RootDesk/MyDesk/PlayerInventory.mlua:177,,,
MLUA_PLAYERINVENTORY_029,페어리의 더듬이,RootDesk/MyDesk/PlayerInventory.mlua:178,,,
MLUA_PLAYERINVENTORY_030,로얄페어리의 날개,RootDesk/MyDesk/PlayerInventory.mlua:179,,,
MLUA_PLAYERINVENTORY_031,그레이의 촉수,RootDesk/MyDesk/PlayerInventory.mlua:182,,,
MLUA_PLAYERINVENTORY_032,반딧불 슬라임의 방울,RootDesk/MyDesk/PlayerInventory.mlua:185,,,
MLUA_PLAYERINVENTORY_033,페어리 슬라임의 방울,RootDesk/MyDesk/PlayerInventory.mlua:186,,,
MLUA_PLAYERINVENTORY_034,워터 엘리먼트의 정수,RootDesk/MyDesk/PlayerInventory.mlua:187,,,
MLUA_PLAYERINVENTORY_035,트리 엘리먼트의 나뭇잎,RootDesk/MyDesk/PlayerInventory.mlua:188,,,
MLUA_PLAYERINVENTORY_036,미스틱 위습의 신비한 가루,RootDesk/MyDesk/PlayerInventory.mlua:189,,,
MLUA_PLAYERINVENTORY_037,하급 마법책,RootDesk/MyDesk/PlayerInventory.mlua:190,,,
MLUA_PLAYERINVENTORY_038,루팡의 바나나,RootDesk/MyDesk/PlayerInventory.mlua:193,,,
MLUA_PLAYERINVENTORY_039,재규어의 발톱,RootDesk/MyDesk/PlayerInventory.mlua:194,,,
MLUA_PLAYERINVENTORY_040,바나나 갈매기의 깃털,RootDesk/MyDesk/PlayerInventory.mlua:195,,,
MLUA_PLAYERINVENTORY_041,좀비루팡이 남긴 바나나 껍질,RootDesk/MyDesk/PlayerInventory.mlua:196,,,
MLUA_PLAYERINVENTORY_042,주니어 네키의 가죽,RootDesk/MyDesk/PlayerInventory.mlua:199,,,
MLUA_PLAYERINVENTORY_043,리게이터의 가죽,RootDesk/MyDesk/PlayerInventory.mlua:200,,,
MLUA_PLAYERINVENTORY_044,크로코의 가죽,RootDesk/MyDesk/PlayerInventory.mlua:201,,,
MLUA_PLAYERINVENTORY_045,늪진흙괴물의 진흙,RootDesk/MyDesk/PlayerInventory.mlua:202,,,
MLUA_PLAYERINVENTORY_046,새싹진흙괴물의 새싹,RootDesk/MyDesk/PlayerInventory.mlua:203,,,
MLUA_PLAYERINVENTORY_047,멜러디의 빗자루,RootDesk/MyDesk/PlayerInventory.mlua:204,,,
MLUA_PLAYERINVENTORY_048,스티지의 날개,RootDesk/MyDesk/PlayerInventory.mlua:205,,,
MLUA_PLAYERINVENTORY_049,주니어 레이스의 뼈,RootDesk/MyDesk/PlayerInventory.mlua:208,,,
MLUA_PLAYERINVENTORY_050,레이스의 뼈,RootDesk/MyDesk/PlayerInventory.mlua:209,,,
MLUA_PLAYERINVENTORY_051,스켈독의 뼈,RootDesk/MyDesk/PlayerInventory.mlua:210,,,
MLUA_PLAYERINVENTORY_052,머미독의 붕대,RootDesk/MyDesk/PlayerInventory.mlua:211,,,
MLUA_PLAYERINVENTORY_053,쉐도우 듀어러의 결정,RootDesk/MyDesk/PlayerInventory.mlua:215,,,
MLUA_PLAYERINVENTORY_054,자이언트 쉐도우의 파편,RootDesk/MyDesk/PlayerInventory.mlua:216,,,
MLUA_PLAYERINVENTORY_055,쉐도우 블레이드의 그림자 구슬,RootDesk/MyDesk/PlayerInventory.mlua:217,,,
MLUA_PLAYERINVENTORY_056,오다군 정찰병의 철판,RootDesk/MyDesk/PlayerInventory.mlua:218,,,
MLUA_PLAYERINVENTORY_057,스타픽시의 별조각,RootDesk/MyDesk/PlayerInventory.mlua:225,,,
MLUA_PLAYERINVENTORY_058,루나픽시의 달조각,RootDesk/MyDesk/PlayerInventory.mlua:226,,,
MLUA_PLAYERINVENTORY_059,네펜데스의 씨앗,RootDesk/MyDesk/PlayerInventory.mlua:227,,,
MLUA_PLAYERINVENTORY_060,러스터픽시의 빛나는 날개,RootDesk/MyDesk/PlayerInventory.mlua:228,,,
MLUA_PLAYERINVENTORY_061,고스트픽시의 투명한 조각,RootDesk/MyDesk/PlayerInventory.mlua:229,,,
MLUA_PLAYERINVENTORY_062,다크네펜데스의 씨앗,RootDesk/MyDesk/PlayerInventory.mlua:230,,,
MLUA_PLAYERINVENTORY_063,거대네펜데스의 씨앗,RootDesk/MyDesk/PlayerInventory.mlua:234,,,
MLUA_PLAYERINVENTORY_064,샐리온의 꼬리,RootDesk/MyDesk/PlayerInventory.mlua:241,,,
MLUA_PLAYERINVENTORY_065,라이오너의 꼬리,RootDesk/MyDesk/PlayerInventory.mlua:242,,,
MLUA_PLAYERINVENTORY_066,루이넬의 꼬리,RootDesk/MyDesk/PlayerInventory.mlua:243,,,
MLUA_PLAYERINVENTORY_067,저빌의 치아,RootDesk/MyDesk/PlayerInventory.mlua:244,,,
MLUA_PLAYERINVENTORY_068,골든 저빌의 망토,RootDesk/MyDesk/PlayerInventory.mlua:245,,,
MLUA_PLAYERINVENTORY_069,페넥의 창,RootDesk/MyDesk/PlayerInventory.mlua:246,,,
MLUA_PLAYERINVENTORY_070,골든 페넥의 방패,RootDesk/MyDesk/PlayerInventory.mlua:247,,,
MLUA_PLAYERINVENTORY_071,스코피의 투구,RootDesk/MyDesk/PlayerInventory.mlua:248,,,
MLUA_PLAYERINVENTORY_072,골든 스코피의 투구,RootDesk/MyDesk/PlayerInventory.mlua:249,,,
MLUA_PLAYERINVENTORY_073,맘무트의 꼬리,RootDesk/MyDesk/PlayerInventory.mlua:250,,,
MLUA_PLAYERINVENTORY_074,골든 맘무트의 상아,RootDesk/MyDesk/PlayerInventory.mlua:251,,,
MLUA_PLAYERINVENTORY_075,주니어 샐리온의 불꽃 구슬,RootDesk/MyDesk/PlayerInventory.mlua:254,,,
MLUA_PLAYERINVENTORY_076,주니어 라이오너의 번개 주화,RootDesk/MyDesk/PlayerInventory.mlua:255,,,
MLUA_PLAYERINVENTORY_077,주니어 그류핀의 얼음 돌,RootDesk/MyDesk/PlayerInventory.mlua:256,,,
MLUA_PLAYERINVENTORY_078,주니어 루이넬의 보랏빛 주화,RootDesk/MyDesk/PlayerInventory.mlua:257,,,
MLUA_PLAYERINVENTORY_079,트라고스의 돌조각,RootDesk/MyDesk/PlayerInventory.mlua:258,,,
MLUA_PLAYERINVENTORY_080,캐피바라의 황금 결정,RootDesk/MyDesk/PlayerInventory.mlua:259,,,
MLUA_PLAYERINVENTORY_081,발광 박쥐의 날개,RootDesk/MyDesk/PlayerInventory.mlua:263,,,
MLUA_PLAYERINVENTORY_082,불안정한 에르다스의 정수,RootDesk/MyDesk/PlayerInventory.mlua:267,,,
MLUA_PLAYERINVENTORY_083,알 수 없는 티켓,RootDesk/MyDesk/PlayerInventory.mlua:269 | RootDesk/MyDesk/UI/ShadowShopUI.mlua:40 | /ui/ShadowShopGroup/Panel/List/Item2/NameText,,,
MLUA_PLAYERINVENTORY_084,알 수 없는 열쇠,RootDesk/MyDesk/PlayerInventory.mlua:273,,,
MLUA_PLAYERINVENTORY_085,알 수 없는 메달,RootDesk/MyDesk/PlayerInventory.mlua:278,,,
MLUA_PLAYERINVENTORY_086,검투사의 증표,RootDesk/MyDesk/PlayerInventory.mlua:285,,,
MLUA_PLAYERINVENTORY_087,리티의 털뭉치,RootDesk/MyDesk/PlayerInventory.mlua:293,,,
MLUA_PLAYERINVENTORY_088,다크 리티의 털뭉치,RootDesk/MyDesk/PlayerInventory.mlua:294,,,
MLUA_PLAYERINVENTORY_089,뻣뻣한 깃털,RootDesk/MyDesk/PlayerInventory.mlua:295,,,
MLUA_PLAYERINVENTORY_090,눈덩이,RootDesk/MyDesk/PlayerInventory.mlua:296,,,
MLUA_PLAYERINVENTORY_091,다크 주니어 예티의 가죽,RootDesk/MyDesk/PlayerInventory.mlua:297,,,
MLUA_PLAYERINVENTORY_092,페페 코인,RootDesk/MyDesk/PlayerInventory.mlua:298,,,
MLUA_PLAYERINVENTORY_093,다크 페페의 부리,RootDesk/MyDesk/PlayerInventory.mlua:299,,,
MLUA_PLAYERINVENTORY_094,헥터의 꼬리,RootDesk/MyDesk/PlayerInventory.mlua:300,,,
MLUA_PLAYERINVENTORY_095,화이트팽의 꼬리,RootDesk/MyDesk/PlayerInventory.mlua:301,,,
MLUA_PLAYERINVENTORY_096,생크림,RootDesk/MyDesk/PlayerInventory.mlua:302,,,
MLUA_PLAYERINVENTORY_097,젤라틴,RootDesk/MyDesk/PlayerInventory.mlua:309,,,
MLUA_PLAYERINVENTORY_098,예티의 뿔,RootDesk/MyDesk/PlayerInventory.mlua:310,,,
MLUA_PLAYERINVENTORY_099,다크 예티의 뿔,RootDesk/MyDesk/PlayerInventory.mlua:311,,,
MLUA_PLAYERINVENTORY_100,얼음 조각,RootDesk/MyDesk/PlayerInventory.mlua:312,,,
MLUA_PLAYERINVENTORY_101,차가운 얼음조각,RootDesk/MyDesk/PlayerInventory.mlua:313,,,
MLUA_PLAYERINVENTORY_102,웨어울프의 발톱,RootDesk/MyDesk/PlayerInventory.mlua:319,,,
MLUA_PLAYERINVENTORY_103,라이칸스로프의 발톱,RootDesk/MyDesk/PlayerInventory.mlua:320,,,
MLUA_PLAYERINVENTORY_104,눈송이 결정,RootDesk/MyDesk/PlayerInventory.mlua:321,,,
MLUA_PLAYERINVENTORY_105,플라이아이의 눈알,RootDesk/MyDesk/PlayerInventory.mlua:322,,,
MLUA_PLAYERINVENTORY_106,레인디어의 뿔,RootDesk/MyDesk/PlayerInventory.mlua:328,,,
MLUA_PLAYERINVENTORY_107,블러드 레인디어의 방울,RootDesk/MyDesk/PlayerInventory.mlua:329,,,
MLUA_PLAYERINVENTORY_108,좀비의 잃어버린 어금니,RootDesk/MyDesk/PlayerInventory.mlua:335,,,
MLUA_PLAYERINVENTORY_109,좀비의 잃어버린 금니,RootDesk/MyDesk/PlayerInventory.mlua:336,,,
MLUA_PLAYERINVENTORY_110,미믹의 유리병,RootDesk/MyDesk/PlayerInventory.mlua:338,,,
MLUA_PLAYERINVENTORY_111,초대권,RootDesk/MyDesk/PlayerInventory.mlua:344,,,
MLUA_PLAYERINVENTORY_112,자격의 증표,RootDesk/MyDesk/PlayerInventory.mlua:348,,,
MLUA_RAIDLOGIC_001,캐릭터들이 부활했어요! 다시 보스를 공격합니다,RootDesk/MyDesk/Raid/RaidLogic.mlua:410,,,
MLUA_RAIDLOGIC_005,지금은 받을 수 있는 레이드 보상이 없어요,RootDesk/MyDesk/Raid/RaidLogic.mlua:731,,,
MLUA_RAIDTUTORIALUI_001,레이드가 생성되었습니다!,RootDesk/MyDesk/Raid/RaidTutorialUI.mlua:70 | /ui/TitleGroup/RaidUnlockBanner,,,
MLUA_RAIDUI_001,보스 체력,RootDesk/MyDesk/Raid/RaidUI.mlua:275 | /ui/RaidGroup/HpBack/HpText,,,
MLUA_RAIDUI_002,정산 중,RootDesk/MyDesk/Raid/RaidUI.mlua:286,,,
MLUA_RANKUI_001,기록 없음,RootDesk/MyDesk/UI/RankUI.mlua:229,No Record,,
MLUA_RANKUI_003,집계 중,RootDesk/MyDesk/UI/RankUI.mlua:247,,,
MLUA_RANKUI_004,모험가,RootDesk/MyDesk/UI/RankUI.mlua:287,,,
MLUA_RELICINVENTORY_001,시그너스의 손수건,RootDesk/MyDesk/Relic/RelicInventory.mlua:56 | /ui/TitleGroup/RelicPanel/ScrollArea/List/RelicSlot_0/Name,Cygnus's Handkerchief,,
MLUA_RELICINVENTORY_002,만년설화,RootDesk/MyDesk/Relic/RelicInventory.mlua:56 | /ui/TitleGroup/RelicPanel/ScrollArea/List/RelicSlot_1/Name,Everlasting Snow Flower,,
MLUA_RELICINVENTORY_003,시몬수의자,RootDesk/MyDesk/Relic/RelicInventory.mlua:56 | /ui/TitleGroup/RelicPanel/ScrollArea/List/RelicSlot_2/Name,Simon's Chair,,
MLUA_RELICINVENTORY_004,룬,RootDesk/MyDesk/Relic/RelicInventory.mlua:56 | /ui/TitleGroup/RelicPanel/ScrollArea/List/RelicSlot_3/Name,Rune,,
MLUA_RELICINVENTORY_005,봉인된 오브,RootDesk/MyDesk/Relic/RelicInventory.mlua:56 | /ui/TitleGroup/RelicPanel/ScrollArea/List/RelicSlot_4/Name,Sealed Orb,,
MLUA_RELICINVENTORY_006,지혜의 항아리,RootDesk/MyDesk/Relic/RelicInventory.mlua:56 | /ui/TitleGroup/RelicPanel/ScrollArea/List/RelicSlot_5/Name,Jar of Wisdom,,
MLUA_RELICINVENTORY_007,에오스의 돌,RootDesk/MyDesk/Relic/RelicInventory.mlua:57 | /ui/TitleGroup/RelicPanel/ScrollArea/List/RelicSlot_6/Name,Stone of Eos,,
MLUA_RELICINVENTORY_008,황금 카드,RootDesk/MyDesk/Relic/RelicInventory.mlua:57 | /ui/TitleGroup/RelicPanel/ScrollArea/List/RelicSlot_7/Name,Golden Card,,
MLUA_RELICINVENTORY_009,성배,RootDesk/MyDesk/Relic/RelicInventory.mlua:57 | /ui/TitleGroup/RelicPanel/ScrollArea/List/RelicSlot_8/Name,Holy Grail,,
MLUA_RELICINVENTORY_010,힘의 마법석,RootDesk/MyDesk/Relic/RelicInventory.mlua:57 | /ui/TitleGroup/RelicPanel/ScrollArea/List/RelicSlot_9/Name,Magic Stone of Power,,
MLUA_RELICINVENTORY_011,수리검,RootDesk/MyDesk/Relic/RelicInventory.mlua:57 | /ui/TitleGroup/RelicPanel/ScrollArea/List/RelicSlot_10/Name,Shuriken,,
MLUA_RELICINVENTORY_012,낡은 피아노,RootDesk/MyDesk/Relic/RelicInventory.mlua:57 | /ui/TitleGroup/RelicPanel/ScrollArea/List/RelicSlot_11/Name,Old Piano,,
MLUA_RELICINVENTORY_013,무닌,RootDesk/MyDesk/Relic/RelicInventory.mlua:58 | /ui/TitleGroup/RelicPanel/ScrollArea/List/RelicSlot_12/Name,Munin,,
MLUA_RELICINVENTORY_014,자수정,RootDesk/MyDesk/Relic/RelicInventory.mlua:58 | /ui/TitleGroup/RelicPanel/ScrollArea/List/RelicSlot_13/Name,Amethyst,,
MLUA_RELICINVENTORY_015,소행성,RootDesk/MyDesk/Relic/RelicInventory.mlua:58 | /ui/TitleGroup/RelicPanel/ScrollArea/List/RelicSlot_14/Name,Asteroid,,
MLUA_RELICINVENTORY_016,팬더 허수아비,RootDesk/MyDesk/Relic/RelicInventory.mlua:58 | /ui/TitleGroup/RelicPanel/ScrollArea/List/RelicSlot_15/Name,Panda Scarecrow,,
MLUA_RELICINVENTORY_017,복주머니,RootDesk/MyDesk/Relic/RelicInventory.mlua:58 | /ui/TitleGroup/RelicPanel/ScrollArea/List/RelicSlot_16/Name,Lucky Pouch,,
MLUA_RELICINVENTORY_018,검은 방패,RootDesk/MyDesk/Relic/RelicInventory.mlua:58 | /ui/TitleGroup/RelicPanel/ScrollArea/List/RelicSlot_17/Name,Black Shield,,
MLUA_RELICINVENTORY_019,기본 공격력,RootDesk/MyDesk/Relic/RelicInventory.mlua:313,,,
MLUA_RELICINVENTORY_020,기본 공격 속도,RootDesk/MyDesk/Relic/RelicInventory.mlua:314,,,
MLUA_RELICINVENTORY_021,상태이상 지속 시간,RootDesk/MyDesk/Relic/RelicInventory.mlua:315,,,
MLUA_RELICINVENTORY_022,보스에게 가하는 피해,RootDesk/MyDesk/Relic/RelicInventory.mlua:316,,,
MLUA_RELICINVENTORY_023,스킬 피해량,RootDesk/MyDesk/Relic/RelicInventory.mlua:317,,,
MLUA_RELICINVENTORY_024,스킬 쿨타임 감소,RootDesk/MyDesk/Relic/RelicInventory.mlua:318,,,
MLUA_RELICINVENTORY_025,적 이동 속도 감소,RootDesk/MyDesk/Relic/RelicInventory.mlua:319,,,
MLUA_RELICINVENTORY_026,보스 스킬 드롭율,RootDesk/MyDesk/Relic/RelicInventory.mlua:320,,,
MLUA_RELICINVENTORY_027,골드 획득,RootDesk/MyDesk/Relic/RelicInventory.mlua:321,,,
MLUA_RELICINVENTORY_028,상태이상 적에게 주는 피해,RootDesk/MyDesk/Relic/RelicInventory.mlua:322,,,
MLUA_RELICINVENTORY_029,치명타 시 2배 코인 확률,RootDesk/MyDesk/Relic/RelicInventory.mlua:323,,,
MLUA_RELICINVENTORY_030,경험치 획득,RootDesk/MyDesk/Relic/RelicInventory.mlua:324,,,
MLUA_RELICINVENTORY_031,크리티컬 피해,RootDesk/MyDesk/Relic/RelicInventory.mlua:325,,,
MLUA_RELICINVENTORY_032,크리티컬 확률,RootDesk/MyDesk/Relic/RelicInventory.mlua:326,,,
MLUA_RELICINVENTORY_033,포션 회복량,RootDesk/MyDesk/Relic/RelicInventory.mlua:327,,,
MLUA_RELICINVENTORY_034,체력 10% 미만 시 무적,RootDesk/MyDesk/Relic/RelicInventory.mlua:328,,,
MLUA_RELICINVENTORY_035,포션 드롭율,RootDesk/MyDesk/Relic/RelicInventory.mlua:329,,,
MLUA_RELICINVENTORY_036,몬스터에게 입는 피해 감소,RootDesk/MyDesk/Relic/RelicInventory.mlua:330,,,
MLUA_RELICINVENTORY_037,알 수 없는 효과,RootDesk/MyDesk/Relic/RelicInventory.mlua:331,,,
MLUA_RELICUI_001,미보유,RootDesk/MyDesk/UI/RelicUI.mlua:140,,,
MLUA_RELICUPGRADEUI_003,최대 레벨입니다,RootDesk/MyDesk/Relic/RelicUpgradeUI.mlua:96 | RootDesk/MyDesk/Skill/SkillUpgradeUI.mlua:103,,,
MLUA_RUNSTARTCONFIRMUI_002,"자리가 없는 아이템은 사라져요.
그래도 시작할까요?",RootDesk/MyDesk/UI/RunStartConfirmUI.mlua:80 | /ui/RunStartConfirmGroup/Panel/SubMessage,,,
MLUA_SHADOWSHOPUI_001,엘릭서 포션,RootDesk/MyDesk/UI/ShadowShopUI.mlua:39 | /ui/ShadowShopGroup/Panel/List/Item1/NameText,Elixir Potion,,
MLUA_SHADOWSHOPUI_002,스킬 레벨이 최대치입니다!,RootDesk/MyDesk/UI/ShadowShopUI.mlua:54,,,
MLUA_SHADOWSHOPUI_003,매진,RootDesk/MyDesk/UI/ShadowShopUI.mlua:310 | RootDesk/MyDesk/UI/ShadowShopUI.mlua:331,,,
MLUA_SHADOWSHOPUI_004,구매 완료!,RootDesk/MyDesk/UI/ShadowShopUI.mlua:786 | /ui/ShadowShopGroup/Panel/PurchaseToastText,,,
MLUA_SHOPPURCHASELOGIC_001,스타터 패키지,RootDesk/MyDesk/UI/ShopPurchaseLogic.mlua:30 | /ui/GameOverGroup/DiaShop/Panel/ScrollArea/List/ProductCard_0/NameText | /ui/TitleGroup/ShopPanel/ScrollArea/List/ProductCard_0/NameText,Starter Package,,
MLUA_SHOPPURCHASELOGIC_002,"다이아 500
구미호 대미지 스킨",RootDesk/MyDesk/UI/ShopPurchaseLogic.mlua:30,,,
MLUA_SHOPPURCHASELOGIC_003,160 코인,RootDesk/MyDesk/UI/ShopPurchaseLogic.mlua:30,,,
MLUA_SHOPPURCHASELOGIC_004,1회 한정,RootDesk/MyDesk/UI/ShopPurchaseLogic.mlua:30 | /ui/GameOverGroup/DiaShop/Panel/ScrollArea/List/ProductCard_0/BonusBadge/BadgeText | /ui/TitleGroup/ShopPanel/ScrollArea/List/ProductCard_0/BonusBadge/BadgeText,One-Time Only,,
MLUA_SHOPPURCHASELOGIC_005,다이아 300,RootDesk/MyDesk/UI/ShopPurchaseLogic.mlua:31 | /ui/GameOverGroup/DiaShop/Panel/ScrollArea/List/ProductCard_1/NameText | /ui/TitleGroup/ShopPanel/ScrollArea/List/ProductCard_1/NameText,300 Diamonds,,
MLUA_SHOPPURCHASELOGIC_006,440 코인,RootDesk/MyDesk/UI/ShopPurchaseLogic.mlua:31,,,
MLUA_SHOPPURCHASELOGIC_007,다이아 600,RootDesk/MyDesk/UI/ShopPurchaseLogic.mlua:32 | /ui/GameOverGroup/DiaShop/Panel/ScrollArea/List/ProductCard_2/NameText | /ui/TitleGroup/ShopPanel/ScrollArea/List/ProductCard_2/NameText,600 Diamonds,,
MLUA_SHOPPURCHASELOGIC_008,880 코인,RootDesk/MyDesk/UI/ShopPurchaseLogic.mlua:32,,,
MLUA_SHOPPURCHASELOGIC_009,"다이아 1,300",RootDesk/MyDesk/UI/ShopPurchaseLogic.mlua:33 | /ui/GameOverGroup/DiaShop/Panel/ScrollArea/List/ProductCard_3/NameText | /ui/TitleGroup/ShopPanel/ScrollArea/List/ProductCard_3/NameText,"1,300 Diamonds",,
MLUA_SHOPPURCHASELOGIC_010,보너스 100 포함,RootDesk/MyDesk/UI/ShopPurchaseLogic.mlua:33 | /ui/GameOverGroup/DiaShop/Panel/ScrollArea/List/ProductCard_3/DescText | /ui/TitleGroup/ShopPanel/ScrollArea/List/ProductCard_3/DescText,Includes 100 bonus,,
MLUA_SHOPPURCHASELOGIC_011,"1,760 코인",RootDesk/MyDesk/UI/ShopPurchaseLogic.mlua:33,,,
MLUA_SHOPPURCHASELOGIC_012,"다이아 2,800",RootDesk/MyDesk/UI/ShopPurchaseLogic.mlua:34 | /ui/GameOverGroup/DiaShop/Panel/ScrollArea/List/ProductCard_4/NameText | /ui/TitleGroup/ShopPanel/ScrollArea/List/ProductCard_4/NameText,"2,800 Diamonds",,
MLUA_SHOPPURCHASELOGIC_013,보너스 300 포함,RootDesk/MyDesk/UI/ShopPurchaseLogic.mlua:34 | /ui/GameOverGroup/DiaShop/Panel/ScrollArea/List/ProductCard_4/DescText | /ui/TitleGroup/ShopPanel/ScrollArea/List/ProductCard_4/DescText,Includes 300 bonus,,
MLUA_SHOPPURCHASELOGIC_014,"3,480 코인",RootDesk/MyDesk/UI/ShopPurchaseLogic.mlua:34,,,
MLUA_SHOPPURCHASELOGIC_015,"다이아 6,500",RootDesk/MyDesk/UI/ShopPurchaseLogic.mlua:35 | /ui/GameOverGroup/DiaShop/Panel/ScrollArea/List/ProductCard_5/NameText | /ui/GameOverGroup/DiaShop/Panel/ScrollArea/List/ProductCard_6/NameText | /ui/TitleGroup/ShopPanel/ScrollArea/List/ProductCard_5/NameText | /ui/TitleGroup/ShopPanel/ScrollArea/List/ProductCard_6/NameText,"6,500 Diamonds",,
MLUA_SHOPPURCHASELOGIC_016,"보너스 1,100 포함",RootDesk/MyDesk/UI/ShopPurchaseLogic.mlua:35 | /ui/GameOverGroup/DiaShop/Panel/ScrollArea/List/ProductCard_5/DescText | /ui/GameOverGroup/DiaShop/Panel/ScrollArea/List/ProductCard_6/DescText | /ui/TitleGroup/ShopPanel/ScrollArea/List/ProductCard_5/DescText | /ui/TitleGroup/ShopPanel/ScrollArea/List/ProductCard_6/DescText,"Includes 1,100 bonus",,
MLUA_SHOPPURCHASELOGIC_017,"7,880 코인",RootDesk/MyDesk/UI/ShopPurchaseLogic.mlua:35,,,
MLUA_SHOPPURCHASELOGIC_018,"다이아 8,500",RootDesk/MyDesk/UI/ShopPurchaseLogic.mlua:39,"8,500 Diamonds",,
MLUA_SHOPPURCHASELOGIC_019,"보너스 1,700 포함",RootDesk/MyDesk/UI/ShopPurchaseLogic.mlua:39,"Includes 1,700 bonus",,
MLUA_SHOPPURCHASELOGIC_020,"10,000 코인",RootDesk/MyDesk/UI/ShopPurchaseLogic.mlua:39,,,
MLUA_SHOPUI_001,장착중,RootDesk/MyDesk/UI/ShopUI.mlua:127 | RootDesk/MyDesk/UIItemSlot.mlua:301,Equipped,,
MLUA_SHOPUI_002,장착하기,RootDesk/MyDesk/UI/ShopUI.mlua:130,Owned,,
MLUA_SHOPUI_003,스타터팩 전용,RootDesk/MyDesk/UI/ShopUI.mlua:132,,,
MLUA_SHOPUI_004,스타터 패키지에서만 얻을 수 있어요,RootDesk/MyDesk/UI/ShopUI.mlua:166,,,
MLUA_SHOPUI_005,이미 구매한 상품입니다,RootDesk/MyDesk/UI/ShopUI.mlua:341,,,
MLUA_SKILLINVENTORY_001,포션,RootDesk/MyDesk/SkillInventory.mlua:42,,,
MLUA_SKILLINVENTORY_002,에로우 일루전,RootDesk/MyDesk/SkillInventory.mlua:72 | /ui/TitleGroup/SkillPanel/ScrollArea/List/SkillSlot_28/Name,Arrow Illusion,,
MLUA_SKILLUPGRADEUI_002,다음 효과 상승 구간(Lv3/6/9)까지의 축적 단계 (효과 없음),RootDesk/MyDesk/Skill/SkillUpgradeUI.mlua:133,,,
MLUA_SKILLUPGRADEUI_003,전체 쿨타임 2% 감소,RootDesk/MyDesk/Skill/SkillUpgradeUI.mlua:136,,,
MLUA_SKILLUPGRADEUI_004,전체 쿨타임 4% 감소,RootDesk/MyDesk/Skill/SkillUpgradeUI.mlua:137,,,
MLUA_SKILLUPGRADEUI_005,전체 쿨타임 6% 감소,RootDesk/MyDesk/Skill/SkillUpgradeUI.mlua:138,,,
MLUA_SKILLUPGRADEUI_006,회복량 5% 증가,RootDesk/MyDesk/Skill/SkillUpgradeUI.mlua:140 | RootDesk/MyDesk/Skill/SkillUpgradeUI.mlua:374,,,
MLUA_SKILLUPGRADEUI_007,회복량 7% 증가,RootDesk/MyDesk/Skill/SkillUpgradeUI.mlua:141 | RootDesk/MyDesk/Skill/SkillUpgradeUI.mlua:375,,,
MLUA_SKILLUPGRADEUI_008,회복량 9% 증가,RootDesk/MyDesk/Skill/SkillUpgradeUI.mlua:142 | RootDesk/MyDesk/Skill/SkillUpgradeUI.mlua:376,,,
MLUA_SKILLUPGRADEUI_009,받는 피해 3% 감소,RootDesk/MyDesk/Skill/SkillUpgradeUI.mlua:144,,,
MLUA_SKILLUPGRADEUI_010,받는 피해 6% 감소,RootDesk/MyDesk/Skill/SkillUpgradeUI.mlua:145,,,
MLUA_SKILLUPGRADEUI_011,받는 피해 9% 감소,RootDesk/MyDesk/Skill/SkillUpgradeUI.mlua:146,,,
MLUA_SKILLUPGRADEUI_012,대미지 10% 증가,RootDesk/MyDesk/Skill/SkillUpgradeUI.mlua:148 | RootDesk/MyDesk/Skill/SkillUpgradeUI.mlua:152 | RootDesk/MyDesk/Skill/SkillUpgradeUI.mlua:156 | RootDesk/MyDesk/Skill/SkillUpgradeUI.mlua:160 | RootDesk/MyDesk/Skill/SkillUpgradeUI.mlua:164,,,
MLUA_SKILLUPGRADEUI_013,스턴 지속시간 1초 증가,RootDesk/MyDesk/Skill/SkillUpgradeUI.mlua:149,,,
MLUA_SKILLUPGRADEUI_014,스턴 확률 10% 증가,RootDesk/MyDesk/Skill/SkillUpgradeUI.mlua:150 | RootDesk/MyDesk/Skill/SkillUpgradeUI.mlua:194,,,
MLUA_SKILLUPGRADEUI_015,쿨타임 5% 감소,RootDesk/MyDesk/Skill/SkillUpgradeUI.mlua:153 | RootDesk/MyDesk/Skill/SkillUpgradeUI.mlua:157 | RootDesk/MyDesk/Skill/SkillUpgradeUI.mlua:161 | RootDesk/MyDesk/Skill/SkillUpgradeUI.mlua:165 | RootDesk/MyDesk/Skill/SkillUpgradeUI.mlua:181,,,
MLUA_SKILLUPGRADEUI_016,20% 확률로 빙결 스택 +1,RootDesk/MyDesk/Skill/SkillUpgradeUI.mlua:154,,,
MLUA_SKILLUPGRADEUI_017,출혈 대미지 2% 증가,RootDesk/MyDesk/Skill/SkillUpgradeUI.mlua:158,,,
MLUA_SKILLUPGRADEUI_018,크리티컬 확률 5% 증가,RootDesk/MyDesk/Skill/SkillUpgradeUI.mlua:162 | RootDesk/MyDesk/Skill/SkillUpgradeUI.mlua:166 | RootDesk/MyDesk/Skill/SkillUpgradeUI.mlua:190,,,
MLUA_SKILLUPGRADEUI_019,크리티컬 확률 +4%,RootDesk/MyDesk/Skill/SkillUpgradeUI.mlua:169 | RootDesk/MyDesk/Skill/SkillUpgradeUI.mlua:285 | RootDesk/MyDesk/Skill/SkillUpgradeUI.mlua:367,,,
MLUA_SKILLUPGRADEUI_020,크리티컬 확률 +6%,RootDesk/MyDesk/Skill/SkillUpgradeUI.mlua:170 | RootDesk/MyDesk/Skill/SkillUpgradeUI.mlua:286 | RootDesk/MyDesk/Skill/SkillUpgradeUI.mlua:368 | RootDesk/MyDesk/Skill/SkillUpgradeUI.mlua:403 | RootDesk/MyDesk/Skill/SkillUpgradeUI.mlua:424,,,
MLUA_SKILLUPGRADEUI_021,빙결 스택당 보너스대미지 +3%,RootDesk/MyDesk/Skill/SkillUpgradeUI.mlua:172,,,
MLUA_SKILLUPGRADEUI_022,빙결 스택당 보너스대미지 +6%,RootDesk/MyDesk/Skill/SkillUpgradeUI.mlua:173,,,
MLUA_SKILLUPGRADEUI_023,빙결 스택당 보너스대미지 +9%,RootDesk/MyDesk/Skill/SkillUpgradeUI.mlua:174,,,
MLUA_SKILLUPGRADEUI_024,전체 스킬 피해량 2% 증가,RootDesk/MyDesk/Skill/SkillUpgradeUI.mlua:176,,,
MLUA_SKILLUPGRADEUI_025,전체 스킬 피해량 4% 증가,RootDesk/MyDesk/Skill/SkillUpgradeUI.mlua:177,,,
MLUA_SKILLUPGRADEUI_026,전체 스킬 피해량 6% 증가,RootDesk/MyDesk/Skill/SkillUpgradeUI.mlua:178,,,
MLUA_SKILLUPGRADEUI_027,2연타 확률 +5%,RootDesk/MyDesk/Skill/SkillUpgradeUI.mlua:182,,,
MLUA_SKILLUPGRADEUI_028,10% 확률로 빙결 스택 +1,RootDesk/MyDesk/Skill/SkillUpgradeUI.mlua:186,,,
MLUA_SKILLUPGRADEUI_029,10% 확률로 빙결 스택 +2,RootDesk/MyDesk/Skill/SkillUpgradeUI.mlua:198,,,
MLUA_SKILLUPGRADEUI_030,크리티컬 확률 10% 추가,RootDesk/MyDesk/Skill/SkillUpgradeUI.mlua:202 | RootDesk/MyDesk/Skill/SkillUpgradeUI.mlua:206,,,
MLUA_SKILLUPGRADEUI_031,2연타 확률 +10%,RootDesk/MyDesk/Skill/SkillUpgradeUI.mlua:210,,,
MLUA_SKILLUPGRADEUI_032,10% 확률로 빙결 스택 +3,RootDesk/MyDesk/Skill/SkillUpgradeUI.mlua:214,,,
MLUA_SKILLUPGRADEUI_033,추가 타격 +1,RootDesk/MyDesk/Skill/SkillUpgradeUI.mlua:222 | RootDesk/MyDesk/Skill/SkillUpgradeUI.mlua:226,,,
MLUA_SKILLUPGRADEUI_034,슬로우 확률 +10%,RootDesk/MyDesk/Skill/SkillUpgradeUI.mlua:230,,,
MLUA_SKILLUPGRADEUI_035,슬로우 상태 적 추가 대미지 +10%,RootDesk/MyDesk/Skill/SkillUpgradeUI.mlua:234,,,
MLUA_SKILLUPGRADEUI_036,유지시간 +1초,RootDesk/MyDesk/Skill/SkillUpgradeUI.mlua:238 | RootDesk/MyDesk/Skill/SkillUpgradeUI.mlua:258,,,
MLUA_SKILLUPGRADEUI_037,크리티컬 확률 +5%,RootDesk/MyDesk/Skill/SkillUpgradeUI.mlua:242 | RootDesk/MyDesk/Skill/SkillUpgradeUI.mlua:246 | RootDesk/MyDesk/Skill/SkillUpgradeUI.mlua:387 | RootDesk/MyDesk/Skill/SkillUpgradeUI.mlua:388 | RootDesk/MyDesk/Skill/SkillUpgradeUI.mlua:389,,,
MLUA_SKILLUPGRADEUI_038,충돌 대미지 +15%,RootDesk/MyDesk/Skill/SkillUpgradeUI.mlua:250,,,
MLUA_SKILLUPGRADEUI_039,쿨타임 8% 감소,RootDesk/MyDesk/Skill/SkillUpgradeUI.mlua:253 | RootDesk/MyDesk/Skill/SkillUpgradeUI.mlua:257 | RootDesk/MyDesk/Skill/SkillUpgradeUI.mlua:261 | RootDesk/MyDesk/Skill/SkillUpgradeUI.mlua:265 | RootDesk/MyDesk/Skill/SkillUpgradeUI.mlua:269,,,
MLUA_SKILLUPGRADEUI_040,스턴 시간 +1초,RootDesk/MyDesk/Skill/SkillUpgradeUI.mlua:254,,,
MLUA_SKILLUPGRADEUI_041,대미지 15% 증가,RootDesk/MyDesk/Skill/SkillUpgradeUI.mlua:256 | RootDesk/MyDesk/Skill/SkillUpgradeUI.mlua:260 | RootDesk/MyDesk/Skill/SkillUpgradeUI.mlua:264 | RootDesk/MyDesk/Skill/SkillUpgradeUI.mlua:268 | RootDesk/MyDesk/Skill/SkillUpgradeUI.mlua:272,,,
MLUA_SKILLUPGRADEUI_042,추가 타격 +2,RootDesk/MyDesk/Skill/SkillUpgradeUI.mlua:262 | RootDesk/MyDesk/Skill/SkillUpgradeUI.mlua:266,,,
MLUA_SKILLUPGRADEUI_043,크리티컬 확률 +8%,RootDesk/MyDesk/Skill/SkillUpgradeUI.mlua:270 | RootDesk/MyDesk/Skill/SkillUpgradeUI.mlua:274 | RootDesk/MyDesk/Skill/SkillUpgradeUI.mlua:278 | RootDesk/MyDesk/Skill/SkillUpgradeUI.mlua:395 | RootDesk/MyDesk/Skill/SkillUpgradeUI.mlua:396,,,
MLUA_SKILLUPGRADEUI_044,쿨타임 2% 감소,RootDesk/MyDesk/Skill/SkillUpgradeUI.mlua:280 | RootDesk/MyDesk/Skill/SkillUpgradeUI.mlua:402 | RootDesk/MyDesk/Skill/SkillUpgradeUI.mlua:423,,,
MLUA_SKILLUPGRADEUI_045,쿨타임 4% 감소,RootDesk/MyDesk/Skill/SkillUpgradeUI.mlua:281 | RootDesk/MyDesk/Skill/SkillUpgradeUI.mlua:402 | RootDesk/MyDesk/Skill/SkillUpgradeUI.mlua:423,,,
MLUA_SKILLUPGRADEUI_046,쿨타임 6% 감소,RootDesk/MyDesk/Skill/SkillUpgradeUI.mlua:282 | RootDesk/MyDesk/Skill/SkillUpgradeUI.mlua:402 | RootDesk/MyDesk/Skill/SkillUpgradeUI.mlua:423,,,
MLUA_SKILLUPGRADEUI_047,크리티컬 대미지 +3%,RootDesk/MyDesk/Skill/SkillUpgradeUI.mlua:288 | RootDesk/MyDesk/Skill/SkillUpgradeUI.mlua:404 | RootDesk/MyDesk/Skill/SkillUpgradeUI.mlua:425,,,
MLUA_SKILLUPGRADEUI_048,크리티컬 대미지 +6%,RootDesk/MyDesk/Skill/SkillUpgradeUI.mlua:289 | RootDesk/MyDesk/Skill/SkillUpgradeUI.mlua:404 | RootDesk/MyDesk/Skill/SkillUpgradeUI.mlua:425,,,
MLUA_SKILLUPGRADEUI_049,크리티컬 대미지 +9%,RootDesk/MyDesk/Skill/SkillUpgradeUI.mlua:290 | RootDesk/MyDesk/Skill/SkillUpgradeUI.mlua:404 | RootDesk/MyDesk/Skill/SkillUpgradeUI.mlua:425,,,
MLUA_SKILLUPGRADEUI_050,추가 공격 확률 +3%,RootDesk/MyDesk/Skill/SkillUpgradeUI.mlua:292 | RootDesk/MyDesk/Skill/SkillUpgradeUI.mlua:426,,,
MLUA_SKILLUPGRADEUI_051,추가 공격 확률 +6%,RootDesk/MyDesk/Skill/SkillUpgradeUI.mlua:293 | RootDesk/MyDesk/Skill/SkillUpgradeUI.mlua:426,,,
MLUA_SKILLUPGRADEUI_052,추가 공격 확률 +9%,RootDesk/MyDesk/Skill/SkillUpgradeUI.mlua:294 | RootDesk/MyDesk/Skill/SkillUpgradeUI.mlua:426,,,
MLUA_SKILLUPGRADEUI_053,피해량 2% 증가,RootDesk/MyDesk/Skill/SkillUpgradeUI.mlua:296 | RootDesk/MyDesk/Skill/SkillUpgradeUI.mlua:378 | RootDesk/MyDesk/Skill/SkillUpgradeUI.mlua:406 | RootDesk/MyDesk/Skill/SkillUpgradeUI.mlua:427,,,
MLUA_SKILLUPGRADEUI_054,피해량 4% 증가,RootDesk/MyDesk/Skill/SkillUpgradeUI.mlua:297 | RootDesk/MyDesk/Skill/SkillUpgradeUI.mlua:379 | RootDesk/MyDesk/Skill/SkillUpgradeUI.mlua:406 | RootDesk/MyDesk/Skill/SkillUpgradeUI.mlua:427,,,
MLUA_SKILLUPGRADEUI_055,피해량 6% 증가,RootDesk/MyDesk/Skill/SkillUpgradeUI.mlua:298 | RootDesk/MyDesk/Skill/SkillUpgradeUI.mlua:380 | RootDesk/MyDesk/Skill/SkillUpgradeUI.mlua:406 | RootDesk/MyDesk/Skill/SkillUpgradeUI.mlua:427,,,
MLUA_SKILLUPGRADEUI_056,추가 콤보 발동 확률 +50%,RootDesk/MyDesk/Skill/SkillUpgradeUI.mlua:304 | RootDesk/MyDesk/Skill/SkillUpgradeUI.mlua:308 | RootDesk/MyDesk/Skill/SkillUpgradeUI.mlua:312 | RootDesk/MyDesk/Skill/SkillUpgradeUI.mlua:320 | RootDesk/MyDesk/Skill/SkillUpgradeUI.mlua:328,,,
MLUA_SKILLUPGRADEUI_057,충돌 대미지 20% 증가,RootDesk/MyDesk/Skill/SkillUpgradeUI.mlua:316,,,
MLUA_SKILLUPGRADEUI_058,강화 타격 확률 +10%,RootDesk/MyDesk/Skill/SkillUpgradeUI.mlua:324 | RootDesk/MyDesk/Skill/SkillUpgradeUI.mlua:360,,,
MLUA_SKILLUPGRADEUI_059,소환수 대미지 10% 증가,RootDesk/MyDesk/Skill/SkillUpgradeUI.mlua:332,,,
MLUA_SKILLUPGRADEUI_060,스턴 지속시간 +1초,RootDesk/MyDesk/Skill/SkillUpgradeUI.mlua:336,,,
MLUA_SKILLUPGRADEUI_061,2타 대미지 +10%,RootDesk/MyDesk/Skill/SkillUpgradeUI.mlua:340,,,
MLUA_SKILLUPGRADEUI_062,충돌·착지 대미지 15% 증가,RootDesk/MyDesk/Skill/SkillUpgradeUI.mlua:344,,,
MLUA_SKILLUPGRADEUI_063,콤보 폭발 대미지 15% 증가,RootDesk/MyDesk/Skill/SkillUpgradeUI.mlua:348,,,
MLUA_SKILLUPGRADEUI_064,검기 대미지 15% 증가,RootDesk/MyDesk/Skill/SkillUpgradeUI.mlua:352,,,
MLUA_SKILLUPGRADEUI_065,소환수 대미지 15% 증가,RootDesk/MyDesk/Skill/SkillUpgradeUI.mlua:356,,,
MLUA_SKILLUPGRADEUI_066,콤보 발동 확률 +3%,RootDesk/MyDesk/Skill/SkillUpgradeUI.mlua:362,,,
MLUA_SKILLUPGRADEUI_067,콤보 발동 확률 +6%,RootDesk/MyDesk/Skill/SkillUpgradeUI.mlua:363,,,
MLUA_SKILLUPGRADEUI_068,콤보 발동 확률 +9%,RootDesk/MyDesk/Skill/SkillUpgradeUI.mlua:364,,,
MLUA_SKILLUPGRADEUI_069,콤보 폭발 대미지 +5%,RootDesk/MyDesk/Skill/SkillUpgradeUI.mlua:370,,,
MLUA_SKILLUPGRADEUI_070,콤보 폭발 대미지 +10%,RootDesk/MyDesk/Skill/SkillUpgradeUI.mlua:371,,,
MLUA_SKILLUPGRADEUI_071,콤보 폭발 대미지 +15%,RootDesk/MyDesk/Skill/SkillUpgradeUI.mlua:372,,,
MLUA_SKILLUPGRADEUI_072,지속시간 +1초,RootDesk/MyDesk/Skill/SkillUpgradeUI.mlua:393 | RootDesk/MyDesk/Skill/SkillUpgradeUI.mlua:420,,,
MLUA_SKILLUPGRADEUI_073,대미지 5% 증가,RootDesk/MyDesk/Skill/SkillUpgradeUI.mlua:394 | RootDesk/MyDesk/Skill/SkillUpgradeUI.mlua:413,,,
MLUA_SKILLUPGRADEUI_074,지속시간 +2초,RootDesk/MyDesk/Skill/SkillUpgradeUI.mlua:400,,,
MLUA_SKILLUPGRADEUI_075,크리티컬 확률 +9%,RootDesk/MyDesk/Skill/SkillUpgradeUI.mlua:403 | RootDesk/MyDesk/Skill/SkillUpgradeUI.mlua:424,,,
MLUA_SKILLUPGRADEUI_076,회피 확률 +4%,RootDesk/MyDesk/Skill/SkillUpgradeUI.mlua:405 | RootDesk/MyDesk/Skill/SkillUpgradeUI.mlua:428,,,
MLUA_SKILLUPGRADEUI_077,회피 확률 +6%,RootDesk/MyDesk/Skill/SkillUpgradeUI.mlua:405 | RootDesk/MyDesk/Skill/SkillUpgradeUI.mlua:428,,,
MLUA_TUTORIALGUIDEUI_001,"다가오는 몬스터를 처치하세요!
몬스터를 터치하면 해당 몬스터를 우선 공격합니다.",RootDesk/MyDesk/UI/TutorialGuideUI.mlua:33,,,
MLUA_TUTORIALGUIDEUI_002,몬스터를 잡아서 레벨을 올려보세요!,RootDesk/MyDesk/UI/TutorialGuideUI.mlua:69,,,
MLUA_TUTORIALGUIDEUI_003,카드를 눌러 스킬을 배워보세요!,RootDesk/MyDesk/UI/TutorialGuideUI.mlua:71,,,
MLUA_TUTORIALGUIDEUI_004,"레벨업하며 다양한 스킬을 조합하고 몰려오는 몬스터를 물리치세요!
맵 곳곳에 숨겨진 이스터에그도 놓치지 마세요!",RootDesk/MyDesk/UI/TutorialGuideUI.mlua:75,,,
MLUA_TUTORIALGUIDEUI_005,맵 곳곳에 숨겨진 다양한 이스터에그를 찾아보세요!,RootDesk/MyDesk/UI/TutorialGuideUI.mlua:81,,,
MLUA_UICOMPOSEPOPUP_002,품질 S 유지,RootDesk/MyDesk/Inventory/UI/UIComposePopup.mlua:686,,,
MLUA_UICOMPOSEPOPUP_005,이미 사용된 장비예요. 다시 선택해 주세요.,RootDesk/MyDesk/Inventory/UI/UIComposePopup.mlua:811,,,
MLUA_UICOMPOSEPOPUP_006,합성 성공!,RootDesk/MyDesk/Inventory/UI/UIComposePopup.mlua:1014,,,
MLUA_UIEQUIPPEDGEARPANEL_003,캐시 아이템,RootDesk/MyDesk/UIEquippedGearPanel.mlua:209 | /ui/EquipmentGroup/Inventory/Panel/EquipPanel/PlayerInfo/AvatarViewToggle/Label,,,
MLUA_UIEQUIPPEDGEARPANEL_004,장비 보기,RootDesk/MyDesk/UIEquippedGearPanel.mlua:211,,,
MLUA_UIEQUIPPOPUP_001,아이템 설명이 아직 등록되지 않았습니다.,RootDesk/MyDesk/Inventory/UI/UIEquipPopup.mlua:270 | RootDesk/MyDesk/Inventory/UI/UIEquipPopup.mlua:279,No description registered for this item yet.,,
MLUA_UIEQUIPPOPUP_002,장착 해제,RootDesk/MyDesk/Inventory/UI/UIEquipPopup.mlua:315 | /ui/EquipmentGroup/Inventory/EquipPopup/Panel/ButtonEquip/Label,,,
MLUA_UIEQUIPPOPUP_003,장착,RootDesk/MyDesk/Inventory/UI/UIEquipPopup.mlua:315,,,
MLUA_UIINVENTORY_001,판매하기,RootDesk/MyDesk/Inventory/UI/UIInventory.mlua:280,Sell,,
MLUA_UIINVENTORY_002,판매,RootDesk/MyDesk/Inventory/UI/UIInventory.mlua:283 | /ui/EquipmentGroup/Inventory/EquipPopup/Panel/LeftColumn/SellButton/Label | /ui/EquipmentGroup/Inventory/Panel/InventoryPanel/ButtonSell,,,
MLUA_UIINVENTORY_003,정말 판매하시겠습니까?,RootDesk/MyDesk/Inventory/UI/UIInventory.mlua:369 | /ui/EquipmentGroup/Inventory/SellConfirm/Panel/Message,,,
MLUA_UIINVENTORY_004,"선택한 장비 %d개를 판매하고
%s골드를 받습니다.
판매한 장비는 되돌릴 수 없습니다.",RootDesk/MyDesk/Inventory/UI/UIInventory.mlua:371,,,
MLUA_UIINVENTORY_005,"%s 칸을 5칸 늘리려면 다이아 %s개가
필요합니다.
현재 보유: %s개",RootDesk/MyDesk/Inventory/UI/UIInventory.mlua:418,,,
MLUA_UIINVENTORY_006,인벤토리를 확장하시겠습니까?,RootDesk/MyDesk/Inventory/UI/UIInventory.mlua:428,,,
MLUA_UIINVENTORY_007,"다이아 %s개를 사용해 %s 칸을 5칸 늘립니다.
확장한 칸은 되돌릴 수 없습니다.",RootDesk/MyDesk/Inventory/UI/UIInventory.mlua:430,,,
MLUA_UIUSEPOPUP_001,아이템 사용,RootDesk/MyDesk/Inventory/UI/UIUsePopup.mlua:20,,,
MLUA_UIUSEPOPUP_002,사용하시겠습니까?,RootDesk/MyDesk/Inventory/UI/UIUsePopup.mlua:31,,,
MLUA_UIUSEPOPUP_003,사용,RootDesk/MyDesk/Inventory/UI/UIUsePopup.mlua:36,,,
MLUA_UIUSEPOPUP_004,취소,RootDesk/MyDesk/Inventory/UI/UIUsePopup.mlua:41 | /ui/EquipmentGroup/Inventory/Panel/InventoryPanel/ButtonSellCancel | /ui/EquipmentGroup/Inventory/UsePopup/Panel/ButtonCancel | /ui/IdleRewardGroup/ConfirmPanel/BtnNo | /ui/PopupGroup/PopupBack/PopupPanel/PopupBtnCancel,Cancel,,
MLUA_WEAPONTIERDATALOGIC_001,공격력 {P}% 증가,RootDesk/MyDesk/Inventory/Core/Logic/WeaponTierDataLogic.mlua:99,,,
MLUA_WEAPONTIERDATALOGIC_002,치명타 확률 {P}% 증가,RootDesk/MyDesk/Inventory/Core/Logic/WeaponTierDataLogic.mlua:100 | RootDesk/MyDesk/Inventory/Core/Logic/WeaponTierDataLogic.mlua:456 | RootDesk/MyDesk/Inventory/Core/Logic/WeaponTierDataLogic.mlua:459,,,
MLUA_WEAPONTIERDATALOGIC_003,치명타 피해 {P}% 증가,RootDesk/MyDesk/Inventory/Core/Logic/WeaponTierDataLogic.mlua:101 | RootDesk/MyDesk/Inventory/Core/Logic/WeaponTierDataLogic.mlua:458,,,
MLUA_WEAPONTIERDATALOGIC_004,최대 체력 {P}% 증가,RootDesk/MyDesk/Inventory/Core/Logic/WeaponTierDataLogic.mlua:102,,,
MLUA_WEAPONTIERDATALOGIC_005,스킬 쿨타임 {P}% 감소,RootDesk/MyDesk/Inventory/Core/Logic/WeaponTierDataLogic.mlua:103 | RootDesk/MyDesk/Inventory/Core/Logic/WeaponTierDataLogic.mlua:439,,,
MLUA_WEAPONTIERDATALOGIC_006,나뭇가지보단 조금 더 쓸 만하다.,RootDesk/MyDesk/Inventory/Core/Logic/WeaponTierDataLogic.mlua:158,,,
MLUA_WEAPONTIERDATALOGIC_007,이제 마법사다운 무기를 들었다.,RootDesk/MyDesk/Inventory/Core/Logic/WeaponTierDataLogic.mlua:159,,,
MLUA_WEAPONTIERDATALOGIC_008,보기만 해도 왠지 강해 보인다.,RootDesk/MyDesk/Inventory/Core/Logic/WeaponTierDataLogic.mlua:160,,,
MLUA_WEAPONTIERDATALOGIC_009,마법사라면 한 번쯤 탐내는 스태프.,RootDesk/MyDesk/Inventory/Core/Logic/WeaponTierDataLogic.mlua:161,,,
MLUA_WEAPONTIERDATALOGIC_010,드래곤의 힘이 깃들었다고 한다. 진짜인지는 모른다.,RootDesk/MyDesk/Inventory/Core/Logic/WeaponTierDataLogic.mlua:162,,,
MLUA_WEAPONTIERDATALOGIC_011,이 정도면 스태프가 마법을 쓰는 것 같다.,RootDesk/MyDesk/Inventory/Core/Logic/WeaponTierDataLogic.mlua:163,,,
MLUA_WEAPONTIERDATALOGIC_012,활은 역시 멀리서 쏘는 게 제맛이다.,RootDesk/MyDesk/Inventory/Core/Logic/WeaponTierDataLogic.mlua:168,,,
MLUA_WEAPONTIERDATALOGIC_013,독사는 아니지만 꽤 날카롭다.,RootDesk/MyDesk/Inventory/Core/Logic/WeaponTierDataLogic.mlua:169,,,
MLUA_WEAPONTIERDATALOGIC_014,봉황도 탐낼 만큼 멋진 활.,RootDesk/MyDesk/Inventory/Core/Logic/WeaponTierDataLogic.mlua:170,,,
MLUA_WEAPONTIERDATALOGIC_015,금빛이라 화살보다 눈에 띈다.,RootDesk/MyDesk/Inventory/Core/Logic/WeaponTierDataLogic.mlua:171,,,
MLUA_WEAPONTIERDATALOGIC_016,당기는 순간 제법 긴장된다.,RootDesk/MyDesk/Inventory/Core/Logic/WeaponTierDataLogic.mlua:172,,,
MLUA_WEAPONTIERDATALOGIC_017,비싸 보인다. 실제로도 비싸다.,RootDesk/MyDesk/Inventory/Core/Logic/WeaponTierDataLogic.mlua:173,,,
MLUA_WEAPONTIERDATALOGIC_018,무겁다. 하지만 멋있다.,RootDesk/MyDesk/Inventory/Core/Logic/WeaponTierDataLogic.mlua:178,,,
MLUA_WEAPONTIERDATALOGIC_019,한 번 휘두르면 팔이 먼저 놀란다.,RootDesk/MyDesk/Inventory/Core/Logic/WeaponTierDataLogic.mlua:179,,,
MLUA_WEAPONTIERDATALOGIC_020,묵직함 하나는 확실하다.,RootDesk/MyDesk/Inventory/Core/Logic/WeaponTierDataLogic.mlua:180,,,
MLUA_WEAPONTIERDATALOGIC_021,전사가 들면 제법 그럴듯하다.,RootDesk/MyDesk/Inventory/Core/Logic/WeaponTierDataLogic.mlua:181,,,
MLUA_WEAPONTIERDATALOGIC_022,푸른 검신이 시선을 사로잡는다.,RootDesk/MyDesk/Inventory/Core/Logic/WeaponTierDataLogic.mlua:182,,,
MLUA_WEAPONTIERDATALOGIC_023,베지 못할 것은 없어 보인다.,RootDesk/MyDesk/Inventory/Core/Logic/WeaponTierDataLogic.mlua:183,,,
MLUA_WEAPONTIERDATALOGIC_024,날이 삼각형이라 더 무섭다.,RootDesk/MyDesk/Inventory/Core/Logic/WeaponTierDataLogic.mlua:188,,,
MLUA_WEAPONTIERDATALOGIC_025,부채처럼 보이지만 절대 부채가 아니다.,RootDesk/MyDesk/Inventory/Core/Logic/WeaponTierDataLogic.mlua:189,,,
MLUA_WEAPONTIERDATALOGIC_026,작고 가볍지만 무시하면 큰일 난다.,RootDesk/MyDesk/Inventory/Core/Logic/WeaponTierDataLogic.mlua:190,,,
MLUA_WEAPONTIERDATALOGIC_027,이름은 주먹인데 어째서 단검일까?,RootDesk/MyDesk/Inventory/Core/Logic/WeaponTierDataLogic.mlua:191,,,
MLUA_WEAPONTIERDATALOGIC_028,조용히 들고 다니기 좋은 단검.,RootDesk/MyDesk/Inventory/Core/Logic/WeaponTierDataLogic.mlua:192,,,
MLUA_WEAPONTIERDATALOGIC_029,피를 좋아할 것처럼 생겼다.,RootDesk/MyDesk/Inventory/Core/Logic/WeaponTierDataLogic.mlua:193,,,
MLUA_WEAPONTIERDATALOGIC_030,제복을 입으면 왠지 강해진 기분이 든다.,RootDesk/MyDesk/Inventory/Core/Logic/WeaponTierDataLogic.mlua:200,,,
MLUA_WEAPONTIERDATALOGIC_031,어둠 속에서도 존재감이 확실하다.,RootDesk/MyDesk/Inventory/Core/Logic/WeaponTierDataLogic.mlua:201,,,
MLUA_WEAPONTIERDATALOGIC_032,수련기사의 첫걸음을 함께하는 로브.,RootDesk/MyDesk/Inventory/Core/Logic/WeaponTierDataLogic.mlua:202,,,
MLUA_WEAPONTIERDATALOGIC_033,이름부터 이미 훌륭하다.,RootDesk/MyDesk/Inventory/Core/Logic/WeaponTierDataLogic.mlua:203,,,
MLUA_WEAPONTIERDATALOGIC_034,보기만 해도 조금 추워진다.,RootDesk/MyDesk/Inventory/Core/Logic/WeaponTierDataLogic.mlua:204,,,
MLUA_WEAPONTIERDATALOGIC_035,이름부터 최종병기 느낌이다.,RootDesk/MyDesk/Inventory/Core/Logic/WeaponTierDataLogic.mlua:205,,,
MLUA_WEAPONTIERDATALOGIC_036,기사단에 들어가면 제일 먼저 받는 옷.,RootDesk/MyDesk/Inventory/Core/Logic/WeaponTierDataLogic.mlua:212,,,
MLUA_WEAPONTIERDATALOGIC_037,특별한 날에만 입는 옷 같다.,RootDesk/MyDesk/Inventory/Core/Logic/WeaponTierDataLogic.mlua:213,,,
MLUA_WEAPONTIERDATALOGIC_038,푸른 보석이 은근히 고급스럽다.,RootDesk/MyDesk/Inventory/Core/Logic/WeaponTierDataLogic.mlua:214,,,
MLUA_WEAPONTIERDATALOGIC_039,베릴보다 비싸 보인다. 실제로도 그렇다.,RootDesk/MyDesk/Inventory/Core/Logic/WeaponTierDataLogic.mlua:215,,,
MLUA_WEAPONTIERDATALOGIC_040,입는 순간 격이 달라 보인다.,RootDesk/MyDesk/Inventory/Core/Logic/WeaponTierDataLogic.mlua:216,,,
MLUA_WEAPONTIERDATALOGIC_041,검은색은 언제나 강해 보인다.,RootDesk/MyDesk/Inventory/Core/Logic/WeaponTierDataLogic.mlua:217,,,
MLUA_WEAPONTIERDATALOGIC_042,급하게 만든 것치고는 제법 쓸 만하다.,RootDesk/MyDesk/Inventory/Core/Logic/WeaponTierDataLogic.mlua:223,,,
MLUA_WEAPONTIERDATALOGIC_043,뼈를 뒤집어썼다. 꽤 무섭다.,RootDesk/MyDesk/Inventory/Core/Logic/WeaponTierDataLogic.mlua:224,,,
MLUA_WEAPONTIERDATALOGIC_044,자쿰의 힘을 머리에 얹었다.,RootDesk/MyDesk/Inventory/Core/Logic/WeaponTierDataLogic.mlua:225,,,
MLUA_WEAPONTIERDATALOGIC_045,해적의 멋을 조금 빌려왔다.,RootDesk/MyDesk/Inventory/Core/Logic/WeaponTierDataLogic.mlua:226,,,
MLUA_WEAPONTIERDATALOGIC_046,별빛과 깃털이 제법 잘 어울린다.,RootDesk/MyDesk/Inventory/Core/Logic/WeaponTierDataLogic.mlua:227,,,
MLUA_WEAPONTIERDATALOGIC_047,머리 위에 벨룸을 얹은 기분이다.,RootDesk/MyDesk/Inventory/Core/Logic/WeaponTierDataLogic.mlua:228,,,
MLUA_WEAPONTIERDATALOGIC_048,일단 끼면 뭐든 할 수 있을 것 같다.,RootDesk/MyDesk/Inventory/Core/Logic/WeaponTierDataLogic.mlua:234,,,
MLUA_WEAPONTIERDATALOGIC_049,손끝까지 날렵해지는 느낌이다.,RootDesk/MyDesk/Inventory/Core/Logic/WeaponTierDataLogic.mlua:235,,,
MLUA_WEAPONTIERDATALOGIC_050,평범하지만 기본은 확실하다.,RootDesk/MyDesk/Inventory/Core/Logic/WeaponTierDataLogic.mlua:236,,,
MLUA_WEAPONTIERDATALOGIC_051,함장이라면 이 정도는 껴줘야 한다.,RootDesk/MyDesk/Inventory/Core/Logic/WeaponTierDataLogic.mlua:237,,,
MLUA_WEAPONTIERDATALOGIC_052,무공이 사용했다는 전설의 장갑.,RootDesk/MyDesk/Inventory/Core/Logic/WeaponTierDataLogic.mlua:238,,,
MLUA_WEAPONTIERDATALOGIC_053,이름은 귀엽지만 장갑은 강력하다.,RootDesk/MyDesk/Inventory/Core/Logic/WeaponTierDataLogic.mlua:239,,,
MLUA_WEAPONTIERDATALOGIC_054,누가 만들었는지도 모를 밋밋한 은반지.,RootDesk/MyDesk/Inventory/Core/Logic/WeaponTierDataLogic.mlua:244,,,
MLUA_WEAPONTIERDATALOGIC_055,새벽빛을 한 조각 떼어 박아 넣었다고 한다.,RootDesk/MyDesk/Inventory/Core/Logic/WeaponTierDataLogic.mlua:245,,,
MLUA_WEAPONTIERDATALOGIC_056,겨울에 피는 꽃을 그대로 굳혀 놓은 듯하다.,RootDesk/MyDesk/Inventory/Core/Logic/WeaponTierDataLogic.mlua:246,,,
MLUA_WEAPONTIERDATALOGIC_057,지켜주겠다는 약속이 반지 모양으로 남았다.,RootDesk/MyDesk/Inventory/Core/Logic/WeaponTierDataLogic.mlua:247,,,
MLUA_WEAPONTIERDATALOGIC_058,요정 여왕이 흘린 눈물이라기엔 너무 단단하다.,RootDesk/MyDesk/Inventory/Core/Logic/WeaponTierDataLogic.mlua:248,,,
MLUA_WEAPONTIERDATALOGIC_059,들여다보면 저쪽에서도 이쪽을 보고 있다.,RootDesk/MyDesk/Inventory/Core/Logic/WeaponTierDataLogic.mlua:249,,,
MLUA_WEAPONTIERDATALOGIC_060,낡았지만 없는 것보단 낫다.,RootDesk/MyDesk/Inventory/Core/Logic/WeaponTierDataLogic.mlua:254,,,
MLUA_WEAPONTIERDATALOGIC_061,보기만 해도 마음이 조금 편안해진다.,RootDesk/MyDesk/Inventory/Core/Logic/WeaponTierDataLogic.mlua:255,,,
MLUA_WEAPONTIERDATALOGIC_062,하늘을 날 수 있을 것 같지만 못 난다.,RootDesk/MyDesk/Inventory/Core/Logic/WeaponTierDataLogic.mlua:256,,,
MLUA_WEAPONTIERDATALOGIC_063,검은색이라 어디에나 잘 어울린다.,RootDesk/MyDesk/Inventory/Core/Logic/WeaponTierDataLogic.mlua:257,,,
MLUA_WEAPONTIERDATALOGIC_064,붉은 날개를 두른 듯한 망토.,RootDesk/MyDesk/Inventory/Core/Logic/WeaponTierDataLogic.mlua:258,,,
MLUA_WEAPONTIERDATALOGIC_065,푸른색이라 제법 시원해 보인다.,RootDesk/MyDesk/Inventory/Core/Logic/WeaponTierDataLogic.mlua:259,,,
MLUA_WEAPONTIERDATALOGIC_066,나무 스태프,RootDesk/MyDesk/Inventory/Core/Logic/WeaponTierDataLogic.mlua:287,,,
MLUA_WEAPONTIERDATALOGIC_067,아크 스태프,RootDesk/MyDesk/Inventory/Core/Logic/WeaponTierDataLogic.mlua:306,,,
MLUA_WEAPONTIERDATALOGIC_068,공격력,RootDesk/MyDesk/Inventory/Core/Logic/WeaponTierDataLogic.mlua:308 | RootDesk/MyDesk/Inventory/Core/Logic/WeaponTierDataLogic.mlua:343 | RootDesk/MyDesk/UI/WorldCharacterSelectUI.mlua:206,,,
MLUA_WEAPONTIERDATALOGIC_069,이블윙즈,RootDesk/MyDesk/Inventory/Core/Logic/WeaponTierDataLogic.mlua:321,,,
MLUA_WEAPONTIERDATALOGIC_070,적 100마리 처치 시 Lv.3 썬더 볼트,RootDesk/MyDesk/Inventory/Core/Logic/WeaponTierDataLogic.mlua:333,,,
MLUA_WEAPONTIERDATALOGIC_071,적 100마리 처치 시 Lv.3 썬더 커터,RootDesk/MyDesk/Inventory/Core/Logic/WeaponTierDataLogic.mlua:334,,,
MLUA_WEAPONTIERDATALOGIC_072,적 100마리 처치 시 Lv.3 에너지 볼트,RootDesk/MyDesk/Inventory/Core/Logic/WeaponTierDataLogic.mlua:335,,,
MLUA_WEAPONTIERDATALOGIC_073,적 100마리 처치 시 Lv.3 페페,RootDesk/MyDesk/Inventory/Core/Logic/WeaponTierDataLogic.mlua:336,,,
MLUA_WEAPONTIERDATALOGIC_074,케이그,RootDesk/MyDesk/Inventory/Core/Logic/WeaponTierDataLogic.mlua:341,,,
MLUA_WEAPONTIERDATALOGIC_075,드래곤 스태프,RootDesk/MyDesk/Inventory/Core/Logic/WeaponTierDataLogic.mlua:356,,,
MLUA_WEAPONTIERDATALOGIC_076,쿨타임,RootDesk/MyDesk/Inventory/Core/Logic/WeaponTierDataLogic.mlua:358,,,
MLUA_WEAPONTIERDATALOGIC_077,쟈이힌 스태프,RootDesk/MyDesk/Inventory/Core/Logic/WeaponTierDataLogic.mlua:371,,,
MLUA_WEAPONTIERDATALOGIC_078,Lv.5 썬더 볼트,RootDesk/MyDesk/Inventory/Core/Logic/WeaponTierDataLogic.mlua:388,,,
MLUA_WEAPONTIERDATALOGIC_079,Lv.5 썬더 커터,RootDesk/MyDesk/Inventory/Core/Logic/WeaponTierDataLogic.mlua:389,,,
MLUA_WEAPONTIERDATALOGIC_080,Lv.5 에너지 볼트,RootDesk/MyDesk/Inventory/Core/Logic/WeaponTierDataLogic.mlua:390,,,
MLUA_WEAPONTIERDATALOGIC_081,Lv.5 페페,RootDesk/MyDesk/Inventory/Core/Logic/WeaponTierDataLogic.mlua:391,,,
MLUA_WEAPONTIERDATALOGIC_082,무명의 은반지,RootDesk/MyDesk/Inventory/Core/Logic/WeaponTierDataLogic.mlua:419,,,
MLUA_WEAPONTIERDATALOGIC_083,여명의 금반지,RootDesk/MyDesk/Inventory/Core/Logic/WeaponTierDataLogic.mlua:421,,,
MLUA_WEAPONTIERDATALOGIC_084,서리꽃 반지,RootDesk/MyDesk/Inventory/Core/Logic/WeaponTierDataLogic.mlua:423,,,
MLUA_WEAPONTIERDATALOGIC_085,천사의 맹세,RootDesk/MyDesk/Inventory/Core/Logic/WeaponTierDataLogic.mlua:425,,,
MLUA_WEAPONTIERDATALOGIC_086,페어리퀸의 눈물,RootDesk/MyDesk/Inventory/Core/Logic/WeaponTierDataLogic.mlua:427,,,
MLUA_WEAPONTIERDATALOGIC_087,심연의 눈동자,RootDesk/MyDesk/Inventory/Core/Logic/WeaponTierDataLogic.mlua:429,,,
MLUA_WEAPONTIERDATALOGIC_088,워 보우,RootDesk/MyDesk/Inventory/Core/Logic/WeaponTierDataLogic.mlua:435,,,
MLUA_WEAPONTIERDATALOGIC_089,레드 바이퍼,RootDesk/MyDesk/Inventory/Core/Logic/WeaponTierDataLogic.mlua:436,,,
MLUA_WEAPONTIERDATALOGIC_090,기본 공격 피해량 {P}% 증가,RootDesk/MyDesk/Inventory/Core/Logic/WeaponTierDataLogic.mlua:436 | RootDesk/MyDesk/Inventory/Core/Logic/WeaponTierDataLogic.mlua:438,,,
MLUA_WEAPONTIERDATALOGIC_091,봉황위궁,RootDesk/MyDesk/Inventory/Core/Logic/WeaponTierDataLogic.mlua:437,,,
MLUA_WEAPONTIERDATALOGIC_092,적 10마리 처치 시 추가 기본 공격,RootDesk/MyDesk/Inventory/Core/Logic/WeaponTierDataLogic.mlua:437,,,
MLUA_WEAPONTIERDATALOGIC_093,골든 아룬드,RootDesk/MyDesk/Inventory/Core/Logic/WeaponTierDataLogic.mlua:438,,,
MLUA_WEAPONTIERDATALOGIC_094,메투스,RootDesk/MyDesk/Inventory/Core/Logic/WeaponTierDataLogic.mlua:439,,,
MLUA_WEAPONTIERDATALOGIC_095,골든 니스록,RootDesk/MyDesk/Inventory/Core/Logic/WeaponTierDataLogic.mlua:440,,,
MLUA_WEAPONTIERDATALOGIC_096,기본 공격 시 {P}% 확률로 추가 공격 1회 발동,RootDesk/MyDesk/Inventory/Core/Logic/WeaponTierDataLogic.mlua:440,,,
MLUA_WEAPONTIERDATALOGIC_097,양손검,RootDesk/MyDesk/Inventory/Core/Logic/WeaponTierDataLogic.mlua:445,,,
MLUA_WEAPONTIERDATALOGIC_098,하이랜더,RootDesk/MyDesk/Inventory/Core/Logic/WeaponTierDataLogic.mlua:446,,,
MLUA_WEAPONTIERDATALOGIC_099,공격력 {P}%,RootDesk/MyDesk/Inventory/Core/Logic/WeaponTierDataLogic.mlua:446 | RootDesk/MyDesk/Inventory/Core/Logic/WeaponTierDataLogic.mlua:448,,,
MLUA_WEAPONTIERDATALOGIC_100,그리스,RootDesk/MyDesk/Inventory/Core/Logic/WeaponTierDataLogic.mlua:447,,,
MLUA_WEAPONTIERDATALOGIC_101,적 30마리 처치 시 HP {P}% 회복,RootDesk/MyDesk/Inventory/Core/Logic/WeaponTierDataLogic.mlua:447,,,
MLUA_WEAPONTIERDATALOGIC_102,그륜힐,RootDesk/MyDesk/Inventory/Core/Logic/WeaponTierDataLogic.mlua:448,,,
MLUA_WEAPONTIERDATALOGIC_103,청운검,RootDesk/MyDesk/Inventory/Core/Logic/WeaponTierDataLogic.mlua:449,,,
MLUA_WEAPONTIERDATALOGIC_104,받는 피해 {P}% 감소,RootDesk/MyDesk/Inventory/Core/Logic/WeaponTierDataLogic.mlua:449 | RootDesk/MyDesk/Inventory/Core/Logic/WeaponTierDataLogic.mlua:470,,,
MLUA_WEAPONTIERDATALOGIC_105,참화도,RootDesk/MyDesk/Inventory/Core/Logic/WeaponTierDataLogic.mlua:450,,,
MLUA_WEAPONTIERDATALOGIC_106,HP 30% 이하 시 공격력 {P}% 증가,RootDesk/MyDesk/Inventory/Core/Logic/WeaponTierDataLogic.mlua:450,,,
MLUA_WEAPONTIERDATALOGIC_107,삼각 자마다르,RootDesk/MyDesk/Inventory/Core/Logic/WeaponTierDataLogic.mlua:455,,,
MLUA_WEAPONTIERDATALOGIC_108,태극부채,RootDesk/MyDesk/Inventory/Core/Logic/WeaponTierDataLogic.mlua:456,,,
MLUA_WEAPONTIERDATALOGIC_109,게타,RootDesk/MyDesk/Inventory/Core/Logic/WeaponTierDataLogic.mlua:457,,,
MLUA_WEAPONTIERDATALOGIC_110,"몬스터 30마리 처치 시 치명타 확률 {P}% 증가(10초), 지속시간동안 갱신X",RootDesk/MyDesk/Inventory/Core/Logic/WeaponTierDataLogic.mlua:457,,,
MLUA_WEAPONTIERDATALOGIC_111,용천권,RootDesk/MyDesk/Inventory/Core/Logic/WeaponTierDataLogic.mlua:458,,,
MLUA_WEAPONTIERDATALOGIC_112,바키트,RootDesk/MyDesk/Inventory/Core/Logic/WeaponTierDataLogic.mlua:459,,,
MLUA_WEAPONTIERDATALOGIC_113,블러드 대거,RootDesk/MyDesk/Inventory/Core/Logic/WeaponTierDataLogic.mlua:460,,,
MLUA_WEAPONTIERDATALOGIC_114,"기본 공격시 {C}% 확률 치명타 피해 {P}% 증가(10초), 지속시간동안 갱신X",RootDesk/MyDesk/Inventory/Core/Logic/WeaponTierDataLogic.mlua:460,,,
MLUA_WEAPONTIERDATALOGIC_115,드라카즈 제복,RootDesk/MyDesk/Inventory/Core/Logic/WeaponTierDataLogic.mlua:465,,,
MLUA_WEAPONTIERDATALOGIC_116,다크 오로라 로브,RootDesk/MyDesk/Inventory/Core/Logic/WeaponTierDataLogic.mlua:466,,,
MLUA_WEAPONTIERDATALOGIC_117,전투 시작 시 최대 HP의 {P}% 보호막 획득,RootDesk/MyDesk/Inventory/Core/Logic/WeaponTierDataLogic.mlua:466 | RootDesk/MyDesk/Inventory/Core/Logic/WeaponTierDataLogic.mlua:478,,,
MLUA_WEAPONTIERDATALOGIC_118,빛의 수련기사 로브,RootDesk/MyDesk/Inventory/Core/Logic/WeaponTierDataLogic.mlua:467,,,
MLUA_WEAPONTIERDATALOGIC_119,몬스터 50마리 처치 시 HP {P}% 회복,RootDesk/MyDesk/Inventory/Core/Logic/WeaponTierDataLogic.mlua:467 | RootDesk/MyDesk/Inventory/Core/Logic/WeaponTierDataLogic.mlua:479,,,
MLUA_WEAPONTIERDATALOGIC_120,여제의 쓸만한 로브,RootDesk/MyDesk/Inventory/Core/Logic/WeaponTierDataLogic.mlua:470,,,
MLUA_WEAPONTIERDATALOGIC_121,템페스트 후드로브,RootDesk/MyDesk/Inventory/Core/Logic/WeaponTierDataLogic.mlua:471,,,
MLUA_WEAPONTIERDATALOGIC_122,HP 30% 이하일 때 받는 피해 {P}% 감소,RootDesk/MyDesk/Inventory/Core/Logic/WeaponTierDataLogic.mlua:471 | RootDesk/MyDesk/Inventory/Core/Logic/WeaponTierDataLogic.mlua:481,,,
MLUA_WEAPONTIERDATALOGIC_123,얼티밋 슈트,RootDesk/MyDesk/Inventory/Core/Logic/WeaponTierDataLogic.mlua:472,,,
MLUA_WEAPONTIERDATALOGIC_124,치명적인 피해를 받을 때 5초 무적(전투당 1회),RootDesk/MyDesk/Inventory/Core/Logic/WeaponTierDataLogic.mlua:472,,,
MLUA_WEAPONTIERDATALOGIC_125,기사단 제복,RootDesk/MyDesk/Inventory/Core/Logic/WeaponTierDataLogic.mlua:477,,,
MLUA_WEAPONTIERDATALOGIC_126,10주년 화이트 슈트,RootDesk/MyDesk/Inventory/Core/Logic/WeaponTierDataLogic.mlua:478,,,
MLUA_WEAPONTIERDATALOGIC_127,메이플 베릴 리센느,RootDesk/MyDesk/Inventory/Core/Logic/WeaponTierDataLogic.mlua:479,,,
MLUA_WEAPONTIERDATALOGIC_128,메이플 래티넘 리센느,RootDesk/MyDesk/Inventory/Core/Logic/WeaponTierDataLogic.mlua:480,,,
MLUA_WEAPONTIERDATALOGIC_129,피격 시 {P}% 확률로 피해 무효화,RootDesk/MyDesk/Inventory/Core/Logic/WeaponTierDataLogic.mlua:480,,,
MLUA_WEAPONTIERDATALOGIC_130,메이플 이올렛 슈트,RootDesk/MyDesk/Inventory/Core/Logic/WeaponTierDataLogic.mlua:481,,,
MLUA_WEAPONTIERDATALOGIC_131,10주년 블랙 슈트,RootDesk/MyDesk/Inventory/Core/Logic/WeaponTierDataLogic.mlua:482,,,
MLUA_WEAPONTIERDATALOGIC_132,HP가 20% 이하가 되면 즉시 HP {P}% 회복(전투당 1회),RootDesk/MyDesk/Inventory/Core/Logic/WeaponTierDataLogic.mlua:482,,,
MLUA_WEAPONTIERDATALOGIC_133,신문지 투구,RootDesk/MyDesk/Inventory/Core/Logic/WeaponTierDataLogic.mlua:487,,,
MLUA_WEAPONTIERDATALOGIC_134,본 헬름,RootDesk/MyDesk/Inventory/Core/Logic/WeaponTierDataLogic.mlua:488,,,
MLUA_WEAPONTIERDATALOGIC_135,공격력 +{P}%,RootDesk/MyDesk/Inventory/Core/Logic/WeaponTierDataLogic.mlua:488 | RootDesk/MyDesk/Inventory/Core/Logic/WeaponTierDataLogic.mlua:490,,,
MLUA_WEAPONTIERDATALOGIC_136,자쿰의 투구,RootDesk/MyDesk/Inventory/Core/Logic/WeaponTierDataLogic.mlua:489,,,
MLUA_WEAPONTIERDATALOGIC_137,몬스터 50마리 처치 시 모든 스킬 쿨타임 {P}% 감소,RootDesk/MyDesk/Inventory/Core/Logic/WeaponTierDataLogic.mlua:489,,,
MLUA_WEAPONTIERDATALOGIC_138,데비존의 모자,RootDesk/MyDesk/Inventory/Core/Logic/WeaponTierDataLogic.mlua:490,,,
MLUA_WEAPONTIERDATALOGIC_139,템페스트 깃털모자,RootDesk/MyDesk/Inventory/Core/Logic/WeaponTierDataLogic.mlua:493,,,
MLUA_WEAPONTIERDATALOGIC_140,스킬 사용 시 다음 기본 공격의 대미지 {P}% 증가 (10초),RootDesk/MyDesk/Inventory/Core/Logic/WeaponTierDataLogic.mlua:493,,,
MLUA_WEAPONTIERDATALOGIC_141,벨룸의 헬름,RootDesk/MyDesk/Inventory/Core/Logic/WeaponTierDataLogic.mlua:494,,,
MLUA_WEAPONTIERDATALOGIC_142,스킬 사용 후 다음 스킬의 대미지 {P}% 증가 (10초),RootDesk/MyDesk/Inventory/Core/Logic/WeaponTierDataLogic.mlua:494,,,
MLUA_WEAPONTIERDATALOGIC_143,노가다 목장갑,RootDesk/MyDesk/Inventory/Core/Logic/WeaponTierDataLogic.mlua:499,,,
MLUA_WEAPONTIERDATALOGIC_144,알타이르 글러브,RootDesk/MyDesk/Inventory/Core/Logic/WeaponTierDataLogic.mlua:500,,,
MLUA_WEAPONTIERDATALOGIC_145,기본 공격 대미지 +{P}%,RootDesk/MyDesk/Inventory/Core/Logic/WeaponTierDataLogic.mlua:500,,,
MLUA_WEAPONTIERDATALOGIC_146,하드레더 글로브,RootDesk/MyDesk/Inventory/Core/Logic/WeaponTierDataLogic.mlua:502,,,
MLUA_WEAPONTIERDATALOGIC_147,기본 공격 20회마다 다음 기본 공격의 치명타 확률 +{P}% 증가 (5초),RootDesk/MyDesk/Inventory/Core/Logic/WeaponTierDataLogic.mlua:502,,,
MLUA_WEAPONTIERDATALOGIC_148,해군 함장의 장갑,RootDesk/MyDesk/Inventory/Core/Logic/WeaponTierDataLogic.mlua:503,,,
MLUA_WEAPONTIERDATALOGIC_149,기본 공격 30회마다 다음 기본 공격의 대미지 {P}% 증가,RootDesk/MyDesk/Inventory/Core/Logic/WeaponTierDataLogic.mlua:503,,,
MLUA_WEAPONTIERDATALOGIC_150,무공의 장갑,RootDesk/MyDesk/Inventory/Core/Logic/WeaponTierDataLogic.mlua:504,,,
MLUA_WEAPONTIERDATALOGIC_151,기본 공격으로 적 처치 시 다음 기본 공격의 대미지 {P}% 증가,RootDesk/MyDesk/Inventory/Core/Logic/WeaponTierDataLogic.mlua:504,,,
MLUA_WEAPONTIERDATALOGIC_152,소공의 장갑,RootDesk/MyDesk/Inventory/Core/Logic/WeaponTierDataLogic.mlua:505,,,
MLUA_WEAPONTIERDATALOGIC_153,기본 공격 10회마다 강화 공격 발동 (기본 공격 대미지의 200%),RootDesk/MyDesk/Inventory/Core/Logic/WeaponTierDataLogic.mlua:505,,,
MLUA_WEAPONTIERDATALOGIC_154,허름한 망토,RootDesk/MyDesk/Inventory/Core/Logic/WeaponTierDataLogic.mlua:510,,,
MLUA_WEAPONTIERDATALOGIC_155,온화의 망토,RootDesk/MyDesk/Inventory/Core/Logic/WeaponTierDataLogic.mlua:511,,,
MLUA_WEAPONTIERDATALOGIC_156,피해량 +{P}%,RootDesk/MyDesk/Inventory/Core/Logic/WeaponTierDataLogic.mlua:511,,,
MLUA_WEAPONTIERDATALOGIC_157,이카루스 망토,RootDesk/MyDesk/Inventory/Core/Logic/WeaponTierDataLogic.mlua:513,,,
MLUA_WEAPONTIERDATALOGIC_158,몬스터 50마리 처치 시 피해량 +{P}% (10초),RootDesk/MyDesk/Inventory/Core/Logic/WeaponTierDataLogic.mlua:513,,,
MLUA_WEAPONTIERDATALOGIC_159,검은색 가이아의 망토,RootDesk/MyDesk/Inventory/Core/Logic/WeaponTierDataLogic.mlua:514,,,
MLUA_WEAPONTIERDATALOGIC_160,엘리트/보스 몬스터에게 주는 피해량 +{P}%,RootDesk/MyDesk/Inventory/Core/Logic/WeaponTierDataLogic.mlua:514 | RootDesk/MyDesk/Inventory/Core/Logic/WeaponTierDataLogic.mlua:516,,,
MLUA_WEAPONTIERDATALOGIC_161,빨간색 세라프의 망토,RootDesk/MyDesk/Inventory/Core/Logic/WeaponTierDataLogic.mlua:515,,,
MLUA_WEAPONTIERDATALOGIC_162,체력 +{P}%,RootDesk/MyDesk/Inventory/Core/Logic/WeaponTierDataLogic.mlua:515,,,
MLUA_WEAPONTIERDATALOGIC_163,파란색 자일즈의 망토,RootDesk/MyDesk/Inventory/Core/Logic/WeaponTierDataLogic.mlua:516,,,
MLUA_WEAPONTIERDATALOGIC_164,기본 공격시 %s%% 확률 %s,RootDesk/MyDesk/Inventory/Core/Logic/WeaponTierDataLogic.mlua:929,,,
MLUA_WORLDCHARACTERSELECTUI_001,아르카나,RootDesk/MyDesk/UI/WorldCharacterSelectUI.mlua:88 | /ui/TitleGroup/SkillPanel/CharacterFilterList/btnCharArcana,Arcana,,
MLUA_WORLDCHARACTERSELECTUI_002,번개와 얼음을 자유자재로 다루는 살짝 어벙한 마법사,RootDesk/MyDesk/UI/WorldCharacterSelectUI.mlua:88,,,
MLUA_WORLDCHARACTERSELECTUI_003,장비 250개를 획득하세요!,RootDesk/MyDesk/UI/WorldCharacterSelectUI.mlua:98 | RootDesk/MyDesk/UI/WorldCharacterSelectUI.mlua:319,,,
MLUA_WORLDCHARACTERSELECTUI_004,"아무 몬스터 100,000마리를 처치하세요!",RootDesk/MyDesk/UI/WorldCharacterSelectUI.mlua:102 | RootDesk/MyDesk/UI/WorldCharacterSelectUI.mlua:333,,,
MLUA_WORLDCHARACTERSELECTUI_006,폭풍을 머금은 화살로 전장을 휩쓰는 궁수,RootDesk/MyDesk/UI/WorldCharacterSelectUI.mlua:284,,,
MLUA_WORLDCHARACTERSELECTUI_007,태초의 마을에 숨겨진 봉인을 찾아 해제하세요!,RootDesk/MyDesk/UI/WorldCharacterSelectUI.mlua:288,,,
MLUA_WORLDCHARACTERSELECTUI_008,강인한 육체와 엄청난 힘으로 적을 압도하는 전사,RootDesk/MyDesk/UI/WorldCharacterSelectUI.mlua:300,,,
MLUA_WORLDCHARACTERSELECTUI_009,구름정원 콜로세움에서 1위를 차지하세요!,RootDesk/MyDesk/UI/WorldCharacterSelectUI.mlua:304,,,
MLUA_WORLDCHARACTERSELECTUI_010,준비 중인 캐릭터입니다.,RootDesk/MyDesk/UI/WorldCharacterSelectUI.mlua:378,,,
MLUA_ZONE21ALIENEASTEREGGLOGIC_001,외계인의 습격이 일어납니다!,RootDesk/MyDesk/Zone21AlienEasterEggLogic.mlua:48,,,
UI_ACHIEVEMENTGROUP_001,모두 받기,/ui/AchievementGroup/Panel/BtnClaimAll,Claim All,,
UI_ACHIEVEMENTGROUP_002,업적 달성 0 / 50,/ui/AchievementGroup/Panel/CountText,,,
UI_ACHIEVEMENTGROUP_003,업적 조건,/ui/AchievementGroup/Panel/List/Grid/RowTemplate/DescText,,,
UI_ACHIEVEMENTGROUP_004,업적 이름,/ui/AchievementGroup/Panel/List/Grid/RowTemplate/NameText,,,
UI_CHARACTERUNLOCKGROUP_001,획득,/ui/CharacterUnlockGroup/Panel/BtnAcquire,,,
UI_DEFAULTGROUP_001,보너스 스테이지,/ui/DefaultGroup/BonusBossBoard/Inner/Label | /ui/DefaultGroup/Map10BonusBossBoard/Inner/Label,,,
UI_DEFAULTGROUP_002,쿨타임 : 0s,/ui/DefaultGroup/CardTooltip/TooltipCd,,,
UI_DEFAULTGROUP_003,데미지 : 0,/ui/DefaultGroup/CardTooltip/TooltipDmg,,,
UI_DEFAULTGROUP_004,카드 이름,/ui/DefaultGroup/CardTooltip/TooltipName,Card Name,,
UI_DEFAULTGROUP_005,총 대미지,/ui/DefaultGroup/DpsMeter/Board/Footer/Label,,,
UI_DEFAULTGROUP_006,히든맵 탈출까지,/ui/DefaultGroup/Ep3Map4Ester1Board/Inner/Label,,,
UI_DEFAULTGROUP_007,경험치 2배!,/ui/DefaultGroup/ExpBoostBoard/Inner/Label,,,
UI_DEFAULTGROUP_008,남은 시간,/ui/DefaultGroup/TimeAttackBoard/Inner/Label,,,
UI_EPISODEREWARDGROUP_001,에피소드 보상,/ui/EpisodeRewardGroup/Panel/Title,,,
UI_EPISODEREWARDGROUP_002,"EP1 
5분 생존!",/ui/EpisodeRewardGroup/Panel/Viewport/Strip/Card1/Label,,,
UI_EPISODEREWARDGROUP_003,"EP1 
10분 생존!",/ui/EpisodeRewardGroup/Panel/Viewport/Strip/Card2/Label,,,
UI_EPISODEREWARDGROUP_004,"EP1 
15분 생존!",/ui/EpisodeRewardGroup/Panel/Viewport/Strip/Card3/Label,,,
UI_EPISODEREWARDGROUP_005,"EP2 
5분 생존!",/ui/EpisodeRewardGroup/Panel/Viewport/Strip/Card4/Label,,,
UI_EPISODEREWARDGROUP_006,"EP2 
10분 생존!",/ui/EpisodeRewardGroup/Panel/Viewport/Strip/Card5/Label,,,
UI_EPISODEREWARDGROUP_007,"EP2 
15분 생존!",/ui/EpisodeRewardGroup/Panel/Viewport/Strip/Card6/Label,,,
UI_EPISODEREWARDGROUP_008,"EP3 
5분 생존!",/ui/EpisodeRewardGroup/Panel/Viewport/Strip/Card7/Label,,,
UI_EPISODEREWARDGROUP_009,"EP3 
10분 생존!",/ui/EpisodeRewardGroup/Panel/Viewport/Strip/Card8/Label,,,
UI_EPISODEREWARDGROUP_010,"EP3 
15분 생존!",/ui/EpisodeRewardGroup/Panel/Viewport/Strip/Card9/Label,,,
UI_EQUIPMENTGROUP_001,합성,/ui/EquipmentGroup/Inventory/ComposePopup/Panel/ComposeButton | /ui/EquipmentGroup/Inventory/EquipPopup/Panel/LeftColumn/ComposeButton/Label,,,
UI_EQUIPMENTGROUP_002,노말 → 레어,/ui/EquipmentGroup/Inventory/ComposePopup/Panel/LeftColumn/BG_2/InfoBox/GradeText,,,
UI_EQUIPMENTGROUP_003,품질 - 유지,/ui/EquipmentGroup/Inventory/ComposePopup/Panel/LeftColumn/BG_2/InfoBox/QualityRow1/Label | /ui/EquipmentGroup/Inventory/ComposePopup/Panel/LeftColumn/BG_2/InfoBox/QualityRow2/Label,,,
UI_EQUIPMENTGROUP_004,품질 승급 확률,/ui/EquipmentGroup/Inventory/ComposePopup/Panel/LeftColumn/BG_2/InfoBox/QualityTitle,,,
UI_EQUIPMENTGROUP_005,스킬 추가!,/ui/EquipmentGroup/Inventory/ComposePopup/Panel/LeftColumn/BG_2/InfoBox/SkillText,,,
UI_EQUIPMENTGROUP_006,합성 결과,/ui/EquipmentGroup/Inventory/ComposePopup/Panel/LeftColumn/BG_2/InfoBox/TitleText,,,
UI_EQUIPMENTGROUP_007,전체,/ui/EquipmentGroup/Inventory/ComposePopup/Panel/RightPanel/TabHolder/All/Background/UIText | /ui/EquipmentGroup/Inventory/Panel/InventoryPanel/TabHolder/All/Background/UIText | /ui/ShadowShopGroup/Panel/TabAll | /ui/TitleGroup/SkillPanel/CharacterFilterList/btnCharAll | /ui/TitleGroup/SkillPanel/GradeFilterList/btnGradeAll,All,,
UI_EQUIPMENTGROUP_008,아니오,/ui/EquipmentGroup/Inventory/ComposePopup/Panel/RiskWarning/Box/CancelButton | /ui/EquipmentGroup/Inventory/SellConfirm/Panel/BtnNo | /ui/OptionGroup/ConfirmPanel/BtnNo,,,
UI_EQUIPMENTGROUP_009,예,/ui/EquipmentGroup/Inventory/ComposePopup/Panel/RiskWarning/Box/ConfirmButton | /ui/EquipmentGroup/Inventory/SellConfirm/Panel/BtnYes | /ui/OptionGroup/ConfirmPanel/BtnYes,,,
UI_EQUIPMENTGROUP_010,"높은 등급의 장비가 사라집니다.
합성 후에는 되돌릴 수 없습니다.",/ui/EquipmentGroup/Inventory/ComposePopup/Panel/RiskWarning/Box/SubMessage,,,
UI_EQUIPMENTGROUP_011,정말 합성하시겠습니까?,/ui/EquipmentGroup/Inventory/ComposePopup/Panel/RiskWarning/Box/Text,,,
UI_EQUIPMENTGROUP_012,장비 합성,/ui/EquipmentGroup/Inventory/ComposePopup/Panel/Title,,,
UI_EQUIPMENTGROUP_013,일괄 레벨업,/ui/EquipmentGroup/Inventory/EquipPopup/Panel/ButtonBatchLevelUp/Label,,,
UI_EQUIPMENTGROUP_014,레벨업,/ui/EquipmentGroup/Inventory/EquipPopup/Panel/ButtonLevelUp/Label,,,
UI_EQUIPMENTGROUP_015,잠금,/ui/EquipmentGroup/Inventory/EquipPopup/Panel/ButtonLock/TextLock,,,
UI_EQUIPMENTGROUP_016,삭제,/ui/EquipmentGroup/Inventory/EquipPopup/Panel/LeftColumn/ButtonDelete/Label,,,
UI_EQUIPMENTGROUP_017,아이템 설명,/ui/EquipmentGroup/Inventory/EquipPopup/Panel/RightColumn/DescBox/Text,,,
UI_EQUIPMENTGROUP_018,（등급 도달 시 해금）,/ui/EquipmentGroup/Inventory/EquipPopup/Panel/RightColumn/GradeSkillBox/Row0/Text | /ui/EquipmentGroup/Inventory/EquipPopup/Panel/RightColumn/GradeSkillBox/Row1/Text | /ui/EquipmentGroup/Inventory/EquipPopup/Panel/RightColumn/GradeSkillBox/Row2/Text | /ui/EquipmentGroup/Inventory/EquipPopup/Panel/RightColumn/GradeSkillBox/Row3/Text | /ui/EquipmentGroup/Inventory/EquipPopup/Panel/RightColumn/GradeSkillBox/Row4/Text,,,
UI_EQUIPMENTGROUP_019,등급 스킬,/ui/EquipmentGroup/Inventory/EquipPopup/Panel/RightColumn/GradeSkillBox/Title,,,
UI_EQUIPMENTGROUP_020,아이템 이름,/ui/EquipmentGroup/Inventory/EquipPopup/Panel/Title | /ui/ShadowShopGroup/Panel/List/ItemTemplate/NameText,,,
UI_EQUIPMENTGROUP_021,닉네임,/ui/EquipmentGroup/Inventory/Panel/EquipPanel/PlayerInfo/NameBackground/Name,,,
UI_EQUIPMENTGROUP_022,무기 강화 주문서,/ui/EquipmentGroup/Inventory/Panel/ItemNameTooltip/Label,,,
UI_EQUIPMENTGROUP_023,확인,/ui/EquipmentGroup/Inventory/UsePopup/Panel/ButtonConfirm | /ui/PopupGroup/PopupBack/PopupPanel/PopupBtnOK | /ui/WorldCharacterSelectGroup/Panel/BtnConfirm,OK,,
UI_EQUIPMENTGROUP_024,내용을 입력하세요,/ui/EquipmentGroup/Inventory/UsePopup/Panel/Message,,,
UI_GACHAGROUP_001,닫기,/ui/GachaGroup/GachaProbInfo/Window/BtnCloseProb,,,
UI_GACHAGROUP_002,아이템,/ui/GachaGroup/GachaProbInfo/Window/Header/HName,,,
UI_GACHAGROUP_003,확률,/ui/GachaGroup/GachaProbInfo/Window/Header/HPct,,,
UI_GACHAGROUP_004,"공개된 확률은 게임법 시행령에 따라 반올림한 값으로
합산된 결과가 100%가 되지 않을 수 있습니다.",/ui/GachaGroup/GachaProbInfo/Window/Notice,,,
UI_GACHAGROUP_005,획득 확률,/ui/GachaGroup/GachaProbInfo/Window/Title,,,
UI_GACHAGROUP_006,획득한 유물!,/ui/GachaGroup/Panel/Bg_cover/ResultLayer/ResultTitle,,,
UI_GACHAGROUP_007,유물 뽑기,/ui/GachaGroup/Panel/Title,,,
UI_GAMEOVERGROUP_001,"다이아 500
골드 100,000",/ui/GameOverGroup/DiaShop/Panel/ScrollArea/List/ProductCard_0/DescText | /ui/TitleGroup/ShopPanel/ScrollArea/List/ProductCard_0/DescText,,,
UI_GAMEOVERGROUP_002,구매 완료,/ui/GameOverGroup/DiaShop/Panel/ScrollArea/List/ProductCard_0/SoldOutCover/SoldOutText | /ui/GameOverGroup/DiaShop/Panel/ScrollArea/List/ProductCard_1/SoldOutCover/SoldOutText | /ui/GameOverGroup/DiaShop/Panel/ScrollArea/List/ProductCard_2/SoldOutCover/SoldOutText | /ui/GameOverGroup/DiaShop/Panel/ScrollArea/List/ProductCard_3/SoldOutCover/SoldOutText | /ui/GameOverGroup/DiaShop/Panel/ScrollArea/List/ProductCard_4/SoldOutCover/SoldOutText,Purchased,,
UI_GAMEOVERGROUP_003,다이아 상점,/ui/GameOverGroup/DiaShop/Panel/Title,Diamond Shop,,
UI_GAMEOVERGROUP_004,"이어하기
재화 900",/ui/GameOverGroup/GameOverBack/GameOverPanel/BtnContinue,,,
UI_GAMEOVERGROUP_005,다시하기,/ui/GameOverGroup/GameOverBack/GameOverPanel/BtnRestart | /ui/GameOverGroup/GameOverBack/GameOverPanel/BtnRestart/Label | /ui/GameOverGroup/GameOverBack/GameOverPanel/BtnRestartOvertime | /ui/GameOverGroup/GameOverBack/GameOverPanel/BtnRestartOvertime/Label,Retry,,
UI_GAMEOVERGROUP_006,획득 스코어,/ui/GameOverGroup/GameOverBack/GameOverPanel/ScoreBox/ScoreLabel,Score Earned,,
UI_GAMEOVERGROUP_007,0 점,/ui/GameOverGroup/GameOverBack/GameOverPanel/ScoreBox/ScoreValueText,,,
UI_IDLEREWARDGROUP_001,장비 인벤토리가 가득 찼어요!,/ui/IdleRewardGroup/ConfirmPanel/Message,,,
UI_IDLEREWARDGROUP_002,"자리가 없는 장비는 사라져요.
그래도 받을까요?",/ui/IdleRewardGroup/ConfirmPanel/SubMessage,,,
UI_IDLEREWARDGROUP_003,(최대 24시간),/ui/IdleRewardGroup/Panel/CapText,,,
UI_IDLEREWARDGROUP_004,장비는 2시간마다 1개씩 쌓여요,/ui/IdleRewardGroup/Panel/GearBox/Empty,,,
UI_IDLEREWARDGROUP_005,자동 시간 : 00분 00초,/ui/IdleRewardGroup/Panel/TimeText,,,
UI_IDLEREWARDGROUP_006,방치 보상,/ui/IdleRewardGroup/Panel/Title,,,
UI_LEVELREWARDGROUP_001,레벨 5 보상,/ui/LevelRewardGroup/Panel/SubTitle,,,
UI_LOADINGGROUP_001,본 월드는 생성형 AI를 활용하여 제작된 콘텐츠를 포함하고 있습니다.,/ui/LoadingGroup/Screen/AiNotice,,,
UI_OPTIONGROUP_001,정말 게임을 종료할까요?,/ui/OptionGroup/ConfirmPanel/Message,,,
UI_OPTIONGROUP_002,이번 판이 여기서 끝납니다.,/ui/OptionGroup/ConfirmPanel/SubMessage,,,
UI_OPTIONGROUP_003,조합식,/ui/OptionGroup/FusionPanel/Title,,,
UI_OPTIONGROUP_004,배경음,/ui/OptionGroup/OptionPanel/BgmToggle/Label,,,
UI_OPTIONGROUP_005,조합,/ui/OptionGroup/OptionPanel/BtnFusion,,,
UI_OPTIONGROUP_006,게임 종료,/ui/OptionGroup/OptionPanel/BtnQuit,,,
UI_OPTIONGROUP_007,게임 방법,/ui/OptionGroup/OptionPanel/BtnTutorial | /ui/OptionGroup/TutorialPanel/Title,,,
UI_OPTIONGROUP_008,효과음,/ui/OptionGroup/OptionPanel/SfxToggle/Label,,,
UI_OPTIONGROUP_009,옵션,/ui/OptionGroup/OptionPanel/Title,,,
UI_POPUPGROUP_001,팝업 메시지,/ui/PopupGroup/PopupBack/PopupPanel/PopupMessage,,,
UI_RAIDGROUP_001,보상 받기,/ui/RaidGroup/BtnClaim | /ui/RaidGroup/LockPanel/BtnClaimPending,,,
UI_RAIDGROUP_002,캐릭터 화력 (초당),/ui/RaidGroup/DpsWindow/Title,,,
UI_RAIDGROUP_003,보상을 받아야 새 시즌이 시작됩니다,/ui/RaidGroup/LockPanel/Msg,,,
UI_RAIDGROUP_004,지난 시즌 레이드 종료,/ui/RaidGroup/LockPanel/Title,,,
UI_RAIDGROUP_005,부활!,/ui/RaidGroup/RevivePanel/BtnRevive,,,
UI_RAIDGROUP_006,"24시간 넘게 자리를 비워
캐릭터들이 유령이 되었어요",/ui/RaidGroup/RevivePanel/Msg,,,
UI_RAIDGROUP_007,남은시간,/ui/RaidGroup/TimeBox/Label,,,
UI_RELICUPGRADEGROUP_001,유물명,/ui/RelicUpgradeGroup/Panel/NameText | /ui/SkillUpgradeGroup/Panel/NameText,,,
UI_RELICUPGRADEGROUP_002,옵션 설명,/ui/RelicUpgradeGroup/Panel/OptionBox/OptionText | /ui/SkillUpgradeGroup/Panel/OptionBox/OptionText,,,
UI_RELICUPGRADEGROUP_003,10000코인,/ui/RelicUpgradeGroup/Panel/UpgradeButton/CostText | /ui/SkillUpgradeGroup/Panel/UpgradeButton/CostText,,,
UI_RELICUPGRADEGROUP_004,업그레이드,/ui/RelicUpgradeGroup/Panel/UpgradeButton/TitleText | /ui/SkillUpgradeGroup/Panel/UpgradeButton/TitleText,Upgrade,,
UI_RUNSTARTCONFIRMGROUP_001,시작,/ui/RunStartConfirmGroup/Panel/BtnYes,,,
UI_RUNSTARTCONFIRMGROUP_002,무기 인벤토리가 가득 찼어요!,/ui/RunStartConfirmGroup/Panel/Message,,,
UI_SHADOWSHOPGROUP_001,구매,/ui/ShadowShopGroup/Panel/BtnPurchase,,,
UI_SHADOWSHOPGROUP_002,그림자 정수,/ui/ShadowShopGroup/Panel/CurrencyBar/Label,,,
UI_SHADOWSHOPGROUP_003,남은 수량: 0,/ui/ShadowShopGroup/Panel/List/ItemTemplate/StockText,,,
UI_SHADOWSHOPGROUP_004,비밀 상점,/ui/ShadowShopGroup/Panel/TitleBar/Title,,,
UI_TITLEGROUP_001,게임 시작,/ui/TitleGroup/BattlePanel/BtnStart,Start Game,,
UI_TITLEGROUP_002,"일반 게임을 진행하면 자동으로
레이드 공격이 진행됩니다!",/ui/TitleGroup/RaidTutorial/Step1/Label,,,
UI_TITLEGROUP_003,"일반 게임을 플레이할수록
레이드 대미지가 높아집니다!",/ui/TitleGroup/RaidTutorial/Step2/Label,,,
UI_TITLEGROUP_004,"24시간 미접속 시 캐릭터가
죽을 수 있으니 주의하세요!",/ui/TitleGroup/RaidTutorial/Step3/Label,,,
UI_TITLEGROUP_005,"높은 등급을 달성하고 특별한
보상을 획득하세요!",/ui/TitleGroup/RaidTutorial/Step4/Label,,,
UI_TITLEGROUP_006,아직 등록된 기록이 없어요,/ui/TitleGroup/RankPanel/Board/EmptyText,No records yet,,
UI_TITLEGROUP_007,이름,/ui/TitleGroup/RankPanel/Board/Header/ColName,Name,,
UI_TITLEGROUP_008,순위,/ui/TitleGroup/RankPanel/Board/Header/ColRank,Rank,,
UI_TITLEGROUP_009,점수,/ui/TitleGroup/RankPanel/Board/Header/ColScore,Score,,
UI_TITLEGROUP_010,내 순위,/ui/TitleGroup/RankPanel/Board/MyRankRow/Label,My Rank,,
UI_TITLEGROUP_011,랭킹 (준비중),/ui/TitleGroup/RankPanel/ComingSoon,Ranking (Coming Soon),,
UI_TITLEGROUP_012,타임어택 랭킹,/ui/TitleGroup/RankPanel/Tabs/TabTimeAttack/Label,Time Attack,,
UI_TITLEGROUP_013,무제한 랭킹,/ui/TitleGroup/RankPanel/Tabs/TabUnlimited/Label,Endless,,
UI_TITLEGROUP_014,랭킹,/ui/TitleGroup/RankPanel/Title | /ui/TitleGroup/TabBar/BtnRankLabel,Ranking,,
UI_TITLEGROUP_015,유물 (준비중),/ui/TitleGroup/RelicPanel/ComingSoon,Relics (Coming Soon),,
UI_TITLEGROUP_016,대미지 스킨,/ui/TitleGroup/ShopPanel/Tabs/TabSkin/Label,Damage Skin,,
UI_TITLEGROUP_017,상점,/ui/TitleGroup/ShopPanel/Title | /ui/TitleGroup/TabBar/BtnShopLabel,Shop,,
UI_TITLEGROUP_018,캐릭터 ▼,/ui/TitleGroup/SkillPanel/CharacterFilterBtn,Character ▼,,
UI_TITLEGROUP_019,등급 ▼,/ui/TitleGroup/SkillPanel/GradeFilterBtn,Grade ▼,,
UI_TITLEGROUP_020,스킬 1,/ui/TitleGroup/SkillPanel/ScrollArea/List/SkillSlot_0/Name,,,
UI_TITLEGROUP_021,스킬 2,/ui/TitleGroup/SkillPanel/ScrollArea/List/SkillSlot_1/Name,,,
UI_TITLEGROUP_022,스킬 11,/ui/TitleGroup/SkillPanel/ScrollArea/List/SkillSlot_10/Name,,,
UI_TITLEGROUP_023,스킬 12,/ui/TitleGroup/SkillPanel/ScrollArea/List/SkillSlot_11/Name,,,
UI_TITLEGROUP_024,스킬 13,/ui/TitleGroup/SkillPanel/ScrollArea/List/SkillSlot_12/Name,,,
UI_TITLEGROUP_025,스킬 14,/ui/TitleGroup/SkillPanel/ScrollArea/List/SkillSlot_13/Name,,,
UI_TITLEGROUP_026,스킬 15,/ui/TitleGroup/SkillPanel/ScrollArea/List/SkillSlot_14/Name,,,
UI_TITLEGROUP_027,스킬 16,/ui/TitleGroup/SkillPanel/ScrollArea/List/SkillSlot_15/Name,,,
UI_TITLEGROUP_028,스킬 17,/ui/TitleGroup/SkillPanel/ScrollArea/List/SkillSlot_16/Name,,,
UI_TITLEGROUP_029,스킬 18,/ui/TitleGroup/SkillPanel/ScrollArea/List/SkillSlot_17/Name,,,
UI_TITLEGROUP_030,스킬 3,/ui/TitleGroup/SkillPanel/ScrollArea/List/SkillSlot_2/Name,,,
UI_TITLEGROUP_031,스킬 4,/ui/TitleGroup/SkillPanel/ScrollArea/List/SkillSlot_3/Name,,,
UI_TITLEGROUP_032,스킬 5,/ui/TitleGroup/SkillPanel/ScrollArea/List/SkillSlot_4/Name,,,
UI_TITLEGROUP_033,스킬 6,/ui/TitleGroup/SkillPanel/ScrollArea/List/SkillSlot_5/Name,,,
UI_TITLEGROUP_034,스킬 7,/ui/TitleGroup/SkillPanel/ScrollArea/List/SkillSlot_6/Name,,,
UI_TITLEGROUP_035,스킬 8,/ui/TitleGroup/SkillPanel/ScrollArea/List/SkillSlot_7/Name,,,
UI_TITLEGROUP_036,스킬 9,/ui/TitleGroup/SkillPanel/ScrollArea/List/SkillSlot_8/Name,,,
UI_TITLEGROUP_037,스킬 10,/ui/TitleGroup/SkillPanel/ScrollArea/List/SkillSlot_9/Name,,,
UI_TITLEGROUP_038,전투,/ui/TitleGroup/TabBar/BtnBattleLabel,Battle,,
UI_WORLDCHARACTERSELECTGROUP_001,CC기를 보유한 마법사,/ui/WorldCharacterSelectGroup/Panel/CharDescPanel/DescText,,,
UI_WORLDCHARACTERSELECTGROUP_002,썬콜법사,/ui/WorldCharacterSelectGroup/Panel/CharDescPanel/NameText | /ui/WorldCharacterSelectGroup/Panel/CharScrollArea/CharList/CharSlot_0/Name,,,
UI_WORLDCHARACTERSELECTGROUP_003,준비중,/ui/WorldCharacterSelectGroup/Panel/CharScrollArea/CharList/CharSlot_1/Name | /ui/WorldCharacterSelectGroup/Panel/CharScrollArea/CharList/CharSlot_2/Name | /ui/WorldCharacterSelectGroup/Panel/CharScrollArea/CharList/CharSlot_3/Name | /ui/WorldCharacterSelectGroup/Panel/CharScrollArea/CharList/CharSlot_4/Name | /ui/WorldCharacterSelectGroup/Panel/CharScrollArea/CharList/CharSlot_5/Name,,,
UI_WORLDCHARACTERSELECTGROUP_004,무제한 모드,/ui/WorldCharacterSelectGroup/Panel/UnlimitedModeBg/Label,,,
UI_WORLDCHARACTERSELECTGROUP_005,태초의 마을 10분 생존 시 열림,/ui/WorldCharacterSelectGroup/Panel/WorldImageCenterPhoto/LockOverlay/Hint,,,
